seed,mode,regime,t,occupancy,resource
102000,7,continuous,0,0.2451171875,1.0
102000,7,continuous,200,0.4521484375,0.5600390625000002
102000,7,continuous,400,0.529296875,0.4926367187500014
102000,7,continuous,600,0.7666015625,0.2618945312500016
102000,7,continuous,800,0.919921875,0.1414648437500013
102000,7,continuous,1000,0.98046875,0.0916992187500007
102000,7,continuous,1200,0.990234375,0.0892382812500007
102000,7,continuous,1400,0.9970703125,0.0841601562500004
102000,7,continuous,1600,0.9921875,0.0845507812500004
102000,7,continuous,1800,1.0,0.0826953125000005
102000,7,continuous,2000,0.998046875,0.0852929687500005
102000,7,continuous,2200,1.0,0.0814062500000005
102000,7,continuous,2400,0.9990234375,0.0828125000000004
102000,7,continuous,2600,0.9990234375,0.0844140625000005
102000,7,continuous,2800,0.998046875,0.0865234375000004
102000,7,continuous,3000,0.9970703125,0.0841210937500004
102000,7,continuous,3200,0.9990234375,0.0857226562500006
102000,7,continuous,3400,1.0,0.0847070312500006
102000,7,continuous,3600,0.99609375,0.0826171875000005
102000,7,continuous,3800,0.998046875,0.0863476562500005
102000,7,continuous,4000,1.0,0.0814257812500005
102000,7,continuous,4200,0.998046875,0.0810546875000004
102000,7,continuous,4400,0.9990234375,0.0842773437500004
102000,7,continuous,4600,1.0,0.0824023437500004
102000,7,continuous,4800,1.0,0.0827929687500004
102000,7,continuous,5000,1.0,0.0849609375000005
102000,7,continuous,5200,1.0,0.0809179687500004
102000,7,continuous,5400,1.0,0.0813281250000004
102000,7,continuous,5600,0.9970703125,0.0879882812500004
102000,7,continuous,5800,1.0,0.0833007812500004
102000,7,continuous,6000,1.0,0.0804882812500004
102000,7,continuous,6200,0.9990234375,0.0796875000000005
102000,7,continuous,6400,1.0,0.0831250000000005
102000,7,continuous,6600,1.0,0.0845703125000005
102000,7,continuous,6800,0.998046875,0.0831250000000006
102000,7,continuous,7000,0.998046875,0.0855273437500005
102000,7,continuous,7200,1.0,0.0839453125000005
102000,7,continuous,7400,1.0,0.0825000000000004
102000,7,continuous,7600,1.0,0.0781445312500003
102000,7,continuous,7800,1.0,0.0849218750000005
102000,7,continuous,8000,1.0,0.0839648437500005
102000,7,continuous,8200,1.0,0.0817382812500005
102000,7,continuous,8400,0.9990234375,0.0807031250000005
102000,7,continuous,8600,1.0,0.0834179687500006
102000,7,continuous,8800,0.9990234375,0.0850781250000004
102000,7,continuous,9000,1.0,0.0822656250000003
102000,7,continuous,9200,0.99609375,0.0874414062500004
102000,7,continuous,9400,1.0,0.0829882812500003
102000,7,continuous,9600,1.0,0.0826953125000004
102000,7,continuous,9800,0.9990234375,0.0831835937500005
102000,7,continuous,10000,1.0,0.0802148437500004
102000,7,continuous,10200,0.9990234375,0.0844726562500004
102000,7,continuous,10400,0.9990234375,0.0800195312500004
102000,7,continuous,10600,0.9970703125,0.0860937500000004
102000,7,continuous,10800,1.0,0.0813281250000004
102000,7,continuous,11000,1.0,0.0844531250000005
102000,7,continuous,11200,0.9990234375,0.0858203125000006
102000,7,continuous,11400,0.9990234375,0.0861914062500004
102000,7,continuous,11600,1.0,0.0807812500000004
102000,7,continuous,11800,1.0,0.0786914062500004
102000,7,continuous,12000,0.998046875,0.0849804687500005
102000,7,continuous,12200,0.998046875,0.0853906250000005
102000,7,continuous,12400,0.9990234375,0.0825000000000005
102000,7,continuous,12600,0.9970703125,0.0832617187500006
102000,7,continuous,12800,1.0,0.0837304687500004
102000,7,continuous,13000,0.9990234375,0.0860156250000005
102000,7,continuous,13200,0.9970703125,0.0798046875000004
102000,7,continuous,13400,1.0,0.0849414062500004
102000,7,continuous,13600,0.998046875,0.0807617187500003
102000,7,continuous,13800,0.9990234375,0.0921484375000006
102000,7,continuous,14000,0.9990234375,0.0836523437500004
102000,7,continuous,14200,0.9990234375,0.0842968750000004
102000,7,continuous,14400,1.0,0.0831640625000005
102000,7,continuous,14600,1.0,0.0833203125000004
102000,7,continuous,14800,0.9970703125,0.0833984375000004
102000,7,continuous,15000,0.9990234375,0.0871875000000005
102000,7,continuous,15200,1.0,0.0853125000000005
102000,7,continuous,15400,0.9990234375,0.0818750000000005
102000,7,continuous,15600,1.0,0.0820117187500005
102000,7,continuous,15800,1.0,0.0829492187500004
102000,7,continuous,16000,1.0,0.0821289062500004
102000,7,continuous,16200,0.9990234375,0.0788085937500003
102000,7,continuous,16400,1.0,0.0788671875000004
102000,7,continuous,16600,0.99609375,0.0848632812500006
102000,7,continuous,16800,0.9970703125,0.0843359375000004
102000,7,continuous,17000,1.0,0.0868750000000004
102000,7,continuous,17200,0.9990234375,0.0847656250000006
102000,7,continuous,17400,0.9990234375,0.0854296875000004
102000,7,continuous,17600,0.9990234375,0.0820117187500004
102000,7,continuous,17800,0.998046875,0.0868945312500006
102000,7,continuous,18000,1.0,0.0825000000000004
102000,7,continuous,18200,1.0,0.0833007812500006
102000,7,continuous,18400,1.0,0.0852148437500005
102000,7,continuous,18600,1.0,0.0833398437500005
102000,7,continuous,18800,0.9990234375,0.0872851562500006
102000,7,continuous,19000,0.9990234375,0.0808984375000003
102000,7,continuous,19200,1.0,0.0819140625000004
102000,7,continuous,19400,0.9990234375,0.0844726562500006
102000,7,continuous,19600,0.9990234375,0.0827929687500005
102000,7,continuous,19800,0.998046875,0.0853320312500005
102000,7,continuous,20000,0.9990234375,0.0882421875000005
102000,8,continuous,0,0.2451171875,1.0
102000,8,continuous,200,0.2099609375,0.8045117187499988
102000,8,continuous,400,0.1552734375,0.8549023437499988
102000,8,continuous,600,0.166015625,0.8432031249999993
102000,8,continuous,800,0.1982421875,0.824062499999999
102000,8,continuous,1000,0.361328125,0.6702929687499982
102000,8,continuous,1200,0.5732421875,0.4691015625000016
102000,8,continuous,1400,0.7666015625,0.3008984375000018
102000,8,continuous,1600,0.8974609375,0.1879687500000017
102000,8,continuous,1800,0.9384765625,0.160644531250001
102000,8,continuous,2000,0.9609375,0.139082031250001
102000,8,continuous,2200,0.974609375,0.1279492187500009
102000,8,continuous,2400,0.9736328125,0.1232226562500009
102000,8,continuous,2600,0.982421875,0.129296875000001
102000,8,continuous,2800,0.9833984375,0.1323046875000011
102000,8,continuous,3000,0.9892578125,0.1176367187500007
102000,8,continuous,3200,0.9921875,0.1202734375000009
102000,8,continuous,3400,0.9951171875,0.1222656250000008
102000,8,continuous,3600,0.990234375,0.1204492187500008
102000,8,continuous,3800,0.9912109375,0.1197460937500008
102000,8,continuous,4000,0.9951171875,0.1157812500000008
102000,8,continuous,4200,0.9931640625,0.1227539062500011
102000,8,continuous,4400,0.994140625,0.1199023437500009
102000,8,continuous,4600,0.994140625,0.1184179687500008
102000,8,continuous,4800,0.998046875,0.118417968750001
102000,8,continuous,5000,0.9990234375,0.1245898437500009
102000,8,continuous,5200,0.998046875,0.1192187500000009
102000,8,continuous,5400,0.9970703125,0.1181445312500009
102000,8,continuous,5600,0.9931640625,0.1185937500000009
102000,8,continuous,5800,1.0,0.1130273437500008
102000,8,continuous,6000,0.99609375,0.119042968750001
102000,8,continuous,6200,0.9951171875,0.1206835937500009
102000,8,continuous,6400,0.9990234375,0.1287890625000009
102000,8,continuous,6600,1.0,0.1183398437500009
102000,8,continuous,6800,0.9970703125,0.1242187500000009
102000,8,continuous,7000,0.994140625,0.1302929687500012
102000,8,continuous,7200,0.9990234375,0.1287890625000009
102000,8,continuous,7400,0.99609375,0.1245507812500009
102000,8,continuous,7600,0.9990234375,0.1200976562500007
102000,8,continuous,7800,0.9990234375,0.1203906250000009
102000,8,continuous,8000,0.998046875,0.1235546875000009
102000,8,continuous,8200,0.9990234375,0.1113476562500008
102000,8,continuous,8400,0.9970703125,0.1247070312500009
102000,8,continuous,8600,0.998046875,0.1242382812500008
102000,8,continuous,8800,0.9990234375,0.126660156250001
102000,8,continuous,9000,0.998046875,0.128867187500001
102000,8,continuous,9200,0.998046875,0.131503906250001
102000,8,continuous,9400,0.998046875,0.1246289062500009
102000,8,continuous,9600,1.0,0.125097656250001
102000,8,continuous,9800,0.9990234375,0.1261328125000009
102000,8,continuous,10000,1.0,0.128144531250001
102000,8,continuous,10200,0.9970703125,0.135292968750001
102000,8,continuous,10400,0.9970703125,0.131796875000001
102000,8,continuous,10600,0.998046875,0.1200976562500009
102000,8,continuous,10800,0.998046875,0.1252539062500009
102000,8,continuous,11000,0.9990234375,0.127187500000001
102000,8,continuous,11200,0.9970703125,0.1267968750000011
102000,8,continuous,11400,0.9970703125,0.130742187500001
102000,8,continuous,11600,0.9970703125,0.1285351562500012
102000,8,continuous,11800,1.0,0.1240039062500009
102000,8,continuous,12000,0.998046875,0.122089843750001
102000,8,continuous,12200,1.0,0.1214843750000009
102000,8,continuous,12400,0.9990234375,0.1225195312500009
102000,8,continuous,12600,0.998046875,0.1272851562500009
102000,8,continuous,12800,1.0,0.1217773437500009
102000,8,continuous,13000,0.9990234375,0.1232226562500009
102000,8,continuous,13200,0.9990234375,0.1230859375000008
102000,8,continuous,13400,0.9990234375,0.1220312500000007
102000,8,continuous,13600,0.998046875,0.123710937500001
102000,8,continuous,13800,0.9970703125,0.1308007812500011
102000,8,continuous,14000,1.0,0.121347656250001
102000,8,continuous,14200,0.9990234375,0.1227539062500009
102000,8,continuous,14400,1.0,0.1224218750000009
102000,8,continuous,14600,0.998046875,0.129609375000001
102000,8,continuous,14800,0.998046875,0.1224804687500009
102000,8,continuous,15000,0.998046875,0.1255078125000008
102000,8,continuous,15200,0.9990234375,0.124511718750001
102000,8,continuous,15400,0.9990234375,0.1234765625000007
102000,8,continuous,15600,0.9990234375,0.1298046875000008
102000,8,continuous,15800,0.9990234375,0.1244531250000009
102000,8,continuous,16000,0.9990234375,0.1317382812500009
102000,8,continuous,16200,1.0,0.1303515625000009
102000,8,continuous,16400,0.998046875,0.1260937500000007
102000,8,continuous,16600,0.998046875,0.131152343750001
102000,8,continuous,16800,0.998046875,0.128750000000001
102000,8,continuous,17000,1.0,0.133632812500001
102000,8,continuous,17200,1.0,0.1305859375000009
102000,8,continuous,17400,0.9990234375,0.1383007812500011
102000,8,continuous,17600,0.998046875,0.137812500000001
102000,8,continuous,17800,1.0,0.1316015625000011
102000,8,continuous,18000,0.9990234375,0.131660156250001
102000,8,continuous,18200,0.998046875,0.1266210937500009
102000,8,continuous,18400,0.9970703125,0.1273046875000009
102000,8,continuous,18600,0.9990234375,0.1315820312500009
102000,8,continuous,18800,1.0,0.1346875000000009
102000,8,continuous,19000,0.9970703125,0.131777343750001
102000,8,continuous,19200,1.0,0.125996093750001
102000,8,continuous,19400,1.0,0.1383203125000009
102000,8,continuous,19600,0.9990234375,0.1361132812500009
102000,8,continuous,19800,1.0,0.1368359375000009
102000,8,continuous,20000,1.0,0.131914062500001
102000,7,count1024,0,0.2451171875,1.0
102000,7,count1024,200,0.4169921875,0.5977734375
102000,7,count1024,400,0.48046875,0.5375976562500006
102000,7,count1024,600,0.55859375,0.4618750000000015
102000,7,count1024,800,0.6328125,0.3917968750000016
102000,7,count1024,1000,0.6474609375,0.3846289062500016
102000,7,count1024,1200,0.6787109375,0.3477539062500018
102000,7,count1024,1400,0.693359375,0.3332226562500014
102000,7,count1024,1600,0.6826171875,0.3471093750000015
102000,7,count1024,1800,0.73046875,0.3091015625000015
102000,7,count1024,2000,0.708984375,0.3276562500000015
102000,7,count1024,2200,0.7607421875,0.2681445312500015
102000,7,count1024,2400,0.7392578125,0.2999218750000016
102000,7,count1024,2600,0.7861328125,0.2564648437500013
102000,7,count1024,2800,0.77734375,0.2637304687500015
102000,7,count1024,3000,0.7822265625,0.2511132812500014
102000,7,count1024,3200,0.7861328125,0.2580468750000016
102000,7,count1024,3400,0.7587890625,0.2801562500000017
102000,7,count1024,3600,0.7900390625,0.2488476562500014
102000,7,count1024,3800,0.7890625,0.2444140625000015
102000,7,count1024,4000,0.7763671875,0.2680078125000014
102000,7,count1024,4200,0.8046875,0.2359960937500015
102000,7,count1024,4400,0.78125,0.2568164062500013
102000,7,count1024,4600,0.7763671875,0.2569921875000015
102000,7,count1024,4800,0.7666015625,0.2701757812500017
102000,7,count1024,5000,0.794921875,0.2429101562500015
102000,7,count1024,5200,0.796875,0.2388281250000013
102000,7,count1024,5400,0.8203125,0.2325781250000015
102000,7,count1024,5600,0.8359375,0.1999609375000012
102000,7,count1024,5800,0.8154296875,0.2305078125000013
102000,7,count1024,6000,0.798828125,0.2312890625000016
102000,7,count1024,6200,0.84375,0.2005859375000013
102000,7,count1024,6400,0.8017578125,0.2308398437500016
102000,7,count1024,6600,0.814453125,0.2263671875000014
102000,7,count1024,6800,0.833984375,0.2197265625000014
102000,7,count1024,7000,0.8203125,0.2231250000000014
102000,7,count1024,7200,0.8125,0.2375585937500018
102000,7,count1024,7400,0.8232421875,0.2194921875000014
102000,7,count1024,7600,0.8271484375,0.2073046875000011
102000,7,count1024,7800,0.845703125,0.2084570312500014
102000,7,count1024,8000,0.8076171875,0.2381054687500013
102000,7,count1024,8200,0.794921875,0.2338476562500016
102000,7,count1024,8400,0.814453125,0.2329296875000014
102000,7,count1024,8600,0.83203125,0.2198828125000015
102000,7,count1024,8800,0.814453125,0.2265429687500016
102000,7,count1024,9000,0.833984375,0.2161328125000014
102000,7,count1024,9200,0.81640625,0.2315429687500015
102000,7,count1024,9400,0.814453125,0.2333593750000015
102000,7,count1024,9600,0.84765625,0.2018554687500013
102000,7,count1024,9800,0.8369140625,0.2062500000000016
102000,7,count1024,10000,0.8193359375,0.2256445312500017
102000,7,count1024,10200,0.841796875,0.2112695312500014
102000,7,count1024,10400,0.8271484375,0.2200195312500013
102000,7,count1024,10600,0.830078125,0.2175585937500014
102000,7,count1024,10800,0.880859375,0.1708398437500012
102000,7,count1024,11000,0.833984375,0.2068750000000011
102000,7,count1024,11200,0.841796875,0.2095117187500015
102000,7,count1024,11400,0.8271484375,0.2113281250000015
102000,7,count1024,11600,0.82421875,0.2137500000000014
102000,7,count1024,11800,0.8388671875,0.2119335937500014
102000,7,count1024,12000,0.810546875,0.2297460937500013
102000,7,count1024,12200,0.830078125,0.2194726562500015
102000,7,count1024,12400,0.8046875,0.2390429687500015
102000,7,count1024,12600,0.8388671875,0.2114453125000014
102000,7,count1024,12800,0.8115234375,0.2360742187500014
102000,7,count1024,13000,0.8359375,0.2034375000000016
102000,7,count1024,13200,0.806640625,0.2329101562500015
102000,7,count1024,13400,0.8154296875,0.2174023437500015
102000,7,count1024,13600,0.7978515625,0.2417578125000017
102000,7,count1024,13800,0.7900390625,0.2533398437500016
102000,7,count1024,14000,0.8193359375,0.2242187500000014
102000,7,count1024,14200,0.83984375,0.2122460937500016
102000,7,count1024,14400,0.845703125,0.2063085937500016
102000,7,count1024,14600,0.8349609375,0.2078515625000013
102000,7,count1024,14800,0.83984375,0.2020507812500014
102000,7,count1024,15000,0.859375,0.1953125000000014
102000,7,count1024,15200,0.8564453125,0.1925781250000017
102000,7,count1024,15400,0.8564453125,0.1944335937500014
102000,7,count1024,15600,0.8115234375,0.2291992187500015
102000,7,count1024,15800,0.828125,0.2096093750000017
102000,7,count1024,16000,0.857421875,0.1887304687500014
102000,7,count1024,16200,0.7919921875,0.2491406250000014
102000,7,count1024,16400,0.8125,0.2389257812500014
102000,7,count1024,16600,0.8349609375,0.2111914062500013
102000,7,count1024,16800,0.84765625,0.2008984375000013
102000,7,count1024,17000,0.857421875,0.1965429687500015
102000,7,count1024,17200,0.833984375,0.2145117187500015
102000,7,count1024,17400,0.8701171875,0.1910546875000016
102000,7,count1024,17600,0.8466796875,0.1992382812500016
102000,7,count1024,17800,0.81640625,0.2223242187500017
102000,7,count1024,18000,0.833984375,0.2058398437500016
102000,7,count1024,18200,0.857421875,0.1912890625000015
102000,7,count1024,18400,0.8330078125,0.2125000000000014
102000,7,count1024,18600,0.8583984375,0.1951757812500016
102000,7,count1024,18800,0.8369140625,0.2017382812500015
102000,7,count1024,19000,0.8154296875,0.2311718750000015
102000,7,count1024,19200,0.84375,0.2047460937500015
102000,7,count1024,19400,0.8173828125,0.2251367187500015
102000,7,count1024,19600,0.8740234375,0.1742968750000011
102000,7,count1024,19800,0.8310546875,0.2220703125000013
102000,7,count1024,20000,0.8427734375,0.2066796875000013
102000,8,count1024,0,0.2451171875,1.0
102000,8,count1024,200,0.2099609375,0.8045117187499988
102000,8,count1024,400,0.1552734375,0.8549023437499988
102000,8,count1024,600,0.166015625,0.8432031249999993
102000,8,count1024,800,0.201171875,0.8177148437499985
102000,8,count1024,1000,0.34375,0.6816406249999978
102000,8,count1024,1200,0.48046875,0.5469726562499992
102000,8,count1024,1400,0.6474609375,0.3925390625000017
102000,8,count1024,1600,0.779296875,0.2741406250000015
102000,8,count1024,1800,0.8505859375,0.2146093750000011
102000,8,count1024,2000,0.89453125,0.1682617187500011
102000,8,count1024,2200,0.904296875,0.1678320312500012
102000,8,count1024,2400,0.916015625,0.1560156250000011
102000,8,count1024,2600,0.9287109375,0.138691406250001
102000,8,count1024,2800,0.9345703125,0.138359375000001
102000,8,count1024,3000,0.9091796875,0.1644921875000012
102000,8,count1024,3200,0.9306640625,0.1435937500000009
102000,8,count1024,3400,0.9052734375,0.1627343750000013
102000,8,count1024,3600,0.900390625,0.1605078125000014
102000,8,count1024,3800,0.919921875,0.154863281250001
102000,8,count1024,4000,0.912109375,0.1574218750000014
102000,8,count1024,4200,0.9169921875,0.1526757812500012
102000,8,count1024,4400,0.908203125,0.1611328125000013
102000,8,count1024,4600,0.9375,0.1378906250000012
102000,8,count1024,4800,0.9140625,0.1596875000000014
102000,8,count1024,5000,0.923828125,0.1455468750000012
102000,8,count1024,5200,0.91796875,0.1460742187500011
102000,8,count1024,5400,0.916015625,0.150937500000001
102000,8,count1024,5600,0.939453125,0.135429687500001
102000,8,count1024,5800,0.91015625,0.1618164062500014
102000,8,count1024,6000,0.9111328125,0.1533007812500012
102000,8,count1024,6200,0.9345703125,0.1393359375000012
102000,8,count1024,6400,0.9462890625,0.130917968750001
102000,8,count1024,6600,0.9453125,0.1322656250000011
102000,8,count1024,6800,0.9375,0.1276367187500009
102000,8,count1024,7000,0.9404296875,0.1299609375000009
102000,8,count1024,7200,0.9453125,0.1336718750000009
102000,8,count1024,7400,0.9375,0.139375000000001
102000,8,count1024,7600,0.9287109375,0.1457226562500012
102000,8,count1024,7800,0.92578125,0.1455273437500012
102000,8,count1024,8000,0.923828125,0.1432031250000011
102000,8,count1024,8200,0.9443359375,0.1358398437500009
102000,8,count1024,8400,0.921875,0.1532421875000012
102000,8,count1024,8600,0.958984375,0.1162304687500008
102000,8,count1024,8800,0.9443359375,0.1345312500000009
102000,8,count1024,9000,0.9541015625,0.1188476562500008
102000,8,count1024,9200,0.94921875,0.124941406250001
102000,8,count1024,9400,0.9296875,0.1450000000000011
102000,8,count1024,9600,0.931640625,0.142050781250001
102000,8,count1024,9800,0.9306640625,0.1425781250000011
102000,8,count1024,10000,0.92578125,0.1424414062500013
102000,8,count1024,10200,0.927734375,0.1470703125000011
102000,8,count1024,10400,0.912109375,0.1489453125000008
102000,8,count1024,10600,0.93359375,0.1471679687500008
102000,8,count1024,10800,0.91015625,0.1614062500000009
102000,8,count1024,11000,0.9482421875,0.131640625000001
102000,8,count1024,11200,0.927734375,0.1459765625000011
102000,8,count1024,11400,0.9365234375,0.1331640625000009
102000,8,count1024,11600,0.947265625,0.1255468750000008
102000,8,count1024,11800,0.9296875,0.1448046875000012
102000,8,count1024,12000,0.94921875,0.1300000000000008
102000,8,count1024,12200,0.9345703125,0.1458398437500011
102000,8,count1024,12400,0.943359375,0.1359375000000011
102000,8,count1024,12600,0.927734375,0.1427148437500011
102000,8,count1024,12800,0.9521484375,0.1243945312500009
102000,8,count1024,13000,0.92578125,0.1466015625000012
102000,8,count1024,13200,0.93359375,0.1359179687500009
102000,8,count1024,13400,0.94140625,0.134296875000001
102000,8,count1024,13600,0.931640625,0.1459960937500011
102000,8,count1024,13800,0.9404296875,0.1390625000000009
102000,8,count1024,14000,0.9287109375,0.1441601562500012
102000,8,count1024,14200,0.943359375,0.1384179687500011
102000,8,count1024,14400,0.9228515625,0.1485156250000009
102000,8,count1024,14600,0.9453125,0.1258789062500007
102000,8,count1024,14800,0.93359375,0.138046875000001
102000,8,count1024,15000,0.9296875,0.1458789062500011
102000,8,count1024,15200,0.92578125,0.1477539062500011
102000,8,count1024,15400,0.916015625,0.1567578125000014
102000,8,count1024,15600,0.9453125,0.1290820312500009
102000,8,count1024,15800,0.921875,0.1488085937500012
102000,8,count1024,16000,0.9248046875,0.1419140625000013
102000,8,count1024,16200,0.9306640625,0.1567578125000012
102000,8,count1024,16400,0.939453125,0.1370898437500012
102000,8,count1024,16600,0.9228515625,0.1520507812500011
102000,8,count1024,16800,0.943359375,0.128906250000001
102000,8,count1024,17000,0.951171875,0.131308593750001
102000,8,count1024,17200,0.9580078125,0.129394531250001
102000,8,count1024,17400,0.9462890625,0.1213476562500009
102000,8,count1024,17600,0.931640625,0.1445703125000011
102000,8,count1024,17800,0.94140625,0.1255664062500007
102000,8,count1024,18000,0.9208984375,0.152773437500001
102000,8,count1024,18200,0.9140625,0.147265625000001
102000,8,count1024,18400,0.93359375,0.1419140625000011
102000,8,count1024,18600,0.94140625,0.139023437500001
102000,8,count1024,18800,0.927734375,0.1453710937500011
102000,8,count1024,19000,0.9296875,0.140800781250001
102000,8,count1024,19200,0.9453125,0.132226562500001
102000,8,count1024,19400,0.943359375,0.1241601562500009
102000,8,count1024,19600,0.943359375,0.128750000000001
102000,8,count1024,19800,0.947265625,0.128085937500001
102000,8,count1024,20000,0.9501953125,0.129550781250001
102000,7,time150,0,0.2451171875,1.0
102000,7,time150,200,0.43359375,0.5794726562499996
102000,7,time150,400,0.4501953125,0.5708203125000006
102000,7,time150,600,0.521484375,0.4988671875000012
102000,7,time150,800,0.6181640625,0.4043164062500014
102000,7,time150,1000,0.638671875,0.3938671875000016
102000,7,time150,1200,0.6640625,0.3592578125000017
102000,7,time150,1400,0.68359375,0.3491601562500019
102000,7,time150,1600,0.69921875,0.3324609375000016
102000,7,time150,1800,0.73046875,0.3043750000000015
102000,7,time150,2000,0.7587890625,0.2701757812500014
102000,7,time150,2200,0.7626953125,0.2661523437500011
102000,7,time150,2400,0.7490234375,0.2872656250000015
102000,7,time150,2600,0.759765625,0.2840429687500014
102000,7,time150,2800,0.771484375,0.2679296875000012
102000,7,time150,3000,0.77734375,0.2687304687500014
102000,7,time150,3200,0.7314453125,0.3057031250000016
102000,7,time150,3400,0.7685546875,0.2631054687500011
102000,7,time150,3600,0.7958984375,0.2495898437500012
102000,7,time150,3800,0.7705078125,0.2731054687500016
102000,7,time150,4000,0.765625,0.2722656250000017
102000,7,time150,4200,0.7861328125,0.2547265625000015
102000,7,time150,4400,0.8037109375,0.2408984375000015
102000,7,time150,4600,0.7802734375,0.2633984375000014
102000,7,time150,4800,0.79296875,0.2507031250000015
102000,7,time150,5000,0.7783203125,0.2596093750000017
102000,7,time150,5200,0.7939453125,0.2457421875000015
102000,7,time150,5400,0.8115234375,0.2330468750000014
102000,7,time150,5600,0.814453125,0.2315820312500016
102000,7,time150,5800,0.8251953125,0.2222656250000014
102000,7,time150,6000,0.8388671875,0.2074804687500014
102000,7,time150,6200,0.830078125,0.2108398437500014
102000,7,time150,6400,0.84765625,0.2034179687500014
102000,7,time150,6600,0.830078125,0.2092187500000013
102000,7,time150,6800,0.841796875,0.2002929687500014
102000,7,time150,7000,0.8408203125,0.1933203125000013
102000,7,time150,7200,0.83984375,0.2106640625000015
102000,7,time150,7400,0.841796875,0.1930664062500013
102000,7,time150,7600,0.8310546875,0.2115429687500015
102000,7,time150,7800,0.8310546875,0.2047265625000013
102000,7,time150,8000,0.80859375,0.2352734375000016
102000,7,time150,8200,0.7939453125,0.2401562500000015
102000,7,time150,8400,0.837890625,0.2124804687500013
102000,7,time150,8600,0.87109375,0.1735742187500011
102000,7,time150,8800,0.8486328125,0.2002343750000012
102000,7,time150,9000,0.8466796875,0.2051953125000013
102000,7,time150,9200,0.8544921875,0.1982421875000015
102000,7,time150,9400,0.8408203125,0.1934570312500014
102000,7,time150,9600,0.7900390625,0.2526562500000017
102000,7,time150,9800,0.8232421875,0.2199609375000016
102000,7,time150,10000,0.8544921875,0.1878515625000013
102000,7,time150,10200,0.8388671875,0.2029296875000012
102000,7,time150,10400,0.8466796875,0.2002539062500012
102000,7,time150,10600,0.8212890625,0.2171679687500016
102000,7,time150,10800,0.8330078125,0.2002539062500013
102000,7,time150,11000,0.85546875,0.1984375000000013
102000,7,time150,11200,0.83984375,0.2099414062500015
102000,7,time150,11400,0.828125,0.2053320312500013
102000,7,time150,11600,0.8369140625,0.2070703125000013
102000,7,time150,11800,0.84765625,0.2006250000000014
102000,7,time150,12000,0.859375,0.1894726562500014
102000,7,time150,12200,0.822265625,0.2157617187500012
102000,7,time150,12400,0.83203125,0.2139257812500013
102000,7,time150,12600,0.8583984375,0.1910546875000015
102000,7,time150,12800,0.8330078125,0.2123046875000013
102000,7,time150,13000,0.8583984375,0.1875390625000013
102000,7,time150,13200,0.8369140625,0.2069140625000014
102000,7,time150,13400,0.8349609375,0.2272656250000014
102000,7,time150,13600,0.8349609375,0.2062695312500015
102000,7,time150,13800,0.8125,0.2181250000000014
102000,7,time150,14000,0.8525390625,0.1997070312500014
102000,7,time150,14200,0.8486328125,0.1962109375000014
102000,7,time150,14400,0.8642578125,0.1843750000000012
102000,7,time150,14600,0.8701171875,0.1804101562500011
102000,7,time150,14800,0.8505859375,0.1961914062500012
102000,7,time150,15000,0.8212890625,0.2109375000000011
102000,7,time150,15200,0.845703125,0.1943359375000013
102000,7,time150,15400,0.8125,0.2255273437500014
102000,7,time150,15600,0.8271484375,0.2182421875000014
102000,7,time150,15800,0.8271484375,0.2174804687500016
102000,7,time150,16000,0.826171875,0.2144140625000013
102000,7,time150,16200,0.845703125,0.1992773437500012
102000,7,time150,16400,0.8408203125,0.1892382812500012
102000,7,time150,16600,0.845703125,0.1970703125000012
102000,7,time150,16800,0.8271484375,0.2214257812500013
102000,7,time150,17000,0.8369140625,0.1994726562500013
102000,7,time150,17200,0.8408203125,0.2114648437500013
102000,7,time150,17400,0.841796875,0.2001953125000016
102000,7,time150,17600,0.828125,0.2189648437500017
102000,7,time150,17800,0.857421875,0.1923632812500014
102000,7,time150,18000,0.8544921875,0.1922460937500016
102000,7,time150,18200,0.849609375,0.1888476562500012
102000,7,time150,18400,0.8408203125,0.2071484375000013
102000,7,time150,18600,0.8427734375,0.2066210937500015
102000,7,time150,18800,0.8486328125,0.1954101562500012
102000,7,time150,19000,0.841796875,0.2001757812500013
102000,7,time150,19200,0.84765625,0.1965234375000011
102000,7,time150,19400,0.8330078125,0.2068164062500013
102000,7,time150,19600,0.8681640625,0.1768359375000013
102000,7,time150,19800,0.8466796875,0.2012500000000012
102000,7,time150,20000,0.876953125,0.1779296875000011
102000,8,time150,0,0.2451171875,1.0
102000,8,time150,200,0.1982421875,0.8106835937499988
102000,8,time150,400,0.15234375,0.8517968749999992
102000,8,time150,600,0.1494140625,0.8632617187499986
102000,8,time150,800,0.142578125,0.8685156249999986
102000,8,time150,1000,0.169921875,0.8393359374999985
102000,8,time150,1200,0.212890625,0.7951367187499983
102000,8,time150,1400,0.25390625,0.7516601562499984
102000,8,time150,1600,0.328125,0.6891992187499985
102000,8,time150,1800,0.40625,0.6063476562499988
102000,8,time150,2000,0.4951171875,0.5234960937499997
102000,8,time150,2200,0.5712890625,0.4506835937500018
102000,8,time150,2400,0.5869140625,0.4410742187500014
102000,8,time150,2600,0.66015625,0.3731640625000016
102000,8,time150,2800,0.6708984375,0.3521289062500013
102000,8,time150,3000,0.6826171875,0.3570898437500014
102000,8,time150,3200,0.6953125,0.3375000000000017
102000,8,time150,3400,0.7490234375,0.2947851562500017
102000,8,time150,3600,0.7568359375,0.2780468750000014
102000,8,time150,3800,0.7255859375,0.3196484375000018
102000,8,time150,4000,0.7197265625,0.3175000000000016
102000,8,time150,4200,0.7265625,0.3089453125000016
102000,8,time150,4400,0.732421875,0.3035742187500014
102000,8,time150,4600,0.736328125,0.3001171875000012
102000,8,time150,4800,0.7822265625,0.2635351562500016
102000,8,time150,5000,0.7568359375,0.2821093750000017
102000,8,time150,5200,0.7822265625,0.2535351562500017
102000,8,time150,5400,0.7529296875,0.2918750000000017
102000,8,time150,5600,0.771484375,0.2683203125000016
102000,8,time150,5800,0.767578125,0.2679882812500013
102000,8,time150,6000,0.740234375,0.2897460937500015
102000,8,time150,6200,0.7490234375,0.2889062500000016
102000,8,time150,6400,0.720703125,0.3131445312500016
102000,8,time150,6600,0.7431640625,0.2914453125000012
102000,8,time150,6800,0.7177734375,0.3151757812500015
102000,8,time150,7000,0.7490234375,0.2955468750000017
102000,8,time150,7200,0.7529296875,0.2931835937500014
102000,8,time150,7400,0.7685546875,0.2687109375000015
102000,8,time150,7600,0.7861328125,0.2608984375000013
102000,8,time150,7800,0.755859375,0.2850976562500014
102000,8,time150,8000,0.763671875,0.2718554687500015
102000,8,time150,8200,0.76171875,0.2775781250000015
102000,8,time150,8400,0.7841796875,0.2646289062500015
102000,8,time150,8600,0.80859375,0.2390039062500012
102000,8,time150,8800,0.7998046875,0.2459179687500014
102000,8,time150,9000,0.82421875,0.2236718750000014
102000,8,time150,9200,0.7958984375,0.2484179687500013
102000,8,time150,9400,0.7744140625,0.2766406250000015
102000,8,time150,9600,0.8232421875,0.2199023437500013
102000,8,time150,9800,0.822265625,0.2236328125000015
102000,8,time150,10000,0.775390625,0.2605664062500014
102000,8,time150,10200,0.775390625,0.2638085937500015
102000,8,time150,10400,0.75,0.2853320312500015
102000,8,time150,10600,0.73828125,0.2972070312500017
102000,8,time150,10800,0.7783203125,0.2652734375000014
102000,8,time150,11000,0.802734375,0.2485937500000015
102000,8,time150,11200,0.794921875,0.2520117187500018
102000,8,time150,11400,0.8115234375,0.2374804687500011
102000,8,time150,11600,0.7900390625,0.2607226562500012
102000,8,time150,11800,0.82421875,0.2304492187500014
102000,8,time150,12000,0.7744140625,0.2676757812500013
102000,8,time150,12200,0.775390625,0.2683007812500013
102000,8,time150,12400,0.7412109375,0.2959375000000015
102000,8,time150,12600,0.7646484375,0.2723437500000014
102000,8,time150,12800,0.76953125,0.2679882812500016
102000,8,time150,13000,0.7568359375,0.2816992187500016
102000,8,time150,13200,0.787109375,0.2558984375000014
102000,8,time150,13400,0.7802734375,0.2629687500000016
102000,8,time150,13600,0.744140625,0.2927539062500015
102000,8,time150,13800,0.7421875,0.2982617187500017
102000,8,time150,14000,0.7822265625,0.2593554687500014
102000,8,time150,14200,0.7626953125,0.2813671875000015
102000,8,time150,14400,0.7958984375,0.2511718750000016
102000,8,time150,14600,0.71484375,0.3207421875000015
102000,8,time150,14800,0.751953125,0.2883789062500015
102000,8,time150,15000,0.7978515625,0.2377929687500013
102000,8,time150,15200,0.794921875,0.2543554687500015
102000,8,time150,15400,0.7578125,0.2647460937500015
102000,8,time150,15600,0.7666015625,0.2722656250000014
102000,8,time150,15800,0.763671875,0.2768945312500016
102000,8,time150,16000,0.7578125,0.2737304687500014
102000,8,time150,16200,0.8056640625,0.2411132812500014
102000,8,time150,16400,0.802734375,0.2393164062500013
102000,8,time150,16600,0.7890625,0.2473242187500014
102000,8,time150,16800,0.80859375,0.2508984375000012
102000,8,time150,17000,0.810546875,0.2343750000000014
102000,8,time150,17200,0.765625,0.2756250000000015
102000,8,time150,17400,0.7744140625,0.2589257812500014
102000,8,time150,17600,0.759765625,0.2906054687500014
102000,8,time150,17800,0.7666015625,0.2777929687500014
102000,8,time150,18000,0.76953125,0.2643945312500014
102000,8,time150,18200,0.8037109375,0.2437109375000015
102000,8,time150,18400,0.7734375,0.2605078125000015
102000,8,time150,18600,0.7548828125,0.2858984375000016
102000,8,time150,18800,0.775390625,0.2682421875000015
102000,8,time150,19000,0.78515625,0.2589257812500015
102000,8,time150,19200,0.765625,0.2761914062500013
102000,8,time150,19400,0.755859375,0.2807031250000015
102000,8,time150,19600,0.779296875,0.2622460937500015
102000,8,time150,19800,0.80859375,0.2387695312500015
102000,8,time150,20000,0.78515625,0.2581835937500014
102000,7,time750,0,0.2451171875,1.0
102000,7,time750,200,0.4521484375,0.5600390625000002
102000,7,time750,400,0.529296875,0.4926367187500014
102000,7,time750,600,0.7666015625,0.2618945312500016
102000,7,time750,800,0.9208984375,0.1403710937500013
102000,7,time750,1000,0.9716796875,0.1005078125000009
102000,7,time750,1200,0.9677734375,0.1007421875000008
102000,7,time750,1400,0.9853515625,0.0959765625000006
102000,7,time750,1600,0.978515625,0.0953515625000006
102000,7,time750,1800,0.9853515625,0.0913281250000006
102000,7,time750,2000,0.98828125,0.0899609375000005
102000,7,time750,2200,0.990234375,0.0898046875000006
102000,7,time750,2400,0.9931640625,0.0902734375000006
102000,7,time750,2600,0.98828125,0.0884960937500005
102000,7,time750,2800,0.9921875,0.0887695312500006
102000,7,time750,3000,0.9951171875,0.0838476562500005
102000,7,time750,3200,0.9931640625,0.0853125000000005
102000,7,time750,3400,0.9951171875,0.0865429687500005
102000,7,time750,3600,0.9921875,0.0817382812500003
102000,7,time750,3800,0.990234375,0.0903320312500004
102000,7,time750,4000,0.99609375,0.0815625000000004
102000,7,time750,4200,0.9921875,0.0918554687500006
102000,7,time750,4400,0.9970703125,0.0848437500000004
102000,7,time750,4600,0.998046875,0.0864648437500005
102000,7,time750,4800,0.99609375,0.0837500000000003
102000,7,time750,5000,0.998046875,0.0846679687500005
102000,7,time750,5200,0.99609375,0.0844140625000005
102000,7,time750,5400,0.998046875,0.0837500000000005
102000,7,time750,5600,0.99609375,0.0860742187500005
102000,7,time750,5800,0.994140625,0.0827734375000004
102000,7,time750,6000,0.9990234375,0.0838867187500004
102000,7,time750,6200,1.0,0.0850781250000005
102000,7,time750,6400,0.9990234375,0.0808789062500005
102000,7,time750,6600,0.9951171875,0.0854687500000005
102000,7,time750,6800,0.99609375,0.0849804687500004
102000,7,time750,7000,0.9990234375,0.0802148437500004
102000,7,time750,7200,0.998046875,0.0801562500000003
102000,7,time750,7400,0.998046875,0.0817968750000004
102000,7,time750,7600,1.0,0.0815429687500004
102000,7,time750,7800,0.9990234375,0.0859179687500006
102000,7,time750,8000,0.998046875,0.0843164062500004
102000,7,time750,8200,0.9970703125,0.0840039062500005
102000,7,time750,8400,0.9970703125,0.0786914062500004
102000,7,time750,8600,0.9990234375,0.0812695312500003
102000,7,time750,8800,0.990234375,0.0866796875000005
102000,7,time750,9000,0.9990234375,0.0845898437500005
102000,7,time750,9200,0.9951171875,0.0882226562500006
102000,7,time750,9400,0.99609375,0.0867382812500005
102000,7,time750,9600,0.99609375,0.0837500000000004
102000,7,time750,9800,0.9970703125,0.0856835937500005
102000,7,time750,10000,0.99609375,0.0853515625000005
102000,7,time750,10200,0.99609375,0.0806640625000003
102000,7,time750,10400,0.9970703125,0.0854492187500006
102000,7,time750,10600,0.9970703125,0.0867187500000005
102000,7,time750,10800,0.9990234375,0.0873632812500005
102000,7,time750,11000,0.9970703125,0.0876367187500005
102000,7,time750,11200,0.9970703125,0.0851757812500005
102000,7,time750,11400,0.9970703125,0.0853320312500005
102000,7,time750,11600,0.998046875,0.0834765625000005
102000,7,time750,11800,0.998046875,0.0856640625000005
102000,7,time750,12000,0.9970703125,0.0837890625000005
102000,7,time750,12200,1.0,0.0804882812500005
102000,7,time750,12400,0.9970703125,0.0845117187500006
102000,7,time750,12600,0.9951171875,0.0829296875000005
102000,7,time750,12800,0.9990234375,0.0831445312500004
102000,7,time750,13000,0.998046875,0.0840234375000005
102000,7,time750,13200,0.998046875,0.0877148437500005
102000,7,time750,13400,0.998046875,0.0900195312500005
102000,7,time750,13600,0.9970703125,0.0853320312500004
102000,7,time750,13800,1.0,0.0831835937500005
102000,7,time750,14000,0.998046875,0.0834960937500004
102000,7,time750,14200,0.9990234375,0.0836132812500005
102000,7,time750,14400,0.9990234375,0.0897265625000007
102000,7,time750,14600,0.9970703125,0.0845898437500004
102000,7,time750,14800,0.9990234375,0.0838671875000005
102000,7,time750,15000,0.9990234375,0.0802539062500003
102000,7,time750,15200,0.998046875,0.0872656250000004
102000,7,time750,15400,0.9970703125,0.0826953125000005
102000,7,time750,15600,0.9990234375,0.0864648437500006
102000,7,time750,15800,0.998046875,0.0844531250000005
102000,7,time750,16000,0.998046875,0.0798828125000004
102000,7,time750,16200,0.998046875,0.0847070312500004
102000,7,time750,16400,0.998046875,0.0872460937500005
102000,7,time750,16600,0.998046875,0.0809570312500004
102000,7,time750,16800,1.0,0.0839843750000005
102000,7,time750,17000,0.9970703125,0.0904687500000006
102000,7,time750,17200,1.0,0.0829492187500004
102000,7,time750,17400,0.9951171875,0.0831640625000004
102000,7,time750,17600,0.998046875,0.0896679687500006
102000,7,time750,17800,0.9990234375,0.0861328125000004
102000,7,time750,18000,1.0,0.0850195312500005
102000,7,time750,18200,0.9990234375,0.0850976562500005
102000,7,time750,18400,0.998046875,0.0833984375000004
102000,7,time750,18600,0.9970703125,0.0863085937500004
102000,7,time750,18800,0.9970703125,0.0795898437500004
102000,7,time750,19000,0.99609375,0.0850976562500005
102000,7,time750,19200,0.9990234375,0.0844921875000005
102000,7,time750,19400,0.99609375,0.0872656250000006
102000,7,time750,19600,0.99609375,0.0855664062500004
102000,7,time750,19800,1.0,0.0844335937500005
102000,7,time750,20000,0.9970703125,0.0816601562500005
102000,8,time750,0,0.2451171875,1.0
102000,8,time750,200,0.2099609375,0.8045117187499988
102000,8,time750,400,0.1552734375,0.8549023437499988
102000,8,time750,600,0.166015625,0.8432031249999993
102000,8,time750,800,0.203125,0.8174804687499992
102000,8,time750,1000,0.35546875,0.6686328124999978
102000,8,time750,1200,0.5,0.5293359375000009
102000,8,time750,1400,0.7177734375,0.3317187500000016
102000,8,time750,1600,0.80859375,0.2532812500000013
102000,8,time750,1800,0.8779296875,0.1912304687500012
102000,8,time750,2000,0.9072265625,0.1661914062500013
102000,8,time750,2200,0.9248046875,0.1480468750000009
102000,8,time750,2400,0.939453125,0.1339257812500008
102000,8,time750,2600,0.9423828125,0.1381250000000009
102000,8,time750,2800,0.9248046875,0.1540429687500012
102000,8,time750,3000,0.9482421875,0.1226562500000008
102000,8,time750,3200,0.912109375,0.1585351562500011
102000,8,time750,3400,0.9169921875,0.153398437500001
102000,8,time750,3600,0.9296875,0.1433593750000008
102000,8,time750,3800,0.9365234375,0.1441210937500012
102000,8,time750,4000,0.923828125,0.1532031250000011
102000,8,time750,4200,0.939453125,0.139550781250001
102000,8,time750,4400,0.9453125,0.1377929687500011
102000,8,time750,4600,0.958984375,0.1201171875000009
102000,8,time750,4800,0.94140625,0.1417578125000011
102000,8,time750,5000,0.9404296875,0.1344335937500008
102000,8,time750,5200,0.9443359375,0.130097656250001
102000,8,time750,5400,0.9580078125,0.130429687500001
102000,8,time750,5600,0.9345703125,0.1328906250000009
102000,8,time750,5800,0.9443359375,0.138867187500001
102000,8,time750,6000,0.9462890625,0.1319335937500009
102000,8,time750,6200,0.9521484375,0.1357812500000011
102000,8,time750,6400,0.966796875,0.1200976562500007
102000,8,time750,6600,0.9443359375,0.1329101562500011
102000,8,time750,6800,0.955078125,0.1248632812500008
102000,8,time750,7000,0.958984375,0.1275195312500009
102000,8,time750,7200,0.9619140625,0.1290820312500009
102000,8,time750,7400,0.9521484375,0.1299804687500009
102000,8,time750,7600,0.9521484375,0.1335351562500009
102000,8,time750,7800,0.9453125,0.1447851562500011
102000,8,time750,8000,0.9482421875,0.138574218750001
102000,8,time750,8200,0.9423828125,0.1337500000000009
102000,8,time750,8400,0.96484375,0.1291210937500009
102000,8,time750,8600,0.955078125,0.1236132812500009
102000,8,time750,8800,0.9443359375,0.1331445312500009
102000,8,time750,9000,0.9375,0.1441796875000012
102000,8,time750,9200,0.947265625,0.139277343750001
102000,8,time750,9400,0.9560546875,0.132519531250001
102000,8,time750,9600,0.939453125,0.1501171875000011
102000,8,time750,9800,0.951171875,0.1335937500000011
102000,8,time750,10000,0.94921875,0.1353906250000009
102000,8,time750,10200,0.939453125,0.140429687500001
102000,8,time750,10400,0.93359375,0.1498242187500009
102000,8,time750,10600,0.9462890625,0.132871093750001
102000,8,time750,10800,0.9423828125,0.143359375000001
102000,8,time750,11000,0.9248046875,0.1478906250000009
102000,8,time750,11200,0.9345703125,0.145839843750001
102000,8,time750,11400,0.966796875,0.1233007812500009
102000,8,time750,11600,0.9501953125,0.1259570312500008
102000,8,time750,11800,0.9521484375,0.1334570312500008
102000,8,time750,12000,0.951171875,0.1272265625000008
102000,8,time750,12200,0.9619140625,0.1198437500000007
102000,8,time750,12400,0.9404296875,0.1396484375000011
102000,8,time750,12600,0.9501953125,0.135761718750001
102000,8,time750,12800,0.955078125,0.127324218750001
102000,8,time750,13000,0.9404296875,0.1395312500000011
102000,8,time750,13200,0.943359375,0.143652343750001
102000,8,time750,13400,0.9267578125,0.1451171875000011
102000,8,time750,13600,0.9560546875,0.1188867187500009
102000,8,time750,13800,0.9501953125,0.1360546875000009
102000,8,time750,14000,0.951171875,0.129433593750001
102000,8,time750,14200,0.9521484375,0.1256445312500009
102000,8,time750,14400,0.951171875,0.1285937500000008
102000,8,time750,14600,0.955078125,0.1247265625000009
102000,8,time750,14800,0.9638671875,0.122070312500001
102000,8,time750,15000,0.955078125,0.136386718750001
102000,8,time750,15200,0.953125,0.1287695312500009
102000,8,time750,15400,0.939453125,0.1462890625000012
102000,8,time750,15600,0.9482421875,0.1259765625000008
102000,8,time750,15800,0.955078125,0.1243945312500009
102000,8,time750,16000,0.9345703125,0.1513476562500012
102000,8,time750,16200,0.943359375,0.1445312500000013
102000,8,time750,16400,0.9453125,0.1418164062500011
102000,8,time750,16600,0.9677734375,0.1255078125000008
102000,8,time750,16800,0.953125,0.1276757812500012
102000,8,time750,17000,0.9609375,0.1256445312500009
102000,8,time750,17200,0.9541015625,0.136855468750001
102000,8,time750,17400,0.9638671875,0.1284570312500009
102000,8,time750,17600,0.9501953125,0.131015625000001
102000,8,time750,17800,0.9404296875,0.144082031250001
102000,8,time750,18000,0.958984375,0.1212695312500007
102000,8,time750,18200,0.9580078125,0.1217187500000009
102000,8,time750,18400,0.939453125,0.141542968750001
102000,8,time750,18600,0.943359375,0.1456054687500011
102000,8,time750,18800,0.943359375,0.1466210937500012
102000,8,time750,19000,0.9375,0.1347851562500012
102000,8,time750,19200,0.9443359375,0.133964843750001
102000,8,time750,19400,0.9521484375,0.140214843750001
102000,8,time750,19600,0.9619140625,0.1274609375000009
102000,8,time750,19800,0.951171875,0.123183593750001
102000,8,time750,20000,0.9423828125,0.1384570312500011
102001,7,continuous,0,0.265625,1.0
102001,7,continuous,200,0.478515625,0.5361132812500009
102001,7,continuous,400,0.580078125,0.4491406250000014
102001,7,continuous,600,0.8330078125,0.2133398437500015
102001,7,continuous,800,0.9423828125,0.1188085937500008
102001,7,continuous,1000,0.9716796875,0.0962500000000007
102001,7,continuous,1200,0.984375,0.0895312500000005
102001,7,continuous,1400,0.99609375,0.0891796875000004
102001,7,continuous,1600,0.9951171875,0.0850781250000004
102001,7,continuous,1800,0.9951171875,0.0815625000000004
102001,7,continuous,2000,0.9970703125,0.0839062500000004
102001,7,continuous,2200,0.998046875,0.0819140625000003
102001,7,continuous,2400,0.9970703125,0.0851757812500005
102001,7,continuous,2600,0.998046875,0.0821875000000002
102001,7,continuous,2800,0.998046875,0.0850195312500005
102001,7,continuous,3000,0.9970703125,0.0833593750000004
102001,7,continuous,3200,1.0,0.0838476562500004
102001,7,continuous,3400,0.998046875,0.0831835937500004
102001,7,continuous,3600,1.0,0.0831640625000004
102001,7,continuous,3800,0.998046875,0.0850976562500005
102001,7,continuous,4000,0.998046875,0.0842968750000005
102001,7,continuous,4200,0.9990234375,0.0862890625000005
102001,7,continuous,4400,0.9990234375,0.0847265625000005
102001,7,continuous,4600,0.9990234375,0.0875195312500005
102001,7,continuous,4800,0.9970703125,0.0833789062500005
102001,7,continuous,5000,1.0,0.0859765625000005
102001,7,continuous,5200,0.998046875,0.0816210937500005
102001,7,continuous,5400,1.0,0.0839062500000004
102001,7,continuous,5600,1.0,0.0818359375000004
102001,7,continuous,5800,0.9990234375,0.0841796875000004
102001,7,continuous,6000,0.9990234375,0.0850781250000005
102001,7,continuous,6200,0.9990234375,0.0863281250000006
102001,7,continuous,6400,0.9990234375,0.0830078125000006
102001,7,continuous,6600,0.9990234375,0.0852148437500006
102001,7,continuous,6800,1.0,0.0822265625000005
102001,7,continuous,7000,0.998046875,0.0853906250000005
102001,7,continuous,7200,1.0,0.0841796875000004
102001,7,continuous,7400,1.0,0.0811328125000005
102001,7,continuous,7600,0.998046875,0.0826562500000005
102001,7,continuous,7800,1.0,0.0835937500000005
102001,7,continuous,8000,1.0,0.0834765625000005
102001,7,continuous,8200,0.9990234375,0.0866796875000006
102001,7,continuous,8400,0.9990234375,0.0808984375000004
102001,7,continuous,8600,0.998046875,0.0838281250000005
102001,7,continuous,8800,1.0,0.0794335937500003
102001,7,continuous,9000,0.9990234375,0.0857031250000004
102001,7,continuous,9200,0.9990234375,0.0871093750000004
102001,7,continuous,9400,1.0,0.0831835937500005
102001,7,continuous,9600,0.9990234375,0.0871289062500005
102001,7,continuous,9800,0.998046875,0.0819726562500005
102001,7,continuous,10000,0.9990234375,0.0852343750000004
102001,7,continuous,10200,0.9990234375,0.0797460937500003
102001,7,continuous,10400,0.998046875,0.0834960937500005
102001,7,continuous,10600,0.9990234375,0.0863476562500006
102001,7,continuous,10800,0.9990234375,0.0833789062500005
102001,7,continuous,11000,1.0,0.0833398437500005
102001,7,continuous,11200,1.0,0.0823046875000004
102001,7,continuous,11400,0.9990234375,0.0825390625000003
102001,7,continuous,11600,1.0,0.0811523437500003
102001,7,continuous,11800,1.0,0.0865234375000004
102001,7,continuous,12000,0.9990234375,0.0854882812500005
102001,7,continuous,12200,0.998046875,0.0810351562500004
102001,7,continuous,12400,0.9990234375,0.0854687500000005
102001,7,continuous,12600,0.9970703125,0.0843359375000004
102001,7,continuous,12800,0.9990234375,0.0855273437500005
102001,7,continuous,13000,0.9990234375,0.0847070312500005
102001,7,continuous,13200,1.0,0.0874218750000006
102001,7,continuous,13400,0.9990234375,0.0821289062500005
102001,7,continuous,13600,1.0,0.0851953125000004
102001,7,continuous,13800,0.9990234375,0.0837109375000005
102001,7,continuous,14000,0.9990234375,0.0858398437500005
102001,7,continuous,14200,1.0,0.0840820312500004
102001,7,continuous,14400,1.0,0.0811914062500004
102001,7,continuous,14600,0.9990234375,0.0843750000000005
102001,7,continuous,14800,1.0,0.0850585937500005
102001,7,continuous,15000,0.9990234375,0.0859179687500005
102001,7,continuous,15200,0.9990234375,0.0868750000000005
102001,7,continuous,15400,1.0,0.0826367187500004
102001,7,continuous,15600,0.998046875,0.0829492187500005
102001,7,continuous,15800,1.0,0.0842187500000005
102001,7,continuous,16000,1.0,0.0847851562500004
102001,7,continuous,16200,0.998046875,0.0808203125000004
102001,7,continuous,16400,0.9990234375,0.0822851562500004
102001,7,continuous,16600,0.9990234375,0.0858007812500005
102001,7,continuous,16800,0.9990234375,0.0832031250000006
102001,7,continuous,17000,0.998046875,0.0862500000000006
102001,7,continuous,17200,1.0,0.0848046875000005
102001,7,continuous,17400,0.998046875,0.0814648437500005
102001,7,continuous,17600,1.0,0.0820312500000004
102001,7,continuous,17800,0.99609375,0.0831250000000005
102001,7,continuous,18000,0.9990234375,0.0857421875000006
102001,7,continuous,18200,1.0,0.0844921875000004
102001,7,continuous,18400,0.9990234375,0.0840820312500005
102001,7,continuous,18600,0.998046875,0.0835156250000005
102001,7,continuous,18800,1.0,0.0821093750000006
102001,7,continuous,19000,1.0,0.0858984375000006
102001,7,continuous,19200,1.0,0.0831445312500005
102001,7,continuous,19400,0.9990234375,0.0800390625000004
102001,7,continuous,19600,0.9990234375,0.0820507812500003
102001,7,continuous,19800,0.9990234375,0.0832226562500005
102001,7,continuous,20000,0.9990234375,0.0801367187500003
102001,8,continuous,0,0.265625,1.0
102001,8,continuous,200,0.2392578125,0.7731835937499985
102001,8,continuous,400,0.19140625,0.8204687499999985
102001,8,continuous,600,0.212890625,0.7999999999999979
102001,8,continuous,800,0.2861328125,0.7409765624999974
102001,8,continuous,1000,0.4853515625,0.5508203125
102001,8,continuous,1200,0.7177734375,0.3371484375000019
102001,8,continuous,1400,0.859375,0.2215429687500018
102001,8,continuous,1600,0.93359375,0.1605664062500014
102001,8,continuous,1800,0.9736328125,0.1248046875000008
102001,8,continuous,2000,0.9697265625,0.127011718750001
102001,8,continuous,2200,0.984375,0.1138671875000007
102001,8,continuous,2400,0.9853515625,0.1296093750000009
102001,8,continuous,2600,0.982421875,0.1227148437500006
102001,8,continuous,2800,0.9853515625,0.1257421875000008
102001,8,continuous,3000,0.990234375,0.1170507812500008
102001,8,continuous,3200,0.9990234375,0.1189648437500007
102001,8,continuous,3400,0.9892578125,0.1250195312500009
102001,8,continuous,3600,0.9912109375,0.1187500000000008
102001,8,continuous,3800,0.9912109375,0.1174023437500008
102001,8,continuous,4000,0.994140625,0.1267773437500007
102001,8,continuous,4200,0.9970703125,0.1171875000000007
102001,8,continuous,4400,0.994140625,0.1297460937500008
102001,8,continuous,4600,0.9951171875,0.1248242187500007
102001,8,continuous,4800,0.9970703125,0.1296875000000008
102001,8,continuous,5000,0.9951171875,0.1224609375000008
102001,8,continuous,5200,0.99609375,0.1276367187500009
102001,8,continuous,5400,0.9990234375,0.1300585937500008
102001,8,continuous,5600,1.0,0.1227343750000008
102001,8,continuous,5800,0.9970703125,0.1223437500000007
102001,8,continuous,6000,0.9951171875,0.1271289062500007
102001,8,continuous,6200,0.9990234375,0.1323828125000008
102001,8,continuous,6400,0.998046875,0.131542968750001
102001,8,continuous,6600,1.0,0.1352148437500009
102001,8,continuous,6800,0.998046875,0.128867187500001
102001,8,continuous,7000,0.99609375,0.1335742187500009
102001,8,continuous,7200,0.99609375,0.1275000000000007
102001,8,continuous,7400,1.0,0.1286718750000008
102001,8,continuous,7600,1.0,0.1296484375000009
102001,8,continuous,7800,0.9990234375,0.1307031250000008
102001,8,continuous,8000,0.99609375,0.138144531250001
102001,8,continuous,8200,0.998046875,0.1364453125000009
102001,8,continuous,8400,0.99609375,0.139765625000001
102001,8,continuous,8600,1.0,0.1362500000000009
102001,8,continuous,8800,0.998046875,0.137031250000001
102001,8,continuous,9000,0.9990234375,0.130957031250001
102001,8,continuous,9200,1.0,0.138300781250001
102001,8,continuous,9400,0.9990234375,0.133164062500001
102001,8,continuous,9600,0.998046875,0.1497851562500009
102001,8,continuous,9800,0.998046875,0.143417968750001
102001,8,continuous,10000,1.0,0.1359570312500012
102001,8,continuous,10200,0.998046875,0.1406054687500011
102001,8,continuous,10400,0.9990234375,0.1374218750000009
102001,8,continuous,10600,0.998046875,0.1366406250000009
102001,8,continuous,10800,0.9970703125,0.134492187500001
102001,8,continuous,11000,0.9990234375,0.1457226562500011
102001,8,continuous,11200,0.9990234375,0.146914062500001
102001,8,continuous,11400,0.9990234375,0.137734375000001
102001,8,continuous,11600,1.0,0.142246093750001
102001,8,continuous,11800,0.9990234375,0.1316210937500008
102001,8,continuous,12000,0.9990234375,0.1423828125000009
102001,8,continuous,12200,1.0,0.139003906250001
102001,8,continuous,12400,0.9990234375,0.1436914062500009
102001,8,continuous,12600,0.9970703125,0.1330468750000009
102001,8,continuous,12800,0.998046875,0.1390625000000009
102001,8,continuous,13000,0.9990234375,0.1471679687500012
102001,8,continuous,13200,1.0,0.139218750000001
102001,8,continuous,13400,0.998046875,0.1403125000000009
102001,8,continuous,13600,0.99609375,0.1502539062500011
102001,8,continuous,13800,0.998046875,0.1427734375000011
102001,8,continuous,14000,1.0,0.140156250000001
102001,8,continuous,14200,1.0,0.141914062500001
102001,8,continuous,14400,0.9990234375,0.1395117187500009
102001,8,continuous,14600,0.998046875,0.137851562500001
102001,8,continuous,14800,0.998046875,0.1456250000000011
102001,8,continuous,15000,0.9990234375,0.1385546875000009
102001,8,continuous,15200,0.998046875,0.1360742187500008
102001,8,continuous,15400,0.9990234375,0.1400000000000007
102001,8,continuous,15600,1.0,0.1391015625000008
102001,8,continuous,15800,0.9970703125,0.148476562500001
102001,8,continuous,16000,0.9990234375,0.1424023437500011
102001,8,continuous,16200,0.9990234375,0.1382421875000008
102001,8,continuous,16400,0.998046875,0.1412500000000009
102001,8,continuous,16600,1.0,0.1483007812500011
102001,8,continuous,16800,0.9990234375,0.1361914062500008
102001,8,continuous,17000,1.0,0.1341406250000009
102001,8,continuous,17200,1.0,0.1423046875000009
102001,8,continuous,17400,0.998046875,0.1475000000000009
102001,8,continuous,17600,0.9990234375,0.1452539062500011
102001,8,continuous,17800,1.0,0.140292968750001
102001,8,continuous,18000,1.0,0.141601562500001
102001,8,continuous,18200,1.0,0.137265625000001
102001,8,continuous,18400,0.9990234375,0.1329492187500008
102001,8,continuous,18600,0.9951171875,0.153222656250001
102001,8,continuous,18800,0.9990234375,0.144550781250001
102001,8,continuous,19000,1.0,0.145761718750001
102001,8,continuous,19200,1.0,0.1343164062500008
102001,8,continuous,19400,0.9990234375,0.1444921875000009
102001,8,continuous,19600,1.0,0.1418554687500009
102001,8,continuous,19800,1.0,0.1565820312500011
102001,8,continuous,20000,0.9990234375,0.1399218750000008
102001,7,count1024,0,0.265625,1.0
102001,7,count1024,200,0.4501953125,0.5576367187499999
102001,7,count1024,400,0.494140625,0.523964843750001
102001,7,count1024,600,0.548828125,0.4780664062500015
102001,7,count1024,800,0.568359375,0.4473046875000016
102001,7,count1024,1000,0.6220703125,0.4038671875000016
102001,7,count1024,1200,0.6201171875,0.4089062500000016
102001,7,count1024,1400,0.61328125,0.4121093750000012
102001,7,count1024,1600,0.6337890625,0.3946093750000017
102001,7,count1024,1800,0.658203125,0.3673437500000015
102001,7,count1024,2000,0.6748046875,0.3614843750000014
102001,7,count1024,2200,0.7158203125,0.3146875000000014
102001,7,count1024,2400,0.7509765625,0.2841210937500016
102001,7,count1024,2600,0.732421875,0.3091210937500015
102001,7,count1024,2800,0.7529296875,0.2815039062500014
102001,7,count1024,3000,0.72265625,0.3068945312500017
102001,7,count1024,3200,0.748046875,0.2929882812500015
102001,7,count1024,3400,0.779296875,0.2641210937500013
102001,7,count1024,3600,0.763671875,0.2731445312500013
102001,7,count1024,3800,0.7744140625,0.2631250000000012
102001,7,count1024,4000,0.7890625,0.2474218750000013
102001,7,count1024,4200,0.791015625,0.2452539062500012
102001,7,count1024,4400,0.7802734375,0.2502734375000014
102001,7,count1024,4600,0.732421875,0.3063476562500017
102001,7,count1024,4800,0.7685546875,0.2721679687500013
102001,7,count1024,5000,0.78515625,0.2481054687500015
102001,7,count1024,5200,0.7763671875,0.2625585937500014
102001,7,count1024,5400,0.82421875,0.2209960937500013
102001,7,count1024,5600,0.7939453125,0.2406054687500014
102001,7,count1024,5800,0.830078125,0.2118164062500012
102001,7,count1024,6000,0.7998046875,0.2466796875000014
102001,7,count1024,6200,0.8232421875,0.2249414062500015
102001,7,count1024,6400,0.8076171875,0.2289453125000014
102001,7,count1024,6600,0.7958984375,0.2404296875000013
102001,7,count1024,6800,0.7734375,0.2683984375000017
102001,7,count1024,7000,0.81640625,0.2171093750000013
102001,7,count1024,7200,0.8291015625,0.2161523437500014
102001,7,count1024,7400,0.818359375,0.2193359375000016
102001,7,count1024,7600,0.8095703125,0.2290820312500014
102001,7,count1024,7800,0.8369140625,0.2112695312500012
102001,7,count1024,8000,0.8017578125,0.2278125000000015
102001,7,count1024,8200,0.806640625,0.2377929687500013
102001,7,count1024,8400,0.7978515625,0.2362304687500014
102001,7,count1024,8600,0.8330078125,0.2123242187500013
102001,7,count1024,8800,0.8193359375,0.2270703125000011
102001,7,count1024,9000,0.830078125,0.2077343750000012
102001,7,count1024,9200,0.8271484375,0.2136914062500013
102001,7,count1024,9400,0.8173828125,0.2220117187500015
102001,7,count1024,9600,0.83203125,0.2088671875000016
102001,7,count1024,9800,0.837890625,0.2083593750000013
102001,7,count1024,10000,0.81640625,0.2212695312500017
102001,7,count1024,10200,0.841796875,0.2093750000000015
102001,7,count1024,10400,0.830078125,0.2136132812500013
102001,7,count1024,10600,0.8203125,0.2202929687500014
102001,7,count1024,10800,0.8310546875,0.2088281250000013
102001,7,count1024,11000,0.806640625,0.2371875000000014
102001,7,count1024,11200,0.7890625,0.2463671875000014
102001,7,count1024,11400,0.814453125,0.2247265625000014
102001,7,count1024,11600,0.8359375,0.2126367187500014
102001,7,count1024,11800,0.84765625,0.2052343750000012
102001,7,count1024,12000,0.8291015625,0.2103906250000014
102001,7,count1024,12200,0.8076171875,0.2321875000000016
102001,7,count1024,12400,0.849609375,0.1958007812500012
102001,7,count1024,12600,0.84765625,0.2005273437500013
102001,7,count1024,12800,0.8291015625,0.2093554687500014
102001,7,count1024,13000,0.8212890625,0.2136132812500014
102001,7,count1024,13200,0.783203125,0.2469921875000014
102001,7,count1024,13400,0.8193359375,0.2297070312500014
102001,7,count1024,13600,0.82421875,0.2139843750000011
102001,7,count1024,13800,0.7998046875,0.2407812500000014
102001,7,count1024,14000,0.826171875,0.2138671875000013
102001,7,count1024,14200,0.8369140625,0.2117968750000014
102001,7,count1024,14400,0.8388671875,0.2064257812500013
102001,7,count1024,14600,0.8369140625,0.2041015625000014
102001,7,count1024,14800,0.81640625,0.2215625000000013
102001,7,count1024,15000,0.845703125,0.1974609375000015
102001,7,count1024,15200,0.837890625,0.2049804687500014
102001,7,count1024,15400,0.8125,0.2241015625000015
102001,7,count1024,15600,0.8359375,0.2133007812500014
102001,7,count1024,15800,0.828125,0.2127343750000014
102001,7,count1024,16000,0.8251953125,0.2150976562500014
102001,7,count1024,16200,0.8154296875,0.2195898437500015
102001,7,count1024,16400,0.80859375,0.2295117187500015
102001,7,count1024,16600,0.8369140625,0.1950781250000014
102001,7,count1024,16800,0.8056640625,0.2419921875000014
102001,7,count1024,17000,0.8359375,0.2026757812500014
102001,7,count1024,17200,0.8076171875,0.2305273437500013
102001,7,count1024,17400,0.830078125,0.2170898437500014
102001,7,count1024,17600,0.8193359375,0.2197851562500014
102001,7,count1024,17800,0.861328125,0.1824804687500011
102001,7,count1024,18000,0.8486328125,0.1908789062500015
102001,7,count1024,18200,0.8330078125,0.2104687500000014
102001,7,count1024,18400,0.830078125,0.2162890625000015
102001,7,count1024,18600,0.8583984375,0.1933203125000011
102001,7,count1024,18800,0.8466796875,0.2028320312500011
102001,7,count1024,19000,0.8369140625,0.2057617187500012
102001,7,count1024,19200,0.83203125,0.2103710937500012
102001,7,count1024,19400,0.8603515625,0.1916015625000011
102001,7,count1024,19600,0.8505859375,0.1814062500000016
102001,7,count1024,19800,0.822265625,0.2176367187500015
102001,7,count1024,20000,0.8125,0.2314257812500014
102001,8,count1024,0,0.265625,1.0
102001,8,count1024,200,0.2392578125,0.7731835937499985
102001,8,count1024,400,0.19140625,0.8204687499999985
102001,8,count1024,600,0.212890625,0.7999999999999979
102001,8,count1024,800,0.255859375,0.7623242187499973
102001,8,count1024,1000,0.330078125,0.6915429687499967
102001,8,count1024,1200,0.439453125,0.5880273437499981
102001,8,count1024,1400,0.6328125,0.4152929687500017
102001,8,count1024,1600,0.734375,0.3179687500000019
102001,8,count1024,1800,0.845703125,0.2159375000000015
102001,8,count1024,2000,0.873046875,0.1950781250000013
102001,8,count1024,2200,0.8837890625,0.1849609375000014
102001,8,count1024,2400,0.89453125,0.1805273437500014
102001,8,count1024,2600,0.9140625,0.1691406250000013
102001,8,count1024,2800,0.91796875,0.163457031250001
102001,8,count1024,3000,0.9306640625,0.1519531250000009
102001,8,count1024,3200,0.923828125,0.1523437500000013
102001,8,count1024,3400,0.9443359375,0.1324609375000009
102001,8,count1024,3600,0.892578125,0.1828906250000014
102001,8,count1024,3800,0.8974609375,0.183339843750001
102001,8,count1024,4000,0.9189453125,0.158046875000001
102001,8,count1024,4200,0.916015625,0.162636718750001
102001,8,count1024,4400,0.923828125,0.154101562500001
102001,8,count1024,4600,0.9189453125,0.1559960937500012
102001,8,count1024,4800,0.9013671875,0.1774414062500013
102001,8,count1024,5000,0.9384765625,0.1453906250000009
102001,8,count1024,5200,0.919921875,0.1573046875000012
102001,8,count1024,5400,0.9443359375,0.137070312500001
102001,8,count1024,5600,0.931640625,0.1428906250000009
102001,8,count1024,5800,0.9208984375,0.151191406250001
102001,8,count1024,6000,0.9248046875,0.1505468750000012
102001,8,count1024,6200,0.935546875,0.1437109375000011
102001,8,count1024,6400,0.9443359375,0.1434179687500009
102001,8,count1024,6600,0.9453125,0.137382812500001
102001,8,count1024,6800,0.9365234375,0.1506835937500013
102001,8,count1024,7000,0.939453125,0.143125000000001
102001,8,count1024,7200,0.951171875,0.1321289062500009
102001,8,count1024,7400,0.953125,0.1308203125000009
102001,8,count1024,7600,0.9453125,0.140742187500001
102001,8,count1024,7800,0.939453125,0.1402343750000008
102001,8,count1024,8000,0.9482421875,0.1376171875000007
102001,8,count1024,8200,0.943359375,0.1400976562500011
102001,8,count1024,8400,0.95703125,0.1196875000000008
102001,8,count1024,8600,0.9453125,0.1369140625000009
102001,8,count1024,8800,0.9443359375,0.137031250000001
102001,8,count1024,9000,0.935546875,0.1397265625000011
102001,8,count1024,9200,0.9580078125,0.1267382812500009
102001,8,count1024,9400,0.94140625,0.1416406250000009
102001,8,count1024,9600,0.955078125,0.128339843750001
102001,8,count1024,9800,0.9443359375,0.1338281250000009
102001,8,count1024,10000,0.9365234375,0.147968750000001
102001,8,count1024,10200,0.9189453125,0.1593945312500011
102001,8,count1024,10400,0.951171875,0.1365429687500009
102001,8,count1024,10600,0.939453125,0.1434375000000009
102001,8,count1024,10800,0.9296875,0.146562500000001
102001,8,count1024,11000,0.94140625,0.140234375000001
102001,8,count1024,11200,0.939453125,0.139726562500001
102001,8,count1024,11400,0.9521484375,0.1201562500000007
102001,8,count1024,11600,0.9296875,0.1563281250000011
102001,8,count1024,11800,0.9365234375,0.1444140625000011
102001,8,count1024,12000,0.935546875,0.141074218750001
102001,8,count1024,12200,0.955078125,0.1259960937500009
102001,8,count1024,12400,0.9365234375,0.1392382812500009
102001,8,count1024,12600,0.9423828125,0.1416992187500011
102001,8,count1024,12800,0.947265625,0.1340234375000011
102001,8,count1024,13000,0.9599609375,0.1234960937500008
102001,8,count1024,13200,0.947265625,0.1303906250000009
102001,8,count1024,13400,0.943359375,0.1442382812500009
102001,8,count1024,13600,0.9404296875,0.1375976562500008
102001,8,count1024,13800,0.943359375,0.1314648437500009
102001,8,count1024,14000,0.9560546875,0.1283593750000007
102001,8,count1024,14200,0.9375,0.1393359375000011
102001,8,count1024,14400,0.943359375,0.129511718750001
102001,8,count1024,14600,0.94921875,0.1323046875000009
102001,8,count1024,14800,0.951171875,0.1235742187500009
102001,8,count1024,15000,0.9365234375,0.136015625000001
102001,8,count1024,15200,0.9599609375,0.1207421875000007
102001,8,count1024,15400,0.9482421875,0.1333007812500008
102001,8,count1024,15600,0.9404296875,0.138515625000001
102001,8,count1024,15800,0.9580078125,0.1235742187500008
102001,8,count1024,16000,0.9453125,0.1381640625000011
102001,8,count1024,16200,0.9423828125,0.1344921875000009
102001,8,count1024,16400,0.9296875,0.137558593750001
102001,8,count1024,16600,0.943359375,0.1256835937500009
102001,8,count1024,16800,0.9384765625,0.1459179687500011
102001,8,count1024,17000,0.955078125,0.1233007812500007
102001,8,count1024,17200,0.953125,0.1192773437500007
102001,8,count1024,17400,0.9462890625,0.1235937500000009
102001,8,count1024,17600,0.927734375,0.1419726562500008
102001,8,count1024,17800,0.9453125,0.133535156250001
102001,8,count1024,18000,0.9296875,0.143007812500001
102001,8,count1024,18200,0.955078125,0.130429687500001
102001,8,count1024,18400,0.9462890625,0.129550781250001
102001,8,count1024,18600,0.9423828125,0.1394140625000012
102001,8,count1024,18800,0.9541015625,0.124160156250001
102001,8,count1024,19000,0.9619140625,0.1226367187500009
102001,8,count1024,19200,0.9560546875,0.1228320312500008
102001,8,count1024,19400,0.947265625,0.1250195312500008
102001,8,count1024,19600,0.9462890625,0.1265625000000008
102001,8,count1024,19800,0.9619140625,0.1168750000000007
102001,8,count1024,20000,0.947265625,0.1362890625000008
102001,7,time150,0,0.265625,1.0
102001,7,time150,200,0.4755859375,0.5409375000000006
102001,7,time150,400,0.4833984375,0.5398242187500005
102001,7,time150,600,0.5673828125,0.4556250000000018
102001,7,time150,800,0.63671875,0.3860937500000015
102001,7,time150,1000,0.6875,0.3502539062500015
102001,7,time150,1200,0.7216796875,0.3115429687500017
102001,7,time150,1400,0.6982421875,0.3265039062500015
102001,7,time150,1600,0.7509765625,0.2764843750000016
102001,7,time150,1800,0.771484375,0.2589843750000014
102001,7,time150,2000,0.8154296875,0.2322460937500012
102001,7,time150,2200,0.818359375,0.2263281250000013
102001,7,time150,2400,0.8740234375,0.1835351562500013
102001,7,time150,2600,0.859375,0.1881445312500013
102001,7,time150,2800,0.8857421875,0.1687304687500012
102001,7,time150,3000,0.8671875,0.1874609375000014
102001,7,time150,3200,0.9052734375,0.150136718750001
102001,7,time150,3400,0.908203125,0.148671875000001
102001,7,time150,3600,0.9072265625,0.1510742187500012
102001,7,time150,3800,0.896484375,0.1607812500000011
102001,7,time150,4000,0.8984375,0.1592968750000012
102001,7,time150,4200,0.90625,0.148886718750001
102001,7,time150,4400,0.919921875,0.1293554687500009
102001,7,time150,4600,0.90234375,0.1538867187500013
102001,7,time150,4800,0.8916015625,0.1569140625000011
102001,7,time150,5000,0.8994140625,0.1566992187500013
102001,7,time150,5200,0.9052734375,0.148828125000001
102001,7,time150,5400,0.8876953125,0.1658203125000011
102001,7,time150,5600,0.9150390625,0.1435546875000008
102001,7,time150,5800,0.90625,0.148242187500001
102001,7,time150,6000,0.9345703125,0.1221875000000008
102001,7,time150,6200,0.9208984375,0.1286132812500009
102001,7,time150,6400,0.9228515625,0.1335351562500009
102001,7,time150,6600,0.9423828125,0.1284179687500011
102001,7,time150,6800,0.9482421875,0.1205078125000009
102001,7,time150,7000,0.9443359375,0.1287304687500011
102001,7,time150,7200,0.94140625,0.1258789062500009
102001,7,time150,7400,0.93359375,0.1290234375000009
102001,7,time150,7600,0.9453125,0.1198632812500007
102001,7,time150,7800,0.9296875,0.1279101562500009
102001,7,time150,8000,0.939453125,0.1234960937500009
102001,7,time150,8200,0.9345703125,0.1329882812500009
102001,7,time150,8400,0.921875,0.1348828125000011
102001,7,time150,8600,0.9189453125,0.1456250000000012
102001,7,time150,8800,0.931640625,0.133300781250001
102001,7,time150,9000,0.955078125,0.1110351562500007
102001,7,time150,9200,0.9462890625,0.1181640625000008
102001,7,time150,9400,0.9267578125,0.1386328125000012
102001,7,time150,9600,0.927734375,0.1326953125000011
102001,7,time150,9800,0.9375,0.130468750000001
102001,7,time150,10000,0.935546875,0.1206054687500007
102001,7,time150,10200,0.9501953125,0.1155078125000008
102001,7,time150,10400,0.9482421875,0.1214062500000009
102001,7,time150,10600,0.9287109375,0.134238281250001
102001,7,time150,10800,0.9287109375,0.1370507812500011
102001,7,time150,11000,0.9296875,0.1351562500000011
102001,7,time150,11200,0.923828125,0.1399023437500012
102001,7,time150,11400,0.9228515625,0.1423632812500008
102001,7,time150,11600,0.9150390625,0.1411523437500011
102001,7,time150,11800,0.921875,0.137148437500001
102001,7,time150,12000,0.9208984375,0.1440429687500012
102001,7,time150,12200,0.919921875,0.1363867187500008
102001,7,time150,12400,0.94140625,0.1245117187500009
102001,7,time150,12600,0.931640625,0.130332031250001
102001,7,time150,12800,0.939453125,0.1184179687500009
102001,7,time150,13000,0.91796875,0.137324218750001
102001,7,time150,13200,0.94140625,0.1238085937500009
102001,7,time150,13400,0.9287109375,0.1395312500000011
102001,7,time150,13600,0.927734375,0.1274414062500009
102001,7,time150,13800,0.9111328125,0.1425585937500009
102001,7,time150,14000,0.919921875,0.1331445312500011
102001,7,time150,14200,0.93359375,0.1295898437500009
102001,7,time150,14400,0.9404296875,0.1252148437500008
102001,7,time150,14600,0.923828125,0.130781250000001
102001,7,time150,14800,0.9326171875,0.1285742187500009
102001,7,time150,15000,0.9326171875,0.132363281250001
102001,7,time150,15200,0.9375,0.1245703125000009
102001,7,time150,15400,0.9296875,0.1281054687500008
102001,7,time150,15600,0.9267578125,0.1322265625000012
102001,7,time150,15800,0.9287109375,0.123632812500001
102001,7,time150,16000,0.9208984375,0.1334765625000011
102001,7,time150,16200,0.9296875,0.1246484375000011
102001,7,time150,16400,0.9541015625,0.1211132812500011
102001,7,time150,16600,0.9453125,0.1175000000000009
102001,7,time150,16800,0.927734375,0.1336132812500009
102001,7,time150,17000,0.931640625,0.1335156250000011
102001,7,time150,17200,0.94921875,0.1190039062500008
102001,7,time150,17400,0.9345703125,0.1199804687500009
102001,7,time150,17600,0.9267578125,0.1370312500000011
102001,7,time150,17800,0.9189453125,0.1389062500000011
102001,7,time150,18000,0.93359375,0.126542968750001
102001,7,time150,18200,0.9384765625,0.129140625000001
102001,7,time150,18400,0.9423828125,0.1233984375000009
102001,7,time150,18600,0.927734375,0.1299609375000012
102001,7,time150,18800,0.9462890625,0.1175976562500008
102001,7,time150,19000,0.9609375,0.1077929687500007
102001,7,time150,19200,0.9326171875,0.123164062500001
102001,7,time150,19400,0.923828125,0.1364257812500012
102001,7,time150,19600,0.919921875,0.1395117187500009
102001,7,time150,19800,0.927734375,0.1347656250000008
102001,7,time150,20000,0.91796875,0.1328320312500009
102001,8,time150,0,0.265625,1.0
102001,8,time150,200,0.23828125,0.7722460937499984
102001,8,time150,400,0.21484375,0.8000781249999978
102001,8,time150,600,0.1982421875,0.8108398437499987
102001,8,time150,800,0.2216796875,0.7853906249999989
102001,8,time150,1000,0.244140625,0.7654296874999998
102001,8,time150,1200,0.3349609375,0.6847265624999993
102001,8,time150,1400,0.431640625,0.5852148437500007
102001,8,time150,1600,0.544921875,0.4773632812500013
102001,8,time150,1800,0.6337890625,0.3901757812500015
102001,8,time150,2000,0.6748046875,0.3550390625000014
102001,8,time150,2200,0.720703125,0.3191015625000016
102001,8,time150,2400,0.7216796875,0.319023437500002
102001,8,time150,2600,0.779296875,0.2761523437500016
102001,8,time150,2800,0.7734375,0.2694726562500015
102001,8,time150,3000,0.8037109375,0.2429101562500014
102001,8,time150,3200,0.7890625,0.2504296875000015
102001,8,time150,3400,0.791015625,0.2548242187500015
102001,8,time150,3600,0.7822265625,0.2669921875000017
102001,8,time150,3800,0.8349609375,0.2165039062500012
102001,8,time150,4000,0.814453125,0.2417578125000015
102001,8,time150,4200,0.78125,0.2641015625000014
102001,8,time150,4400,0.794921875,0.2523437500000013
102001,8,time150,4600,0.8095703125,0.2288476562500012
102001,8,time150,4800,0.8271484375,0.2298828125000014
102001,8,time150,5000,0.8134765625,0.2381250000000014
102001,8,time150,5200,0.798828125,0.2438671875000015
102001,8,time150,5400,0.806640625,0.2466601562500015
102001,8,time150,5600,0.80859375,0.2354296875000015
102001,8,time150,5800,0.7900390625,0.2565039062500015
102001,8,time150,6000,0.8466796875,0.2054687500000012
102001,8,time150,6200,0.814453125,0.2410351562500016
102001,8,time150,6400,0.8095703125,0.2440429687500013
102001,8,time150,6600,0.7978515625,0.2474609375000013
102001,8,time150,6800,0.8408203125,0.2219140625000016
102001,8,time150,7000,0.80078125,0.2494921875000017
102001,8,time150,7200,0.802734375,0.2385351562500013
102001,8,time150,7400,0.8310546875,0.2243750000000016
102001,8,time150,7600,0.80859375,0.2401953125000015
102001,8,time150,7800,0.8603515625,0.2002343750000016
102001,8,time150,8000,0.8173828125,0.2320507812500015
102001,8,time150,8200,0.8203125,0.2360156250000013
102001,8,time150,8400,0.83203125,0.2243164062500015
102001,8,time150,8600,0.8212890625,0.2375585937500015
102001,8,time150,8800,0.8134765625,0.2327148437500015
102001,8,time150,9000,0.841796875,0.2175976562500014
102001,8,time150,9200,0.84765625,0.2183984375000013
102001,8,time150,9400,0.8134765625,0.2358007812500015
102001,8,time150,9600,0.8427734375,0.2181640625000015
102001,8,time150,9800,0.8466796875,0.2167187500000016
102001,8,time150,10000,0.8671875,0.1968554687500014
102001,8,time150,10200,0.8046875,0.2381835937500017
102001,8,time150,10400,0.8271484375,0.2265820312500016
102001,8,time150,10600,0.8212890625,0.2358007812500014
102001,8,time150,10800,0.8212890625,0.2292968750000014
102001,8,time150,11000,0.830078125,0.2274804687500013
102001,8,time150,11200,0.8623046875,0.2042187500000014
102001,8,time150,11400,0.8330078125,0.2175195312500013
102001,8,time150,11600,0.8115234375,0.2335546875000016
102001,8,time150,11800,0.8564453125,0.2074023437500016
102001,8,time150,12000,0.845703125,0.2064843750000012
102001,8,time150,12200,0.8203125,0.2244140625000013
102001,8,time150,12400,0.7705078125,0.2774804687500016
102001,8,time150,12600,0.810546875,0.2455078125000015
102001,8,time150,12800,0.845703125,0.2144531250000014
102001,8,time150,13000,0.8349609375,0.2166601562500012
102001,8,time150,13200,0.8359375,0.2118164062500012
102001,8,time150,13400,0.85546875,0.1999609375000012
102001,8,time150,13600,0.8251953125,0.2157812500000012
102001,8,time150,13800,0.837890625,0.2202734375000016
102001,8,time150,14000,0.857421875,0.2024804687500014
102001,8,time150,14200,0.818359375,0.2343359375000017
102001,8,time150,14400,0.837890625,0.2170312500000014
102001,8,time150,14600,0.837890625,0.2063867187500014
102001,8,time150,14800,0.8388671875,0.2193554687500015
102001,8,time150,15000,0.833984375,0.2271875000000014
102001,8,time150,15200,0.845703125,0.2074218750000016
102001,8,time150,15400,0.833984375,0.2248632812500016
102001,8,time150,15600,0.8466796875,0.2006250000000013
102001,8,time150,15800,0.8310546875,0.2239257812500013
102001,8,time150,16000,0.8525390625,0.2084570312500012
102001,8,time150,16200,0.849609375,0.2167578125000015
102001,8,time150,16400,0.8212890625,0.2311718750000013
102001,8,time150,16600,0.86328125,0.1954882812500014
102001,8,time150,16800,0.8232421875,0.2369726562500016
102001,8,time150,17000,0.8388671875,0.2151562500000015
102001,8,time150,17200,0.859375,0.2073046875000013
102001,8,time150,17400,0.83984375,0.2164843750000017
102001,8,time150,17600,0.8203125,0.2314453125000016
102001,8,time150,17800,0.7958984375,0.2674218750000014
102001,8,time150,18000,0.8310546875,0.2259960937500013
102001,8,time150,18200,0.828125,0.2225390625000014
102001,8,time150,18400,0.8349609375,0.2193554687500015
102001,8,time150,18600,0.8193359375,0.2297656250000016
102001,8,time150,18800,0.8603515625,0.2015625000000014
102001,8,time150,19000,0.841796875,0.2117382812500014
102001,8,time150,19200,0.7939453125,0.2523437500000015
102001,8,time150,19400,0.8251953125,0.2375000000000016
102001,8,time150,19600,0.8154296875,0.2457617187500013
102001,8,time150,19800,0.82421875,0.2341406250000015
102001,8,time150,20000,0.8662109375,0.2004492187500014
102001,7,time750,0,0.265625,1.0
102001,7,time750,200,0.478515625,0.5361132812500009
102001,7,time750,400,0.580078125,0.4491406250000014
102001,7,time750,600,0.8330078125,0.2133398437500015
102001,7,time750,800,0.94921875,0.1106054687500008
102001,7,time750,1000,0.96875,0.1020898437500007
102001,7,time750,1200,0.9775390625,0.0958984375000007
102001,7,time750,1400,0.982421875,0.0911328125000006
102001,7,time750,1600,0.9814453125,0.0951953125000004
102001,7,time750,1800,0.98828125,0.0916992187500005
102001,7,time750,2000,0.9814453125,0.0910156250000006
102001,7,time750,2200,0.994140625,0.0835156250000004
102001,7,time750,2400,0.9873046875,0.0904296875000005
102001,7,time750,2600,0.994140625,0.0853125000000005
102001,7,time750,2800,0.9931640625,0.0824023437500004
102001,7,time750,3000,0.9912109375,0.0841210937500004
102001,7,time750,3200,0.9921875,0.0861914062500004
102001,7,time750,3400,0.990234375,0.0884179687500006
102001,7,time750,3600,0.998046875,0.0829296875000004
102001,7,time750,3800,0.9921875,0.0881054687500005
102001,7,time750,4000,0.994140625,0.0830859375000004
102001,7,time750,4200,0.9970703125,0.0845117187500006
102001,7,time750,4400,0.9990234375,0.0852148437500006
102001,7,time750,4600,0.9970703125,0.0832031250000004
102001,7,time750,4800,0.99609375,0.0823828125000004
102001,7,time750,5000,0.998046875,0.0836914062500006
102001,7,time750,5200,0.99609375,0.0854492187500004
102001,7,time750,5400,0.9970703125,0.0821679687500004
102001,7,time750,5600,0.998046875,0.0843750000000006
102001,7,time750,5800,0.9951171875,0.0814453125000003
102001,7,time750,6000,0.998046875,0.0851367187500006
102001,7,time750,6200,0.99609375,0.0872851562500005
102001,7,time750,6400,0.994140625,0.0871289062500006
102001,7,time750,6600,0.9990234375,0.0839062500000005
102001,7,time750,6800,0.9990234375,0.0846679687500003
102001,7,time750,7000,0.9951171875,0.0826953125000005
102001,7,time750,7200,0.9990234375,0.0823437500000005
102001,7,time750,7400,0.9990234375,0.0869921875000005
102001,7,time750,7600,0.998046875,0.0855664062500004
102001,7,time750,7800,0.9970703125,0.0825976562500003
102001,7,time750,8000,0.9990234375,0.0833007812500003
102001,7,time750,8200,0.9990234375,0.0809960937500004
102001,7,time750,8400,0.9970703125,0.0818554687500004
102001,7,time750,8600,0.998046875,0.0862695312500006
102001,7,time750,8800,1.0,0.0808789062500004
102001,7,time750,9000,0.9951171875,0.0848242187500004
102001,7,time750,9200,0.9990234375,0.0809179687500004
102001,7,time750,9400,0.99609375,0.0832031250000004
102001,7,time750,9600,0.9970703125,0.0833203125000004
102001,7,time750,9800,0.998046875,0.0808007812500003
102001,7,time750,10000,0.998046875,0.0835742187500004
102001,7,time750,10200,0.99609375,0.0845703125000004
102001,7,time750,10400,0.9970703125,0.0824609375000004
102001,7,time750,10600,0.9990234375,0.0861718750000005
102001,7,time750,10800,0.99609375,0.0820117187500003
102001,7,time750,11000,0.9990234375,0.0836328125000005
102001,7,time750,11200,0.9990234375,0.0853515625000005
102001,7,time750,11400,0.9970703125,0.0806640625000004
102001,7,time750,11600,0.9931640625,0.0844726562500005
102001,7,time750,11800,0.998046875,0.0826953125000004
102001,7,time750,12000,0.998046875,0.0826953125000005
102001,7,time750,12200,0.9990234375,0.0857617187500005
102001,7,time750,12400,0.9970703125,0.0867382812500005
102001,7,time750,12600,0.9951171875,0.0860351562500005
102001,7,time750,12800,0.998046875,0.0835546875000004
102001,7,time750,13000,0.99609375,0.0844140625000005
102001,7,time750,13200,0.9970703125,0.0823242187500004
102001,7,time750,13400,0.99609375,0.0876757812500005
102001,7,time750,13600,0.998046875,0.0846484375000004
102001,7,time750,13800,0.9970703125,0.0826757812500005
102001,7,time750,14000,0.99609375,0.0867578125000006
102001,7,time750,14200,0.9970703125,0.0837109375000005
102001,7,time750,14400,0.9970703125,0.0812890625000004
102001,7,time750,14600,0.9990234375,0.0860742187500006
102001,7,time750,14800,0.9951171875,0.0842578125000004
102001,7,time750,15000,0.9931640625,0.0844531250000005
102001,7,time750,15200,0.9970703125,0.0826953125000005
102001,7,time750,15400,0.9970703125,0.0813867187500004
102001,7,time750,15600,0.9970703125,0.0849804687500005
102001,7,time750,15800,0.9990234375,0.0842382812500005
102001,7,time750,16000,0.998046875,0.0865429687500006
102001,7,time750,16200,0.9990234375,0.0816601562500004
102001,7,time750,16400,1.0,0.0827734375000005
102001,7,time750,16600,0.9970703125,0.0779882812500004
102001,7,time750,16800,0.9970703125,0.0838085937500005
102001,7,time750,17000,0.998046875,0.0824414062500004
102001,7,time750,17200,0.998046875,0.0860351562500006
102001,7,time750,17400,0.998046875,0.0828320312500005
102001,7,time750,17600,0.9970703125,0.0828320312500004
102001,7,time750,17800,0.998046875,0.0845507812500006
102001,7,time750,18000,0.9990234375,0.0841992187500006
102001,7,time750,18200,0.9990234375,0.0834765625000004
102001,7,time750,18400,0.9970703125,0.0871484375000004
102001,7,time750,18600,0.9990234375,0.0869921875000005
102001,7,time750,18800,0.9990234375,0.0842773437500004
102001,7,time750,19000,0.9931640625,0.0868945312500006
102001,7,time750,19200,0.9951171875,0.0840039062500005
102001,7,time750,19400,0.99609375,0.0848046875000004
102001,7,time750,19600,1.0,0.0891015625000005
102001,7,time750,19800,0.994140625,0.0814257812500005
102001,7,time750,20000,0.998046875,0.0827734375000005
102001,8,time750,0,0.265625,1.0
102001,8,time750,200,0.2392578125,0.7731835937499985
102001,8,time750,400,0.19140625,0.8204687499999985
102001,8,time750,600,0.212890625,0.7999999999999979
102001,8,time750,800,0.3095703125,0.7152929687499978
102001,8,time750,1000,0.4658203125,0.5661328125000002
102001,8,time750,1200,0.6103515625,0.4321484375000017
102001,8,time750,1400,0.7724609375,0.2917187500000018
102001,8,time750,1600,0.8212890625,0.2296875000000014
102001,8,time750,1800,0.8896484375,0.1807421875000012
102001,8,time750,2000,0.9033203125,0.1638281250000011
102001,8,time750,2200,0.9287109375,0.1467968750000012
102001,8,time750,2400,0.919921875,0.164140625000001
102001,8,time750,2600,0.9111328125,0.1572265625000011
102001,8,time750,2800,0.9443359375,0.1306835937500009
102001,8,time750,3000,0.939453125,0.138554687500001
102001,8,time750,3200,0.9228515625,0.1524804687500007
102001,8,time750,3400,0.9189453125,0.1511328125000011
102001,8,time750,3600,0.931640625,0.149648437500001
102001,8,time750,3800,0.9443359375,0.1368554687500009
102001,8,time750,4000,0.9453125,0.1386132812500009
102001,8,time750,4200,0.921875,0.1566210937500013
102001,8,time750,4400,0.9521484375,0.1280468750000011
102001,8,time750,4600,0.935546875,0.1326367187500009
102001,8,time750,4800,0.9326171875,0.136425781250001
102001,8,time750,5000,0.9345703125,0.1405664062500008
102001,8,time750,5200,0.9375,0.132402343750001
102001,8,time750,5400,0.94140625,0.1332226562500011
102001,8,time750,5600,0.947265625,0.1281835937500008
102001,8,time750,5800,0.943359375,0.1336328125000012
102001,8,time750,6000,0.9560546875,0.1255078125000008
102001,8,time750,6200,0.931640625,0.150488281250001
102001,8,time750,6400,0.9306640625,0.1402734375000009
102001,8,time750,6600,0.962890625,0.1243554687500008
102001,8,time750,6800,0.9580078125,0.1315625000000008
102001,8,time750,7000,0.947265625,0.131835937500001
102001,8,time750,7200,0.9541015625,0.1256445312500009
102001,8,time750,7400,0.9482421875,0.1219140625000007
102001,8,time750,7600,0.95703125,0.1191406250000008
102001,8,time750,7800,0.9560546875,0.1246679687500008
102001,8,time750,8000,0.9521484375,0.126933593750001
102001,8,time750,8200,0.9658203125,0.1160351562500009
102001,8,time750,8400,0.9541015625,0.1224804687500008
102001,8,time750,8600,0.955078125,0.1221093750000009
102001,8,time750,8800,0.9609375,0.1082812500000008
102001,8,time750,9000,0.9541015625,0.1274218750000008
102001,8,time750,9200,0.9443359375,0.1253710937500009
102001,8,time750,9400,0.947265625,0.136523437500001
102001,8,time750,9600,0.9501953125,0.1290429687500008
102001,8,time750,9800,0.9658203125,0.1146484375000009
102001,8,time750,10000,0.962890625,0.1162695312500007
102001,8,time750,10200,0.958984375,0.1193554687500009
102001,8,time750,10400,0.955078125,0.124042968750001
102001,8,time750,10600,0.9541015625,0.1294531250000011
102001,8,time750,10800,0.96875,0.1056640625000008
102001,8,time750,11000,0.95703125,0.116386718750001
102001,8,time750,11200,0.95703125,0.119218750000001
102001,8,time750,11400,0.947265625,0.125585937500001
102001,8,time750,11600,0.9453125,0.1247851562500009
102001,8,time750,11800,0.9638671875,0.1213476562500008
102001,8,time750,12000,0.955078125,0.1232617187500008
102001,8,time750,12200,0.9365234375,0.131035156250001
102001,8,time750,12400,0.955078125,0.1233398437500009
102001,8,time750,12600,0.9638671875,0.1144140625000008
102001,8,time750,12800,0.9609375,0.1082226562500007
102001,8,time750,13000,0.95703125,0.121562500000001
102001,8,time750,13200,0.9462890625,0.1250585937500008
102001,8,time750,13400,0.9560546875,0.1241210937500008
102001,8,time750,13600,0.953125,0.122929687500001
102001,8,time750,13800,0.951171875,0.1205859375000008
102001,8,time750,14000,0.943359375,0.1319531250000012
102001,8,time750,14200,0.9638671875,0.118437500000001
102001,8,time750,14400,0.9453125,0.130097656250001
102001,8,time750,14600,0.95703125,0.126601562500001
102001,8,time750,14800,0.95703125,0.1152539062500008
102001,8,time750,15000,0.9560546875,0.1166796875000009
102001,8,time750,15200,0.966796875,0.1087695312500009
102001,8,time750,15400,0.96484375,0.1055078125000007
102001,8,time750,15600,0.95703125,0.124375000000001
102001,8,time750,15800,0.9619140625,0.1132617187500007
102001,8,time750,16000,0.958984375,0.1143359375000007
102001,8,time750,16200,0.9599609375,0.1213281250000008
102001,8,time750,16400,0.9580078125,0.121074218750001
102001,8,time750,16600,0.962890625,0.1143359375000009
102001,8,time750,16800,0.9599609375,0.1166601562500007
102001,8,time750,17000,0.953125,0.1218554687500009
102001,8,time750,17200,0.953125,0.1243945312500009
102001,8,time750,17400,0.95703125,0.1183203125000008
102001,8,time750,17600,0.9716796875,0.1049218750000007
102001,8,time750,17800,0.966796875,0.1103710937500008
102001,8,time750,18000,0.96875,0.1153906250000009
102001,8,time750,18200,0.9599609375,0.1150976562500009
102001,8,time750,18400,0.9462890625,0.1255468750000009
102001,8,time750,18600,0.9560546875,0.1222851562500009
102001,8,time750,18800,0.953125,0.1269921875000009
102001,8,time750,19000,0.953125,0.1246679687500008
102001,8,time750,19200,0.947265625,0.1295507812500009
102001,8,time750,19400,0.958984375,0.1151953125000007
102001,8,time750,19600,0.96484375,0.1146484375000008
102001,8,time750,19800,0.9599609375,0.1171679687500008
102001,8,time750,20000,0.9541015625,0.1203710937500009
102002,7,continuous,0,0.2548828125,1.0
102002,7,continuous,200,0.4111328125,0.5931054687499994
102002,7,continuous,400,0.552734375,0.4731445312500014
102002,7,continuous,600,0.7646484375,0.2746289062500018
102002,7,continuous,800,0.9365234375,0.1300585937500012
102002,7,continuous,1000,0.98046875,0.0945312500000005
102002,7,continuous,1200,0.986328125,0.0868554687500006
102002,7,continuous,1400,0.998046875,0.0834375000000005
102002,7,continuous,1600,0.9970703125,0.0858203125000005
102002,7,continuous,1800,0.9990234375,0.0845312500000006
102002,7,continuous,2000,0.9990234375,0.0807226562500003
102002,7,continuous,2200,0.998046875,0.0843164062500006
102002,7,continuous,2400,0.99609375,0.0808593750000005
102002,7,continuous,2600,0.9970703125,0.0885742187500005
102002,7,continuous,2800,0.9990234375,0.0793359375000003
102002,7,continuous,3000,0.9990234375,0.0818945312500003
102002,7,continuous,3200,0.9970703125,0.0795117187500003
102002,7,continuous,3400,0.9990234375,0.0817187500000004
102002,7,continuous,3600,0.9990234375,0.0837500000000005
102002,7,continuous,3800,0.9970703125,0.0829492187500004
102002,7,continuous,4000,1.0,0.0804882812500003
102002,7,continuous,4200,1.0,0.0835156250000004
102002,7,continuous,4400,0.998046875,0.0823828125000004
102002,7,continuous,4600,1.0,0.0853125000000005
102002,7,continuous,4800,0.998046875,0.0821289062500004
102002,7,continuous,5000,1.0,0.0833007812500004
102002,7,continuous,5200,1.0,0.0840039062500004
102002,7,continuous,5400,1.0,0.0862695312500005
102002,7,continuous,5600,1.0,0.0839453125000004
102002,7,continuous,5800,0.998046875,0.0854296875000005
102002,7,continuous,6000,0.9990234375,0.0850976562500004
102002,7,continuous,6200,0.9990234375,0.0821289062500004
102002,7,continuous,6400,1.0,0.0765429687500003
102002,7,continuous,6600,1.0,0.0838671875000004
102002,7,continuous,6800,0.9990234375,0.0819335937500004
102002,7,continuous,7000,0.998046875,0.0854492187500004
102002,7,continuous,7200,0.9990234375,0.0833203125000004
102002,7,continuous,7400,0.9990234375,0.0822851562500004
102002,7,continuous,7600,0.9990234375,0.0839062500000004
102002,7,continuous,7800,0.9990234375,0.0852929687500005
102002,7,continuous,8000,1.0,0.0857226562500006
102002,7,continuous,8200,0.9990234375,0.0873437500000005
102002,7,continuous,8400,1.0,0.0855468750000006
102002,7,continuous,8600,1.0,0.0841601562500005
102002,7,continuous,8800,0.9990234375,0.0821289062500004
102002,7,continuous,9000,1.0,0.0821679687500004
102002,7,continuous,9200,0.9990234375,0.0847460937500005
102002,7,continuous,9400,0.998046875,0.0824218750000004
102002,7,continuous,9600,0.9990234375,0.0817968750000005
102002,7,continuous,9800,1.0,0.0825585937500005
102002,7,continuous,10000,0.9990234375,0.0835937500000005
102002,7,continuous,10200,0.9990234375,0.0851562500000004
102002,7,continuous,10400,1.0,0.0861132812500005
102002,7,continuous,10600,0.998046875,0.0873046875000005
102002,7,continuous,10800,0.9990234375,0.0858007812500005
102002,7,continuous,11000,1.0,0.0817382812500004
102002,7,continuous,11200,1.0,0.0822070312500004
102002,7,continuous,11400,0.9990234375,0.0857421875000004
102002,7,continuous,11600,1.0,0.0859179687500006
102002,7,continuous,11800,0.9990234375,0.0814648437500005
102002,7,continuous,12000,0.9990234375,0.0851953125000005
102002,7,continuous,12200,0.998046875,0.0807617187500004
102002,7,continuous,12400,1.0,0.0825000000000004
102002,7,continuous,12600,0.9990234375,0.0806250000000004
102002,7,continuous,12800,1.0,0.0835546875000005
102002,7,continuous,13000,0.9990234375,0.0815429687500004
102002,7,continuous,13200,0.998046875,0.0817968750000004
102002,7,continuous,13400,0.9990234375,0.0844140625000005
102002,7,continuous,13600,0.9990234375,0.0835937500000004
102002,7,continuous,13800,1.0,0.0852539062500006
102002,7,continuous,14000,1.0,0.0877148437500006
102002,7,continuous,14200,0.9990234375,0.0808593750000004
102002,7,continuous,14400,1.0,0.0846093750000004
102002,7,continuous,14600,0.998046875,0.0840039062500006
102002,7,continuous,14800,0.9990234375,0.0831445312500005
102002,7,continuous,15000,1.0,0.0848828125000004
102002,7,continuous,15200,0.9990234375,0.0841796875000005
102002,7,continuous,15400,0.9990234375,0.0833203125000005
102002,7,continuous,15600,0.9990234375,0.0842187500000005
102002,7,continuous,15800,1.0,0.0807031250000003
102002,7,continuous,16000,0.9990234375,0.0851757812500006
102002,7,continuous,16200,0.9990234375,0.0837890625000005
102002,7,continuous,16400,1.0,0.0857812500000006
102002,7,continuous,16600,1.0,0.0852539062500006
102002,7,continuous,16800,1.0,0.0822070312500005
102002,7,continuous,17000,1.0,0.0829882812500004
102002,7,continuous,17200,0.9990234375,0.0831640625000005
102002,7,continuous,17400,1.0,0.0851757812500005
102002,7,continuous,17600,0.9990234375,0.0811328125000005
102002,7,continuous,17800,1.0,0.0807812500000004
102002,7,continuous,18000,0.9990234375,0.0833984375000003
102002,7,continuous,18200,0.9970703125,0.0858203125000004
102002,7,continuous,18400,1.0,0.0819335937500004
102002,7,continuous,18600,0.998046875,0.0844140625000005
102002,7,continuous,18800,1.0,0.0810351562500005
102002,7,continuous,19000,1.0,0.0819921875000005
102002,7,continuous,19200,1.0,0.0849218750000004
102002,7,continuous,19400,0.9990234375,0.0781445312500003
102002,7,continuous,19600,1.0,0.0834179687500005
102002,7,continuous,19800,0.9990234375,0.0816210937500003
102002,7,continuous,20000,0.9990234375,0.0790039062500004
102002,8,continuous,0,0.2548828125,1.0
102002,8,continuous,200,0.2119140625,0.8050195312499993
102002,8,continuous,400,0.1669921875,0.843593749999999
102002,8,continuous,600,0.1640625,0.8473632812499992
102002,8,continuous,800,0.1611328125,0.8546679687499992
102002,8,continuous,1000,0.2490234375,0.7708789062499986
102002,8,continuous,1200,0.37109375,0.670292968749998
102002,8,continuous,1400,0.5341796875,0.5278710937499999
102002,8,continuous,1600,0.7822265625,0.2952734375000018
102002,8,continuous,1800,0.892578125,0.2069531250000016
102002,8,continuous,2000,0.953125,0.148164062500001
102002,8,continuous,2200,0.96875,0.1467968750000011
102002,8,continuous,2400,0.9775390625,0.1269335937500009
102002,8,continuous,2600,0.9921875,0.1189062500000009
102002,8,continuous,2800,0.9775390625,0.1346093750000011
102002,8,continuous,3000,0.98828125,0.122832031250001
102002,8,continuous,3200,0.9833984375,0.1372656250000012
102002,8,continuous,3400,0.994140625,0.1250195312500009
102002,8,continuous,3600,0.9970703125,0.1177929687500008
102002,8,continuous,3800,0.9951171875,0.1252343750000008
102002,8,continuous,4000,0.9970703125,0.1246875000000009
102002,8,continuous,4200,0.986328125,0.127421875000001
102002,8,continuous,4400,0.9951171875,0.134218750000001
102002,8,continuous,4600,0.9990234375,0.1324218750000011
102002,8,continuous,4800,0.994140625,0.1245703125000009
102002,8,continuous,5000,0.99609375,0.1255273437500009
102002,8,continuous,5200,0.994140625,0.1242382812500008
102002,8,continuous,5400,0.9970703125,0.132988281250001
102002,8,continuous,5600,0.9931640625,0.133398437500001
102002,8,continuous,5800,0.998046875,0.1283789062500009
102002,8,continuous,6000,0.99609375,0.1239843750000007
102002,8,continuous,6200,0.9990234375,0.1287304687500009
102002,8,continuous,6400,0.9951171875,0.131640625000001
102002,8,continuous,6600,0.9970703125,0.1214257812500008
102002,8,continuous,6800,0.9990234375,0.1257617187500008
102002,8,continuous,7000,1.0,0.1207421875000008
102002,8,continuous,7200,1.0,0.1318945312500008
102002,8,continuous,7400,0.9990234375,0.1272265625000006
102002,8,continuous,7600,0.998046875,0.1423828125000011
102002,8,continuous,7800,0.9970703125,0.1334960937500011
102002,8,continuous,8000,1.0,0.1281250000000009
102002,8,continuous,8200,0.9990234375,0.1416601562500011
102002,8,continuous,8400,0.998046875,0.132519531250001
102002,8,continuous,8600,1.0,0.130273437500001
102002,8,continuous,8800,0.9970703125,0.1414843750000012
102002,8,continuous,9000,0.9970703125,0.1328320312500009
102002,8,continuous,9200,0.9970703125,0.1331054687500009
102002,8,continuous,9400,0.998046875,0.1330859375000009
102002,8,continuous,9600,0.998046875,0.1321289062500011
102002,8,continuous,9800,0.99609375,0.1302734375000008
102002,8,continuous,10000,0.9990234375,0.1309960937500009
102002,8,continuous,10200,0.998046875,0.137148437500001
102002,8,continuous,10400,0.99609375,0.1345117187500009
102002,8,continuous,10600,0.9990234375,0.1303125000000008
102002,8,continuous,10800,0.9990234375,0.137089843750001
102002,8,continuous,11000,0.9990234375,0.133847656250001
102002,8,continuous,11200,0.99609375,0.1278125000000008
102002,8,continuous,11400,0.9990234375,0.137597656250001
102002,8,continuous,11600,0.998046875,0.1345703125000008
102002,8,continuous,11800,1.0,0.135957031250001
102002,8,continuous,12000,1.0,0.1352539062500009
102002,8,continuous,12200,0.998046875,0.1407617187500011
102002,8,continuous,12400,0.9970703125,0.132128906250001
102002,8,continuous,12600,0.9990234375,0.138183593750001
102002,8,continuous,12800,0.998046875,0.1333789062500008
102002,8,continuous,13000,0.9990234375,0.1372265625000011
102002,8,continuous,13200,0.9990234375,0.1358593750000011
102002,8,continuous,13400,0.998046875,0.1408984375000012
102002,8,continuous,13600,1.0,0.1425781250000014
102002,8,continuous,13800,1.0,0.1364062500000011
102002,8,continuous,14000,0.998046875,0.1356835937500009
102002,8,continuous,14200,0.9990234375,0.136875000000001
102002,8,continuous,14400,0.998046875,0.1419921875000011
102002,8,continuous,14600,0.9990234375,0.1305078125000007
102002,8,continuous,14800,1.0,0.1343554687500009
102002,8,continuous,15000,0.998046875,0.134824218750001
102002,8,continuous,15200,1.0,0.1361328125000009
102002,8,continuous,15400,0.998046875,0.1388281250000011
102002,8,continuous,15600,0.998046875,0.141855468750001
102002,8,continuous,15800,0.998046875,0.1380664062500009
102002,8,continuous,16000,0.998046875,0.1297656250000007
102002,8,continuous,16200,1.0,0.1355468750000009
102002,8,continuous,16400,1.0,0.134882812500001
102002,8,continuous,16600,1.0,0.1441796875000011
102002,8,continuous,16800,1.0,0.141347656250001
102002,8,continuous,17000,0.998046875,0.1321289062500007
102002,8,continuous,17200,0.9970703125,0.1399609375000011
102002,8,continuous,17400,0.9990234375,0.141171875000001
102002,8,continuous,17600,0.9990234375,0.137167968750001
102002,8,continuous,17800,0.9990234375,0.134960937500001
102002,8,continuous,18000,0.998046875,0.132285156250001
102002,8,continuous,18200,0.998046875,0.1384179687500011
102002,8,continuous,18400,1.0,0.1447070312500012
102002,8,continuous,18600,1.0,0.1417773437500009
102002,8,continuous,18800,1.0,0.1338867187500008
102002,8,continuous,19000,1.0,0.1394140625000012
102002,8,continuous,19200,0.9990234375,0.143378906250001
102002,8,continuous,19400,0.9970703125,0.1363281250000009
102002,8,continuous,19600,0.9990234375,0.1358398437500011
102002,8,continuous,19800,1.0,0.1431054687500009
102002,8,continuous,20000,1.0,0.1377343750000008
102002,7,count1024,0,0.2548828125,1.0
102002,7,count1024,200,0.3837890625,0.6347070312499992
102002,7,count1024,400,0.341796875,0.6762499999999991
102002,7,count1024,600,0.42578125,0.5937695312500002
102002,7,count1024,800,0.5224609375,0.5024023437500013
102002,7,count1024,1000,0.595703125,0.4336328125000014
102002,7,count1024,1200,0.609375,0.4219726562500018
102002,7,count1024,1400,0.6630859375,0.3617382812500018
102002,7,count1024,1600,0.66015625,0.3638281250000017
102002,7,count1024,1800,0.7265625,0.3068554687500015
102002,7,count1024,2000,0.7451171875,0.3009179687500014
102002,7,count1024,2200,0.6875,0.3467773437500013
102002,7,count1024,2400,0.7578125,0.2731250000000015
102002,7,count1024,2600,0.77734375,0.2585937500000014
102002,7,count1024,2800,0.7822265625,0.2588867187500014
102002,7,count1024,3000,0.7333984375,0.2999023437500015
102002,7,count1024,3200,0.7392578125,0.2929296875000017
102002,7,count1024,3400,0.7666015625,0.2602539062500013
102002,7,count1024,3600,0.7451171875,0.2983007812500018
102002,7,count1024,3800,0.740234375,0.2934179687500013
102002,7,count1024,4000,0.779296875,0.2685156250000016
102002,7,count1024,4200,0.732421875,0.3080664062500017
102002,7,count1024,4400,0.8115234375,0.2275390625000016
102002,7,count1024,4600,0.7958984375,0.2368750000000013
102002,7,count1024,4800,0.7890625,0.2548632812500012
102002,7,count1024,5000,0.755859375,0.2774804687500013
102002,7,count1024,5200,0.8359375,0.2126562500000013
102002,7,count1024,5400,0.81640625,0.2268359375000014
102002,7,count1024,5600,0.828125,0.2133007812500012
102002,7,count1024,5800,0.826171875,0.2203710937500014
102002,7,count1024,6000,0.80078125,0.2424414062500014
102002,7,count1024,6200,0.798828125,0.2425195312500015
102002,7,count1024,6400,0.814453125,0.2238867187500014
102002,7,count1024,6600,0.7734375,0.2646679687500015
102002,7,count1024,6800,0.7861328125,0.2562109375000014
102002,7,count1024,7000,0.8056640625,0.2424414062500015
102002,7,count1024,7200,0.8125,0.2302343750000012
102002,7,count1024,7400,0.8232421875,0.2208203125000013
102002,7,count1024,7600,0.8154296875,0.2246875000000015
102002,7,count1024,7800,0.814453125,0.2315039062500014
102002,7,count1024,8000,0.837890625,0.2033007812500012
102002,7,count1024,8200,0.826171875,0.2072851562500012
102002,7,count1024,8400,0.8134765625,0.2275781250000014
102002,7,count1024,8600,0.8193359375,0.2196484375000015
102002,7,count1024,8800,0.7919921875,0.2493164062500017
102002,7,count1024,9000,0.8046875,0.2314843750000013
102002,7,count1024,9200,0.810546875,0.2211914062500015
102002,7,count1024,9400,0.78125,0.2449609375000014
102002,7,count1024,9600,0.8037109375,0.2352929687500015
102002,7,count1024,9800,0.802734375,0.2477929687500015
102002,7,count1024,10000,0.8349609375,0.2104882812500014
102002,7,count1024,10200,0.83984375,0.1983203125000013
102002,7,count1024,10400,0.837890625,0.2100585937500014
102002,7,count1024,10600,0.8408203125,0.2027539062500014
102002,7,count1024,10800,0.83984375,0.2042578125000013
102002,7,count1024,11000,0.8310546875,0.2103710937500016
102002,7,count1024,11200,0.7978515625,0.2413085937500015
102002,7,count1024,11400,0.841796875,0.1985937500000016
102002,7,count1024,11600,0.8154296875,0.2331054687500016
102002,7,count1024,11800,0.802734375,0.2405859375000015
102002,7,count1024,12000,0.8388671875,0.2099414062500015
102002,7,count1024,12200,0.8447265625,0.2011328125000015
102002,7,count1024,12400,0.8349609375,0.2071484375000015
102002,7,count1024,12600,0.8671875,0.1811328125000012
102002,7,count1024,12800,0.8232421875,0.2169531250000013
102002,7,count1024,13000,0.8447265625,0.2001367187500011
102002,7,count1024,13200,0.828125,0.2215625000000016
102002,7,count1024,13400,0.8349609375,0.2024609375000011
102002,7,count1024,13600,0.8310546875,0.2193164062500014
102002,7,count1024,13800,0.8388671875,0.2093164062500013
102002,7,count1024,14000,0.8310546875,0.2120117187500013
102002,7,count1024,14200,0.845703125,0.2015820312500014
102002,7,count1024,14400,0.8056640625,0.2388281250000013
102002,7,count1024,14600,0.8291015625,0.2072460937500013
102002,7,count1024,14800,0.826171875,0.2128125000000014
102002,7,count1024,15000,0.8232421875,0.2180078125000014
102002,7,count1024,15200,0.8125,0.2384375000000015
102002,7,count1024,15400,0.8017578125,0.2354882812500014
102002,7,count1024,15600,0.826171875,0.2223437500000017
102002,7,count1024,15800,0.8720703125,0.1769531250000011
102002,7,count1024,16000,0.83984375,0.2112695312500014
102002,7,count1024,16200,0.853515625,0.1867382812500013
102002,7,count1024,16400,0.80078125,0.2369531250000012
102002,7,count1024,16600,0.82421875,0.2189257812500013
102002,7,count1024,16800,0.8173828125,0.2300976562500012
102002,7,count1024,17000,0.83984375,0.2088671875000014
102002,7,count1024,17200,0.8369140625,0.2125585937500013
102002,7,count1024,17400,0.8095703125,0.2268750000000014
102002,7,count1024,17600,0.8115234375,0.2247460937500014
102002,7,count1024,17800,0.8251953125,0.2092968750000014
102002,7,count1024,18000,0.826171875,0.2077539062500015
102002,7,count1024,18200,0.83203125,0.2192382812500014
102002,7,count1024,18400,0.8173828125,0.2265234375000015
102002,7,count1024,18600,0.8212890625,0.2249218750000014
102002,7,count1024,18800,0.8193359375,0.2282812500000014
102002,7,count1024,19000,0.849609375,0.1937890625000014
102002,7,count1024,19200,0.8388671875,0.2031445312500014
102002,7,count1024,19400,0.8642578125,0.1738867187500012
102002,7,count1024,19600,0.86328125,0.1800000000000013
102002,7,count1024,19800,0.83984375,0.2077343750000015
102002,7,count1024,20000,0.8466796875,0.1987109375000014
102002,8,count1024,0,0.2548828125,1.0
102002,8,count1024,200,0.2119140625,0.8050195312499993
102002,8,count1024,400,0.1669921875,0.843593749999999
102002,8,count1024,600,0.1640625,0.8473632812499992
102002,8,count1024,800,0.1611328125,0.8546679687499992
102002,8,count1024,1000,0.2880859375,0.7320312499999979
102002,8,count1024,1200,0.2568359375,0.7607031249999974
102002,8,count1024,1400,0.419921875,0.6038867187499986
102002,8,count1024,1600,0.5703125,0.4702734375000015
102002,8,count1024,1800,0.71875,0.3373046875000018
102002,8,count1024,2000,0.775390625,0.2920312500000016
102002,8,count1024,2200,0.8525390625,0.2266210937500013
102002,8,count1024,2400,0.828125,0.2357226562500011
102002,8,count1024,2600,0.8935546875,0.1845703125000014
102002,8,count1024,2800,0.8740234375,0.1935156250000015
102002,8,count1024,3000,0.91015625,0.1777929687500011
102002,8,count1024,3200,0.900390625,0.1720507812500011
102002,8,count1024,3400,0.90625,0.1717382812500012
102002,8,count1024,3600,0.9013671875,0.1761328125000013
102002,8,count1024,3800,0.900390625,0.1814062500000013
102002,8,count1024,4000,0.8759765625,0.2001171875000014
102002,8,count1024,4200,0.90234375,0.1796093750000012
102002,8,count1024,4400,0.892578125,0.1819335937500013
102002,8,count1024,4600,0.896484375,0.1818945312500013
102002,8,count1024,4800,0.900390625,0.1793945312500013
102002,8,count1024,5000,0.904296875,0.1752539062500011
102002,8,count1024,5200,0.8974609375,0.1828125000000012
102002,8,count1024,5400,0.927734375,0.1516210937500011
102002,8,count1024,5600,0.923828125,0.1795898437500012
102002,8,count1024,5800,0.919921875,0.1693359375000013
102002,8,count1024,6000,0.9287109375,0.1558203125000011
102002,8,count1024,6200,0.9052734375,0.1755859375000013
102002,8,count1024,6400,0.919921875,0.165332031250001
102002,8,count1024,6600,0.9140625,0.1593945312500011
102002,8,count1024,6800,0.9228515625,0.1600585937500011
102002,8,count1024,7000,0.9462890625,0.1412890625000011
102002,8,count1024,7200,0.9248046875,0.1634765625000011
102002,8,count1024,7400,0.9345703125,0.1522851562500011
102002,8,count1024,7600,0.935546875,0.1508203125000011
102002,8,count1024,7800,0.931640625,0.156386718750001
102002,8,count1024,8000,0.9140625,0.1741992187500012
102002,8,count1024,8200,0.9111328125,0.1740039062500011
102002,8,count1024,8400,0.8935546875,0.1813867187500014
102002,8,count1024,8600,0.9140625,0.1634570312500011
102002,8,count1024,8800,0.8974609375,0.1800976562500013
102002,8,count1024,9000,0.9072265625,0.1779296875000013
102002,8,count1024,9200,0.9326171875,0.1506835937500012
102002,8,count1024,9400,0.919921875,0.156289062500001
102002,8,count1024,9600,0.93359375,0.1520507812500011
102002,8,count1024,9800,0.9404296875,0.152402343750001
102002,8,count1024,10000,0.9189453125,0.1653320312500013
102002,8,count1024,10200,0.9248046875,0.1573828125000013
102002,8,count1024,10400,0.9287109375,0.1587304687500011
102002,8,count1024,10600,0.935546875,0.1511718750000009
102002,8,count1024,10800,0.9345703125,0.1575195312500011
102002,8,count1024,11000,0.9384765625,0.146660156250001
102002,8,count1024,11200,0.9443359375,0.1499414062500012
102002,8,count1024,11400,0.943359375,0.1484765625000011
102002,8,count1024,11600,0.9345703125,0.1529882812500012
102002,8,count1024,11800,0.9267578125,0.1599804687500011
102002,8,count1024,12000,0.9384765625,0.143632812500001
102002,8,count1024,12200,0.93359375,0.1513867187500012
102002,8,count1024,12400,0.9287109375,0.1602929687500013
102002,8,count1024,12600,0.9248046875,0.1673632812500013
102002,8,count1024,12800,0.9189453125,0.1631835937500011
102002,8,count1024,13000,0.919921875,0.1676953125000013
102002,8,count1024,13200,0.91015625,0.173515625000001
102002,8,count1024,13400,0.9052734375,0.1759375000000012
102002,8,count1024,13600,0.931640625,0.1560351562500011
102002,8,count1024,13800,0.927734375,0.1589453125000011
102002,8,count1024,14000,0.9111328125,0.172812500000001
102002,8,count1024,14200,0.91796875,0.1787500000000011
102002,8,count1024,14400,0.93359375,0.150312500000001
102002,8,count1024,14600,0.92578125,0.1479101562500013
102002,8,count1024,14800,0.9033203125,0.1692578125000013
102002,8,count1024,15000,0.9306640625,0.1550000000000012
102002,8,count1024,15200,0.923828125,0.1568554687500012
102002,8,count1024,15400,0.91796875,0.1666015625000013
102002,8,count1024,15600,0.9150390625,0.1771679687500014
102002,8,count1024,15800,0.9443359375,0.1406054687500009
102002,8,count1024,16000,0.9111328125,0.160390625000001
102002,8,count1024,16200,0.908203125,0.1701562500000014
102002,8,count1024,16400,0.9267578125,0.1564257812500011
102002,8,count1024,16600,0.927734375,0.159453125000001
102002,8,count1024,16800,0.9375,0.1526171875000011
102002,8,count1024,17000,0.9228515625,0.1641796875000012
102002,8,count1024,17200,0.927734375,0.1533007812500011
102002,8,count1024,17400,0.939453125,0.1494140625000011
102002,8,count1024,17600,0.939453125,0.142812500000001
102002,8,count1024,17800,0.9169921875,0.1655273437500011
102002,8,count1024,18000,0.9150390625,0.1663476562500012
102002,8,count1024,18200,0.9189453125,0.154667968750001
102002,8,count1024,18400,0.9111328125,0.1776562500000014
102002,8,count1024,18600,0.9287109375,0.1493945312500011
102002,8,count1024,18800,0.908203125,0.1652539062500013
102002,8,count1024,19000,0.9267578125,0.1626171875000012
102002,8,count1024,19200,0.927734375,0.1585351562500012
102002,8,count1024,19400,0.9423828125,0.1440234375000011
102002,8,count1024,19600,0.935546875,0.1533789062500013
102002,8,count1024,19800,0.9130859375,0.1642968750000013
102002,8,count1024,20000,0.9443359375,0.148066406250001
102002,7,time150,0,0.2548828125,1.0
102002,7,time150,200,0.3857421875,0.630703124999999
102002,7,time150,400,0.4013671875,0.6169140625000002
102002,7,time150,600,0.4814453125,0.5372656250000007
102002,7,time150,800,0.482421875,0.5392578125000007
102002,7,time150,1000,0.6123046875,0.4188085937500013
102002,7,time150,1200,0.7080078125,0.3189453125000016
102002,7,time150,1400,0.720703125,0.3102539062500013
102002,7,time150,1600,0.7138671875,0.3293554687500016
102002,7,time150,1800,0.720703125,0.3135546875000015
102002,7,time150,2000,0.7216796875,0.3132226562500014
102002,7,time150,2200,0.75390625,0.2885156250000013
102002,7,time150,2400,0.767578125,0.2831054687500015
102002,7,time150,2600,0.7880859375,0.2571093750000011
102002,7,time150,2800,0.779296875,0.2629296875000013
102002,7,time150,3000,0.771484375,0.2615820312500014
102002,7,time150,3200,0.818359375,0.2262304687500015
102002,7,time150,3400,0.8046875,0.2365039062500013
102002,7,time150,3600,0.7958984375,0.2397265625000013
102002,7,time150,3800,0.810546875,0.2309375000000015
102002,7,time150,4000,0.8076171875,0.2357812500000015
102002,7,time150,4200,0.814453125,0.2210546875000014
102002,7,time150,4400,0.8232421875,0.2302929687500016
102002,7,time150,4600,0.822265625,0.2182226562500014
102002,7,time150,4800,0.8271484375,0.2188085937500015
102002,7,time150,5000,0.818359375,0.2161132812500015
102002,7,time150,5200,0.841796875,0.2075585937500015
102002,7,time150,5400,0.7900390625,0.2469335937500017
102002,7,time150,5600,0.833984375,0.2115820312500014
102002,7,time150,5800,0.810546875,0.2335546875000016
102002,7,time150,6000,0.8173828125,0.2255273437500015
102002,7,time150,6200,0.7890625,0.2479296875000015
102002,7,time150,6400,0.8076171875,0.2371484375000016
102002,7,time150,6600,0.8125,0.2322265625000016
102002,7,time150,6800,0.818359375,0.2262695312500014
102002,7,time150,7000,0.8271484375,0.2217187500000015
102002,7,time150,7200,0.8193359375,0.2168750000000015
102002,7,time150,7400,0.83203125,0.2073828125000012
102002,7,time150,7600,0.8203125,0.2193359375000014
102002,7,time150,7800,0.8154296875,0.2349023437500012
102002,7,time150,8000,0.818359375,0.2270898437500014
102002,7,time150,8200,0.8271484375,0.2127929687500013
102002,7,time150,8400,0.8212890625,0.2229687500000012
102002,7,time150,8600,0.8251953125,0.2213671875000013
102002,7,time150,8800,0.8115234375,0.2392968750000014
102002,7,time150,9000,0.818359375,0.2179882812500013
102002,7,time150,9200,0.76171875,0.2769140625000015
102002,7,time150,9400,0.7939453125,0.2511523437500016
102002,7,time150,9600,0.8310546875,0.2149218750000012
102002,7,time150,9800,0.802734375,0.2346484375000014
102002,7,time150,10000,0.8095703125,0.2296484375000014
102002,7,time150,10200,0.8369140625,0.2142773437500014
102002,7,time150,10400,0.833984375,0.2059570312500015
102002,7,time150,10600,0.8388671875,0.2150585937500015
102002,7,time150,10800,0.83984375,0.2011132812500015
102002,7,time150,11000,0.8291015625,0.2222070312500015
102002,7,time150,11200,0.8115234375,0.2298828125000015
102002,7,time150,11400,0.791015625,0.2576367187500017
102002,7,time150,11600,0.8291015625,0.2116796875000015
102002,7,time150,11800,0.8134765625,0.2275781250000017
102002,7,time150,12000,0.79296875,0.2507617187500015
102002,7,time150,12200,0.810546875,0.2148242187500014
102002,7,time150,12400,0.8232421875,0.2156835937500015
102002,7,time150,12600,0.783203125,0.2535156250000017
102002,7,time150,12800,0.7919921875,0.2482812500000015
102002,7,time150,13000,0.814453125,0.2208203125000014
102002,7,time150,13200,0.7998046875,0.2417773437500013
102002,7,time150,13400,0.8408203125,0.2013867187500016
102002,7,time150,13600,0.857421875,0.1893945312500015
102002,7,time150,13800,0.8486328125,0.1989843750000013
102002,7,time150,14000,0.83984375,0.2045898437500013
102002,7,time150,14200,0.8466796875,0.2029687500000012
102002,7,time150,14400,0.8466796875,0.2057031250000014
102002,7,time150,14600,0.8046875,0.2412109375000015
102002,7,time150,14800,0.8564453125,0.1891210937500013
102002,7,time150,15000,0.8369140625,0.2081250000000014
102002,7,time150,15200,0.8310546875,0.2080859375000014
102002,7,time150,15400,0.830078125,0.2157617187500011
102002,7,time150,15600,0.8544921875,0.1939257812500013
102002,7,time150,15800,0.857421875,0.1864648437500013
102002,7,time150,16000,0.84375,0.2011132812500014
102002,7,time150,16200,0.833984375,0.2233789062500015
102002,7,time150,16400,0.8310546875,0.2165234375000015
102002,7,time150,16600,0.8271484375,0.2164648437500015
102002,7,time150,16800,0.8212890625,0.2230078125000016
102002,7,time150,17000,0.828125,0.2157617187500015
102002,7,time150,17200,0.8251953125,0.2142382812500014
102002,7,time150,17400,0.822265625,0.2106054687500013
102002,7,time150,17600,0.84765625,0.1918164062500014
102002,7,time150,17800,0.8359375,0.2006640625000014
102002,7,time150,18000,0.841796875,0.1966406250000015
102002,7,time150,18200,0.8544921875,0.1918750000000011
102002,7,time150,18400,0.8427734375,0.1978710937500014
102002,7,time150,18600,0.8447265625,0.1954492187500013
102002,7,time150,18800,0.8671875,0.1781054687500011
102002,7,time150,19000,0.859375,0.1911328125000014
102002,7,time150,19200,0.865234375,0.1882031250000012
102002,7,time150,19400,0.8466796875,0.1926562500000013
102002,7,time150,19600,0.8466796875,0.2032812500000013
102002,7,time150,19800,0.884765625,0.1675195312500011
102002,7,time150,20000,0.857421875,0.1904687500000014
102002,8,time150,0,0.2548828125,1.0
102002,8,time150,200,0.21484375,0.7975585937499993
102002,8,time150,400,0.1689453125,0.8389648437499989
102002,8,time150,600,0.1298828125,0.8772851562499993
102002,8,time150,800,0.111328125,0.8933593749999994
102002,8,time150,1000,0.1318359375,0.8762499999999994
102002,8,time150,1200,0.1181640625,0.8890820312499991
102002,8,time150,1400,0.115234375,0.8923632812499994
102002,8,time150,1600,0.1318359375,0.8760546874999989
102002,8,time150,1800,0.150390625,0.855078124999999
102002,8,time150,2000,0.2353515625,0.7755664062499987
102002,8,time150,2200,0.220703125,0.7828710937499989
102002,8,time150,2400,0.32421875,0.6911914062499988
102002,8,time150,2600,0.423828125,0.5935546874999995
102002,8,time150,2800,0.4423828125,0.5819531249999991
102002,8,time150,3000,0.44921875,0.5761328124999988
102002,8,time150,3200,0.5068359375,0.5130664062500011
102002,8,time150,3400,0.5439453125,0.4667578125000016
102002,8,time150,3600,0.6123046875,0.4282812500000017
102002,8,time150,3800,0.6376953125,0.3916210937500013
102002,8,time150,4000,0.611328125,0.4156250000000016
102002,8,time150,4200,0.6298828125,0.4001562500000019
102002,8,time150,4400,0.669921875,0.3649609375000018
102002,8,time150,4600,0.658203125,0.3718164062500014
102002,8,time150,4800,0.693359375,0.3371093750000013
102002,8,time150,5000,0.6884765625,0.3383984375000017
102002,8,time150,5200,0.6962890625,0.3393359375000018
102002,8,time150,5400,0.67578125,0.3604492187500016
102002,8,time150,5600,0.67578125,0.3557226562500016
102002,8,time150,5800,0.64453125,0.3786523437500019
102002,8,time150,6000,0.6357421875,0.3795117187500015
102002,8,time150,6200,0.6435546875,0.3762500000000016
102002,8,time150,6400,0.6806640625,0.3445117187500015
102002,8,time150,6600,0.6435546875,0.3839453125000015
102002,8,time150,6800,0.6982421875,0.3319726562500016
102002,8,time150,7000,0.6533203125,0.3694140625000016
102002,8,time150,7200,0.669921875,0.3659765625000017
102002,8,time150,7400,0.6298828125,0.4059765625000014
102002,8,time150,7600,0.65234375,0.3724023437500017
102002,8,time150,7800,0.701171875,0.3343554687500014
102002,8,time150,8000,0.646484375,0.3874414062500017
102002,8,time150,8200,0.685546875,0.3495898437500015
102002,8,time150,8400,0.712890625,0.3247460937500014
102002,8,time150,8600,0.7060546875,0.3240039062500015
102002,8,time150,8800,0.6630859375,0.3645703125000013
102002,8,time150,9000,0.6513671875,0.3850195312500016
102002,8,time150,9200,0.681640625,0.3490039062500016
102002,8,time150,9400,0.6865234375,0.3461523437500015
102002,8,time150,9600,0.6689453125,0.3668750000000016
102002,8,time150,9800,0.716796875,0.3112890625000014
102002,8,time150,10000,0.685546875,0.3405468750000016
102002,8,time150,10200,0.6611328125,0.3705078125000015
102002,8,time150,10400,0.587890625,0.4304101562500016
102002,8,time150,10600,0.6669921875,0.3686523437500018
102002,8,time150,10800,0.65625,0.3736914062500016
102002,8,time150,11000,0.6083984375,0.4155664062500016
102002,8,time150,11200,0.6728515625,0.3500000000000014
102002,8,time150,11400,0.6455078125,0.3775781250000016
102002,8,time150,11600,0.6865234375,0.3554101562500013
102002,8,time150,11800,0.69921875,0.3364843750000016
102002,8,time150,12000,0.6689453125,0.3553906250000015
102002,8,time150,12200,0.685546875,0.3452539062500015
102002,8,time150,12400,0.6572265625,0.3707031250000015
102002,8,time150,12600,0.666015625,0.3576367187500015
102002,8,time150,12800,0.6943359375,0.3325781250000014
102002,8,time150,13000,0.6767578125,0.3588085937500017
102002,8,time150,13200,0.7158203125,0.3244335937500016
102002,8,time150,13400,0.701171875,0.3278906250000016
102002,8,time150,13600,0.64453125,0.3755078125000015
102002,8,time150,13800,0.6923828125,0.3399609375000016
102002,8,time150,14000,0.6259765625,0.4103320312500016
102002,8,time150,14200,0.6552734375,0.3776562500000016
102002,8,time150,14400,0.6123046875,0.4148242187500014
102002,8,time150,14600,0.6845703125,0.3486132812500016
102002,8,time150,14800,0.658203125,0.3714257812500016
102002,8,time150,15000,0.6474609375,0.3824023437500017
102002,8,time150,15200,0.71484375,0.3187890625000014
102002,8,time150,15400,0.6484375,0.3843359375000017
102002,8,time150,15600,0.669921875,0.3628125000000015
102002,8,time150,15800,0.701171875,0.3379101562500017
102002,8,time150,16000,0.6240234375,0.4045703125000015
102002,8,time150,16200,0.65234375,0.3802148437500017
102002,8,time150,16400,0.6943359375,0.3385546875000018
102002,8,time150,16600,0.716796875,0.3158593750000012
102002,8,time150,16800,0.73046875,0.3039062500000014
102002,8,time150,17000,0.6591796875,0.3827734375000017
102002,8,time150,17200,0.634765625,0.3956054687500018
102002,8,time150,17400,0.6826171875,0.3468945312500014
102002,8,time150,17600,0.6337890625,0.3984570312500015
102002,8,time150,17800,0.6904296875,0.3382812500000013
102002,8,time150,18000,0.626953125,0.3967382812500014
102002,8,time150,18200,0.6171875,0.4028320312500013
102002,8,time150,18400,0.6865234375,0.3464257812500014
102002,8,time150,18600,0.6640625,0.3571484375000013
102002,8,time150,18800,0.705078125,0.3254101562500016
102002,8,time150,19000,0.611328125,0.4206250000000014
102002,8,time150,19200,0.6650390625,0.3706054687500014
102002,8,time150,19400,0.6845703125,0.3464843750000014
102002,8,time150,19600,0.6640625,0.3738085937500014
102002,8,time150,19800,0.65234375,0.3751367187500014
102002,8,time150,20000,0.6455078125,0.3848242187500014
102002,7,time750,0,0.2548828125,1.0
102002,7,time750,200,0.4111328125,0.5931054687499994
102002,7,time750,400,0.552734375,0.4731445312500014
102002,7,time750,600,0.7646484375,0.2746289062500018
102002,7,time750,800,0.9248046875,0.1361718750000012
102002,7,time750,1000,0.9697265625,0.1021484375000007
102002,7,time750,1200,0.9736328125,0.0980078125000006
102002,7,time750,1400,0.9853515625,0.0925195312500005
102002,7,time750,1600,0.98046875,0.0966210937500007
102002,7,time750,1800,0.990234375,0.0840234375000004
102002,7,time750,2000,0.9931640625,0.0834179687500004
102002,7,time750,2200,0.9951171875,0.0892382812500005
102002,7,time750,2400,0.9951171875,0.0823242187500004
102002,7,time750,2600,0.9921875,0.0833007812500004
102002,7,time750,2800,0.990234375,0.0863085937500005
102002,7,time750,3000,0.9931640625,0.0876171875000004
102002,7,time750,3200,0.9951171875,0.0802539062500003
102002,7,time750,3400,0.9970703125,0.0819531250000004
102002,7,time750,3600,0.9912109375,0.0792773437500003
102002,7,time750,3800,0.99609375,0.0830078125000004
102002,7,time750,4000,0.99609375,0.0831640625000005
102002,7,time750,4200,0.998046875,0.0859179687500003
102002,7,time750,4400,0.994140625,0.0868750000000005
102002,7,time750,4600,0.99609375,0.0816796875000004
102002,7,time750,4800,0.9970703125,0.0819140625000004
102002,7,time750,5000,0.998046875,0.0848632812500005
102002,7,time750,5200,0.99609375,0.0831835937500005
102002,7,time750,5400,0.998046875,0.0824414062500003
102002,7,time750,5600,0.9970703125,0.0805859375000003
102002,7,time750,5800,0.9951171875,0.0807031250000003
102002,7,time750,6000,0.9990234375,0.0844726562500005
102002,7,time750,6200,0.9990234375,0.0825000000000005
102002,7,time750,6400,0.99609375,0.0824218750000005
102002,7,time750,6600,0.9990234375,0.0879687500000006
102002,7,time750,6800,0.9951171875,0.0843750000000004
102002,7,time750,7000,0.9951171875,0.0860156250000006
102002,7,time750,7200,0.9951171875,0.0850000000000004
102002,7,time750,7400,0.998046875,0.0837109375000005
102002,7,time750,7600,0.9990234375,0.0892382812500005
102002,7,time750,7800,0.998046875,0.0845312500000005
102002,7,time750,8000,0.99609375,0.0820898437500004
102002,7,time750,8200,0.9990234375,0.0849023437500004
102002,7,time750,8400,0.9990234375,0.0819140625000005
102002,7,time750,8600,1.0,0.0845312500000005
102002,7,time750,8800,0.994140625,0.0840625000000005
102002,7,time750,9000,0.998046875,0.0846289062500005
102002,7,time750,9200,0.998046875,0.0839843750000005
102002,7,time750,9400,0.998046875,0.0814062500000004
102002,7,time750,9600,1.0,0.0846289062500004
102002,7,time750,9800,0.99609375,0.0845507812500006
102002,7,time750,10000,0.9970703125,0.0837304687500004
102002,7,time750,10200,0.998046875,0.0842773437500005
102002,7,time750,10400,0.9990234375,0.0828125000000002
102002,7,time750,10600,0.998046875,0.0845703125000004
102002,7,time750,10800,0.9970703125,0.0834179687500005
102002,7,time750,11000,1.0,0.0809765625000003
102002,7,time750,11200,1.0,0.0828515625000004
102002,7,time750,11400,0.9990234375,0.0873828125000005
102002,7,time750,11600,0.998046875,0.0798046875000005
102002,7,time750,11800,0.998046875,0.0836328125000005
102002,7,time750,12000,0.9951171875,0.0875195312500006
102002,7,time750,12200,0.9990234375,0.0834765625000005
102002,7,time750,12400,0.9990234375,0.0838867187500004
102002,7,time750,12600,0.9970703125,0.0849414062500006
102002,7,time750,12800,0.9970703125,0.0855078125000005
102002,7,time750,13000,0.9970703125,0.0859375000000006
102002,7,time750,13200,0.9970703125,0.0838867187500005
102002,7,time750,13400,0.99609375,0.0834960937500004
102002,7,time750,13600,0.9990234375,0.0871875000000005
102002,7,time750,13800,1.0,0.0806445312500004
102002,7,time750,14000,1.0,0.0820703125000004
102002,7,time750,14200,0.99609375,0.0850976562500005
102002,7,time750,14400,0.9990234375,0.0845117187500004
102002,7,time750,14600,0.9970703125,0.0823437500000005
102002,7,time750,14800,0.99609375,0.0825195312500005
102002,7,time750,15000,1.0,0.0816210937500004
102002,7,time750,15200,0.9970703125,0.0846679687500005
102002,7,time750,15400,0.9990234375,0.0830078125000005
102002,7,time750,15600,0.99609375,0.0864843750000005
102002,7,time750,15800,0.9990234375,0.0871875000000005
102002,7,time750,16000,0.9990234375,0.0855273437500004
102002,7,time750,16200,0.9970703125,0.0842968750000005
102002,7,time750,16400,0.9990234375,0.0854492187500005
102002,7,time750,16600,0.9951171875,0.0891210937500006
102002,7,time750,16800,1.0,0.0864257812500005
102002,7,time750,17000,1.0,0.0856250000000005
102002,7,time750,17200,0.998046875,0.0856054687500005
102002,7,time750,17400,0.9970703125,0.0856445312500005
102002,7,time750,17600,0.998046875,0.0841406250000005
102002,7,time750,17800,0.998046875,0.0822460937500004
102002,7,time750,18000,0.9990234375,0.0832226562500004
102002,7,time750,18200,1.0,0.0824414062500004
102002,7,time750,18400,0.9990234375,0.0842187500000004
102002,7,time750,18600,0.9970703125,0.0860546875000006
102002,7,time750,18800,0.99609375,0.0867187500000004
102002,7,time750,19000,1.0,0.0817578125000004
102002,7,time750,19200,1.0,0.0855273437500005
102002,7,time750,19400,1.0,0.0835937500000005
102002,7,time750,19600,1.0,0.0855664062500004
102002,7,time750,19800,0.9970703125,0.0810742187500004
102002,7,time750,20000,1.0,0.0852343750000005
102002,8,time750,0,0.2548828125,1.0
102002,8,time750,200,0.2119140625,0.8050195312499993
102002,8,time750,400,0.1669921875,0.843593749999999
102002,8,time750,600,0.1640625,0.8473632812499992
102002,8,time750,800,0.1630859375,0.8491015624999991
102002,8,time750,1000,0.24609375,0.7716796874999988
102002,8,time750,1200,0.314453125,0.7116406249999985
102002,8,time750,1400,0.4345703125,0.601972656249999
102002,8,time750,1600,0.578125,0.4649609375000017
102002,8,time750,1800,0.6611328125,0.4067187500000016
102002,8,time750,2000,0.74609375,0.3128125000000019
102002,8,time750,2200,0.7890625,0.2769335937500017
102002,8,time750,2400,0.8173828125,0.2446875000000016
102002,8,time750,2600,0.8544921875,0.2246093750000016
102002,8,time750,2800,0.85546875,0.2244140625000014
102002,8,time750,3000,0.8681640625,0.2012695312500014
102002,8,time750,3200,0.8759765625,0.2051367187500013
102002,8,time750,3400,0.8974609375,0.1938281250000016
102002,8,time750,3600,0.912109375,0.1758984375000014
102002,8,time750,3800,0.9072265625,0.1753320312500015
102002,8,time750,4000,0.890625,0.1944140625000017
102002,8,time750,4200,0.9296875,0.1628515625000012
102002,8,time750,4400,0.904296875,0.1772460937500015
102002,8,time750,4600,0.908203125,0.1818164062500014
102002,8,time750,4800,0.92578125,0.1691992187500013
102002,8,time750,5000,0.91015625,0.1713476562500013
102002,8,time750,5200,0.9111328125,0.1799609375000015
102002,8,time750,5400,0.91796875,0.1767382812500014
102002,8,time750,5600,0.9296875,0.163046875000001
102002,8,time750,5800,0.9326171875,0.1556640625000011
102002,8,time750,6000,0.9404296875,0.1447851562500011
102002,8,time750,6200,0.9208984375,0.1675781250000013
102002,8,time750,6400,0.9326171875,0.1499218750000011
102002,8,time750,6600,0.9267578125,0.1557421875000013
102002,8,time750,6800,0.931640625,0.1608593750000011
102002,8,time750,7000,0.92578125,0.1668359375000012
102002,8,time750,7200,0.931640625,0.1524609375000012
102002,8,time750,7400,0.927734375,0.1621093750000014
102002,8,time750,7600,0.9013671875,0.1804296875000012
102002,8,time750,7800,0.9189453125,0.1668750000000013
102002,8,time750,8000,0.923828125,0.1696093750000013
102002,8,time750,8200,0.9130859375,0.1754882812500014
102002,8,time750,8400,0.9150390625,0.1741210937500012
102002,8,time750,8600,0.9326171875,0.1597070312500012
102002,8,time750,8800,0.939453125,0.1583593750000013
102002,8,time750,9000,0.9326171875,0.1629687500000012
102002,8,time750,9200,0.935546875,0.144824218750001
102002,8,time750,9400,0.9169921875,0.1692773437500013
102002,8,time750,9600,0.9404296875,0.152089843750001
102002,8,time750,9800,0.9306640625,0.1576562500000013
102002,8,time750,10000,0.9306640625,0.1533203125000009
102002,8,time750,10200,0.9248046875,0.1595117187500015
102002,8,time750,10400,0.931640625,0.1595312500000013
102002,8,time750,10600,0.9453125,0.1512109375000012
102002,8,time750,10800,0.95703125,0.1403710937500011
102002,8,time750,11000,0.9306640625,0.1590429687500012
102002,8,time750,11200,0.95703125,0.139003906250001
102002,8,time750,11400,0.9560546875,0.145332031250001
102002,8,time750,11600,0.939453125,0.1496093750000012
102002,8,time750,11800,0.9384765625,0.150878906250001
102002,8,time750,12000,0.927734375,0.157148437500001
102002,8,time750,12200,0.931640625,0.1657812500000011
102002,8,time750,12400,0.9248046875,0.1560937500000009
102002,8,time750,12600,0.939453125,0.1462890625000008
102002,8,time750,12800,0.9189453125,0.158691406250001
102002,8,time750,13000,0.9267578125,0.1618945312500013
102002,8,time750,13200,0.927734375,0.1557421875000011
102002,8,time750,13400,0.921875,0.1669921875000011
102002,8,time750,13600,0.9296875,0.1646484375000012
102002,8,time750,13800,0.9150390625,0.1725000000000011
102002,8,time750,14000,0.919921875,0.164023437500001
102002,8,time750,14200,0.939453125,0.154375000000001
102002,8,time750,14400,0.9423828125,0.1464257812500009
102002,8,time750,14600,0.9345703125,0.1561328125000013
102002,8,time750,14800,0.9404296875,0.1539453125000011
102002,8,time750,15000,0.921875,0.1627929687500011
102002,8,time750,15200,0.9267578125,0.1635546875000014
102002,8,time750,15400,0.9375,0.1538867187500012
102002,8,time750,15600,0.9453125,0.147460937500001
102002,8,time750,15800,0.953125,0.1412109375000012
102002,8,time750,16000,0.9375,0.152187500000001
102002,8,time750,16200,0.9267578125,0.1589648437500011
102002,8,time750,16400,0.9345703125,0.1629101562500014
102002,8,time750,16600,0.9306640625,0.1619335937500011
102002,8,time750,16800,0.9326171875,0.1550585937500013
102002,8,time750,17000,0.9365234375,0.1534179687500011
102002,8,time750,17200,0.935546875,0.1659179687500013
102002,8,time750,17400,0.9287109375,0.1557031250000014
102002,8,time750,17600,0.9306640625,0.1573632812500011
102002,8,time750,17800,0.9384765625,0.1500976562500009
102002,8,time750,18000,0.947265625,0.144335937500001
102002,8,time750,18200,0.947265625,0.1492773437500012
102002,8,time750,18400,0.9462890625,0.148183593750001
102002,8,time750,18600,0.9306640625,0.1612304687500013
102002,8,time750,18800,0.9453125,0.1481445312500011
102002,8,time750,19000,0.9365234375,0.1581054687500012
102002,8,time750,19200,0.935546875,0.1527734375000011
102002,8,time750,19400,0.9404296875,0.1505078125000011
102002,8,time750,19600,0.9228515625,0.1611523437500014
102002,8,time750,19800,0.9384765625,0.152773437500001
102002,8,time750,20000,0.9482421875,0.1546679687500013
102003,7,continuous,0,0.2607421875,1.0
102003,7,continuous,200,0.4267578125,0.5757421874999995
102003,7,continuous,400,0.58984375,0.4280859375000016
102003,7,continuous,600,0.8046875,0.2458984375000016
102003,7,continuous,800,0.9365234375,0.1309960937500012
102003,7,continuous,1000,0.986328125,0.0922460937500004
102003,7,continuous,1200,0.9931640625,0.0852343750000005
102003,7,continuous,1400,0.994140625,0.0889843750000005
102003,7,continuous,1600,0.994140625,0.0824218750000004
102003,7,continuous,1800,0.9970703125,0.0814062500000005
102003,7,continuous,2000,0.9990234375,0.0837695312500005
102003,7,continuous,2200,0.9990234375,0.0820898437500005
102003,7,continuous,2400,0.9990234375,0.0804101562500004
102003,7,continuous,2600,0.9990234375,0.0856835937500005
102003,7,continuous,2800,0.998046875,0.0827929687500004
102003,7,continuous,3000,0.998046875,0.0831250000000005
102003,7,continuous,3200,1.0,0.0818554687500005
102003,7,continuous,3400,0.9990234375,0.0790625000000002
102003,7,continuous,3600,0.998046875,0.0826757812500004
102003,7,continuous,3800,0.998046875,0.0795898437500004
102003,7,continuous,4000,1.0,0.0836718750000005
102003,7,continuous,4200,1.0,0.0841015625000004
102003,7,continuous,4400,0.998046875,0.0869726562500006
102003,7,continuous,4600,1.0,0.0877343750000006
102003,7,continuous,4800,0.9990234375,0.0858007812500005
102003,7,continuous,5000,0.9990234375,0.0840234375000004
102003,7,continuous,5200,0.994140625,0.0866992187500005
102003,7,continuous,5400,0.9990234375,0.0850585937500005
102003,7,continuous,5600,1.0,0.0824609375000004
102003,7,continuous,5800,0.998046875,0.0796679687500004
102003,7,continuous,6000,1.0,0.0826367187500005
102003,7,continuous,6200,1.0,0.0826171875000003
102003,7,continuous,6400,0.998046875,0.0870507812500004
102003,7,continuous,6600,0.9990234375,0.0846484375000005
102003,7,continuous,6800,0.9990234375,0.0843554687500005
102003,7,continuous,7000,0.998046875,0.0845898437500005
102003,7,continuous,7200,1.0,0.0834375000000005
102003,7,continuous,7400,0.9990234375,0.0824023437500005
102003,7,continuous,7600,1.0,0.0823046875000004
102003,7,continuous,7800,0.9970703125,0.0828710937500004
102003,7,continuous,8000,1.0,0.0860937500000004
102003,7,continuous,8200,1.0,0.0813671875000004
102003,7,continuous,8400,0.9970703125,0.0837109375000005
102003,7,continuous,8600,1.0,0.0837109375000005
102003,7,continuous,8800,1.0,0.0840625000000004
102003,7,continuous,9000,0.9990234375,0.0810156250000005
102003,7,continuous,9200,1.0,0.0848828125000004
102003,7,continuous,9400,0.9990234375,0.0813085937500004
102003,7,continuous,9600,1.0,0.0806445312500003
102003,7,continuous,9800,1.0,0.0858789062500004
102003,7,continuous,10000,1.0,0.0827929687500005
102003,7,continuous,10200,0.9990234375,0.0825390625000004
102003,7,continuous,10400,0.9990234375,0.0817382812500004
102003,7,continuous,10600,1.0,0.0872656250000005
102003,7,continuous,10800,0.9990234375,0.0837304687500005
102003,7,continuous,11000,0.9990234375,0.0844531250000005
102003,7,continuous,11200,1.0,0.0854882812500005
102003,7,continuous,11400,0.9990234375,0.0849023437500006
102003,7,continuous,11600,1.0,0.0829882812500004
102003,7,continuous,11800,0.9990234375,0.0837500000000004
102003,7,continuous,12000,0.998046875,0.0816796875000004
102003,7,continuous,12200,0.9990234375,0.0846875000000005
102003,7,continuous,12400,0.998046875,0.0829101562500004
102003,7,continuous,12600,1.0,0.0834960937500005
102003,7,continuous,12800,0.998046875,0.0872265625000006
102003,7,continuous,13000,1.0,0.0836132812500004
102003,7,continuous,13200,0.9970703125,0.0841406250000004
102003,7,continuous,13400,1.0,0.0840625000000004
102003,7,continuous,13600,0.9990234375,0.0864062500000005
102003,7,continuous,13800,0.9990234375,0.0832421875000005
102003,7,continuous,14000,1.0,0.0884375000000007
102003,7,continuous,14200,0.9990234375,0.0794921875000004
102003,7,continuous,14400,1.0,0.0829492187500005
102003,7,continuous,14600,0.998046875,0.0824414062500004
102003,7,continuous,14800,1.0,0.0829492187500005
102003,7,continuous,15000,0.9990234375,0.0800195312500004
102003,7,continuous,15200,0.998046875,0.0831835937500005
102003,7,continuous,15400,0.998046875,0.0812695312500004
102003,7,continuous,15600,0.9990234375,0.0818554687500005
102003,7,continuous,15800,1.0,0.0842382812500005
102003,7,continuous,16000,0.9990234375,0.0809765625000004
102003,7,continuous,16200,1.0,0.0836132812500005
102003,7,continuous,16400,0.99609375,0.0855664062500006
102003,7,continuous,16600,0.9990234375,0.0872851562500006
102003,7,continuous,16800,0.998046875,0.0817968750000005
102003,7,continuous,17000,1.0,0.0823828125000004
102003,7,continuous,17200,0.9990234375,0.0858593750000006
102003,7,continuous,17400,0.9990234375,0.0867968750000005
102003,7,continuous,17600,0.998046875,0.0820507812500004
102003,7,continuous,17800,1.0,0.0835937500000005
102003,7,continuous,18000,0.9990234375,0.0857812500000004
102003,7,continuous,18200,1.0,0.0825195312500004
102003,7,continuous,18400,1.0,0.0871289062500006
102003,7,continuous,18600,1.0,0.0836328125000004
102003,7,continuous,18800,0.9970703125,0.0855273437500005
102003,7,continuous,19000,1.0,0.0851171875000004
102003,7,continuous,19200,0.9990234375,0.0845898437500004
102003,7,continuous,19400,0.998046875,0.0850976562500006
102003,7,continuous,19600,0.9990234375,0.0842968750000006
102003,7,continuous,19800,0.9990234375,0.0805859375000003
102003,7,continuous,20000,1.0,0.0860156250000006
102003,8,continuous,0,0.2607421875,1.0
102003,8,continuous,200,0.193359375,0.8143945312499997
102003,8,continuous,400,0.1748046875,0.8391796874999997
102003,8,continuous,600,0.1728515625,0.8386523437499996
102003,8,continuous,800,0.1767578125,0.8371679687499992
102003,8,continuous,1000,0.2470703125,0.772636718749999
102003,8,continuous,1200,0.3173828125,0.7123046874999988
102003,8,continuous,1400,0.568359375,0.4787304687500015
102003,8,continuous,1600,0.693359375,0.3612500000000014
102003,8,continuous,1800,0.8583984375,0.2276171875000013
102003,8,continuous,2000,0.939453125,0.1582226562500012
102003,8,continuous,2200,0.9794921875,0.1292187500000009
102003,8,continuous,2400,0.98046875,0.1256445312500007
102003,8,continuous,2600,0.9814453125,0.1232031250000009
102003,8,continuous,2800,0.9873046875,0.1246875000000006
102003,8,continuous,3000,0.98828125,0.1310742187500011
102003,8,continuous,3200,0.990234375,0.1324023437500008
102003,8,continuous,3400,0.9921875,0.1227929687500007
102003,8,continuous,3600,0.9912109375,0.1261914062500007
102003,8,continuous,3800,0.9931640625,0.136054687500001
102003,8,continuous,4000,0.9951171875,0.1349609375000009
102003,8,continuous,4200,0.99609375,0.1350781250000009
102003,8,continuous,4400,0.998046875,0.1264257812500009
102003,8,continuous,4600,0.9951171875,0.138984375000001
102003,8,continuous,4800,0.9990234375,0.1358984375000008
102003,8,continuous,5000,0.9970703125,0.1365234375000008
102003,8,continuous,5200,0.9970703125,0.1390820312500008
102003,8,continuous,5400,0.998046875,0.1209570312500008
102003,8,continuous,5600,0.9921875,0.1359375000000009
102003,8,continuous,5800,0.998046875,0.1363085937500009
102003,8,continuous,6000,0.998046875,0.138730468750001
102003,8,continuous,6200,0.9951171875,0.1344335937500009
102003,8,continuous,6400,0.99609375,0.1325000000000008
102003,8,continuous,6600,0.9990234375,0.135917968750001
102003,8,continuous,6800,0.99609375,0.1359570312500008
102003,8,continuous,7000,0.998046875,0.1410937500000011
102003,8,continuous,7200,0.9970703125,0.1434765625000009
102003,8,continuous,7400,1.0,0.138476562500001
102003,8,continuous,7600,0.994140625,0.141621093750001
102003,8,continuous,7800,0.994140625,0.1441015625000011
102003,8,continuous,8000,0.9990234375,0.138593750000001
102003,8,continuous,8200,0.99609375,0.1394140625000009
102003,8,continuous,8400,0.9990234375,0.1349414062500008
102003,8,continuous,8600,0.998046875,0.1435937500000009
102003,8,continuous,8800,0.99609375,0.1335351562500009
102003,8,continuous,9000,0.998046875,0.138144531250001
102003,8,continuous,9200,0.9990234375,0.1364843750000009
102003,8,continuous,9400,1.0,0.1360937500000009
102003,8,continuous,9600,0.998046875,0.140410156250001
102003,8,continuous,9800,1.0,0.1439648437500009
102003,8,continuous,10000,0.998046875,0.1416406250000009
102003,8,continuous,10200,0.998046875,0.145058593750001
102003,8,continuous,10400,1.0,0.136796875000001
102003,8,continuous,10600,0.9990234375,0.1456835937500011
102003,8,continuous,10800,1.0,0.1391406250000009
102003,8,continuous,11000,1.0,0.1378710937500009
102003,8,continuous,11200,0.9970703125,0.1487500000000011
102003,8,continuous,11400,0.9990234375,0.1369335937500008
102003,8,continuous,11600,0.9990234375,0.138085937500001
102003,8,continuous,11800,0.998046875,0.139550781250001
102003,8,continuous,12000,1.0,0.1276562500000009
102003,8,continuous,12200,0.998046875,0.1281250000000009
102003,8,continuous,12400,0.9970703125,0.1482226562500009
102003,8,continuous,12600,0.9970703125,0.1504882812500011
102003,8,continuous,12800,1.0,0.141269531250001
102003,8,continuous,13000,1.0,0.1401757812500008
102003,8,continuous,13200,0.9970703125,0.1471093750000011
102003,8,continuous,13400,1.0,0.1482617187500012
102003,8,continuous,13600,1.0,0.1476171875000009
102003,8,continuous,13800,0.9990234375,0.1423046875000011
102003,8,continuous,14000,0.998046875,0.1526562500000009
102003,8,continuous,14200,0.9990234375,0.1408203125000009
102003,8,continuous,14400,0.9990234375,0.1492187500000011
102003,8,continuous,14600,0.998046875,0.1459960937500011
102003,8,continuous,14800,0.9990234375,0.132871093750001
102003,8,continuous,15000,0.9951171875,0.137910156250001
102003,8,continuous,15200,0.9970703125,0.1490820312500009
102003,8,continuous,15400,0.9990234375,0.1419726562500011
102003,8,continuous,15600,1.0,0.1567968750000013
102003,8,continuous,15800,0.9990234375,0.1458789062500009
102003,8,continuous,16000,0.9990234375,0.1549804687500012
102003,8,continuous,16200,1.0,0.1596875000000012
102003,8,continuous,16400,1.0,0.1545703125000012
102003,8,continuous,16600,0.9990234375,0.1546289062500012
102003,8,continuous,16800,0.9970703125,0.1452929687500011
102003,8,continuous,17000,0.9990234375,0.141464843750001
102003,8,continuous,17200,0.998046875,0.151152343750001
102003,8,continuous,17400,0.998046875,0.1501367187500012
102003,8,continuous,17600,0.9990234375,0.1458593750000011
102003,8,continuous,17800,0.9990234375,0.1522460937500012
102003,8,continuous,18000,0.9990234375,0.1558593750000012
102003,8,continuous,18200,1.0,0.1456640625000011
102003,8,continuous,18400,0.9990234375,0.151835937500001
102003,8,continuous,18600,1.0,0.139414062500001
102003,8,continuous,18800,1.0,0.1456445312500011
102003,8,continuous,19000,1.0,0.144179687500001
102003,8,continuous,19200,0.9990234375,0.1432421875000009
102003,8,continuous,19400,0.9990234375,0.1502343750000014
102003,8,continuous,19600,0.998046875,0.1444335937500009
102003,8,continuous,19800,0.99609375,0.1397851562500011
102003,8,continuous,20000,1.0,0.1496875000000012
102003,7,count1024,0,0.2607421875,1.0
102003,7,count1024,200,0.388671875,0.613574218749999
102003,7,count1024,400,0.416015625,0.5977148437499993
102003,7,count1024,600,0.52734375,0.4923046875000016
102003,7,count1024,800,0.5712890625,0.4548828125000014
102003,7,count1024,1000,0.669921875,0.3574414062500017
102003,7,count1024,1200,0.685546875,0.3344531250000017
102003,7,count1024,1400,0.708984375,0.3205078125000014
102003,7,count1024,1600,0.740234375,0.3037500000000014
102003,7,count1024,1800,0.7255859375,0.3136914062500015
102003,7,count1024,2000,0.759765625,0.2664257812500015
102003,7,count1024,2200,0.7138671875,0.3127929687500014
102003,7,count1024,2400,0.7626953125,0.2663867187500014
102003,7,count1024,2600,0.802734375,0.2433593750000015
102003,7,count1024,2800,0.7763671875,0.2617968750000013
102003,7,count1024,3000,0.7607421875,0.2815820312500015
102003,7,count1024,3200,0.8095703125,0.2302734375000014
102003,7,count1024,3400,0.806640625,0.2328515625000013
102003,7,count1024,3600,0.8115234375,0.2318945312500015
102003,7,count1024,3800,0.857421875,0.1964062500000012
102003,7,count1024,4000,0.802734375,0.2241992187500014
102003,7,count1024,4200,0.8037109375,0.2425781250000014
102003,7,count1024,4400,0.8291015625,0.2011132812500013
102003,7,count1024,4600,0.8154296875,0.2313085937500013
102003,7,count1024,4800,0.8515625,0.1923632812500013
102003,7,count1024,5000,0.7939453125,0.2414648437500016
102003,7,count1024,5200,0.7919921875,0.2427929687500015
102003,7,count1024,5400,0.806640625,0.2318359375000013
102003,7,count1024,5600,0.830078125,0.2099218750000011
102003,7,count1024,5800,0.8291015625,0.2149804687500015
102003,7,count1024,6000,0.8369140625,0.2073828125000014
102003,7,count1024,6200,0.8154296875,0.2275195312500017
102003,7,count1024,6400,0.8359375,0.2104101562500014
102003,7,count1024,6600,0.8232421875,0.2194140625000015
102003,7,count1024,6800,0.853515625,0.1906835937500015
102003,7,count1024,7000,0.8359375,0.1979687500000014
102003,7,count1024,7200,0.859375,0.1758203125000013
102003,7,count1024,7400,0.8759765625,0.1730078125000014
102003,7,count1024,7600,0.8359375,0.2145117187500015
102003,7,count1024,7800,0.8603515625,0.1903906250000012
102003,7,count1024,8000,0.849609375,0.1921679687500011
102003,7,count1024,8200,0.8427734375,0.2063085937500012
102003,7,count1024,8400,0.84375,0.1970898437500012
102003,7,count1024,8600,0.83203125,0.2063476562500014
102003,7,count1024,8800,0.7998046875,0.2395507812500015
102003,7,count1024,9000,0.8427734375,0.2031835937500015
102003,7,count1024,9200,0.845703125,0.1948046875000014
102003,7,count1024,9400,0.828125,0.2099804687500014
102003,7,count1024,9600,0.830078125,0.2148242187500013
102003,7,count1024,9800,0.84765625,0.1981250000000013
102003,7,count1024,10000,0.83203125,0.2044921875000014
102003,7,count1024,10200,0.806640625,0.2338281250000014
102003,7,count1024,10400,0.8349609375,0.2007226562500011
102003,7,count1024,10600,0.8251953125,0.2136132812500013
102003,7,count1024,10800,0.822265625,0.2179492187500012
102003,7,count1024,11000,0.84375,0.1942578125000012
102003,7,count1024,11200,0.861328125,0.1739648437500014
102003,7,count1024,11400,0.8505859375,0.1896484375000013
102003,7,count1024,11600,0.8310546875,0.2119140625000011
102003,7,count1024,11800,0.86328125,0.1889453125000011
102003,7,count1024,12000,0.826171875,0.2151171875000014
102003,7,count1024,12200,0.8662109375,0.1828710937500013
102003,7,count1024,12400,0.859375,0.1923437500000016
102003,7,count1024,12600,0.8515625,0.1902343750000014
102003,7,count1024,12800,0.8828125,0.1733398437500012
102003,7,count1024,13000,0.8544921875,0.1976367187500014
102003,7,count1024,13200,0.865234375,0.1755078125000013
102003,7,count1024,13400,0.837890625,0.2067968750000014
102003,7,count1024,13600,0.8271484375,0.2133593750000013
102003,7,count1024,13800,0.833984375,0.2175000000000015
102003,7,count1024,14000,0.818359375,0.2295703125000013
102003,7,count1024,14200,0.8388671875,0.2120898437500015
102003,7,count1024,14400,0.8369140625,0.2065234375000012
102003,7,count1024,14600,0.8232421875,0.2081054687500012
102003,7,count1024,14800,0.8447265625,0.2100000000000013
102003,7,count1024,15000,0.841796875,0.197910156250001
102003,7,count1024,15200,0.8447265625,0.2041015625000013
102003,7,count1024,15400,0.82421875,0.2111914062500015
102003,7,count1024,15600,0.849609375,0.2037304687500014
102003,7,count1024,15800,0.8251953125,0.2168359375000015
102003,7,count1024,16000,0.8330078125,0.2026367187500014
102003,7,count1024,16200,0.8564453125,0.1825390625000013
102003,7,count1024,16400,0.861328125,0.1984960937500014
102003,7,count1024,16600,0.85546875,0.1937695312500014
102003,7,count1024,16800,0.8359375,0.2073437500000014
102003,7,count1024,17000,0.841796875,0.1956640625000013
102003,7,count1024,17200,0.81640625,0.2164257812500014
102003,7,count1024,17400,0.81640625,0.2171093750000013
102003,7,count1024,17600,0.8369140625,0.2108984375000015
102003,7,count1024,17800,0.8193359375,0.2217773437500016
102003,7,count1024,18000,0.8466796875,0.204804687500001
102003,7,count1024,18200,0.8427734375,0.2080273437500013
102003,7,count1024,18400,0.8623046875,0.1982031250000012
102003,7,count1024,18600,0.849609375,0.1972851562500015
102003,7,count1024,18800,0.8408203125,0.2093750000000014
102003,7,count1024,19000,0.8466796875,0.1981054687500015
102003,7,count1024,19200,0.8544921875,0.1886523437500012
102003,7,count1024,19400,0.8330078125,0.2118164062500013
102003,7,count1024,19600,0.8623046875,0.1836132812500013
102003,7,count1024,19800,0.8408203125,0.1921875000000013
102003,7,count1024,20000,0.853515625,0.1832226562500014
102003,8,count1024,0,0.2607421875,1.0
102003,8,count1024,200,0.193359375,0.8143945312499997
102003,8,count1024,400,0.1748046875,0.8391796874999997
102003,8,count1024,600,0.1728515625,0.8386523437499996
102003,8,count1024,800,0.17578125,0.8378906249999991
102003,8,count1024,1000,0.2529296875,0.7570898437499991
102003,8,count1024,1200,0.33984375,0.6904296874999993
102003,8,count1024,1400,0.48046875,0.5593554687499999
102003,8,count1024,1600,0.6416015625,0.3974023437500015
102003,8,count1024,1800,0.7646484375,0.3092968750000016
102003,8,count1024,2000,0.783203125,0.2764843750000016
102003,8,count1024,2200,0.84375,0.2205273437500014
102003,8,count1024,2400,0.859375,0.2006445312500015
102003,8,count1024,2600,0.8583984375,0.2038281250000014
102003,8,count1024,2800,0.912109375,0.1540429687500011
102003,8,count1024,3000,0.892578125,0.1832421875000012
102003,8,count1024,3200,0.91015625,0.1704492187500013
102003,8,count1024,3400,0.9013671875,0.164882812500001
102003,8,count1024,3600,0.8994140625,0.1715429687500011
102003,8,count1024,3800,0.91015625,0.1587890625000011
102003,8,count1024,4000,0.8896484375,0.1721093750000013
102003,8,count1024,4200,0.880859375,0.1955078125000014
102003,8,count1024,4400,0.8828125,0.1894921875000013
102003,8,count1024,4600,0.8984375,0.1731054687500012
102003,8,count1024,4800,0.916015625,0.1609765625000013
102003,8,count1024,5000,0.9267578125,0.1500781250000012
102003,8,count1024,5200,0.92578125,0.1508984375000012
102003,8,count1024,5400,0.9306640625,0.1458203125000011
102003,8,count1024,5600,0.9345703125,0.1455468750000012
102003,8,count1024,5800,0.9404296875,0.137714843750001
102003,8,count1024,6000,0.92578125,0.1512304687500012
102003,8,count1024,6200,0.908203125,0.1708593750000014
102003,8,count1024,6400,0.9189453125,0.1564648437500012
102003,8,count1024,6600,0.9072265625,0.1631445312500014
102003,8,count1024,6800,0.92578125,0.1538085937500012
102003,8,count1024,7000,0.931640625,0.148710937500001
102003,8,count1024,7200,0.9091796875,0.158300781250001
102003,8,count1024,7400,0.912109375,0.1663671875000012
102003,8,count1024,7600,0.8798828125,0.1963281250000014
102003,8,count1024,7800,0.931640625,0.1508789062500012
102003,8,count1024,8000,0.9111328125,0.1598437500000012
102003,8,count1024,8200,0.921875,0.1499804687500009
102003,8,count1024,8400,0.9287109375,0.1496289062500012
102003,8,count1024,8600,0.9248046875,0.1544531250000012
102003,8,count1024,8800,0.921875,0.1546875000000012
102003,8,count1024,9000,0.9306640625,0.1541210937500012
102003,8,count1024,9200,0.931640625,0.141738281250001
102003,8,count1024,9400,0.9365234375,0.1443164062500011
102003,8,count1024,9600,0.9404296875,0.138750000000001
102003,8,count1024,9800,0.9306640625,0.1527539062500011
102003,8,count1024,10000,0.9296875,0.1450000000000009
102003,8,count1024,10200,0.9443359375,0.1343164062500009
102003,8,count1024,10400,0.921875,0.151484375000001
102003,8,count1024,10600,0.93359375,0.1468945312500011
102003,8,count1024,10800,0.9443359375,0.1380078125000009
102003,8,count1024,11000,0.9443359375,0.1454882812500011
102003,8,count1024,11200,0.9345703125,0.1403320312500011
102003,8,count1024,11400,0.953125,0.1306054687500007
102003,8,count1024,11600,0.9501953125,0.135371093750001
102003,8,count1024,11800,0.9423828125,0.1430468750000011
102003,8,count1024,12000,0.94921875,0.1417187500000009
102003,8,count1024,12200,0.9541015625,0.1417773437500009
102003,8,count1024,12400,0.9580078125,0.1227343750000007
102003,8,count1024,12600,0.958984375,0.1269140625000009
102003,8,count1024,12800,0.9580078125,0.126425781250001
102003,8,count1024,13000,0.9345703125,0.1426562500000011
102003,8,count1024,13200,0.9462890625,0.143984375000001
102003,8,count1024,13400,0.9677734375,0.122753906250001
102003,8,count1024,13600,0.9765625,0.109062500000001
102003,8,count1024,13800,0.9755859375,0.1210546875000008
102003,8,count1024,14000,0.978515625,0.1110351562500007
102003,8,count1024,14200,0.9765625,0.1153515625000009
102003,8,count1024,14400,0.982421875,0.1047265625000006
102003,8,count1024,14600,0.9853515625,0.1078515625000006
102003,8,count1024,14800,0.9755859375,0.1190820312500007
102003,8,count1024,15000,0.9638671875,0.1262500000000007
102003,8,count1024,15200,0.990234375,0.1089843750000007
102003,8,count1024,15400,0.9892578125,0.1050000000000007
102003,8,count1024,15600,0.9794921875,0.1163867187500008
102003,8,count1024,15800,0.982421875,0.1076171875000007
102003,8,count1024,16000,0.9853515625,0.1134179687500009
102003,8,count1024,16200,0.9755859375,0.1063476562500006
102003,8,count1024,16400,0.982421875,0.1213671875000009
102003,8,count1024,16600,0.982421875,0.1099218750000009
102003,8,count1024,16800,0.994140625,0.1090039062500008
102003,8,count1024,17000,0.98828125,0.1061523437500008
102003,8,count1024,17200,0.9853515625,0.1126171875000009
102003,8,count1024,17400,0.9853515625,0.1056445312500007
102003,8,count1024,17600,0.9775390625,0.1120898437500008
102003,8,count1024,17800,0.9931640625,0.1007617187500008
102003,8,count1024,18000,0.9853515625,0.114804687500001
102003,8,count1024,18200,0.994140625,0.1093359375000009
102003,8,count1024,18400,0.9931640625,0.1060937500000008
102003,8,count1024,18600,0.990234375,0.1018554687500006
102003,8,count1024,18800,0.98828125,0.1080273437500008
102003,8,count1024,19000,0.990234375,0.1052929687500008
102003,8,count1024,19200,0.982421875,0.1089453125000007
102003,8,count1024,19400,0.9853515625,0.1095703125000008
102003,8,count1024,19600,0.9853515625,0.1127148437500008
102003,8,count1024,19800,0.9912109375,0.1039648437500007
102003,8,count1024,20000,0.9921875,0.1034960937500008
102003,7,time150,0,0.2607421875,1.0
102003,7,time150,200,0.388671875,0.613457031249999
102003,7,time150,400,0.408203125,0.5959765624999998
102003,7,time150,600,0.5068359375,0.520507812500001
102003,7,time150,800,0.587890625,0.4303125000000014
102003,7,time150,1000,0.6220703125,0.3971484375000015
102003,7,time150,1200,0.705078125,0.3263867187500016
102003,7,time150,1400,0.771484375,0.2688867187500014
102003,7,time150,1600,0.736328125,0.2897656250000013
102003,7,time150,1800,0.7607421875,0.2740234375000014
102003,7,time150,2000,0.7265625,0.2971484375000015
102003,7,time150,2200,0.7763671875,0.2558789062500012
102003,7,time150,2400,0.7900390625,0.2554101562500014
102003,7,time150,2600,0.791015625,0.2480078125000015
102003,7,time150,2800,0.8193359375,0.2341210937500014
102003,7,time150,3000,0.8046875,0.2233593750000013
102003,7,time150,3200,0.8154296875,0.2302343750000016
102003,7,time150,3400,0.806640625,0.2399414062500016
102003,7,time150,3600,0.8095703125,0.2282226562500016
102003,7,time150,3800,0.8115234375,0.2329882812500014
102003,7,time150,4000,0.814453125,0.2258984375000016
102003,7,time150,4200,0.830078125,0.2143164062500015
102003,7,time150,4400,0.80859375,0.2477929687500017
102003,7,time150,4600,0.833984375,0.2137109375000011
102003,7,time150,4800,0.8349609375,0.2041210937500012
102003,7,time150,5000,0.8359375,0.2145117187500015
102003,7,time150,5200,0.83984375,0.2115429687500014
102003,7,time150,5400,0.8232421875,0.2185937500000015
102003,7,time150,5600,0.826171875,0.2186914062500014
102003,7,time150,5800,0.8046875,0.2376367187500015
102003,7,time150,6000,0.818359375,0.2182421875000016
102003,7,time150,6200,0.810546875,0.2247460937500014
102003,7,time150,6400,0.85546875,0.1857031250000013
102003,7,time150,6600,0.8046875,0.2344726562500013
102003,7,time150,6800,0.8505859375,0.1990039062500014
102003,7,time150,7000,0.8544921875,0.1919335937500013
102003,7,time150,7200,0.8349609375,0.2091210937500014
102003,7,time150,7400,0.837890625,0.2100000000000014
102003,7,time150,7600,0.8046875,0.2321679687500015
102003,7,time150,7800,0.83984375,0.2016015625000013
102003,7,time150,8000,0.8623046875,0.1908789062500013
102003,7,time150,8200,0.833984375,0.2136718750000014
102003,7,time150,8400,0.826171875,0.2115234375000013
102003,7,time150,8600,0.8193359375,0.2166015625000015
102003,7,time150,8800,0.83984375,0.2019531250000013
102003,7,time150,9000,0.83984375,0.2073242187500012
102003,7,time150,9200,0.8525390625,0.1961132812500014
102003,7,time150,9400,0.8544921875,0.1885546875000012
102003,7,time150,9600,0.8720703125,0.1814648437500014
102003,7,time150,9800,0.8564453125,0.1966796875000014
102003,7,time150,10000,0.8447265625,0.2050781250000015
102003,7,time150,10200,0.8681640625,0.1878906250000016
102003,7,time150,10400,0.837890625,0.1960742187500016
102003,7,time150,10600,0.8427734375,0.1999414062500013
102003,7,time150,10800,0.8671875,0.1848632812500014
102003,7,time150,11000,0.861328125,0.1803125000000014
102003,7,time150,11200,0.8349609375,0.2079296875000015
102003,7,time150,11400,0.8369140625,0.2080078125000015
102003,7,time150,11600,0.87890625,0.1711523437500014
102003,7,time150,11800,0.8701171875,0.1710546875000011
102003,7,time150,12000,0.857421875,0.1845898437500012
102003,7,time150,12200,0.837890625,0.2014062500000013
102003,7,time150,12400,0.849609375,0.1934570312500011
102003,7,time150,12600,0.828125,0.2198242187500016
102003,7,time150,12800,0.859375,0.1779687500000014
102003,7,time150,13000,0.8427734375,0.2028320312500014
102003,7,time150,13200,0.83984375,0.2092187500000015
102003,7,time150,13400,0.8671875,0.1814453125000014
102003,7,time150,13600,0.84375,0.2027148437500014
102003,7,time150,13800,0.841796875,0.2072460937500015
102003,7,time150,14000,0.849609375,0.1900195312500017
102003,7,time150,14200,0.84375,0.2000585937500014
102003,7,time150,14400,0.876953125,0.1794140625000013
102003,7,time150,14600,0.8486328125,0.1924023437500015
102003,7,time150,14800,0.865234375,0.1815820312500016
102003,7,time150,15000,0.86328125,0.1842382812500013
102003,7,time150,15200,0.8544921875,0.1882812500000013
102003,7,time150,15400,0.8759765625,0.1732617187500013
102003,7,time150,15600,0.849609375,0.2118359375000014
102003,7,time150,15800,0.880859375,0.1621875000000011
102003,7,time150,16000,0.8310546875,0.2176562500000015
102003,7,time150,16200,0.84765625,0.1915429687500012
102003,7,time150,16400,0.8291015625,0.2147656250000014
102003,7,time150,16600,0.861328125,0.1847265625000013
102003,7,time150,16800,0.8515625,0.1885351562500013
102003,7,time150,17000,0.8603515625,0.1896484375000015
102003,7,time150,17200,0.8232421875,0.2197265625000013
102003,7,time150,17400,0.833984375,0.2076562500000015
102003,7,time150,17600,0.857421875,0.1772460937500012
102003,7,time150,17800,0.8525390625,0.2046875000000013
102003,7,time150,18000,0.8486328125,0.1892382812500014
102003,7,time150,18200,0.8505859375,0.1987695312500012
102003,7,time150,18400,0.84375,0.2088671875000013
102003,7,time150,18600,0.830078125,0.2100781250000013
102003,7,time150,18800,0.8779296875,0.1718554687500012
102003,7,time150,19000,0.87890625,0.1724609375000014
102003,7,time150,19200,0.8779296875,0.1691992187500011
102003,7,time150,19400,0.8466796875,0.1959960937500012
102003,7,time150,19600,0.859375,0.1943164062500014
102003,7,time150,19800,0.8330078125,0.2044531250000016
102003,7,time150,20000,0.8212890625,0.2160546875000012
102003,8,time150,0,0.2607421875,1.0
102003,8,time150,200,0.193359375,0.8106640624999994
102003,8,time150,400,0.173828125,0.8417773437499985
102003,8,time150,600,0.154296875,0.8565039062499988
102003,8,time150,800,0.1455078125,0.8610937499999995
102003,8,time150,1000,0.19140625,0.8194726562499998
102003,8,time150,1200,0.173828125,0.8327734375000001
102003,8,time150,1400,0.2470703125,0.7714453124999993
102003,8,time150,1600,0.28125,0.729062499999999
102003,8,time150,1800,0.337890625,0.6821484374999989
102003,8,time150,2000,0.4248046875,0.6015624999999998
102003,8,time150,2200,0.4521484375,0.5658398437499997
102003,8,time150,2400,0.517578125,0.5091015625000013
102003,8,time150,2600,0.55078125,0.4778515625000015
102003,8,time150,2800,0.66796875,0.3639257812500017
102003,8,time150,3000,0.619140625,0.4089062500000018
102003,8,time150,3200,0.666015625,0.3694921875000014
102003,8,time150,3400,0.6953125,0.3380273437500015
102003,8,time150,3600,0.67578125,0.3562109375000014
102003,8,time150,3800,0.6435546875,0.3880859375000014
102003,8,time150,4000,0.701171875,0.3352343750000016
102003,8,time150,4200,0.67578125,0.3581054687500015
102003,8,time150,4400,0.7265625,0.3087109375000015
102003,8,time150,4600,0.673828125,0.3569531250000013
102003,8,time150,4800,0.7138671875,0.3217968750000017
102003,8,time150,5000,0.7333984375,0.2984570312500014
102003,8,time150,5200,0.7392578125,0.2893359375000016
102003,8,time150,5400,0.7548828125,0.2862109375000015
102003,8,time150,5600,0.7314453125,0.3033007812500017
102003,8,time150,5800,0.76171875,0.2911523437500017
102003,8,time150,6000,0.7783203125,0.2635156250000014
102003,8,time150,6200,0.7451171875,0.2939843750000014
102003,8,time150,6400,0.7548828125,0.2865234375000014
102003,8,time150,6600,0.7490234375,0.2904492187500018
102003,8,time150,6800,0.6962890625,0.3299414062500018
102003,8,time150,7000,0.7431640625,0.2964257812500016
102003,8,time150,7200,0.720703125,0.3209960937500019
102003,8,time150,7400,0.6943359375,0.3352539062500016
102003,8,time150,7600,0.7294921875,0.3099023437500014
102003,8,time150,7800,0.6552734375,0.3716015625000016
102003,8,time150,8000,0.69921875,0.3385156250000017
102003,8,time150,8200,0.7021484375,0.3390234375000018
102003,8,time150,8400,0.708984375,0.3300976562500015
102003,8,time150,8600,0.712890625,0.3272656250000013
102003,8,time150,8800,0.71484375,0.3180664062500016
102003,8,time150,9000,0.755859375,0.2853125000000016
102003,8,time150,9200,0.728515625,0.3016210937500015
102003,8,time150,9400,0.6962890625,0.3371093750000016
102003,8,time150,9600,0.7587890625,0.2749414062500014
102003,8,time150,9800,0.6708984375,0.3549609375000018
102003,8,time150,10000,0.6904296875,0.3391992187500016
102003,8,time150,10200,0.6806640625,0.3555468750000014
102003,8,time150,10400,0.76171875,0.2751562500000016
102003,8,time150,10600,0.6943359375,0.3458007812500019
102003,8,time150,10800,0.705078125,0.3330078125000014
102003,8,time150,11000,0.71875,0.3152343750000019
102003,8,time150,11200,0.748046875,0.2975390625000016
102003,8,time150,11400,0.6650390625,0.3499804687500017
102003,8,time150,11600,0.7041015625,0.3357226562500015
102003,8,time150,11800,0.7626953125,0.2751757812500014
102003,8,time150,12000,0.7294921875,0.3064062500000016
102003,8,time150,12200,0.6982421875,0.3465820312500015
102003,8,time150,12400,0.7314453125,0.2979882812500014
102003,8,time150,12600,0.755859375,0.2784179687500014
102003,8,time150,12800,0.7421875,0.2987109375000014
102003,8,time150,13000,0.7490234375,0.2927148437500014
102003,8,time150,13200,0.701171875,0.3356445312500014
102003,8,time150,13400,0.6943359375,0.3345507812500015
102003,8,time150,13600,0.6552734375,0.3697265625000015
102003,8,time150,13800,0.6572265625,0.3761914062500015
102003,8,time150,14000,0.6943359375,0.3406835937500014
102003,8,time150,14200,0.724609375,0.3113281250000015
102003,8,time150,14400,0.7236328125,0.3149023437500017
102003,8,time150,14600,0.7451171875,0.2988085937500015
102003,8,time150,14800,0.7314453125,0.3019726562500014
102003,8,time150,15000,0.7275390625,0.3118164062500017
102003,8,time150,15200,0.7470703125,0.2990234375000014
102003,8,time150,15400,0.7216796875,0.3234960937500016
102003,8,time150,15600,0.6572265625,0.3868164062500014
102003,8,time150,15800,0.6767578125,0.3563867187500015
102003,8,time150,16000,0.662109375,0.3667187500000018
102003,8,time150,16200,0.65234375,0.3795312500000014
102003,8,time150,16400,0.642578125,0.3824023437500014
102003,8,time150,16600,0.6689453125,0.3650390625000015
102003,8,time150,16800,0.7109375,0.3309375000000014
102003,8,time150,17000,0.7021484375,0.3280078125000016
102003,8,time150,17200,0.7412109375,0.2992382812500011
102003,8,time150,17400,0.7353515625,0.3122851562500016
102003,8,time150,17600,0.7294921875,0.3040429687500015
102003,8,time150,17800,0.7509765625,0.2853515625000016
102003,8,time150,18000,0.775390625,0.2661718750000016
102003,8,time150,18200,0.6904296875,0.3458398437500017
102003,8,time150,18400,0.6962890625,0.3271875000000016
102003,8,time150,18600,0.7119140625,0.3257812500000014
102003,8,time150,18800,0.7197265625,0.3108007812500016
102003,8,time150,19000,0.7333984375,0.3054687500000014
102003,8,time150,19200,0.67578125,0.3512695312500011
102003,8,time150,19400,0.716796875,0.3248242187500015
102003,8,time150,19600,0.6806640625,0.3527929687500016
102003,8,time150,19800,0.6923828125,0.3373632812500014
102003,8,time150,20000,0.7607421875,0.2777539062500015
102003,7,time750,0,0.2607421875,1.0
102003,7,time750,200,0.4267578125,0.5757421874999995
102003,7,time750,400,0.58984375,0.4280859375000016
102003,7,time750,600,0.8046875,0.2458984375000016
102003,7,time750,800,0.9208984375,0.140488281250001
102003,7,time750,1000,0.9755859375,0.0920507812500005
102003,7,time750,1200,0.9765625,0.0927539062500007
102003,7,time750,1400,0.986328125,0.0872851562500006
102003,7,time750,1600,0.984375,0.0890039062500005
102003,7,time750,1800,0.9912109375,0.0852539062500005
102003,7,time750,2000,0.9931640625,0.0820507812500005
102003,7,time750,2200,0.9921875,0.0850000000000005
102003,7,time750,2400,0.9931640625,0.0929687500000006
102003,7,time750,2600,0.9921875,0.0858984375000005
102003,7,time750,2800,0.9921875,0.0887500000000005
102003,7,time750,3000,0.9951171875,0.0862304687500005
102003,7,time750,3200,0.99609375,0.0863671875000004
102003,7,time750,3400,0.9970703125,0.0854296875000006
102003,7,time750,3600,0.994140625,0.0843164062500005
102003,7,time750,3800,0.998046875,0.0835351562500004
102003,7,time750,4000,0.9970703125,0.0799023437500004
102003,7,time750,4200,0.9951171875,0.0801171875000003
102003,7,time750,4400,0.9931640625,0.0840820312500005
102003,7,time750,4600,0.998046875,0.0826757812500004
102003,7,time750,4800,0.9951171875,0.0851757812500004
102003,7,time750,5000,0.99609375,0.0850195312500004
102003,7,time750,5200,0.9931640625,0.0859570312500006
102003,7,time750,5400,0.9970703125,0.0821093750000004
102003,7,time750,5600,0.99609375,0.0867382812500005
102003,7,time750,5800,0.9951171875,0.0855468750000004
102003,7,time750,6000,0.9970703125,0.0870117187500005
102003,7,time750,6200,0.9951171875,0.0850781250000004
102003,7,time750,6400,0.9970703125,0.0834570312500004
102003,7,time750,6600,0.994140625,0.0829492187500005
102003,7,time750,6800,0.998046875,0.0850976562500005
102003,7,time750,7000,0.9970703125,0.0881835937500006
102003,7,time750,7200,0.9970703125,0.0868554687500004
102003,7,time750,7400,0.9970703125,0.0799414062500004
102003,7,time750,7600,0.99609375,0.0829492187500004
102003,7,time750,7800,0.9990234375,0.0860156250000006
102003,7,time750,8000,0.994140625,0.0858007812500003
102003,7,time750,8200,0.998046875,0.0828710937500004
102003,7,time750,8400,0.998046875,0.0817382812500004
102003,7,time750,8600,0.998046875,0.0835156250000005
102003,7,time750,8800,0.998046875,0.0835937500000004
102003,7,time750,9000,0.998046875,0.0841406250000004
102003,7,time750,9200,0.9990234375,0.0858007812500006
102003,7,time750,9400,1.0,0.0829101562500005
102003,7,time750,9600,0.998046875,0.0816992187500005
102003,7,time750,9800,0.9970703125,0.0857617187500005
102003,7,time750,10000,0.998046875,0.0843164062500005
102003,7,time750,10200,0.9990234375,0.0826367187500005
102003,7,time750,10400,0.99609375,0.0836718750000005
102003,7,time750,10600,0.9951171875,0.0820898437500005
102003,7,time750,10800,0.9990234375,0.0877343750000005
102003,7,time750,11000,0.998046875,0.0850195312500005
102003,7,time750,11200,0.9951171875,0.0796484375000003
102003,7,time750,11400,0.9990234375,0.0873437500000004
102003,7,time750,11600,0.9970703125,0.0837304687500006
102003,7,time750,11800,0.9951171875,0.0855859375000005
102003,7,time750,12000,0.9951171875,0.0888281250000006
102003,7,time750,12200,0.9990234375,0.0846289062500006
102003,7,time750,12400,0.9990234375,0.0819531250000003
102003,7,time750,12600,0.998046875,0.0811914062500004
102003,7,time750,12800,0.998046875,0.0870898437500006
102003,7,time750,13000,0.9990234375,0.0863281250000006
102003,7,time750,13200,0.998046875,0.0789453125000004
102003,7,time750,13400,0.99609375,0.0841992187500005
102003,7,time750,13600,1.0,0.0833593750000004
102003,7,time750,13800,1.0,0.0802539062500003
102003,7,time750,14000,0.998046875,0.0875585937500005
102003,7,time750,14200,1.0,0.0858203125000005
102003,7,time750,14400,1.0,0.0831640625000004
102003,7,time750,14600,0.9990234375,0.0819531250000005
102003,7,time750,14800,0.998046875,0.0868554687500005
102003,7,time750,15000,0.998046875,0.0826171875000005
102003,7,time750,15200,0.9970703125,0.0824218750000003
102003,7,time750,15400,0.998046875,0.0838476562500004
102003,7,time750,15600,0.9990234375,0.0853906250000006
102003,7,time750,15800,1.0,0.0832812500000005
102003,7,time750,16000,0.9990234375,0.0864453125000005
102003,7,time750,16200,0.9990234375,0.0813476562500004
102003,7,time750,16400,0.994140625,0.0867382812500005
102003,7,time750,16600,0.9970703125,0.0833007812500005
102003,7,time750,16800,0.9990234375,0.0833593750000005
102003,7,time750,17000,0.998046875,0.0910546875000007
102003,7,time750,17200,0.9970703125,0.0844140625000005
102003,7,time750,17400,0.9990234375,0.0825781250000005
102003,7,time750,17600,1.0,0.0825390625000004
102003,7,time750,17800,0.9970703125,0.0826757812500004
102003,7,time750,18000,1.0,0.0831640625000004
102003,7,time750,18200,0.998046875,0.0859960937500005
102003,7,time750,18400,0.9990234375,0.0868164062500005
102003,7,time750,18600,1.0,0.0825195312500005
102003,7,time750,18800,0.9970703125,0.0841406250000004
102003,7,time750,19000,0.998046875,0.0859375000000005
102003,7,time750,19200,0.9990234375,0.0837890625000004
102003,7,time750,19400,1.0,0.0889843750000006
102003,7,time750,19600,0.9970703125,0.0815625000000004
102003,7,time750,19800,1.0,0.0801562500000004
102003,7,time750,20000,1.0,0.0846289062500005
102003,8,time750,0,0.2607421875,1.0
102003,8,time750,200,0.193359375,0.8143945312499997
102003,8,time750,400,0.1748046875,0.8391796874999997
102003,8,time750,600,0.1728515625,0.8386523437499996
102003,8,time750,800,0.1884765625,0.8251953124999993
102003,8,time750,1000,0.2275390625,0.7865820312499991
102003,8,time750,1200,0.3203125,0.7091796874999986
102003,8,time750,1400,0.39453125,0.6383984374999985
102003,8,time750,1600,0.53125,0.5028906250000015
102003,8,time750,1800,0.6357421875,0.4015820312500017
102003,8,time750,2000,0.7763671875,0.2805859375000017
102003,8,time750,2200,0.830078125,0.2320312500000015
102003,8,time750,2400,0.85546875,0.1967578125000012
102003,8,time750,2600,0.8515625,0.2111914062500014
102003,8,time750,2800,0.880859375,0.1900781250000016
102003,8,time750,3000,0.90234375,0.1693164062500014
102003,8,time750,3200,0.9248046875,0.1472265625000014
102003,8,time750,3400,0.908203125,0.1576367187500014
102003,8,time750,3600,0.892578125,0.1721093750000014
102003,8,time750,3800,0.9052734375,0.1669726562500014
102003,8,time750,4000,0.904296875,0.1649218750000012
102003,8,time750,4200,0.90234375,0.1645117187500013
102003,8,time750,4400,0.9150390625,0.147285156250001
102003,8,time750,4600,0.8896484375,0.1734570312500015
102003,8,time750,4800,0.9150390625,0.1548632812500013
102003,8,time750,5000,0.9111328125,0.1565625000000011
102003,8,time750,5200,0.9150390625,0.1563281250000012
102003,8,time750,5400,0.9169921875,0.1556640625000013
102003,8,time750,5600,0.927734375,0.144765625000001
102003,8,time750,5800,0.919921875,0.1495117187500012
102003,8,time750,6000,0.90234375,0.1658007812500013
102003,8,time750,6200,0.9111328125,0.1628125000000013
102003,8,time750,6400,0.9267578125,0.1489062500000012
102003,8,time750,6600,0.9189453125,0.1534375000000013
102003,8,time750,6800,0.888671875,0.1747851562500012
102003,8,time750,7000,0.90234375,0.1759375000000016
102003,8,time750,7200,0.9267578125,0.1467382812500012
102003,8,time750,7400,0.9208984375,0.1534375000000013
102003,8,time750,7600,0.8935546875,0.1846093750000014
102003,8,time750,7800,0.927734375,0.142167968750001
102003,8,time750,8000,0.9111328125,0.1512890625000014
102003,8,time750,8200,0.9150390625,0.1586328125000014
102003,8,time750,8400,0.921875,0.1506445312500013
102003,8,time750,8600,0.9208984375,0.1498632812500014
102003,8,time750,8800,0.90625,0.1684765625000014
102003,8,time750,9000,0.9189453125,0.1576171875000013
102003,8,time750,9200,0.9296875,0.1461718750000013
102003,8,time750,9400,0.92578125,0.1543359375000011
102003,8,time750,9600,0.9404296875,0.1383789062500012
102003,8,time750,9800,0.9443359375,0.136914062500001
102003,8,time750,10000,0.94140625,0.1464453125000011
102003,8,time750,10200,0.947265625,0.1330078125000009
102003,8,time750,10400,0.927734375,0.1530664062500012
102003,8,time750,10600,0.923828125,0.1527343750000012
102003,8,time750,10800,0.9482421875,0.1414257812500011
102003,8,time750,11000,0.9462890625,0.138437500000001
102003,8,time750,11200,0.9619140625,0.1231640625000009
102003,8,time750,11400,0.9599609375,0.125781250000001
102003,8,time750,11600,0.9482421875,0.1314257812500012
102003,8,time750,11800,0.9580078125,0.1228320312500008
102003,8,time750,12000,0.947265625,0.1329687500000009
102003,8,time750,12200,0.955078125,0.1333007812500008
102003,8,time750,12400,0.970703125,0.1149414062500007
102003,8,time750,12600,0.9736328125,0.1146679687500009
102003,8,time750,12800,0.970703125,0.1195117187500009
102003,8,time750,13000,0.96484375,0.1269140625000011
102003,8,time750,13200,0.962890625,0.123769531250001
102003,8,time750,13400,0.970703125,0.121582031250001
102003,8,time750,13600,0.9677734375,0.1259765625000008
102003,8,time750,13800,0.98046875,0.1082226562500006
102003,8,time750,14000,0.9765625,0.1192578125000008
102003,8,time750,14200,0.9814453125,0.1092968750000007
102003,8,time750,14400,0.986328125,0.1132617187500007
102003,8,time750,14600,0.986328125,0.1104492187500007
102003,8,time750,14800,0.9833984375,0.111210937500001
102003,8,time750,15000,0.9853515625,0.1036914062500006
102003,8,time750,15200,0.98046875,0.1138476562500008
102003,8,time750,15400,0.9873046875,0.1129882812500008
102003,8,time750,15600,0.974609375,0.1216015625000008
102003,8,time750,15800,0.9755859375,0.1189062500000011
102003,8,time750,16000,0.9794921875,0.1199609375000011
102003,8,time750,16200,0.9736328125,0.122558593750001
102003,8,time750,16400,0.9775390625,0.115761718750001
102003,8,time750,16600,0.982421875,0.1112109375000008
102003,8,time750,16800,0.9814453125,0.1140625000000009
102003,8,time750,17000,0.9833984375,0.1094921875000008
102003,8,time750,17200,0.9833984375,0.1146875000000009
102003,8,time750,17400,0.98046875,0.1161523437500008
102003,8,time750,17600,0.9794921875,0.1081054687500008
102003,8,time750,17800,0.982421875,0.1105468750000008
102003,8,time750,18000,0.974609375,0.1169140625000007
102003,8,time750,18200,0.98828125,0.1037500000000008
102003,8,time750,18400,0.9912109375,0.1031835937500008
102003,8,time750,18600,0.9794921875,0.1082617187500007
102003,8,time750,18800,0.9755859375,0.1144921875000009
102003,8,time750,19000,0.9697265625,0.124843750000001
102003,8,time750,19200,0.9755859375,0.1164257812500007
102003,8,time750,19400,0.9794921875,0.1105078125000007
102003,8,time750,19600,0.986328125,0.1061718750000009
102003,8,time750,19800,0.9873046875,0.1103906250000008
102003,8,time750,20000,0.98828125,0.1093750000000009
102004,7,continuous,0,0.2431640625,1.0
102004,7,continuous,200,0.42578125,0.5906054687499995
102004,7,continuous,400,0.5537109375,0.4656445312500013
102004,7,continuous,600,0.8037109375,0.2386132812500014
102004,7,continuous,800,0.9384765625,0.1303906250000011
102004,7,continuous,1000,0.9765625,0.0969726562500007
102004,7,continuous,1200,0.9912109375,0.0858203125000004
102004,7,continuous,1400,0.994140625,0.0843164062500006
102004,7,continuous,1600,0.99609375,0.0853906250000006
102004,7,continuous,1800,1.0,0.0834570312500005
102004,7,continuous,2000,0.9990234375,0.0839648437500005
102004,7,continuous,2200,0.9970703125,0.0877343750000005
102004,7,continuous,2400,0.9990234375,0.0815625000000004
102004,7,continuous,2600,1.0,0.0840820312500006
102004,7,continuous,2800,0.998046875,0.0857031250000005
102004,7,continuous,3000,1.0,0.0787500000000003
102004,7,continuous,3200,0.9990234375,0.0868750000000006
102004,7,continuous,3400,0.998046875,0.0884570312500007
102004,7,continuous,3600,1.0,0.0802929687500004
102004,7,continuous,3800,0.9990234375,0.0831445312500005
102004,7,continuous,4000,0.9990234375,0.0823828125000004
102004,7,continuous,4200,1.0,0.0851953125000004
102004,7,continuous,4400,1.0,0.0847070312500005
102004,7,continuous,4600,0.998046875,0.0775390625000003
102004,7,continuous,4800,1.0,0.0793359375000004
102004,7,continuous,5000,1.0,0.0824218750000005
102004,7,continuous,5200,0.998046875,0.0852148437500004
102004,7,continuous,5400,0.9990234375,0.0855664062500006
102004,7,continuous,5600,0.9990234375,0.0862109375000005
102004,7,continuous,5800,1.0,0.0833398437500005
102004,7,continuous,6000,0.9990234375,0.0815625000000005
102004,7,continuous,6200,0.998046875,0.0825781250000004
102004,7,continuous,6400,1.0,0.0832421875000005
102004,7,continuous,6600,0.9990234375,0.0862304687500005
102004,7,continuous,6800,1.0,0.0828710937500004
102004,7,continuous,7000,0.998046875,0.0837695312500005
102004,7,continuous,7200,1.0,0.0850195312500005
102004,7,continuous,7400,1.0,0.0838281250000005
102004,7,continuous,7600,0.9990234375,0.0843359375000004
102004,7,continuous,7800,1.0,0.0803125000000005
102004,7,continuous,8000,0.9990234375,0.0810546875000005
102004,7,continuous,8200,1.0,0.0845312500000005
102004,7,continuous,8400,0.9990234375,0.0873828125000006
102004,7,continuous,8600,0.998046875,0.0811523437500005
102004,7,continuous,8800,0.9990234375,0.0820117187500005
102004,7,continuous,9000,1.0,0.0809960937500004
102004,7,continuous,9200,0.998046875,0.0831445312500005
102004,7,continuous,9400,1.0,0.0867382812500005
102004,7,continuous,9600,1.0,0.0834765625000005
102004,7,continuous,9800,0.9990234375,0.0825195312500005
102004,7,continuous,10000,1.0,0.0809375000000003
102004,7,continuous,10200,0.9990234375,0.0828125000000004
102004,7,continuous,10400,0.9970703125,0.0825585937500006
102004,7,continuous,10600,0.998046875,0.0849609375000005
102004,7,continuous,10800,1.0,0.0825000000000005
102004,7,continuous,11000,1.0,0.0863281250000004
102004,7,continuous,11200,0.998046875,0.0794140625000003
102004,7,continuous,11400,0.9990234375,0.0852929687500004
102004,7,continuous,11600,0.9990234375,0.0843359375000004
102004,7,continuous,11800,1.0,0.0872460937500005
102004,7,continuous,12000,1.0,0.0819335937500004
102004,7,continuous,12200,0.9990234375,0.0822460937500004
102004,7,continuous,12400,0.9990234375,0.0804882812500005
102004,7,continuous,12600,0.998046875,0.0847851562500006
102004,7,continuous,12800,1.0,0.0853125000000004
102004,7,continuous,13000,0.9990234375,0.0826562500000004
102004,7,continuous,13200,1.0,0.0823828125000004
102004,7,continuous,13400,1.0,0.0808593750000004
102004,7,continuous,13600,0.9990234375,0.0823632812500004
102004,7,continuous,13800,1.0,0.0848828125000005
102004,7,continuous,14000,1.0,0.0843164062500004
102004,7,continuous,14200,1.0,0.0850195312500005
102004,7,continuous,14400,1.0,0.0831250000000005
102004,7,continuous,14600,1.0,0.0854296875000006
102004,7,continuous,14800,0.998046875,0.0838867187500003
102004,7,continuous,15000,1.0,0.0836914062500005
102004,7,continuous,15200,0.9990234375,0.0811523437500004
102004,7,continuous,15400,0.998046875,0.0837109375000005
102004,7,continuous,15600,1.0,0.0819140625000004
102004,7,continuous,15800,0.9970703125,0.0810742187500003
102004,7,continuous,16000,0.9990234375,0.0818945312500004
102004,7,continuous,16200,0.9990234375,0.0838281250000005
102004,7,continuous,16400,1.0,0.0821484375000005
102004,7,continuous,16600,0.9990234375,0.0810742187500005
102004,7,continuous,16800,0.9990234375,0.0850000000000004
102004,7,continuous,17000,0.9990234375,0.0825195312500005
102004,7,continuous,17200,0.9990234375,0.0855468750000005
102004,7,continuous,17400,1.0,0.0811523437500004
102004,7,continuous,17600,0.998046875,0.0819140625000005
102004,7,continuous,17800,1.0,0.0840820312500004
102004,7,continuous,18000,0.9990234375,0.0807031250000003
102004,7,continuous,18200,0.9990234375,0.0819335937500004
102004,7,continuous,18400,0.9990234375,0.0822070312500004
102004,7,continuous,18600,1.0,0.0828515625000004
102004,7,continuous,18800,1.0,0.0832617187500004
102004,7,continuous,19000,1.0,0.0840625000000004
102004,7,continuous,19200,0.998046875,0.0833593750000005
102004,7,continuous,19400,0.9990234375,0.0845117187500005
102004,7,continuous,19600,0.998046875,0.0871484375000004
102004,7,continuous,19800,0.9990234375,0.0835156250000005
102004,7,continuous,20000,1.0,0.0804492187500005
102004,8,continuous,0,0.2431640625,1.0
102004,8,continuous,200,0.1923828125,0.8207226562499994
102004,8,continuous,400,0.1640625,0.8434570312499996
102004,8,continuous,600,0.193359375,0.826679687499999
102004,8,continuous,800,0.23828125,0.7843945312499989
102004,8,continuous,1000,0.41015625,0.6278320312500003
102004,8,continuous,1200,0.6953125,0.3649414062500021
102004,8,continuous,1400,0.8818359375,0.2039843750000019
102004,8,continuous,1600,0.9609375,0.1291015625000009
102004,8,continuous,1800,0.982421875,0.117167968750001
102004,8,continuous,2000,0.990234375,0.1038085937500007
102004,8,continuous,2200,0.9912109375,0.1078515625000006
102004,8,continuous,2400,0.9951171875,0.1049609375000008
102004,8,continuous,2600,0.9921875,0.1122460937500008
102004,8,continuous,2800,0.9921875,0.1203710937500009
102004,8,continuous,3000,0.99609375,0.1109765625000008
102004,8,continuous,3200,0.9990234375,0.1176562500000008
102004,8,continuous,3400,0.998046875,0.1135546875000008
102004,8,continuous,3600,0.994140625,0.1176757812500008
102004,8,continuous,3800,0.9970703125,0.1137304687500009
102004,8,continuous,4000,0.998046875,0.1169140625000009
102004,8,continuous,4200,0.9970703125,0.1122070312500008
102004,8,continuous,4400,0.998046875,0.1114062500000008
102004,8,continuous,4600,1.0,0.1097265625000006
102004,8,continuous,4800,0.99609375,0.1144921875000008
102004,8,continuous,5000,0.9970703125,0.1132226562500008
102004,8,continuous,5200,0.9990234375,0.1220507812500008
102004,8,continuous,5400,1.0,0.1141210937500007
102004,8,continuous,5600,1.0,0.1208398437500008
102004,8,continuous,5800,0.9990234375,0.1156054687500007
102004,8,continuous,6000,0.998046875,0.1211718750000008
102004,8,continuous,6200,0.9951171875,0.1215429687500009
102004,8,continuous,6400,0.998046875,0.1188085937500007
102004,8,continuous,6600,0.9990234375,0.1187890625000009
102004,8,continuous,6800,0.998046875,0.1212890625000006
102004,8,continuous,7000,0.998046875,0.1159570312500008
102004,8,continuous,7200,0.9990234375,0.1172656250000008
102004,8,continuous,7400,0.998046875,0.1223242187500009
102004,8,continuous,7600,0.9970703125,0.1232617187500009
102004,8,continuous,7800,0.998046875,0.1162695312500007
102004,8,continuous,8000,0.9970703125,0.1222851562500009
102004,8,continuous,8200,0.9990234375,0.1170507812500007
102004,8,continuous,8400,0.9990234375,0.1237500000000009
102004,8,continuous,8600,0.998046875,0.130234375000001
102004,8,continuous,8800,0.998046875,0.123320312500001
102004,8,continuous,9000,0.998046875,0.1316015625000009
102004,8,continuous,9200,0.9970703125,0.129472656250001
102004,8,continuous,9400,0.9990234375,0.125488281250001
102004,8,continuous,9600,1.0,0.1212109375000009
102004,8,continuous,9800,0.998046875,0.1207031250000006
102004,8,continuous,10000,1.0,0.1328515625000011
102004,8,continuous,10200,0.9990234375,0.1248437500000009
102004,8,continuous,10400,0.998046875,0.1276757812500009
102004,8,continuous,10600,1.0,0.1268750000000008
102004,8,continuous,10800,0.9990234375,0.127441406250001
102004,8,continuous,11000,1.0,0.1237890625000009
102004,8,continuous,11200,0.998046875,0.1328515625000009
102004,8,continuous,11400,0.9990234375,0.131621093750001
102004,8,continuous,11600,0.998046875,0.1318554687500011
102004,8,continuous,11800,0.9990234375,0.133281250000001
102004,8,continuous,12000,0.998046875,0.1234960937500007
102004,8,continuous,12200,0.998046875,0.1316601562500009
102004,8,continuous,12400,0.998046875,0.133300781250001
102004,8,continuous,12600,1.0,0.1243945312500009
102004,8,continuous,12800,0.99609375,0.1278906250000009
102004,8,continuous,13000,1.0,0.1363085937500009
102004,8,continuous,13200,0.9990234375,0.128339843750001
102004,8,continuous,13400,1.0,0.138535156250001
102004,8,continuous,13600,1.0,0.1274218750000009
102004,8,continuous,13800,0.9990234375,0.1282031250000008
102004,8,continuous,14000,1.0,0.1335351562500011
102004,8,continuous,14200,0.9990234375,0.1335546875000009
102004,8,continuous,14400,0.9990234375,0.1271093750000008
102004,8,continuous,14600,1.0,0.133867187500001
102004,8,continuous,14800,0.9990234375,0.1346289062500009
102004,8,continuous,15000,0.9990234375,0.124062500000001
102004,8,continuous,15200,0.998046875,0.138652343750001
102004,8,continuous,15400,0.998046875,0.1280664062500009
102004,8,continuous,15600,0.9970703125,0.143378906250001
102004,8,continuous,15800,1.0,0.1316601562500008
102004,8,continuous,16000,1.0,0.1351171875000012
102004,8,continuous,16200,0.9990234375,0.1322851562500007
102004,8,continuous,16400,0.9990234375,0.1321484375000009
102004,8,continuous,16600,0.9990234375,0.1365429687500009
102004,8,continuous,16800,0.9990234375,0.1330273437500013
102004,8,continuous,17000,0.9990234375,0.1334960937500008
102004,8,continuous,17200,0.9990234375,0.1253320312500008
102004,8,continuous,17400,1.0,0.134140625000001
102004,8,continuous,17600,1.0,0.1354101562500011
102004,8,continuous,17800,0.9970703125,0.1355273437500009
102004,8,continuous,18000,1.0,0.130039062500001
102004,8,continuous,18200,1.0,0.1304882812500008
102004,8,continuous,18400,0.9970703125,0.1311914062500008
102004,8,continuous,18600,0.998046875,0.1284375000000008
102004,8,continuous,18800,0.9990234375,0.1269726562500009
102004,8,continuous,19000,1.0,0.1362890625000012
102004,8,continuous,19200,1.0,0.1380273437500012
102004,8,continuous,19400,0.9970703125,0.139941406250001
102004,8,continuous,19600,0.9990234375,0.140820312500001
102004,8,continuous,19800,1.0,0.1301367187500008
102004,8,continuous,20000,1.0,0.138027343750001
102004,7,count1024,0,0.2431640625,1.0
102004,7,count1024,200,0.4248046875,0.5925585937499998
102004,7,count1024,400,0.46484375,0.5616601562500002
102004,7,count1024,600,0.5400390625,0.4764062500000014
102004,7,count1024,800,0.560546875,0.4683398437500014
102004,7,count1024,1000,0.6953125,0.3377734375000016
102004,7,count1024,1200,0.703125,0.3175781250000014
102004,7,count1024,1400,0.6943359375,0.3409375000000015
102004,7,count1024,1600,0.662109375,0.3630859375000015
102004,7,count1024,1800,0.701171875,0.3235742187500014
102004,7,count1024,2000,0.771484375,0.2568359375000015
102004,7,count1024,2200,0.787109375,0.2541796875000015
102004,7,count1024,2400,0.767578125,0.2682617187500016
102004,7,count1024,2600,0.7177734375,0.3125976562500015
102004,7,count1024,2800,0.7919921875,0.2512304687500016
102004,7,count1024,3000,0.7841796875,0.2629492187500013
102004,7,count1024,3200,0.77734375,0.2648437500000014
102004,7,count1024,3400,0.7900390625,0.2449218750000015
102004,7,count1024,3600,0.794921875,0.2471289062500013
102004,7,count1024,3800,0.806640625,0.2359570312500012
102004,7,count1024,4000,0.78125,0.2519531250000013
102004,7,count1024,4200,0.8369140625,0.2143750000000015
102004,7,count1024,4400,0.8447265625,0.2080664062500014
102004,7,count1024,4600,0.8203125,0.2257617187500012
102004,7,count1024,4800,0.7919921875,0.2497851562500014
102004,7,count1024,5000,0.8271484375,0.2154296875000015
102004,7,count1024,5200,0.7998046875,0.2415234375000013
102004,7,count1024,5400,0.818359375,0.2317382812500015
102004,7,count1024,5600,0.84375,0.1925976562500014
102004,7,count1024,5800,0.818359375,0.2322460937500015
102004,7,count1024,6000,0.8330078125,0.2098437500000012
102004,7,count1024,6200,0.83984375,0.2108789062500013
102004,7,count1024,6400,0.8212890625,0.2232226562500013
102004,7,count1024,6600,0.8232421875,0.2210156250000015
102004,7,count1024,6800,0.828125,0.2166992187500014
102004,7,count1024,7000,0.80859375,0.2375976562500016
102004,7,count1024,7200,0.8310546875,0.2123632812500016
102004,7,count1024,7400,0.82421875,0.2268945312500012
102004,7,count1024,7600,0.8359375,0.2094140625000014
102004,7,count1024,7800,0.8603515625,0.1859179687500011
102004,7,count1024,8000,0.826171875,0.2237109375000018
102004,7,count1024,8200,0.8681640625,0.1796093750000014
102004,7,count1024,8400,0.841796875,0.2016601562500012
102004,7,count1024,8600,0.8466796875,0.1924414062500013
102004,7,count1024,8800,0.841796875,0.2015429687500014
102004,7,count1024,9000,0.865234375,0.1817187500000014
102004,7,count1024,9200,0.8603515625,0.1867578125000013
102004,7,count1024,9400,0.845703125,0.2079296875000014
102004,7,count1024,9600,0.841796875,0.2056250000000012
102004,7,count1024,9800,0.806640625,0.2320898437500014
102004,7,count1024,10000,0.8271484375,0.2136132812500014
102004,7,count1024,10200,0.8701171875,0.1781250000000012
102004,7,count1024,10400,0.814453125,0.2128710937500013
102004,7,count1024,10600,0.8505859375,0.1954687500000013
102004,7,count1024,10800,0.8515625,0.1987695312500014
102004,7,count1024,11000,0.8486328125,0.1939648437500014
102004,7,count1024,11200,0.853515625,0.1897265625000012
102004,7,count1024,11400,0.8525390625,0.1922265625000015
102004,7,count1024,11600,0.8642578125,0.1835156250000012
102004,7,count1024,11800,0.880859375,0.1704296875000015
102004,7,count1024,12000,0.884765625,0.1592968750000012
102004,7,count1024,12200,0.8740234375,0.173066406250001
102004,7,count1024,12400,0.85546875,0.1918750000000013
102004,7,count1024,12600,0.8408203125,0.2040429687500014
102004,7,count1024,12800,0.86328125,0.1866992187500013
102004,7,count1024,13000,0.8583984375,0.1879687500000014
102004,7,count1024,13200,0.8564453125,0.1975390625000014
102004,7,count1024,13400,0.8486328125,0.1945312500000013
102004,7,count1024,13600,0.875,0.1731445312500014
102004,7,count1024,13800,0.8837890625,0.1674609375000013
102004,7,count1024,14000,0.8583984375,0.1928515625000014
102004,7,count1024,14200,0.8720703125,0.1796484375000012
102004,7,count1024,14400,0.8603515625,0.1929882812500014
102004,7,count1024,14600,0.8671875,0.1798242187500012
102004,7,count1024,14800,0.875,0.1792187500000015
102004,7,count1024,15000,0.8798828125,0.1622265625000013
102004,7,count1024,15200,0.873046875,0.1720312500000012
102004,7,count1024,15400,0.8837890625,0.1658007812500012
102004,7,count1024,15600,0.8837890625,0.1699414062500012
102004,7,count1024,15800,0.8642578125,0.1777148437500015
102004,7,count1024,16000,0.87109375,0.1775390625000012
102004,7,count1024,16200,0.853515625,0.1977734375000015
102004,7,count1024,16400,0.8916015625,0.1576562500000012
102004,7,count1024,16600,0.8505859375,0.1944140625000014
102004,7,count1024,16800,0.8759765625,0.1717578125000011
102004,7,count1024,17000,0.85546875,0.1934375000000013
102004,7,count1024,17200,0.8642578125,0.1900390625000015
102004,7,count1024,17400,0.8720703125,0.1683593750000011
102004,7,count1024,17600,0.8583984375,0.1980859375000014
102004,7,count1024,17800,0.859375,0.1915429687500012
102004,7,count1024,18000,0.884765625,0.1647265625000011
102004,7,count1024,18200,0.888671875,0.1672656250000012
102004,7,count1024,18400,0.89453125,0.1675781250000012
102004,7,count1024,18600,0.8671875,0.1739843750000011
102004,7,count1024,18800,0.888671875,0.151152343750001
102004,7,count1024,19000,0.8564453125,0.1863281250000013
102004,7,count1024,19200,0.859375,0.1842382812500013
102004,7,count1024,19400,0.88671875,0.1640234375000011
102004,7,count1024,19600,0.8994140625,0.1588867187500012
102004,7,count1024,19800,0.8623046875,0.1831640625000012
102004,7,count1024,20000,0.880859375,0.1750000000000013
102004,8,count1024,0,0.2431640625,1.0
102004,8,count1024,200,0.1923828125,0.8207226562499994
102004,8,count1024,400,0.1640625,0.8434570312499996
102004,8,count1024,600,0.193359375,0.826679687499999
102004,8,count1024,800,0.271484375,0.7584179687499991
102004,8,count1024,1000,0.4091796875,0.6176562499999998
102004,8,count1024,1200,0.6396484375,0.3998632812500017
102004,8,count1024,1400,0.8095703125,0.2502148437500018
102004,8,count1024,1600,0.8642578125,0.1915429687500013
102004,8,count1024,1800,0.919921875,0.150117187500001
102004,8,count1024,2000,0.951171875,0.1209179687500008
102004,8,count1024,2200,0.94140625,0.1343554687500009
102004,8,count1024,2400,0.9619140625,0.1176171875000009
102004,8,count1024,2600,0.9677734375,0.1085156250000009
102004,8,count1024,2800,0.97265625,0.1101367187500008
102004,8,count1024,3000,0.9775390625,0.1058789062500007
102004,8,count1024,3200,0.9658203125,0.1073046875000008
102004,8,count1024,3400,0.9619140625,0.1098046875000008
102004,8,count1024,3600,0.974609375,0.1078906250000008
102004,8,count1024,3800,0.9736328125,0.1114648437500008
102004,8,count1024,4000,0.970703125,0.1073046875000007
102004,8,count1024,4200,0.9794921875,0.1008398437500008
102004,8,count1024,4400,0.966796875,0.1116992187500008
102004,8,count1024,4600,0.97265625,0.1077734375000008
102004,8,count1024,4800,0.97265625,0.1031445312500008
102004,8,count1024,5000,0.9775390625,0.1030468750000008
102004,8,count1024,5200,0.9775390625,0.1004296875000007
102004,8,count1024,5400,0.9814453125,0.1099609375000008
102004,8,count1024,5600,0.9833984375,0.1024023437500008
102004,8,count1024,5800,0.97265625,0.1023632812500007
102004,8,count1024,6000,0.9619140625,0.119707031250001
102004,8,count1024,6200,0.970703125,0.1173632812500009
102004,8,count1024,6400,0.9833984375,0.1043945312500008
102004,8,count1024,6600,0.984375,0.1033203125000007
102004,8,count1024,6800,0.9814453125,0.1054882812500007
102004,8,count1024,7000,0.9794921875,0.1077148437500008
102004,8,count1024,7200,0.986328125,0.1022851562500007
102004,8,count1024,7400,0.982421875,0.0989453125000006
102004,8,count1024,7600,0.9755859375,0.106210937500001
102004,8,count1024,7800,0.9833984375,0.1065820312500009
102004,8,count1024,8000,0.984375,0.0997656250000008
102004,8,count1024,8200,0.98046875,0.1015625000000007
102004,8,count1024,8400,0.9794921875,0.1056250000000007
102004,8,count1024,8600,0.974609375,0.1100390625000008
102004,8,count1024,8800,0.9921875,0.0970507812500007
102004,8,count1024,9000,0.9814453125,0.1059765625000007
102004,8,count1024,9200,0.9814453125,0.1066601562500008
102004,8,count1024,9400,0.9853515625,0.1016796875000008
102004,8,count1024,9600,0.982421875,0.1125390625000009
102004,8,count1024,9800,0.990234375,0.0987109375000006
102004,8,count1024,10000,0.9873046875,0.1014453125000007
102004,8,count1024,10200,0.986328125,0.1005859375000008
102004,8,count1024,10400,0.9853515625,0.0984375000000008
102004,8,count1024,10600,0.9853515625,0.1029101562500007
102004,8,count1024,10800,0.994140625,0.0990625000000007
102004,8,count1024,11000,0.9853515625,0.1000976562500006
102004,8,count1024,11200,0.9833984375,0.0952734375000005
102004,8,count1024,11400,0.9873046875,0.0981250000000007
102004,8,count1024,11600,0.98828125,0.1019335937500006
102004,8,count1024,11800,0.9931640625,0.0933007812500007
102004,8,count1024,12000,0.9970703125,0.0934765625000006
102004,8,count1024,12200,0.98828125,0.0980859375000006
102004,8,count1024,12400,0.9892578125,0.1033203125000007
102004,8,count1024,12600,0.9892578125,0.1026171875000007
102004,8,count1024,12800,0.990234375,0.0962890625000006
102004,8,count1024,13000,0.990234375,0.1005664062500007
102004,8,count1024,13200,0.9873046875,0.1028906250000008
102004,8,count1024,13400,0.9873046875,0.1014648437500008
102004,8,count1024,13600,0.9833984375,0.1019140625000007
102004,8,count1024,13800,0.9921875,0.0941210937500006
102004,8,count1024,14000,0.9951171875,0.1019726562500008
102004,8,count1024,14200,0.9951171875,0.0970312500000007
102004,8,count1024,14400,0.990234375,0.0968164062500005
102004,8,count1024,14600,0.9970703125,0.0991210937500007
102004,8,count1024,14800,0.990234375,0.1025195312500008
102004,8,count1024,15000,0.9853515625,0.1045898437500008
102004,8,count1024,15200,0.9931640625,0.1007226562500007
102004,8,count1024,15400,0.9951171875,0.0981445312500008
102004,8,count1024,15600,0.9853515625,0.1058203125000009
102004,8,count1024,15800,0.9853515625,0.1065429687500008
102004,8,count1024,16000,0.986328125,0.1083203125000007
102004,8,count1024,16200,0.994140625,0.1066210937500006
102004,8,count1024,16400,0.9853515625,0.1042578125000007
102004,8,count1024,16600,0.994140625,0.0993359375000006
102004,8,count1024,16800,0.9931640625,0.0993750000000007
102004,8,count1024,17000,0.9892578125,0.0981835937500006
102004,8,count1024,17200,0.990234375,0.1057031250000008
102004,8,count1024,17400,0.9814453125,0.1057031250000008
102004,8,count1024,17600,0.9921875,0.1033398437500008
102004,8,count1024,17800,0.9873046875,0.1019140625000008
102004,8,count1024,18000,0.990234375,0.1085937500000008
102004,8,count1024,18200,0.9931640625,0.1016796875000007
102004,8,count1024,18400,0.984375,0.1047460937500007
102004,8,count1024,18600,0.990234375,0.1024218750000007
102004,8,count1024,18800,0.9931640625,0.0969921875000006
102004,8,count1024,19000,0.9833984375,0.1073828125000009
102004,8,count1024,19200,0.9921875,0.1007031250000006
102004,8,count1024,19400,0.9892578125,0.1071679687500007
102004,8,count1024,19600,0.9921875,0.0952148437500006
102004,8,count1024,19800,0.9931640625,0.0954492187500006
102004,8,count1024,20000,0.9912109375,0.1026953125000007
102004,7,time150,0,0.2431640625,1.0
102004,7,time150,200,0.4169921875,0.5987304687499996
102004,7,time150,400,0.443359375,0.5749414062500003
102004,7,time150,600,0.5419921875,0.4849804687500014
102004,7,time150,800,0.58984375,0.4341406250000015
102004,7,time150,1000,0.6630859375,0.3691210937500015
102004,7,time150,1200,0.6943359375,0.3428320312500015
102004,7,time150,1400,0.69921875,0.3420312500000014
102004,7,time150,1600,0.744140625,0.2902734375000013
102004,7,time150,1800,0.767578125,0.2738671875000014
102004,7,time150,2000,0.7939453125,0.2417773437500016
102004,7,time150,2200,0.779296875,0.2644921875000014
102004,7,time150,2400,0.845703125,0.2097460937500014
102004,7,time150,2600,0.7978515625,0.2389257812500015
102004,7,time150,2800,0.8310546875,0.2209375000000014
102004,7,time150,3000,0.8349609375,0.2038085937500012
102004,7,time150,3200,0.806640625,0.2371093750000015
102004,7,time150,3400,0.7724609375,0.2603515625000014
102004,7,time150,3600,0.8173828125,0.2375976562500013
102004,7,time150,3800,0.8603515625,0.1868750000000013
102004,7,time150,4000,0.8134765625,0.2325976562500015
102004,7,time150,4200,0.8203125,0.2307421875000014
102004,7,time150,4400,0.822265625,0.2213476562500015
102004,7,time150,4600,0.841796875,0.1934375000000014
102004,7,time150,4800,0.8134765625,0.2249414062500015
102004,7,time150,5000,0.833984375,0.2071289062500016
102004,7,time150,5200,0.8193359375,0.2171484375000013
102004,7,time150,5400,0.8486328125,0.2075976562500014
102004,7,time150,5600,0.8427734375,0.194804687500001
102004,7,time150,5800,0.84375,0.2002148437500014
102004,7,time150,6000,0.833984375,0.2094921875000016
102004,7,time150,6200,0.82421875,0.2192578125000016
102004,7,time150,6400,0.8662109375,0.1921093750000015
102004,7,time150,6600,0.8583984375,0.1913476562500014
102004,7,time150,6800,0.861328125,0.1868359375000013
102004,7,time150,7000,0.8193359375,0.2207226562500013
102004,7,time150,7200,0.8564453125,0.1995117187500013
102004,7,time150,7400,0.8388671875,0.1962695312500013
102004,7,time150,7600,0.8720703125,0.1775000000000013
102004,7,time150,7800,0.8544921875,0.1834375000000012
102004,7,time150,8000,0.8310546875,0.2116015625000014
102004,7,time150,8200,0.86328125,0.1870117187500012
102004,7,time150,8400,0.8779296875,0.1778906250000014
102004,7,time150,8600,0.8759765625,0.1754687500000013
102004,7,time150,8800,0.83984375,0.2015625000000015
102004,7,time150,9000,0.873046875,0.1732226562500013
102004,7,time150,9200,0.833984375,0.2183007812500014
102004,7,time150,9400,0.8310546875,0.2091015625000014
102004,7,time150,9600,0.84765625,0.1991796875000013
102004,7,time150,9800,0.853515625,0.2044921875000012
102004,7,time150,10000,0.861328125,0.1841796875000014
102004,7,time150,10200,0.8525390625,0.1897265625000012
102004,7,time150,10400,0.853515625,0.1969531250000013
102004,7,time150,10600,0.8544921875,0.1916210937500013
102004,7,time150,10800,0.888671875,0.1646093750000011
102004,7,time150,11000,0.8681640625,0.1837500000000012
102004,7,time150,11200,0.8818359375,0.1636718750000011
102004,7,time150,11400,0.865234375,0.1865234375000015
102004,7,time150,11600,0.89453125,0.1662500000000013
102004,7,time150,11800,0.880859375,0.1712890625000013
102004,7,time150,12000,0.8671875,0.1747460937500011
102004,7,time150,12200,0.8837890625,0.1650000000000012
102004,7,time150,12400,0.8779296875,0.1739257812500012
102004,7,time150,12600,0.9091796875,0.1478710937500011
102004,7,time150,12800,0.84765625,0.1964257812500011
102004,7,time150,13000,0.841796875,0.1991796875000013
102004,7,time150,13200,0.892578125,0.1616796875000011
102004,7,time150,13400,0.87890625,0.1762109375000012
102004,7,time150,13600,0.8916015625,0.1660937500000011
102004,7,time150,13800,0.888671875,0.1554101562500011
102004,7,time150,14000,0.87109375,0.1758398437500011
102004,7,time150,14200,0.8818359375,0.1726171875000012
102004,7,time150,14400,0.9091796875,0.1427734375000011
102004,7,time150,14600,0.8779296875,0.1666210937500012
102004,7,time150,14800,0.884765625,0.1692968750000014
102004,7,time150,15000,0.8896484375,0.1599804687500009
102004,7,time150,15200,0.859375,0.1893359375000014
102004,7,time150,15400,0.873046875,0.1735351562500014
102004,7,time150,15600,0.8779296875,0.1727148437500012
102004,7,time150,15800,0.8837890625,0.1647656250000013
102004,7,time150,16000,0.8583984375,0.1929296875000011
102004,7,time150,16200,0.8720703125,0.1757226562500013
102004,7,time150,16400,0.8583984375,0.1806835937500013
102004,7,time150,16600,0.8876953125,0.1622070312500014
102004,7,time150,16800,0.87109375,0.1774414062500013
102004,7,time150,17000,0.9033203125,0.1459375000000011
102004,7,time150,17200,0.8876953125,0.1622070312500014
102004,7,time150,17400,0.90625,0.1518945312500013
102004,7,time150,17600,0.8779296875,0.1791992187500012
102004,7,time150,17800,0.9072265625,0.147187500000001
102004,7,time150,18000,0.8564453125,0.1891601562500012
102004,7,time150,18200,0.8828125,0.1714843750000014
102004,7,time150,18400,0.876953125,0.1732031250000013
102004,7,time150,18600,0.857421875,0.1809765625000014
102004,7,time150,18800,0.8740234375,0.1795898437500014
102004,7,time150,19000,0.8984375,0.1580468750000012
102004,7,time150,19200,0.9052734375,0.1554296875000012
102004,7,time150,19400,0.8896484375,0.1638281250000011
102004,7,time150,19600,0.8720703125,0.1824218750000015
102004,7,time150,19800,0.8681640625,0.1713867187500012
102004,7,time150,20000,0.8779296875,0.1696289062500011
102004,8,time150,0,0.2431640625,1.0
102004,8,time150,200,0.1845703125,0.8263476562499992
102004,8,time150,400,0.1640625,0.8449804687499991
102004,8,time150,600,0.1484375,0.8622265624999992
102004,8,time150,800,0.107421875,0.8987890624999993
102004,8,time150,1000,0.1142578125,0.8894335937499992
102004,8,time150,1200,0.1328125,0.8738671874999978
102004,8,time150,1400,0.12890625,0.8762890624999988
102004,8,time150,1600,0.1533203125,0.858085937499998
102004,8,time150,1800,0.181640625,0.8197070312499984
102004,8,time150,2000,0.1962890625,0.8165820312499982
102004,8,time150,2200,0.224609375,0.7849414062499983
102004,8,time150,2400,0.267578125,0.7463671874999978
102004,8,time150,2600,0.314453125,0.7022265624999984
102004,8,time150,2800,0.353515625,0.6582812499999994
102004,8,time150,3000,0.3359375,0.6740039062499982
102004,8,time150,3200,0.4384765625,0.5781249999999991
102004,8,time150,3400,0.3857421875,0.6354101562499981
102004,8,time150,3600,0.4990234375,0.522285156250001
102004,8,time150,3800,0.54296875,0.4843164062500016
102004,8,time150,4000,0.591796875,0.4429101562500013
102004,8,time150,4200,0.6181640625,0.4191992187500015
102004,8,time150,4400,0.6005859375,0.4314062500000017
102004,8,time150,4600,0.6572265625,0.3735156250000016
102004,8,time150,4800,0.658203125,0.3806835937500018
102004,8,time150,5000,0.6416015625,0.3904882812500015
102004,8,time150,5200,0.708984375,0.3376562500000016
102004,8,time150,5400,0.6474609375,0.3830664062500016
102004,8,time150,5600,0.6328125,0.4013085937500016
102004,8,time150,5800,0.68359375,0.3481054687500015
102004,8,time150,6000,0.6474609375,0.3856835937500017
102004,8,time150,6200,0.58203125,0.4511523437500016
102004,8,time150,6400,0.6005859375,0.4239062500000015
102004,8,time150,6600,0.642578125,0.3934179687500016
102004,8,time150,6800,0.6181640625,0.4015234375000015
102004,8,time150,7000,0.623046875,0.4019140625000014
102004,8,time150,7200,0.6767578125,0.3630078125000015
102004,8,time150,7400,0.65234375,0.3876562500000012
102004,8,time150,7600,0.6181640625,0.4115820312500015
102004,8,time150,7800,0.5986328125,0.4219531250000017
102004,8,time150,8000,0.658203125,0.3791601562500016
102004,8,time150,8200,0.6396484375,0.3967773437500016
102004,8,time150,8400,0.6025390625,0.4253710937500017
102004,8,time150,8600,0.6435546875,0.3820312500000017
102004,8,time150,8800,0.65234375,0.3826367187500017
102004,8,time150,9000,0.615234375,0.4204492187500016
102004,8,time150,9200,0.6357421875,0.3988867187500016
102004,8,time150,9400,0.609375,0.4302734375000015
102004,8,time150,9600,0.6748046875,0.3642773437500015
102004,8,time150,9800,0.6728515625,0.3525585937500017
102004,8,time150,10000,0.6552734375,0.3719140625000015
102004,8,time150,10200,0.63671875,0.4011132812500015
102004,8,time150,10400,0.6416015625,0.3872265625000018
102004,8,time150,10600,0.642578125,0.3896093750000015
102004,8,time150,10800,0.6123046875,0.4184570312500015
102004,8,time150,11000,0.6669921875,0.3649804687500014
102004,8,time150,11200,0.62109375,0.4147265625000017
102004,8,time150,11400,0.642578125,0.3884375000000016
102004,8,time150,11600,0.650390625,0.3896093750000013
102004,8,time150,11800,0.66015625,0.3728710937500016
102004,8,time150,12000,0.64453125,0.3935546875000017
102004,8,time150,12200,0.615234375,0.4193359375000014
102004,8,time150,12400,0.6708984375,0.3601953125000015
102004,8,time150,12600,0.6552734375,0.3850976562500015
102004,8,time150,12800,0.5947265625,0.4260156250000016
102004,8,time150,13000,0.611328125,0.4285742187500015
102004,8,time150,13200,0.654296875,0.3703906250000015
102004,8,time150,13400,0.6806640625,0.3616406250000017
102004,8,time150,13600,0.6904296875,0.3361523437500015
102004,8,time150,13800,0.66796875,0.3639453125000015
102004,8,time150,14000,0.6083984375,0.4240820312500013
102004,8,time150,14200,0.662109375,0.3731054687500016
102004,8,time150,14400,0.6337890625,0.4019335937500012
102004,8,time150,14600,0.6884765625,0.3526953125000013
102004,8,time150,14800,0.66015625,0.3670312500000017
102004,8,time150,15000,0.640625,0.3875000000000015
102004,8,time150,15200,0.62109375,0.4116992187500017
102004,8,time150,15400,0.6923828125,0.3545312500000015
102004,8,time150,15600,0.662109375,0.3701171875000015
102004,8,time150,15800,0.6279296875,0.4013671875000015
102004,8,time150,16000,0.625,0.3983398437500014
102004,8,time150,16200,0.669921875,0.3655273437500017
102004,8,time150,16400,0.6708984375,0.3613476562500014
102004,8,time150,16600,0.6826171875,0.3482421875000014
102004,8,time150,16800,0.6796875,0.3576562500000013
102004,8,time150,17000,0.6533203125,0.3869140625000016
102004,8,time150,17200,0.654296875,0.3834179687500012
102004,8,time150,17400,0.685546875,0.3507812500000014
102004,8,time150,17600,0.6923828125,0.3407812500000016
102004,8,time150,17800,0.65625,0.3720703125000017
102004,8,time150,18000,0.6591796875,0.3743164062500016
102004,8,time150,18200,0.6572265625,0.3797851562500018
102004,8,time150,18400,0.654296875,0.3695703125000015
102004,8,time150,18600,0.6181640625,0.4155273437500015
102004,8,time150,18800,0.630859375,0.4039257812500016
102004,8,time150,19000,0.63671875,0.3958398437500015
102004,8,time150,19200,0.6474609375,0.3767187500000016
102004,8,time150,19400,0.63671875,0.3976171875000016
102004,8,time150,19600,0.638671875,0.3916015625000015
102004,8,time150,19800,0.6376953125,0.3961132812500017
102004,8,time150,20000,0.6533203125,0.3843554687500017
102004,7,time750,0,0.2431640625,1.0
102004,7,time750,200,0.42578125,0.5906054687499995
102004,7,time750,400,0.5537109375,0.4656445312500013
102004,7,time750,600,0.8037109375,0.2386132812500014
102004,7,time750,800,0.9365234375,0.129960937500001
102004,7,time750,1000,0.970703125,0.1029687500000008
102004,7,time750,1200,0.9765625,0.0946875000000007
102004,7,time750,1400,0.9794921875,0.0922460937500006
102004,7,time750,1600,0.96875,0.1052929687500009
102004,7,time750,1800,0.9853515625,0.0924804687500006
102004,7,time750,2000,0.986328125,0.0841406250000005
102004,7,time750,2200,0.9931640625,0.0847265625000004
102004,7,time750,2400,0.986328125,0.0866796875000004
102004,7,time750,2600,0.994140625,0.0900976562500006
102004,7,time750,2800,0.984375,0.0921093750000006
102004,7,time750,3000,0.9912109375,0.0932031250000005
102004,7,time750,3200,0.9951171875,0.0834765625000005
102004,7,time750,3400,0.9921875,0.0823046875000005
102004,7,time750,3600,0.9951171875,0.0830664062500005
102004,7,time750,3800,0.9931640625,0.0854687500000004
102004,7,time750,4000,0.9970703125,0.0813281250000005
102004,7,time750,4200,0.9921875,0.0831250000000004
102004,7,time750,4400,0.994140625,0.0837890625000005
102004,7,time750,4600,0.9990234375,0.0841406250000004
102004,7,time750,4800,0.998046875,0.0839257812500005
102004,7,time750,5000,0.9951171875,0.0833789062500005
102004,7,time750,5200,0.998046875,0.0843359375000005
102004,7,time750,5400,0.9970703125,0.0811523437500003
102004,7,time750,5600,0.998046875,0.0819531250000005
102004,7,time750,5800,0.998046875,0.0806640625000004
102004,7,time750,6000,0.99609375,0.0858203125000005
102004,7,time750,6200,0.9970703125,0.0835937500000004
102004,7,time750,6400,0.99609375,0.0818554687500005
102004,7,time750,6600,0.994140625,0.0854492187500004
102004,7,time750,6800,0.9990234375,0.0849609375000005
102004,7,time750,7000,0.998046875,0.0842773437500005
102004,7,time750,7200,0.9990234375,0.0841210937500005
102004,7,time750,7400,0.9970703125,0.0848437500000005
102004,7,time750,7600,0.99609375,0.0847070312500004
102004,7,time750,7800,0.9931640625,0.0852929687500006
102004,7,time750,8000,0.998046875,0.0834179687500004
102004,7,time750,8200,0.9990234375,0.0820312500000005
102004,7,time750,8400,0.994140625,0.0829687500000006
102004,7,time750,8600,0.9990234375,0.0819921875000004
102004,7,time750,8800,0.9990234375,0.0803515625000004
102004,7,time750,9000,0.99609375,0.0843750000000006
102004,7,time750,9200,0.9970703125,0.0827148437500005
102004,7,time750,9400,0.9970703125,0.0816015625000005
102004,7,time750,9600,0.998046875,0.0827148437500004
102004,7,time750,9800,0.9990234375,0.0875585937500004
102004,7,time750,10000,0.998046875,0.0829296875000005
102004,7,time750,10200,0.9990234375,0.0802539062500003
102004,7,time750,10400,0.9990234375,0.0871484375000004
102004,7,time750,10600,0.998046875,0.0827539062500005
102004,7,time750,10800,0.99609375,0.0870898437500005
102004,7,time750,11000,0.998046875,0.0782812500000003
102004,7,time750,11200,0.9990234375,0.0772460937500003
102004,7,time750,11400,0.99609375,0.0845703125000005
102004,7,time750,11600,0.9970703125,0.0871484375000006
102004,7,time750,11800,0.998046875,0.0824609375000004
102004,7,time750,12000,0.9912109375,0.0879687500000006
102004,7,time750,12200,0.9951171875,0.0890039062500006
102004,7,time750,12400,0.998046875,0.0864062500000005
102004,7,time750,12600,0.9970703125,0.0840820312500004
102004,7,time750,12800,0.9970703125,0.0833398437500005
102004,7,time750,13000,0.9990234375,0.0834570312500006
102004,7,time750,13200,0.99609375,0.0821875000000004
102004,7,time750,13400,1.0,0.0853515625000005
102004,7,time750,13600,0.998046875,0.0834765625000004
102004,7,time750,13800,0.9990234375,0.0835742187500004
102004,7,time750,14000,1.0,0.0862304687500006
102004,7,time750,14200,0.998046875,0.0831054687500005
102004,7,time750,14400,1.0,0.0863867187500005
102004,7,time750,14600,0.998046875,0.0849609375000005
102004,7,time750,14800,0.9990234375,0.0855859375000005
102004,7,time750,15000,0.9970703125,0.0828515625000005
102004,7,time750,15200,0.9970703125,0.0856835937500005
102004,7,time750,15400,0.99609375,0.0851953125000006
102004,7,time750,15600,0.9990234375,0.0840429687500004
102004,7,time750,15800,0.9970703125,0.0830273437500004
102004,7,time750,16000,0.9990234375,0.0791796875000004
102004,7,time750,16200,0.998046875,0.0863085937500004
102004,7,time750,16400,1.0,0.0844140625000005
102004,7,time750,16600,0.99609375,0.0862304687500005
102004,7,time750,16800,0.9990234375,0.0838867187500004
102004,7,time750,17000,0.9970703125,0.0810351562500003
102004,7,time750,17200,0.9970703125,0.0849218750000006
102004,7,time750,17400,1.0,0.0843164062500005
102004,7,time750,17600,0.9990234375,0.0849023437500005
102004,7,time750,17800,0.9970703125,0.0856054687500006
102004,7,time750,18000,0.9990234375,0.0813867187500004
102004,7,time750,18200,0.998046875,0.0872656250000005
102004,7,time750,18400,0.9970703125,0.0849414062500005
102004,7,time750,18600,0.998046875,0.0875390625000005
102004,7,time750,18800,0.9990234375,0.0844140625000004
102004,7,time750,19000,1.0,0.0799218750000004
102004,7,time750,19200,0.99609375,0.0822265625000005
102004,7,time750,19400,1.0,0.0837890625000004
102004,7,time750,19600,0.998046875,0.0835546875000005
102004,7,time750,19800,0.998046875,0.0809375000000003
102004,7,time750,20000,0.9970703125,0.0837890625000005
102004,8,time750,0,0.2431640625,1.0
102004,8,time750,200,0.1923828125,0.8207226562499994
102004,8,time750,400,0.1640625,0.8434570312499996
102004,8,time750,600,0.193359375,0.826679687499999
102004,8,time750,800,0.26171875,0.763769531249999
102004,8,time750,1000,0.375,0.6602539062499989
102004,8,time750,1200,0.576171875,0.4544335937500017
102004,8,time750,1400,0.7666015625,0.2819726562500015
102004,8,time750,1600,0.8798828125,0.1809765625000012
102004,8,time750,1800,0.916015625,0.1539648437500012
102004,8,time750,2000,0.939453125,0.139082031250001
102004,8,time750,2200,0.951171875,0.132929687500001
102004,8,time750,2400,0.953125,0.130625000000001
102004,8,time750,2600,0.962890625,0.1142773437500008
102004,8,time750,2800,0.94921875,0.1217773437500009
102004,8,time750,3000,0.97265625,0.1152148437500008
102004,8,time750,3200,0.97265625,0.1079882812500007
102004,8,time750,3400,0.951171875,0.1231835937500008
102004,8,time750,3600,0.97265625,0.1080859375000008
102004,8,time750,3800,0.9638671875,0.1254687500000008
102004,8,time750,4000,0.97265625,0.1117773437500008
102004,8,time750,4200,0.97265625,0.1095703125000007
102004,8,time750,4400,0.978515625,0.1009960937500006
102004,8,time750,4600,0.9833984375,0.1074218750000007
102004,8,time750,4800,0.9765625,0.1069531250000007
102004,8,time750,5000,0.970703125,0.1113476562500006
102004,8,time750,5200,0.9814453125,0.1039648437500007
102004,8,time750,5400,0.9736328125,0.1057617187500008
102004,8,time750,5600,0.9765625,0.1106445312500008
102004,8,time750,5800,0.9755859375,0.1116601562500007
102004,8,time750,6000,0.9755859375,0.1094140625000007
102004,8,time750,6200,0.9814453125,0.1063476562500008
102004,8,time750,6400,0.9775390625,0.1064453125000007
102004,8,time750,6600,0.98828125,0.1031640625000006
102004,8,time750,6800,0.9873046875,0.1016015625000007
102004,8,time750,7000,0.986328125,0.1002539062500005
102004,8,time750,7200,0.9765625,0.1033789062500007
102004,8,time750,7400,0.9765625,0.1081640625000006
102004,8,time750,7600,0.982421875,0.1072265625000006
102004,8,time750,7800,0.98828125,0.1013476562500006
102004,8,time750,8000,0.98828125,0.1035937500000007
102004,8,time750,8200,0.9833984375,0.1038867187500008
102004,8,time750,8400,0.984375,0.1029296875000008
102004,8,time750,8600,0.9755859375,0.1087890625000007
102004,8,time750,8800,0.986328125,0.1039257812500007
102004,8,time750,9000,0.986328125,0.1005468750000007
102004,8,time750,9200,0.9833984375,0.1073632812500007
102004,8,time750,9400,0.9912109375,0.1015820312500007
102004,8,time750,9600,0.986328125,0.1026757812500006
102004,8,time750,9800,0.994140625,0.0972265625000005
102004,8,time750,10000,0.990234375,0.1049609375000006
102004,8,time750,10200,0.982421875,0.1028906250000007
102004,8,time750,10400,0.9912109375,0.0954296875000006
102004,8,time750,10600,0.9873046875,0.1017578125000007
102004,8,time750,10800,0.9873046875,0.1000195312500005
102004,8,time750,11000,0.9873046875,0.1086523437500006
102004,8,time750,11200,0.9931640625,0.1014453125000008
102004,8,time750,11400,0.9892578125,0.1005859375000006
102004,8,time750,11600,0.9892578125,0.1039062500000007
102004,8,time750,11800,0.9921875,0.0943164062500006
102004,8,time750,12000,0.9951171875,0.1020117187500007
102004,8,time750,12200,0.998046875,0.0947265625000006
102004,8,time750,12400,0.9970703125,0.0964453125000006
102004,8,time750,12600,0.9921875,0.0966015625000006
102004,8,time750,12800,0.9912109375,0.1009570312500007
102004,8,time750,13000,0.98828125,0.1009765625000006
102004,8,time750,13200,0.9892578125,0.1010156250000007
102004,8,time750,13400,0.9970703125,0.0933203125000006
102004,8,time750,13600,0.9931640625,0.0992187500000006
102004,8,time750,13800,0.99609375,0.0908203125000007
102004,8,time750,14000,0.9833984375,0.1011914062500007
102004,8,time750,14200,0.994140625,0.0976562500000006
102004,8,time750,14400,0.9990234375,0.0979296875000007
102004,8,time750,14600,0.9951171875,0.0963085937500007
102004,8,time750,14800,0.990234375,0.0932617187500004
102004,8,time750,15000,0.994140625,0.0963281250000006
102004,8,time750,15200,0.990234375,0.1043164062500008
102004,8,time750,15400,0.9931640625,0.1001757812500008
102004,8,time750,15600,0.9921875,0.0950000000000006
102004,8,time750,15800,0.9873046875,0.1053125000000008
102004,8,time750,16000,0.9912109375,0.1014648437500008
102004,8,time750,16200,0.994140625,0.0999023437500007
102004,8,time750,16400,0.994140625,0.0986914062500006
102004,8,time750,16600,0.9921875,0.0990625000000006
102004,8,time750,16800,0.9951171875,0.0980468750000006
102004,8,time750,17000,0.986328125,0.1014062500000008
102004,8,time750,17200,0.9892578125,0.1047460937500007
102004,8,time750,17400,0.9931640625,0.0986132812500007
102004,8,time750,17600,0.9912109375,0.1009765625000007
102004,8,time750,17800,0.9921875,0.1044531250000006
102004,8,time750,18000,0.9912109375,0.1006640625000007
102004,8,time750,18200,0.99609375,0.0979882812500007
102004,8,time750,18400,0.99609375,0.0961132812500007
102004,8,time750,18600,0.9912109375,0.0995898437500006
102004,8,time750,18800,0.99609375,0.0988476562500006
102004,8,time750,19000,0.990234375,0.0988085937500006
102004,8,time750,19200,0.9833984375,0.1039843750000007
102004,8,time750,19400,0.99609375,0.1020898437500008
102004,8,time750,19600,0.9931640625,0.0953320312500007
102004,8,time750,19800,0.9951171875,0.0969140625000007
102004,8,time750,20000,0.9921875,0.1011718750000008
102005,7,continuous,0,0.287109375,1.0
102005,7,continuous,200,0.4169921875,0.6021679687499997
102005,7,continuous,400,0.521484375,0.4978906250000015
102005,7,continuous,600,0.7802734375,0.2550976562500015
102005,7,continuous,800,0.94140625,0.118515625000001
102005,7,continuous,1000,0.9892578125,0.0902734375000006
102005,7,continuous,1200,0.990234375,0.0856640625000005
102005,7,continuous,1400,1.0,0.0838671875000005
102005,7,continuous,1600,0.9990234375,0.0898828125000005
102005,7,continuous,1800,0.998046875,0.0805859375000003
102005,7,continuous,2000,0.9990234375,0.0830078125000004
102005,7,continuous,2200,0.998046875,0.0811132812500004
102005,7,continuous,2400,1.0,0.0852929687500005
102005,7,continuous,2600,0.9990234375,0.0860546875000005
102005,7,continuous,2800,0.9990234375,0.0852539062500005
102005,7,continuous,3000,0.99609375,0.0846093750000005
102005,7,continuous,3200,1.0,0.0817773437500004
102005,7,continuous,3400,0.998046875,0.0819531250000004
102005,7,continuous,3600,1.0,0.0849804687500005
102005,7,continuous,3800,0.9990234375,0.0806054687500004
102005,7,continuous,4000,1.0,0.0873046875000005
102005,7,continuous,4200,1.0,0.0867382812500005
102005,7,continuous,4400,0.9990234375,0.0847460937500005
102005,7,continuous,4600,0.9970703125,0.0835937500000004
102005,7,continuous,4800,0.998046875,0.0864257812500005
102005,7,continuous,5000,1.0,0.0865429687500006
102005,7,continuous,5200,1.0,0.0834375000000005
102005,7,continuous,5400,1.0,0.0792382812500005
102005,7,continuous,5600,0.998046875,0.0850000000000005
102005,7,continuous,5800,0.9990234375,0.0833593750000004
102005,7,continuous,6000,0.9990234375,0.0849414062500005
102005,7,continuous,6200,0.9990234375,0.0823242187500006
102005,7,continuous,6400,0.9970703125,0.0849023437500004
102005,7,continuous,6600,1.0,0.0797656250000004
102005,7,continuous,6800,0.9990234375,0.0832421875000003
102005,7,continuous,7000,1.0,0.0807226562500004
102005,7,continuous,7200,1.0,0.0823242187500005
102005,7,continuous,7400,1.0,0.0840039062500005
102005,7,continuous,7600,1.0,0.0829882812500003
102005,7,continuous,7800,0.9990234375,0.0880859375000006
102005,7,continuous,8000,1.0,0.0850585937500004
102005,7,continuous,8200,1.0,0.0866796875000005
102005,7,continuous,8400,1.0,0.0835742187500005
102005,7,continuous,8600,0.9990234375,0.0851757812500005
102005,7,continuous,8800,1.0,0.0803125000000004
102005,7,continuous,9000,0.9990234375,0.0847070312500006
102005,7,continuous,9200,1.0,0.0841210937500004
102005,7,continuous,9400,0.9970703125,0.0805468750000005
102005,7,continuous,9600,0.9990234375,0.0844531250000004
102005,7,continuous,9800,1.0,0.0817773437500004
102005,7,continuous,10000,0.9990234375,0.0841601562500004
102005,7,continuous,10200,1.0,0.0855078125000005
102005,7,continuous,10400,1.0,0.0849023437500005
102005,7,continuous,10600,0.99609375,0.0837890625000005
102005,7,continuous,10800,1.0,0.0840625000000005
102005,7,continuous,11000,1.0,0.0845898437500005
102005,7,continuous,11200,1.0,0.0843164062500005
102005,7,continuous,11400,1.0,0.0851171875000005
102005,7,continuous,11600,1.0,0.0862109375000005
102005,7,continuous,11800,0.9990234375,0.0830468750000004
102005,7,continuous,12000,0.9990234375,0.0830859375000004
102005,7,continuous,12200,0.9990234375,0.0815820312500004
102005,7,continuous,12400,0.9990234375,0.0860742187500005
102005,7,continuous,12600,1.0,0.0856640625000005
102005,7,continuous,12800,1.0,0.0833398437500005
102005,7,continuous,13000,1.0,0.0837109375000005
102005,7,continuous,13200,1.0,0.0850000000000005
102005,7,continuous,13400,0.9990234375,0.0850585937500005
102005,7,continuous,13600,0.998046875,0.0866796875000006
102005,7,continuous,13800,1.0,0.0820898437500005
102005,7,continuous,14000,1.0,0.0815820312500003
102005,7,continuous,14200,1.0,0.0833203125000004
102005,7,continuous,14400,1.0,0.0831445312500004
102005,7,continuous,14600,0.998046875,0.0796875000000004
102005,7,continuous,14800,0.9990234375,0.0815429687500004
102005,7,continuous,15000,1.0,0.0860156250000005
102005,7,continuous,15200,0.9990234375,0.0813671875000005
102005,7,continuous,15400,0.9990234375,0.0853125000000005
102005,7,continuous,15600,1.0,0.0857812500000005
102005,7,continuous,15800,0.998046875,0.0827734375000005
102005,7,continuous,16000,0.9990234375,0.0798046875000004
102005,7,continuous,16200,1.0,0.0831445312500005
102005,7,continuous,16400,0.9990234375,0.0843554687500004
102005,7,continuous,16600,0.9990234375,0.0838085937500003
102005,7,continuous,16800,1.0,0.0819921875000004
102005,7,continuous,17000,1.0,0.0847851562500005
102005,7,continuous,17200,1.0,0.0833398437500005
102005,7,continuous,17400,0.9990234375,0.0855273437500006
102005,7,continuous,17600,0.9990234375,0.0832226562500005
102005,7,continuous,17800,1.0,0.0812890625000004
102005,7,continuous,18000,0.9970703125,0.0789648437500003
102005,7,continuous,18200,0.9990234375,0.0797265625000005
102005,7,continuous,18400,1.0,0.0796289062500003
102005,7,continuous,18600,0.9970703125,0.0860742187500005
102005,7,continuous,18800,0.998046875,0.0825000000000004
102005,7,continuous,19000,0.9990234375,0.0840039062500005
102005,7,continuous,19200,1.0,0.0836132812500004
102005,7,continuous,19400,0.998046875,0.0860937500000005
102005,7,continuous,19600,1.0,0.0822460937500005
102005,7,continuous,19800,0.9990234375,0.0836132812500005
102005,7,continuous,20000,1.0,0.0803320312500004
102005,8,continuous,0,0.287109375,1.0
102005,8,continuous,200,0.2412109375,0.7732031249999988
102005,8,continuous,400,0.18359375,0.8256640624999994
102005,8,continuous,600,0.2021484375,0.8134374999999991
102005,8,continuous,800,0.25390625,0.7652734374999991
102005,8,continuous,1000,0.3955078125,0.6354296875000006
102005,8,continuous,1200,0.6044921875,0.4633398437500014
102005,8,continuous,1400,0.859375,0.2312304687500013
102005,8,continuous,1600,0.92578125,0.1790039062500012
102005,8,continuous,1800,0.958984375,0.1364453125000008
102005,8,continuous,2000,0.9794921875,0.1228125000000009
102005,8,continuous,2200,0.98828125,0.1174804687500008
102005,8,continuous,2400,0.9931640625,0.1064257812500008
102005,8,continuous,2600,0.9912109375,0.1145703125000009
102005,8,continuous,2800,0.9892578125,0.1109179687500007
102005,8,continuous,3000,0.994140625,0.1149804687500009
102005,8,continuous,3200,0.998046875,0.1124218750000008
102005,8,continuous,3400,0.9892578125,0.1201562500000009
102005,8,continuous,3600,0.998046875,0.1076367187500008
102005,8,continuous,3800,0.9921875,0.1215429687500009
102005,8,continuous,4000,0.994140625,0.1223828125000008
102005,8,continuous,4200,0.9951171875,0.1188867187500007
102005,8,continuous,4400,0.99609375,0.1207031250000009
102005,8,continuous,4600,0.9970703125,0.1169335937500009
102005,8,continuous,4800,0.9970703125,0.1273632812500009
102005,8,continuous,5000,0.99609375,0.1115429687500008
102005,8,continuous,5200,0.9990234375,0.123574218750001
102005,8,continuous,5400,0.9970703125,0.1208984375000009
102005,8,continuous,5600,0.99609375,0.1201757812500009
102005,8,continuous,5800,0.99609375,0.127656250000001
102005,8,continuous,6000,0.9970703125,0.1229882812500009
102005,8,continuous,6200,0.9970703125,0.1266406250000009
102005,8,continuous,6400,0.9970703125,0.1173242187500009
102005,8,continuous,6600,0.998046875,0.1300976562500009
102005,8,continuous,6800,0.9990234375,0.128476562500001
102005,8,continuous,7000,0.9951171875,0.1209960937500009
102005,8,continuous,7200,0.9990234375,0.1260156250000008
102005,8,continuous,7400,0.998046875,0.126269531250001
102005,8,continuous,7600,0.994140625,0.1248437500000008
102005,8,continuous,7800,0.9990234375,0.127558593750001
102005,8,continuous,8000,0.9990234375,0.1228906250000008
102005,8,continuous,8200,0.9970703125,0.127675781250001
102005,8,continuous,8400,0.9990234375,0.1199414062500009
102005,8,continuous,8600,0.998046875,0.125136718750001
102005,8,continuous,8800,0.9970703125,0.1339648437500011
102005,8,continuous,9000,1.0,0.1190625000000009
102005,8,continuous,9200,1.0,0.123847656250001
102005,8,continuous,9400,0.9990234375,0.128281250000001
102005,8,continuous,9600,0.9970703125,0.1270898437500011
102005,8,continuous,9800,1.0,0.1279687500000009
102005,8,continuous,10000,0.9970703125,0.123183593750001
102005,8,continuous,10200,1.0,0.1272070312500009
102005,8,continuous,10400,0.998046875,0.1271093750000009
102005,8,continuous,10600,0.9990234375,0.1286914062500009
102005,8,continuous,10800,0.9970703125,0.1208984375000009
102005,8,continuous,11000,0.9970703125,0.1292578125000009
102005,8,continuous,11200,0.9990234375,0.1230468750000009
102005,8,continuous,11400,0.998046875,0.120820312500001
102005,8,continuous,11600,1.0,0.120761718750001
102005,8,continuous,11800,1.0,0.1309765625000011
102005,8,continuous,12000,0.9990234375,0.1254882812500008
102005,8,continuous,12200,0.998046875,0.132031250000001
102005,8,continuous,12400,0.99609375,0.1299414062500011
102005,8,continuous,12600,1.0,0.1278515625000009
102005,8,continuous,12800,0.9990234375,0.1281250000000009
102005,8,continuous,13000,0.9990234375,0.1328125000000011
102005,8,continuous,13200,0.998046875,0.1232617187500009
102005,8,continuous,13400,0.9990234375,0.134375000000001
102005,8,continuous,13600,0.9970703125,0.1319921875000008
102005,8,continuous,13800,0.9990234375,0.1197265625000008
102005,8,continuous,14000,0.994140625,0.1210937500000007
102005,8,continuous,14200,0.9970703125,0.1275390625000009
102005,8,continuous,14400,0.998046875,0.1256640625000009
102005,8,continuous,14600,0.9990234375,0.1250195312500007
102005,8,continuous,14800,0.99609375,0.133203125000001
102005,8,continuous,15000,0.998046875,0.1261914062500008
102005,8,continuous,15200,0.9990234375,0.1190429687500007
102005,8,continuous,15400,1.0,0.1250585937500009
102005,8,continuous,15600,1.0,0.1237304687500009
102005,8,continuous,15800,0.998046875,0.1298828125000008
102005,8,continuous,16000,0.998046875,0.1240429687500009
102005,8,continuous,16200,0.9990234375,0.1298437500000009
102005,8,continuous,16400,0.9990234375,0.1261132812500009
102005,8,continuous,16600,0.9990234375,0.124101562500001
102005,8,continuous,16800,0.998046875,0.1274023437500007
102005,8,continuous,17000,0.9990234375,0.1229687500000009
102005,8,continuous,17200,0.9951171875,0.1221875000000009
102005,8,continuous,17400,0.9990234375,0.1241601562500008
102005,8,continuous,17600,0.998046875,0.1277539062500008
102005,8,continuous,17800,0.99609375,0.119433593750001
102005,8,continuous,18000,0.998046875,0.1236914062500008
102005,8,continuous,18200,0.9990234375,0.1236718750000008
102005,8,continuous,18400,1.0,0.1319531250000009
102005,8,continuous,18600,1.0,0.1247265625000007
102005,8,continuous,18800,0.998046875,0.1280078125000009
102005,8,continuous,19000,0.9970703125,0.1262304687500009
102005,8,continuous,19200,0.9970703125,0.135664062500001
102005,8,continuous,19400,0.9990234375,0.130683593750001
102005,8,continuous,19600,1.0,0.1250390625000008
102005,8,continuous,19800,0.998046875,0.1291601562500009
102005,8,continuous,20000,0.9990234375,0.1250000000000009
102005,7,count1024,0,0.287109375,1.0
102005,7,count1024,200,0.40234375,0.612265624999999
102005,7,count1024,400,0.4462890625,0.5702734374999998
102005,7,count1024,600,0.56640625,0.4625976562500012
102005,7,count1024,800,0.607421875,0.4209179687500015
102005,7,count1024,1000,0.69921875,0.3356250000000013
102005,7,count1024,1200,0.6962890625,0.3271484375000014
102005,7,count1024,1400,0.7412109375,0.2931445312500016
102005,7,count1024,1600,0.78515625,0.2499804687500014
102005,7,count1024,1800,0.7919921875,0.2474609375000013
102005,7,count1024,2000,0.8173828125,0.2120898437500012
102005,7,count1024,2200,0.7890625,0.2554296875000017
102005,7,count1024,2400,0.794921875,0.2480859375000017
102005,7,count1024,2600,0.8017578125,0.2386328125000016
102005,7,count1024,2800,0.8037109375,0.2413281250000015
102005,7,count1024,3000,0.8125,0.2345507812500015
102005,7,count1024,3200,0.7939453125,0.2595898437500018
102005,7,count1024,3400,0.78515625,0.2544335937500016
102005,7,count1024,3600,0.814453125,0.2281054687500017
102005,7,count1024,3800,0.8046875,0.2285546875000015
102005,7,count1024,4000,0.8291015625,0.2186132812500014
102005,7,count1024,4200,0.8095703125,0.2345117187500015
102005,7,count1024,4400,0.861328125,0.1842773437500012
102005,7,count1024,4600,0.8564453125,0.1925000000000014
102005,7,count1024,4800,0.8310546875,0.2129492187500014
102005,7,count1024,5000,0.8388671875,0.2088281250000015
102005,7,count1024,5200,0.8330078125,0.2081640625000015
102005,7,count1024,5400,0.8115234375,0.2306054687500017
102005,7,count1024,5600,0.7958984375,0.2329687500000014
102005,7,count1024,5800,0.8046875,0.2343164062500015
102005,7,count1024,6000,0.8359375,0.2102539062500015
102005,7,count1024,6200,0.7861328125,0.2483203125000015
102005,7,count1024,6400,0.8505859375,0.1986132812500014
102005,7,count1024,6600,0.8525390625,0.1984375000000015
102005,7,count1024,6800,0.8134765625,0.2276953125000015
102005,7,count1024,7000,0.8349609375,0.2041406250000014
102005,7,count1024,7200,0.8095703125,0.2382617187500012
102005,7,count1024,7400,0.828125,0.2214062500000014
102005,7,count1024,7600,0.8623046875,0.1938281250000015
102005,7,count1024,7800,0.82421875,0.2196484375000017
102005,7,count1024,8000,0.85546875,0.1863281250000013
102005,7,count1024,8200,0.7958984375,0.2393945312500015
102005,7,count1024,8400,0.83203125,0.2142968750000015
102005,7,count1024,8600,0.8095703125,0.2289843750000014
102005,7,count1024,8800,0.8125,0.2267773437500016
102005,7,count1024,9000,0.8564453125,0.1918359375000013
102005,7,count1024,9200,0.83203125,0.2073632812500016
102005,7,count1024,9400,0.8349609375,0.2121289062500015
102005,7,count1024,9600,0.865234375,0.1907617187500015
102005,7,count1024,9800,0.884765625,0.1630078125000013
102005,7,count1024,10000,0.8544921875,0.1996093750000014
102005,7,count1024,10200,0.8662109375,0.1766992187500013
102005,7,count1024,10400,0.833984375,0.2071679687500014
102005,7,count1024,10600,0.859375,0.1918554687500015
102005,7,count1024,10800,0.869140625,0.1809570312500012
102005,7,count1024,11000,0.8701171875,0.1713085937500011
102005,7,count1024,11200,0.828125,0.2162890625000014
102005,7,count1024,11400,0.8505859375,0.1944921875000012
102005,7,count1024,11600,0.8505859375,0.1862695312500014
102005,7,count1024,11800,0.83984375,0.2105859375000012
102005,7,count1024,12000,0.826171875,0.2158203125000014
102005,7,count1024,12200,0.86328125,0.1879101562500012
102005,7,count1024,12400,0.8515625,0.1948632812500013
102005,7,count1024,12600,0.859375,0.1816796875000012
102005,7,count1024,12800,0.8447265625,0.1905859375000015
102005,7,count1024,13000,0.83203125,0.2028515625000015
102005,7,count1024,13200,0.8515625,0.1920312500000012
102005,7,count1024,13400,0.8681640625,0.1809179687500012
102005,7,count1024,13600,0.86328125,0.1867578125000013
102005,7,count1024,13800,0.8642578125,0.1778320312500013
102005,7,count1024,14000,0.8515625,0.1891992187500015
102005,7,count1024,14200,0.8603515625,0.1786132812500015
102005,7,count1024,14400,0.8486328125,0.1991601562500014
102005,7,count1024,14600,0.8662109375,0.1765625000000014
102005,7,count1024,14800,0.8349609375,0.2078906250000012
102005,7,count1024,15000,0.8486328125,0.1941015625000014
102005,7,count1024,15200,0.8330078125,0.2067773437500016
102005,7,count1024,15400,0.86328125,0.1851757812500014
102005,7,count1024,15600,0.8369140625,0.2040039062500015
102005,7,count1024,15800,0.8203125,0.2181835937500014
102005,7,count1024,16000,0.8623046875,0.1886718750000011
102005,7,count1024,16200,0.83984375,0.2073828125000013
102005,7,count1024,16400,0.8212890625,0.217871093750001
102005,7,count1024,16600,0.826171875,0.2142773437500013
102005,7,count1024,16800,0.8486328125,0.1938671875000011
102005,7,count1024,17000,0.861328125,0.1705273437500014
102005,7,count1024,17200,0.8564453125,0.1944531250000013
102005,7,count1024,17400,0.8818359375,0.1680468750000012
102005,7,count1024,17600,0.8583984375,0.1956835937500014
102005,7,count1024,17800,0.82421875,0.2204492187500015
102005,7,count1024,18000,0.849609375,0.1920898437500013
102005,7,count1024,18200,0.83203125,0.2083593750000014
102005,7,count1024,18400,0.869140625,0.1799804687500012
102005,7,count1024,18600,0.8623046875,0.1821484375000014
102005,7,count1024,18800,0.8486328125,0.1940820312500015
102005,7,count1024,19000,0.8076171875,0.2424609375000013
102005,7,count1024,19200,0.8671875,0.1801562500000012
102005,7,count1024,19400,0.8525390625,0.1954492187500014
102005,7,count1024,19600,0.8603515625,0.1886718750000013
102005,7,count1024,19800,0.849609375,0.2002539062500014
102005,7,count1024,20000,0.8388671875,0.2065234375000014
102005,8,count1024,0,0.287109375,1.0
102005,8,count1024,200,0.2412109375,0.7732031249999988
102005,8,count1024,400,0.18359375,0.8256640624999994
102005,8,count1024,600,0.2021484375,0.8134374999999991
102005,8,count1024,800,0.25,0.7700781249999993
102005,8,count1024,1000,0.3271484375,0.6937499999999986
102005,8,count1024,1200,0.4296875,0.5992382812499997
102005,8,count1024,1400,0.6142578125,0.4232226562500014
102005,8,count1024,1600,0.7333984375,0.3145117187500016
102005,8,count1024,1800,0.8369140625,0.2294140625000016
102005,8,count1024,2000,0.8798828125,0.1898046875000014
102005,8,count1024,2200,0.8994140625,0.1675976562500017
102005,8,count1024,2400,0.9140625,0.1597265625000012
102005,8,count1024,2600,0.90625,0.1625585937500014
102005,8,count1024,2800,0.9013671875,0.1686132812500013
102005,8,count1024,3000,0.9189453125,0.1639257812500015
102005,8,count1024,3200,0.9306640625,0.1453515625000012
102005,8,count1024,3400,0.935546875,0.1348828125000011
102005,8,count1024,3600,0.9365234375,0.1431445312500011
102005,8,count1024,3800,0.9521484375,0.130722656250001
102005,8,count1024,4000,0.9404296875,0.1422851562500012
102005,8,count1024,4200,0.935546875,0.1387890625000013
102005,8,count1024,4400,0.9365234375,0.135429687500001
102005,8,count1024,4600,0.94921875,0.133652343750001
102005,8,count1024,4800,0.9453125,0.1271875000000008
102005,8,count1024,5000,0.94140625,0.145234375000001
102005,8,count1024,5200,0.9365234375,0.1445898437500011
102005,8,count1024,5400,0.9423828125,0.140136718750001
102005,8,count1024,5600,0.9326171875,0.1441796875000009
102005,8,count1024,5800,0.94921875,0.1306445312500008
102005,8,count1024,6000,0.9287109375,0.1560156250000012
102005,8,count1024,6200,0.935546875,0.1383203125000009
102005,8,count1024,6400,0.953125,0.1209570312500008
102005,8,count1024,6600,0.93359375,0.141542968750001
102005,8,count1024,6800,0.94140625,0.137753906250001
102005,8,count1024,7000,0.9501953125,0.1288476562500008
102005,8,count1024,7200,0.9365234375,0.1384765625000009
102005,8,count1024,7400,0.9404296875,0.1446484375000013
102005,8,count1024,7600,0.951171875,0.1316210937500011
102005,8,count1024,7800,0.9482421875,0.1220312500000007
102005,8,count1024,8000,0.94921875,0.1245507812500008
102005,8,count1024,8200,0.9580078125,0.129550781250001
102005,8,count1024,8400,0.953125,0.129062500000001
102005,8,count1024,8600,0.9560546875,0.1255468750000009
102005,8,count1024,8800,0.9482421875,0.1318164062500008
102005,8,count1024,9000,0.955078125,0.130898437500001
102005,8,count1024,9200,0.939453125,0.1313281250000008
102005,8,count1024,9400,0.9501953125,0.1213281250000009
102005,8,count1024,9600,0.9453125,0.131210937500001
102005,8,count1024,9800,0.958984375,0.1184960937500009
102005,8,count1024,10000,0.927734375,0.1450585937500012
102005,8,count1024,10200,0.935546875,0.1388476562500011
102005,8,count1024,10400,0.9697265625,0.120039062500001
102005,8,count1024,10600,0.9462890625,0.1351367187500013
102005,8,count1024,10800,0.9677734375,0.1184179687500009
102005,8,count1024,11000,0.923828125,0.1474023437500011
102005,8,count1024,11200,0.9599609375,0.1267773437500009
102005,8,count1024,11400,0.9501953125,0.1397070312500014
102005,8,count1024,11600,0.9462890625,0.1312695312500011
102005,8,count1024,11800,0.958984375,0.122753906250001
102005,8,count1024,12000,0.9716796875,0.1105859375000007
102005,8,count1024,12200,0.9462890625,0.1349609375000012
102005,8,count1024,12400,0.951171875,0.1283789062500009
102005,8,count1024,12600,0.9609375,0.1264453125000009
102005,8,count1024,12800,0.9541015625,0.1291210937500011
102005,8,count1024,13000,0.9501953125,0.132792968750001
102005,8,count1024,13200,0.9443359375,0.131601562500001
102005,8,count1024,13400,0.9365234375,0.1421875000000011
102005,8,count1024,13600,0.9404296875,0.147343750000001
102005,8,count1024,13800,0.9306640625,0.1399218750000011
102005,8,count1024,14000,0.9248046875,0.1455468750000009
102005,8,count1024,14200,0.9453125,0.1309765625000011
102005,8,count1024,14400,0.9658203125,0.114824218750001
102005,8,count1024,14600,0.9462890625,0.1300195312500011
102005,8,count1024,14800,0.9609375,0.1223046875000009
102005,8,count1024,15000,0.95703125,0.127460937500001
102005,8,count1024,15200,0.953125,0.123320312500001
102005,8,count1024,15400,0.9326171875,0.1398046875000009
102005,8,count1024,15600,0.9443359375,0.135000000000001
102005,8,count1024,15800,0.9482421875,0.1285937500000009
102005,8,count1024,16000,0.95703125,0.133535156250001
102005,8,count1024,16200,0.9560546875,0.1195703125000008
102005,8,count1024,16400,0.9208984375,0.140449218750001
102005,8,count1024,16600,0.939453125,0.138593750000001
102005,8,count1024,16800,0.9365234375,0.1241796875000008
102005,8,count1024,17000,0.9453125,0.1332031250000008
102005,8,count1024,17200,0.9541015625,0.1284179687500008
102005,8,count1024,17400,0.970703125,0.1182031250000008
102005,8,count1024,17600,0.958984375,0.1230273437500008
102005,8,count1024,17800,0.9609375,0.1195117187500009
102005,8,count1024,18000,0.94921875,0.1292578125000008
102005,8,count1024,18200,0.9501953125,0.1241992187500007
102005,8,count1024,18400,0.9404296875,0.1294140625000008
102005,8,count1024,18600,0.951171875,0.1219335937500008
102005,8,count1024,18800,0.9384765625,0.1338476562500008
102005,8,count1024,19000,0.94140625,0.136191406250001
102005,8,count1024,19200,0.93359375,0.1357812500000011
102005,8,count1024,19400,0.951171875,0.1253320312500009
102005,8,count1024,19600,0.953125,0.1148437500000008
102005,8,count1024,19800,0.9501953125,0.132109375000001
102005,8,count1024,20000,0.9462890625,0.1359179687500011
102005,7,time150,0,0.287109375,1.0
102005,7,time150,200,0.40234375,0.612265624999999
102005,7,time150,400,0.4462890625,0.5702734374999998
102005,7,time150,600,0.56640625,0.4625976562500012
102005,7,time150,800,0.607421875,0.4209179687500015
102005,7,time150,1000,0.69921875,0.3356250000000013
102005,7,time150,1200,0.6962890625,0.3271484375000014
102005,7,time150,1400,0.7412109375,0.2931445312500016
102005,7,time150,1600,0.78515625,0.2499804687500014
102005,7,time150,1800,0.7919921875,0.2474609375000013
102005,7,time150,2000,0.8173828125,0.2120898437500012
102005,7,time150,2200,0.7890625,0.2554296875000017
102005,7,time150,2400,0.794921875,0.2480859375000017
102005,7,time150,2600,0.8017578125,0.2386328125000016
102005,7,time150,2800,0.8037109375,0.2413281250000015
102005,7,time150,3000,0.8125,0.2345507812500015
102005,7,time150,3200,0.7939453125,0.2595898437500018
102005,7,time150,3400,0.78515625,0.2544335937500016
102005,7,time150,3600,0.814453125,0.2281054687500017
102005,7,time150,3800,0.8046875,0.2285546875000015
102005,7,time150,4000,0.8291015625,0.2186132812500014
102005,7,time150,4200,0.8095703125,0.2345117187500015
102005,7,time150,4400,0.861328125,0.1842773437500012
102005,7,time150,4600,0.8564453125,0.1925000000000014
102005,7,time150,4800,0.8310546875,0.2129492187500014
102005,7,time150,5000,0.8388671875,0.2088281250000015
102005,7,time150,5200,0.8330078125,0.2081640625000015
102005,7,time150,5400,0.8115234375,0.2306054687500017
102005,7,time150,5600,0.7958984375,0.2329687500000014
102005,7,time150,5800,0.8046875,0.2343164062500015
102005,7,time150,6000,0.8359375,0.2102539062500015
102005,7,time150,6200,0.7861328125,0.2483203125000015
102005,7,time150,6400,0.8505859375,0.1986132812500014
102005,7,time150,6600,0.8525390625,0.1984375000000015
102005,7,time150,6800,0.8134765625,0.2276953125000015
102005,7,time150,7000,0.8349609375,0.2041406250000014
102005,7,time150,7200,0.8095703125,0.2382617187500012
102005,7,time150,7400,0.828125,0.2214062500000014
102005,7,time150,7600,0.8623046875,0.1938281250000015
102005,7,time150,7800,0.82421875,0.2196484375000017
102005,7,time150,8000,0.85546875,0.1863281250000013
102005,7,time150,8200,0.7958984375,0.2393945312500015
102005,7,time150,8400,0.83203125,0.2142968750000015
102005,7,time150,8600,0.8095703125,0.2289843750000014
102005,7,time150,8800,0.8125,0.2267773437500016
102005,7,time150,9000,0.8564453125,0.1918359375000013
102005,7,time150,9200,0.83203125,0.2073632812500016
102005,7,time150,9400,0.8349609375,0.2121289062500015
102005,7,time150,9600,0.865234375,0.1907617187500015
102005,7,time150,9800,0.884765625,0.1630078125000013
102005,7,time150,10000,0.8544921875,0.1996093750000014
102005,7,time150,10200,0.8662109375,0.1766992187500013
102005,7,time150,10400,0.833984375,0.2071679687500014
102005,7,time150,10600,0.859375,0.1918554687500015
102005,7,time150,10800,0.869140625,0.1809570312500012
102005,7,time150,11000,0.8701171875,0.1713085937500011
102005,7,time150,11200,0.828125,0.2162890625000014
102005,7,time150,11400,0.8505859375,0.1944921875000012
102005,7,time150,11600,0.8505859375,0.1862695312500014
102005,7,time150,11800,0.83984375,0.2105859375000012
102005,7,time150,12000,0.826171875,0.2158203125000014
102005,7,time150,12200,0.86328125,0.1879101562500012
102005,7,time150,12400,0.8515625,0.1948632812500013
102005,7,time150,12600,0.859375,0.1816796875000012
102005,7,time150,12800,0.8447265625,0.1905859375000015
102005,7,time150,13000,0.83203125,0.2028515625000015
102005,7,time150,13200,0.8515625,0.1920312500000012
102005,7,time150,13400,0.8681640625,0.1809179687500012
102005,7,time150,13600,0.86328125,0.1867578125000013
102005,7,time150,13800,0.8642578125,0.1778320312500013
102005,7,time150,14000,0.8515625,0.1891992187500015
102005,7,time150,14200,0.8603515625,0.1786132812500015
102005,7,time150,14400,0.8486328125,0.1991601562500014
102005,7,time150,14600,0.8662109375,0.1765625000000014
102005,7,time150,14800,0.8349609375,0.2078906250000012
102005,7,time150,15000,0.8486328125,0.1941015625000014
102005,7,time150,15200,0.8330078125,0.2067773437500016
102005,7,time150,15400,0.86328125,0.1851757812500014
102005,7,time150,15600,0.8369140625,0.2040039062500015
102005,7,time150,15800,0.8203125,0.2181835937500014
102005,7,time150,16000,0.8623046875,0.1886718750000011
102005,7,time150,16200,0.83984375,0.2073828125000013
102005,7,time150,16400,0.8212890625,0.217871093750001
102005,7,time150,16600,0.826171875,0.2142773437500013
102005,7,time150,16800,0.8486328125,0.1938671875000011
102005,7,time150,17000,0.861328125,0.1705273437500014
102005,7,time150,17200,0.8564453125,0.1944531250000013
102005,7,time150,17400,0.8818359375,0.1680468750000012
102005,7,time150,17600,0.8583984375,0.1956835937500014
102005,7,time150,17800,0.82421875,0.2204492187500015
102005,7,time150,18000,0.849609375,0.1920898437500013
102005,7,time150,18200,0.83203125,0.2083593750000014
102005,7,time150,18400,0.869140625,0.1799804687500012
102005,7,time150,18600,0.8623046875,0.1821484375000014
102005,7,time150,18800,0.8486328125,0.1940820312500015
102005,7,time150,19000,0.8076171875,0.2424609375000013
102005,7,time150,19200,0.8671875,0.1801562500000012
102005,7,time150,19400,0.8525390625,0.1954492187500014
102005,7,time150,19600,0.8603515625,0.1886718750000013
102005,7,time150,19800,0.849609375,0.2002539062500014
102005,7,time150,20000,0.8388671875,0.2065234375000014
102005,8,time150,0,0.287109375,1.0
102005,8,time150,200,0.2294921875,0.7824023437499991
102005,8,time150,400,0.173828125,0.8367187499999988
102005,8,time150,600,0.1611328125,0.8442187499999994
102005,8,time150,800,0.20703125,0.8068554687499995
102005,8,time150,1000,0.1865234375,0.8255664062499994
102005,8,time150,1200,0.1953125,0.8180859374999992
102005,8,time150,1400,0.2431640625,0.7696289062499995
102005,8,time150,1600,0.30078125,0.716699218749999
102005,8,time150,1800,0.3837890625,0.6365624999999993
102005,8,time150,2000,0.4111328125,0.6106054687499999
102005,8,time150,2200,0.4677734375,0.5453710937499997
102005,8,time150,2400,0.5400390625,0.4889648437500011
102005,8,time150,2600,0.5615234375,0.4665039062500013
102005,8,time150,2800,0.6533203125,0.3782812500000016
102005,8,time150,3000,0.6376953125,0.3896093750000017
102005,8,time150,3200,0.6845703125,0.3462890625000015
102005,8,time150,3400,0.6552734375,0.3758203125000015
102005,8,time150,3600,0.6904296875,0.3410742187500016
102005,8,time150,3800,0.716796875,0.3235742187500015
102005,8,time150,4000,0.69140625,0.3451367187500015
102005,8,time150,4200,0.6826171875,0.3487695312500017
102005,8,time150,4400,0.701171875,0.3306250000000016
102005,8,time150,4600,0.763671875,0.2778320312500014
102005,8,time150,4800,0.693359375,0.3510546875000015
102005,8,time150,5000,0.740234375,0.2933984375000016
102005,8,time150,5200,0.7177734375,0.3171484375000016
102005,8,time150,5400,0.7294921875,0.2989648437500015
102005,8,time150,5600,0.67578125,0.3645898437500016
102005,8,time150,5800,0.724609375,0.3118164062500012
102005,8,time150,6000,0.7265625,0.3055273437500011
102005,8,time150,6200,0.75390625,0.2862109375000016
102005,8,time150,6400,0.7021484375,0.3244140625000014
102005,8,time150,6600,0.7578125,0.2928320312500015
102005,8,time150,6800,0.7353515625,0.3062500000000016
102005,8,time150,7000,0.7236328125,0.316484375000002
102005,8,time150,7200,0.7158203125,0.3268359375000017
102005,8,time150,7400,0.728515625,0.3091406250000015
102005,8,time150,7600,0.7041015625,0.3204296875000013
102005,8,time150,7800,0.703125,0.3344726562500015
102005,8,time150,8000,0.7080078125,0.3264062500000016
102005,8,time150,8200,0.7158203125,0.3221093750000019
102005,8,time150,8400,0.6904296875,0.3511718750000014
102005,8,time150,8600,0.673828125,0.3596093750000016
102005,8,time150,8800,0.716796875,0.3141796875000016
102005,8,time150,9000,0.6591796875,0.3625195312500015
102005,8,time150,9200,0.666015625,0.3577929687500017
102005,8,time150,9400,0.638671875,0.3904882812500015
102005,8,time150,9600,0.6962890625,0.3370507812500017
102005,8,time150,9800,0.6669921875,0.3650390625000017
102005,8,time150,10000,0.6953125,0.3425390625000017
102005,8,time150,10200,0.7509765625,0.2856835937500018
102005,8,time150,10400,0.763671875,0.2842968750000014
102005,8,time150,10600,0.771484375,0.2771875000000015
102005,8,time150,10800,0.7275390625,0.3082226562500017
102005,8,time150,11000,0.767578125,0.2707617187500016
102005,8,time150,11200,0.7548828125,0.2858984375000014
102005,8,time150,11400,0.744140625,0.2945898437500014
102005,8,time150,11600,0.716796875,0.3138281250000019
102005,8,time150,11800,0.734375,0.2990429687500014
102005,8,time150,12000,0.677734375,0.3594921875000015
102005,8,time150,12200,0.734375,0.3003320312500015
102005,8,time150,12400,0.7568359375,0.2758007812500015
102005,8,time150,12600,0.73828125,0.3050781250000016
102005,8,time150,12800,0.732421875,0.3088867187500016
102005,8,time150,13000,0.7392578125,0.2972656250000017
102005,8,time150,13200,0.740234375,0.3057031250000016
102005,8,time150,13400,0.703125,0.3253710937500014
102005,8,time150,13600,0.7060546875,0.3219335937500014
102005,8,time150,13800,0.6953125,0.3427148437500015
102005,8,time150,14000,0.7666015625,0.2790039062500014
102005,8,time150,14200,0.791015625,0.2493945312500016
102005,8,time150,14400,0.7451171875,0.2972460937500014
102005,8,time150,14600,0.7265625,0.3128320312500015
102005,8,time150,14800,0.712890625,0.3259179687500017
102005,8,time150,15000,0.724609375,0.3038867187500015
102005,8,time150,15200,0.6845703125,0.3481054687500015
102005,8,time150,15400,0.7158203125,0.3171289062500015
102005,8,time150,15600,0.740234375,0.2993359375000017
102005,8,time150,15800,0.7197265625,0.3164062500000014
102005,8,time150,16000,0.732421875,0.3020117187500016
102005,8,time150,16200,0.7041015625,0.3448046875000018
102005,8,time150,16400,0.734375,0.3100781250000014
102005,8,time150,16600,0.6875,0.3529687500000015
102005,8,time150,16800,0.7275390625,0.3036132812500015
102005,8,time150,17000,0.716796875,0.3180664062500014
102005,8,time150,17200,0.736328125,0.3058398437500014
102005,8,time150,17400,0.7470703125,0.2988476562500015
102005,8,time150,17600,0.7265625,0.3222070312500019
102005,8,time150,17800,0.7158203125,0.3109765625000017
102005,8,time150,18000,0.7236328125,0.3214453125000016
102005,8,time150,18200,0.6982421875,0.3395117187500016
102005,8,time150,18400,0.701171875,0.3294726562500018
102005,8,time150,18600,0.708984375,0.3142382812500015
102005,8,time150,18800,0.6806640625,0.3482812500000018
102005,8,time150,19000,0.7109375,0.3182031250000015
102005,8,time150,19200,0.7001953125,0.3271875000000013
102005,8,time150,19400,0.7333984375,0.3017578125000015
102005,8,time150,19600,0.7255859375,0.3158203125000016
102005,8,time150,19800,0.7099609375,0.3297851562500016
102005,8,time150,20000,0.74609375,0.2951953125000015
102005,7,time750,0,0.287109375,1.0
102005,7,time750,200,0.4169921875,0.6021679687499997
102005,7,time750,400,0.521484375,0.4978906250000015
102005,7,time750,600,0.7802734375,0.2550976562500015
102005,7,time750,800,0.94140625,0.1197656250000008
102005,7,time750,1000,0.974609375,0.1022070312500006
102005,7,time750,1200,0.9765625,0.0996484375000006
102005,7,time750,1400,0.986328125,0.0923632812500006
102005,7,time750,1600,0.9853515625,0.0890625000000005
102005,7,time750,1800,0.9892578125,0.0851953125000005
102005,7,time750,2000,0.9951171875,0.0839062500000005
102005,7,time750,2200,0.9931640625,0.0851562500000005
102005,7,time750,2400,0.9921875,0.0838671875000004
102005,7,time750,2600,0.994140625,0.0858984375000005
102005,7,time750,2800,0.9912109375,0.0860351562500006
102005,7,time750,3000,0.9970703125,0.0796093750000004
102005,7,time750,3200,0.994140625,0.0838867187500006
102005,7,time750,3400,0.9951171875,0.0842382812500006
102005,7,time750,3600,0.9951171875,0.0884179687500004
102005,7,time750,3800,0.9970703125,0.0836914062500004
102005,7,time750,4000,0.9921875,0.0818359375000005
102005,7,time750,4200,0.998046875,0.0838085937500004
102005,7,time750,4400,0.9951171875,0.0848632812500004
102005,7,time750,4600,0.99609375,0.0805078125000004
102005,7,time750,4800,0.994140625,0.0826953125000004
102005,7,time750,5000,0.998046875,0.0820898437500004
102005,7,time750,5200,0.994140625,0.0839062500000004
102005,7,time750,5400,0.9970703125,0.0852539062500005
102005,7,time750,5600,0.9951171875,0.0857031250000004
102005,7,time750,5800,0.99609375,0.0841406250000005
102005,7,time750,6000,0.9951171875,0.0825781250000005
102005,7,time750,6200,0.9990234375,0.0843945312500004
102005,7,time750,6400,0.99609375,0.0865820312500005
102005,7,time750,6600,0.994140625,0.0881445312500005
102005,7,time750,6800,1.0,0.0831835937500006
102005,7,time750,7000,0.998046875,0.0801562500000002
102005,7,time750,7200,0.9970703125,0.0896289062500007
102005,7,time750,7400,0.998046875,0.0833203125000004
102005,7,time750,7600,0.9990234375,0.0818359375000003
102005,7,time750,7800,0.998046875,0.0844531250000004
102005,7,time750,8000,0.998046875,0.0830078125000004
102005,7,time750,8200,0.9970703125,0.0825195312500004
102005,7,time750,8400,0.998046875,0.0844726562500005
102005,7,time750,8600,0.998046875,0.0844921875000005
102005,7,time750,8800,0.9990234375,0.0824023437500005
102005,7,time750,9000,0.994140625,0.0865625000000006
102005,7,time750,9200,0.9970703125,0.0870117187500006
102005,7,time750,9400,0.9931640625,0.0841796875000005
102005,7,time750,9600,0.9990234375,0.0810742187500003
102005,7,time750,9800,0.9970703125,0.0800195312500003
102005,7,time750,10000,1.0,0.0854687500000005
102005,7,time750,10200,0.9990234375,0.0864257812500005
102005,7,time750,10400,0.998046875,0.0850390625000004
102005,7,time750,10600,0.9931640625,0.0848437500000005
102005,7,time750,10800,0.998046875,0.0886132812500006
102005,7,time750,11000,0.9931640625,0.0858398437500005
102005,7,time750,11200,0.998046875,0.0822851562500004
102005,7,time750,11400,0.99609375,0.0864453125000005
102005,7,time750,11600,0.9970703125,0.0832031250000005
102005,7,time750,11800,0.998046875,0.0842968750000005
102005,7,time750,12000,0.9990234375,0.0834375000000005
102005,7,time750,12200,0.9990234375,0.0821679687500004
102005,7,time750,12400,0.998046875,0.0857812500000005
102005,7,time750,12600,0.9951171875,0.0834375000000003
102005,7,time750,12800,0.99609375,0.0838281250000005
102005,7,time750,13000,0.998046875,0.0858398437500005
102005,7,time750,13200,0.998046875,0.0900195312500007
102005,7,time750,13400,0.998046875,0.0832421875000005
102005,7,time750,13600,0.9970703125,0.0811718750000003
102005,7,time750,13800,1.0,0.0838085937500004
102005,7,time750,14000,1.0,0.0821484375000005
102005,7,time750,14200,0.99609375,0.0873242187500004
102005,7,time750,14400,0.9990234375,0.0889062500000005
102005,7,time750,14600,0.994140625,0.0813476562500004
102005,7,time750,14800,0.99609375,0.0932226562500007
102005,7,time750,15000,0.998046875,0.0860156250000006
102005,7,time750,15200,0.9970703125,0.0863476562500004
102005,7,time750,15400,0.998046875,0.0772460937500003
102005,7,time750,15600,0.9970703125,0.0890039062500006
102005,7,time750,15800,0.998046875,0.0860546875000006
102005,7,time750,16000,0.998046875,0.0823437500000004
102005,7,time750,16200,0.9990234375,0.0799023437500004
102005,7,time750,16400,0.998046875,0.0845898437500005
102005,7,time750,16600,1.0,0.0847656250000005
102005,7,time750,16800,1.0,0.0836523437500005
102005,7,time750,17000,0.9970703125,0.0849804687500005
102005,7,time750,17200,0.9970703125,0.0875390625000005
102005,7,time750,17400,0.9970703125,0.0855664062500005
102005,7,time750,17600,0.998046875,0.0823632812500004
102005,7,time750,17800,0.998046875,0.0812890625000004
102005,7,time750,18000,0.998046875,0.0825000000000006
102005,7,time750,18200,0.998046875,0.0827148437500004
102005,7,time750,18400,0.9970703125,0.0866601562500005
102005,7,time750,18600,0.998046875,0.0851171875000005
102005,7,time750,18800,0.9970703125,0.0828320312500004
102005,7,time750,19000,1.0,0.0841992187500005
102005,7,time750,19200,0.998046875,0.0849218750000005
102005,7,time750,19400,0.998046875,0.0849414062500006
102005,7,time750,19600,0.998046875,0.0827539062500005
102005,7,time750,19800,0.998046875,0.0842968750000005
102005,7,time750,20000,0.99609375,0.0834179687500004
102005,8,time750,0,0.287109375,1.0
102005,8,time750,200,0.2412109375,0.7732031249999988
102005,8,time750,400,0.18359375,0.8256640624999994
102005,8,time750,600,0.2021484375,0.8134374999999991
102005,8,time750,800,0.2529296875,0.767285156249999
102005,8,time750,1000,0.3125,0.7108984375000001
102005,8,time750,1200,0.4638671875,0.5750585937500003
102005,8,time750,1400,0.568359375,0.4694531250000016
102005,8,time750,1600,0.708984375,0.3503906250000015
102005,8,time750,1800,0.7841796875,0.2689648437500016
102005,8,time750,2000,0.859375,0.2117382812500014
102005,8,time750,2200,0.8896484375,0.1792773437500012
102005,8,time750,2400,0.9208984375,0.1521093750000011
102005,8,time750,2600,0.900390625,0.1725000000000014
102005,8,time750,2800,0.919921875,0.1535742187500014
102005,8,time750,3000,0.9267578125,0.1441015625000013
102005,8,time750,3200,0.921875,0.1554492187500012
102005,8,time750,3400,0.9482421875,0.1362695312500012
102005,8,time750,3600,0.9462890625,0.1270898437500011
102005,8,time750,3800,0.93359375,0.1325976562500009
102005,8,time750,4000,0.9453125,0.129003906250001
102005,8,time750,4200,0.9365234375,0.1453125000000012
102005,8,time750,4400,0.9287109375,0.1464062500000012
102005,8,time750,4600,0.9306640625,0.143574218750001
102005,8,time750,4800,0.9404296875,0.139863281250001
102005,8,time750,5000,0.9541015625,0.133789062500001
102005,8,time750,5200,0.939453125,0.145410156250001
102005,8,time750,5400,0.947265625,0.1334960937500011
102005,8,time750,5600,0.9404296875,0.1287109375000009
102005,8,time750,5800,0.9443359375,0.1319140625000011
102005,8,time750,6000,0.951171875,0.128457031250001
102005,8,time750,6200,0.935546875,0.1401562500000014
102005,8,time750,6400,0.935546875,0.1390625000000012
102005,8,time750,6600,0.9375,0.1426562500000012
102005,8,time750,6800,0.9423828125,0.1292382812500011
102005,8,time750,7000,0.9453125,0.135839843750001
102005,8,time750,7200,0.951171875,0.1313281250000009
102005,8,time750,7400,0.9580078125,0.1209765625000008
102005,8,time750,7600,0.9658203125,0.1194531250000009
102005,8,time750,7800,0.9521484375,0.123750000000001
102005,8,time750,8000,0.9560546875,0.1233203125000008
102005,8,time750,8200,0.9599609375,0.1314062500000009
102005,8,time750,8400,0.95703125,0.128652343750001
102005,8,time750,8600,0.9423828125,0.1407421875000012
102005,8,time750,8800,0.94921875,0.1310156250000011
102005,8,time750,9000,0.9658203125,0.1194335937500009
102005,8,time750,9200,0.97265625,0.1149218750000009
102005,8,time750,9400,0.95703125,0.1220312500000008
102005,8,time750,9600,0.9638671875,0.1208789062500009
102005,8,time750,9800,0.974609375,0.1160156250000007
102005,8,time750,10000,0.94921875,0.1321093750000008
102005,8,time750,10200,0.9638671875,0.1208789062500008
102005,8,time750,10400,0.958984375,0.1225390625000009
102005,8,time750,10600,0.96875,0.1218750000000009
102005,8,time750,10800,0.962890625,0.1130273437500008
102005,8,time750,11000,0.95703125,0.1202148437500007
102005,8,time750,11200,0.9658203125,0.1144531250000007
102005,8,time750,11400,0.966796875,0.1161914062500007
102005,8,time750,11600,0.9677734375,0.1191406250000008
102005,8,time750,11800,0.9609375,0.120937500000001
102005,8,time750,12000,0.9609375,0.1260937500000009
102005,8,time750,12200,0.9619140625,0.1213671875000009
102005,8,time750,12400,0.95703125,0.1313671875000011
102005,8,time750,12600,0.962890625,0.1212109375000009
102005,8,time750,12800,0.9697265625,0.1157812500000006
102005,8,time750,13000,0.966796875,0.1184179687500008
102005,8,time750,13200,0.9658203125,0.1122460937500007
102005,8,time750,13400,0.966796875,0.1110546875000008
102005,8,time750,13600,0.9765625,0.1117382812500007
102005,8,time750,13800,0.96484375,0.1168164062500008
102005,8,time750,14000,0.9736328125,0.1094531250000008
102005,8,time750,14200,0.9697265625,0.1146289062500007
102005,8,time750,14400,0.9716796875,0.1089257812500008
102005,8,time750,14600,0.974609375,0.1109375000000007
102005,8,time750,14800,0.9638671875,0.1160546875000009
102005,8,time750,15000,0.96484375,0.1218554687500009
102005,8,time750,15200,0.970703125,0.1094921875000006
102005,8,time750,15400,0.9755859375,0.1163281250000008
102005,8,time750,15600,0.974609375,0.1159765625000007
102005,8,time750,15800,0.9560546875,0.1362695312500009
102005,8,time750,16000,0.9716796875,0.1103906250000008
102005,8,time750,16200,0.9736328125,0.1184375000000009
102005,8,time750,16400,0.9677734375,0.1192578125000009
102005,8,time750,16600,0.9736328125,0.117656250000001
102005,8,time750,16800,0.96484375,0.1182617187500006
102005,8,time750,17000,0.974609375,0.1112304687500007
102005,8,time750,17200,0.9765625,0.1102929687500008
102005,8,time750,17400,0.9736328125,0.1125585937500008
102005,8,time750,17600,0.955078125,0.134179687500001
102005,8,time750,17800,0.9716796875,0.1224609375000009
102005,8,time750,18000,0.9697265625,0.1168554687500009
102005,8,time750,18200,0.9736328125,0.1121093750000007
102005,8,time750,18400,0.96875,0.1159570312500007
102005,8,time750,18600,0.9658203125,0.1130078125000009
102005,8,time750,18800,0.9814453125,0.1093164062500008
102005,8,time750,19000,0.986328125,0.1141015625000007
102005,8,time750,19200,0.9765625,0.1114843750000007
102005,8,time750,19400,0.984375,0.1052929687500007
102005,8,time750,19600,0.9716796875,0.1130078125000007
102005,8,time750,19800,0.9755859375,0.1123632812500007
102005,8,time750,20000,0.9736328125,0.1198437500000008
102006,7,continuous,0,0.2333984375,1.0
102006,7,continuous,200,0.365234375,0.6430664062499996
102006,7,continuous,400,0.55859375,0.4702343750000014
102006,7,continuous,600,0.7724609375,0.2657031250000014
102006,7,continuous,800,0.9384765625,0.123359375000001
102006,7,continuous,1000,0.98046875,0.1000976562500006
102006,7,continuous,1200,0.990234375,0.0828710937500004
102006,7,continuous,1400,0.994140625,0.0839843750000005
102006,7,continuous,1600,0.9951171875,0.0846289062500004
102006,7,continuous,1800,0.998046875,0.0841210937500005
102006,7,continuous,2000,1.0,0.0838671875000004
102006,7,continuous,2200,0.9970703125,0.0897460937500005
102006,7,continuous,2400,0.998046875,0.0838671875000004
102006,7,continuous,2600,0.9951171875,0.0830664062500004
102006,7,continuous,2800,0.9970703125,0.0829687500000004
102006,7,continuous,3000,1.0,0.0889453125000005
102006,7,continuous,3200,0.998046875,0.0807226562500004
102006,7,continuous,3400,0.998046875,0.0832031250000005
102006,7,continuous,3600,0.998046875,0.0884570312500006
102006,7,continuous,3800,0.9990234375,0.0842968750000004
102006,7,continuous,4000,0.998046875,0.0841601562500005
102006,7,continuous,4200,0.9990234375,0.0831835937500004
102006,7,continuous,4400,1.0,0.0805078125000005
102006,7,continuous,4600,1.0,0.0815625000000003
102006,7,continuous,4800,1.0,0.0852734375000005
102006,7,continuous,5000,0.998046875,0.0844335937500004
102006,7,continuous,5200,0.9990234375,0.0832031250000004
102006,7,continuous,5400,0.9990234375,0.0849609375000005
102006,7,continuous,5600,0.9990234375,0.0836132812500004
102006,7,continuous,5800,0.998046875,0.0835742187500004
102006,7,continuous,6000,1.0,0.0860742187500005
102006,7,continuous,6200,0.9990234375,0.0862109375000005
102006,7,continuous,6400,1.0,0.0820703125000004
102006,7,continuous,6600,0.9970703125,0.0828515625000004
102006,7,continuous,6800,1.0,0.0810351562500004
102006,7,continuous,7000,1.0,0.0846679687500005
102006,7,continuous,7200,0.998046875,0.0893554687500005
102006,7,continuous,7400,1.0,0.0818164062500003
102006,7,continuous,7600,0.9990234375,0.0838867187500004
102006,7,continuous,7800,0.998046875,0.0832031250000004
102006,7,continuous,8000,0.998046875,0.0842968750000005
102006,7,continuous,8200,1.0,0.0838281250000005
102006,7,continuous,8400,0.998046875,0.0867578125000006
102006,7,continuous,8600,0.9990234375,0.0836328125000004
102006,7,continuous,8800,1.0,0.0868750000000006
102006,7,continuous,9000,0.9990234375,0.0825585937500004
102006,7,continuous,9200,0.998046875,0.0805273437500004
102006,7,continuous,9400,0.9990234375,0.0824414062500004
102006,7,continuous,9600,0.998046875,0.0801367187500004
102006,7,continuous,9800,0.9990234375,0.0818164062500004
102006,7,continuous,10000,0.9990234375,0.0841406250000004
102006,7,continuous,10200,1.0,0.0826562500000004
102006,7,continuous,10400,0.9990234375,0.0809960937500005
102006,7,continuous,10600,0.9970703125,0.0821289062500004
102006,7,continuous,10800,0.998046875,0.0839453125000006
102006,7,continuous,11000,0.9990234375,0.0819726562500005
102006,7,continuous,11200,0.998046875,0.0834960937500004
102006,7,continuous,11400,1.0,0.0875195312500006
102006,7,continuous,11600,0.9990234375,0.0841992187500005
102006,7,continuous,11800,1.0,0.0837500000000005
102006,7,continuous,12000,0.9990234375,0.0818945312500005
102006,7,continuous,12200,0.9990234375,0.0825976562500004
102006,7,continuous,12400,1.0,0.0798828125000004
102006,7,continuous,12600,0.9990234375,0.0834765625000005
102006,7,continuous,12800,0.998046875,0.0815234375000004
102006,7,continuous,13000,0.9990234375,0.0832031250000005
102006,7,continuous,13200,0.998046875,0.0838281250000004
102006,7,continuous,13400,1.0,0.0816015625000005
102006,7,continuous,13600,0.9990234375,0.0810937500000003
102006,7,continuous,13800,1.0,0.0852148437500005
102006,7,continuous,14000,1.0,0.0833203125000005
102006,7,continuous,14200,0.9990234375,0.0820507812500005
102006,7,continuous,14400,1.0,0.0832421875000004
102006,7,continuous,14600,1.0,0.0844531250000005
102006,7,continuous,14800,0.9970703125,0.0868945312500005
102006,7,continuous,15000,0.9990234375,0.0857812500000005
102006,7,continuous,15200,0.998046875,0.0860742187500005
102006,7,continuous,15400,1.0,0.0815625000000003
102006,7,continuous,15600,1.0,0.0859375000000007
102006,7,continuous,15800,0.9990234375,0.0834765625000005
102006,7,continuous,16000,1.0,0.0862890625000006
102006,7,continuous,16200,0.998046875,0.0834765625000004
102006,7,continuous,16400,0.9970703125,0.0842187500000005
102006,7,continuous,16600,1.0,0.0843750000000005
102006,7,continuous,16800,0.9990234375,0.0848242187500004
102006,7,continuous,17000,0.9990234375,0.0835937500000004
102006,7,continuous,17200,1.0,0.0874804687500005
102006,7,continuous,17400,1.0,0.0838085937500004
102006,7,continuous,17600,1.0,0.0847851562500005
102006,7,continuous,17800,0.9970703125,0.0850000000000005
102006,7,continuous,18000,1.0,0.0854101562500004
102006,7,continuous,18200,1.0,0.0866601562500004
102006,7,continuous,18400,0.99609375,0.0812500000000005
102006,7,continuous,18600,0.99609375,0.0822851562500005
102006,7,continuous,18800,1.0,0.0841992187500005
102006,7,continuous,19000,0.998046875,0.0861328125000006
102006,7,continuous,19200,0.9990234375,0.0833398437500004
102006,7,continuous,19400,1.0,0.0856250000000005
102006,7,continuous,19600,0.9990234375,0.0823828125000005
102006,7,continuous,19800,1.0,0.0840820312500005
102006,7,continuous,20000,0.9990234375,0.0852539062500006
102006,8,continuous,0,0.2333984375,1.0
102006,8,continuous,200,0.2197265625,0.7926953124999984
102006,8,continuous,400,0.1513671875,0.8579882812499984
102006,8,continuous,600,0.15625,0.8603320312499989
102006,8,continuous,800,0.232421875,0.7896484374999986
102006,8,continuous,1000,0.248046875,0.7699218749999983
102006,8,continuous,1200,0.3984375,0.6422265624999991
102006,8,continuous,1400,0.5849609375,0.461855468750002
102006,8,continuous,1600,0.8115234375,0.2565039062500017
102006,8,continuous,1800,0.935546875,0.1691796875000013
102006,8,continuous,2000,0.9453125,0.1526562500000009
102006,8,continuous,2200,0.9697265625,0.136035156250001
102006,8,continuous,2400,0.9794921875,0.1234765625000009
102006,8,continuous,2600,0.986328125,0.1187304687500008
102006,8,continuous,2800,0.986328125,0.1173828125000008
102006,8,continuous,3000,0.9892578125,0.1178125000000009
102006,8,continuous,3200,0.9912109375,0.1210156250000009
102006,8,continuous,3400,0.984375,0.1142382812500007
102006,8,continuous,3600,0.990234375,0.1229687500000008
102006,8,continuous,3800,0.9921875,0.1137695312500009
102006,8,continuous,4000,0.9951171875,0.1196875000000006
102006,8,continuous,4200,0.9833984375,0.1213867187500008
102006,8,continuous,4400,0.994140625,0.1192578125000008
102006,8,continuous,4600,0.9970703125,0.1173632812500009
102006,8,continuous,4800,0.9970703125,0.1160742187500006
102006,8,continuous,5000,0.994140625,0.1165039062500008
102006,8,continuous,5200,0.9990234375,0.1188085937500008
102006,8,continuous,5400,0.998046875,0.1143359375000007
102006,8,continuous,5600,0.9951171875,0.1166015625000008
102006,8,continuous,5800,0.9951171875,0.1216210937500009
102006,8,continuous,6000,0.9970703125,0.1161718750000009
102006,8,continuous,6200,0.994140625,0.1123437500000008
102006,8,continuous,6400,0.9970703125,0.1240234375000007
102006,8,continuous,6600,1.0,0.1223242187500007
102006,8,continuous,6800,0.99609375,0.1205664062500008
102006,8,continuous,7000,0.9990234375,0.1161523437500008
102006,8,continuous,7200,0.9990234375,0.1186914062500008
102006,8,continuous,7400,1.0,0.1141406250000007
102006,8,continuous,7600,0.998046875,0.125644531250001
102006,8,continuous,7800,0.9990234375,0.126425781250001
102006,8,continuous,8000,0.9990234375,0.1205078125000009
102006,8,continuous,8200,0.998046875,0.1203710937500008
102006,8,continuous,8400,0.998046875,0.1161914062500009
102006,8,continuous,8600,0.9951171875,0.1174218750000008
102006,8,continuous,8800,0.9970703125,0.1156835937500008
102006,8,continuous,9000,0.9990234375,0.1125390625000008
102006,8,continuous,9200,0.998046875,0.1249609375000009
102006,8,continuous,9400,0.9990234375,0.1235937500000008
102006,8,continuous,9600,0.998046875,0.129082031250001
102006,8,continuous,9800,0.9990234375,0.123281250000001
102006,8,continuous,10000,0.998046875,0.1260156250000008
102006,8,continuous,10200,0.9990234375,0.1144726562500007
102006,8,continuous,10400,0.9970703125,0.1139062500000008
102006,8,continuous,10600,0.998046875,0.1210351562500008
102006,8,continuous,10800,0.998046875,0.1249218750000008
102006,8,continuous,11000,0.9990234375,0.1190625000000009
102006,8,continuous,11200,1.0,0.1165039062500008
102006,8,continuous,11400,0.9970703125,0.1295312500000011
102006,8,continuous,11600,0.9990234375,0.1258007812500011
102006,8,continuous,11800,0.9990234375,0.1225000000000008
102006,8,continuous,12000,0.9990234375,0.1275195312500009
102006,8,continuous,12200,0.9990234375,0.1181250000000008
102006,8,continuous,12400,1.0,0.1288867187500008
102006,8,continuous,12600,0.9990234375,0.1179687500000009
102006,8,continuous,12800,0.9970703125,0.1222460937500009
102006,8,continuous,13000,1.0,0.1217968750000008
102006,8,continuous,13200,0.9990234375,0.1192578125000009
102006,8,continuous,13400,1.0,0.130781250000001
102006,8,continuous,13600,0.9951171875,0.1287695312500009
102006,8,continuous,13800,0.9990234375,0.129023437500001
102006,8,continuous,14000,0.9990234375,0.1225781250000008
102006,8,continuous,14200,0.998046875,0.1253320312500009
102006,8,continuous,14400,1.0,0.1210351562500009
102006,8,continuous,14600,0.9970703125,0.1306250000000011
102006,8,continuous,14800,1.0,0.1292382812500011
102006,8,continuous,15000,0.9970703125,0.1364453125000012
102006,8,continuous,15200,0.9990234375,0.1290039062500008
102006,8,continuous,15400,1.0,0.1235937500000008
102006,8,continuous,15600,0.998046875,0.1256054687500009
102006,8,continuous,15800,1.0,0.1234960937500009
102006,8,continuous,16000,0.9970703125,0.124492187500001
102006,8,continuous,16200,0.998046875,0.1265625000000009
102006,8,continuous,16400,0.9990234375,0.1237890625000009
102006,8,continuous,16600,1.0,0.131074218750001
102006,8,continuous,16800,1.0,0.1255273437500009
102006,8,continuous,17000,0.9990234375,0.1203906250000008
102006,8,continuous,17200,0.998046875,0.1282226562500009
102006,8,continuous,17400,0.998046875,0.1249804687500007
102006,8,continuous,17600,0.998046875,0.132050781250001
102006,8,continuous,17800,0.9990234375,0.132597656250001
102006,8,continuous,18000,0.9990234375,0.1237695312500009
102006,8,continuous,18200,0.9990234375,0.1301367187500009
102006,8,continuous,18400,1.0,0.124980468750001
102006,8,continuous,18600,0.9990234375,0.1300195312500009
102006,8,continuous,18800,0.998046875,0.1248046875000007
102006,8,continuous,19000,0.9990234375,0.1293554687500009
102006,8,continuous,19200,0.9990234375,0.129882812500001
102006,8,continuous,19400,1.0,0.1326171875000009
102006,8,continuous,19600,1.0,0.1298632812500011
102006,8,continuous,19800,0.998046875,0.1301953125000008
102006,8,continuous,20000,1.0,0.128417968750001
102006,7,count1024,0,0.2333984375,1.0
102006,7,count1024,200,0.361328125,0.6486718749999995
102006,7,count1024,400,0.423828125,0.5930078125000003
102006,7,count1024,600,0.486328125,0.5373828125000008
102006,7,count1024,800,0.625,0.4013476562500013
102006,7,count1024,1000,0.6455078125,0.3902929687500015
102006,7,count1024,1200,0.6982421875,0.3381835937500017
102006,7,count1024,1400,0.724609375,0.2945312500000014
102006,7,count1024,1600,0.763671875,0.2718750000000015
102006,7,count1024,1800,0.7763671875,0.2536132812500014
102006,7,count1024,2000,0.740234375,0.2905468750000018
102006,7,count1024,2200,0.7666015625,0.2734375000000015
102006,7,count1024,2400,0.7578125,0.2817382812500016
102006,7,count1024,2600,0.7744140625,0.2657421875000016
102006,7,count1024,2800,0.7802734375,0.2504882812500018
102006,7,count1024,3000,0.767578125,0.2591796875000015
102006,7,count1024,3200,0.779296875,0.2637304687500016
102006,7,count1024,3400,0.7587890625,0.2797460937500014
102006,7,count1024,3600,0.8046875,0.2350585937500014
102006,7,count1024,3800,0.779296875,0.2703710937500017
102006,7,count1024,4000,0.771484375,0.2583007812500015
102006,7,count1024,4200,0.767578125,0.2676562500000015
102006,7,count1024,4400,0.7685546875,0.2595898437500017
102006,7,count1024,4600,0.7890625,0.2463281250000015
102006,7,count1024,4800,0.7666015625,0.2675195312500015
102006,7,count1024,5000,0.8056640625,0.2297070312500016
102006,7,count1024,5200,0.8291015625,0.2146093750000014
102006,7,count1024,5400,0.8154296875,0.2189843750000013
102006,7,count1024,5600,0.7880859375,0.2403320312500017
102006,7,count1024,5800,0.78515625,0.2558984375000013
102006,7,count1024,6000,0.8037109375,0.2308398437500015
102006,7,count1024,6200,0.7783203125,0.2655273437500015
102006,7,count1024,6400,0.8076171875,0.2356640625000014
102006,7,count1024,6600,0.7890625,0.2575585937500018
102006,7,count1024,6800,0.802734375,0.2415429687500017
102006,7,count1024,7000,0.806640625,0.2386718750000011
102006,7,count1024,7200,0.7939453125,0.2430664062500012
102006,7,count1024,7400,0.8125,0.2261328125000012
102006,7,count1024,7600,0.7958984375,0.2477539062500015
102006,7,count1024,7800,0.80859375,0.2301171875000016
102006,7,count1024,8000,0.81640625,0.2216796875000013
102006,7,count1024,8200,0.794921875,0.2422460937500013
102006,7,count1024,8400,0.8212890625,0.2220312500000014
102006,7,count1024,8600,0.7890625,0.2394531250000015
102006,7,count1024,8800,0.8349609375,0.2078515625000015
102006,7,count1024,9000,0.8212890625,0.2235351562500013
102006,7,count1024,9200,0.8046875,0.2329296875000014
102006,7,count1024,9400,0.810546875,0.2380273437500013
102006,7,count1024,9600,0.822265625,0.2242773437500011
102006,7,count1024,9800,0.8369140625,0.2095117187500013
102006,7,count1024,10000,0.810546875,0.2333593750000013
102006,7,count1024,10200,0.8095703125,0.2351757812500015
102006,7,count1024,10400,0.82421875,0.2125781250000013
102006,7,count1024,10600,0.8251953125,0.2134765625000014
102006,7,count1024,10800,0.8447265625,0.2007031250000015
102006,7,count1024,11000,0.8505859375,0.1939062500000015
102006,7,count1024,11200,0.8447265625,0.2085742187500014
102006,7,count1024,11400,0.8427734375,0.1972851562500012
102006,7,count1024,11600,0.814453125,0.2332031250000014
102006,7,count1024,11800,0.8212890625,0.2253906250000014
102006,7,count1024,12000,0.8056640625,0.2393554687500014
102006,7,count1024,12200,0.8115234375,0.2332812500000015
102006,7,count1024,12400,0.8330078125,0.2080664062500015
102006,7,count1024,12600,0.8291015625,0.2119335937500014
102006,7,count1024,12800,0.8525390625,0.1989648437500012
102006,7,count1024,13000,0.8349609375,0.2040429687500014
102006,7,count1024,13200,0.8095703125,0.2365820312500014
102006,7,count1024,13400,0.8330078125,0.2098632812500015
102006,7,count1024,13600,0.837890625,0.2076171875000013
102006,7,count1024,13800,0.8291015625,0.2036914062500014
102006,7,count1024,14000,0.8515625,0.2018945312500013
102006,7,count1024,14200,0.849609375,0.1939257812500012
102006,7,count1024,14400,0.849609375,0.1983593750000013
102006,7,count1024,14600,0.8291015625,0.2067773437500016
102006,7,count1024,14800,0.87109375,0.1845703125000011
102006,7,count1024,15000,0.8623046875,0.1745507812500012
102006,7,count1024,15200,0.88671875,0.1720898437500012
102006,7,count1024,15400,0.84765625,0.1981054687500014
102006,7,count1024,15600,0.81640625,0.2227929687500014
102006,7,count1024,15800,0.8134765625,0.2295898437500015
102006,7,count1024,16000,0.822265625,0.2109179687500014
102006,7,count1024,16200,0.8154296875,0.2243945312500013
102006,7,count1024,16400,0.8134765625,0.2221679687500012
102006,7,count1024,16600,0.8427734375,0.2074609375000014
102006,7,count1024,16800,0.8330078125,0.2110937500000014
102006,7,count1024,17000,0.8369140625,0.2094335937500014
102006,7,count1024,17200,0.865234375,0.1843164062500014
102006,7,count1024,17400,0.8466796875,0.1851757812500015
102006,7,count1024,17600,0.845703125,0.1927148437500012
102006,7,count1024,17800,0.8447265625,0.2110351562500015
102006,7,count1024,18000,0.84375,0.2047851562500015
102006,7,count1024,18200,0.8212890625,0.2275781250000016
102006,7,count1024,18400,0.81640625,0.2177539062500014
102006,7,count1024,18600,0.8310546875,0.2111523437500014
102006,7,count1024,18800,0.8369140625,0.2084375000000013
102006,7,count1024,19000,0.8232421875,0.2144140625000015
102006,7,count1024,19200,0.80859375,0.2315234375000015
102006,7,count1024,19400,0.828125,0.2145312500000015
102006,7,count1024,19600,0.8271484375,0.2231250000000015
102006,7,count1024,19800,0.8427734375,0.1891210937500011
102006,7,count1024,20000,0.8466796875,0.2050585937500014
102006,8,count1024,0,0.2333984375,1.0
102006,8,count1024,200,0.2197265625,0.7926953124999984
102006,8,count1024,400,0.1513671875,0.8579882812499984
102006,8,count1024,600,0.15625,0.8603320312499989
102006,8,count1024,800,0.251953125,0.7725390624999984
102006,8,count1024,1000,0.337890625,0.6937695312499985
102006,8,count1024,1200,0.50390625,0.5389453125000004
102006,8,count1024,1400,0.630859375,0.4190039062500015
102006,8,count1024,1600,0.765625,0.3000390625000017
102006,8,count1024,1800,0.8330078125,0.2425585937500014
102006,8,count1024,2000,0.8984375,0.1769921875000014
102006,8,count1024,2200,0.916015625,0.1507031250000012
102006,8,count1024,2400,0.9140625,0.1661132812500015
102006,8,count1024,2600,0.923828125,0.1517968750000014
102006,8,count1024,2800,0.9248046875,0.1489453125000011
102006,8,count1024,3000,0.939453125,0.1435937500000012
102006,8,count1024,3200,0.9150390625,0.1566796875000013
102006,8,count1024,3400,0.931640625,0.1533593750000012
102006,8,count1024,3600,0.939453125,0.1448828125000011
102006,8,count1024,3800,0.9384765625,0.1420898437500011
102006,8,count1024,4000,0.9345703125,0.147050781250001
102006,8,count1024,4200,0.9375,0.1406054687500011
102006,8,count1024,4400,0.9423828125,0.1412695312500011
102006,8,count1024,4600,0.9462890625,0.1432812500000011
102006,8,count1024,4800,0.943359375,0.142128906250001
102006,8,count1024,5000,0.9541015625,0.131953125000001
102006,8,count1024,5200,0.9443359375,0.132500000000001
102006,8,count1024,5400,0.95703125,0.1285156250000009
102006,8,count1024,5600,0.9404296875,0.1416796875000012
102006,8,count1024,5800,0.927734375,0.1562109375000013
102006,8,count1024,6000,0.9306640625,0.1530664062500012
102006,8,count1024,6200,0.939453125,0.1396875000000011
102006,8,count1024,6400,0.9375,0.1445117187500011
102006,8,count1024,6600,0.9541015625,0.1333593750000009
102006,8,count1024,6800,0.939453125,0.141835937500001
102006,8,count1024,7000,0.9560546875,0.1317773437500009
102006,8,count1024,7200,0.93359375,0.1439257812500011
102006,8,count1024,7400,0.947265625,0.1408984375000009
102006,8,count1024,7600,0.9296875,0.144394531250001
102006,8,count1024,7800,0.9404296875,0.1386328125000012
102006,8,count1024,8000,0.9482421875,0.1340039062500009
102006,8,count1024,8200,0.94140625,0.1412890625000012
102006,8,count1024,8400,0.9521484375,0.136289062500001
102006,8,count1024,8600,0.953125,0.1371875000000009
102006,8,count1024,8800,0.9345703125,0.1428710937500013
102006,8,count1024,9000,0.95703125,0.1282812500000009
102006,8,count1024,9200,0.9501953125,0.1310546875000009
102006,8,count1024,9400,0.9462890625,0.1361328125000008
102006,8,count1024,9600,0.9384765625,0.137441406250001
102006,8,count1024,9800,0.943359375,0.1318554687500009
102006,8,count1024,10000,0.9521484375,0.130449218750001
102006,8,count1024,10200,0.9326171875,0.1412500000000011
102006,8,count1024,10400,0.9423828125,0.143066406250001
102006,8,count1024,10600,0.953125,0.132617187500001
102006,8,count1024,10800,0.9541015625,0.1272656250000009
102006,8,count1024,11000,0.943359375,0.1422265625000011
102006,8,count1024,11200,0.939453125,0.143632812500001
102006,8,count1024,11400,0.947265625,0.1337109375000009
102006,8,count1024,11600,0.9560546875,0.128808593750001
102006,8,count1024,11800,0.94921875,0.134101562500001
102006,8,count1024,12000,0.927734375,0.145722656250001
102006,8,count1024,12200,0.9287109375,0.1522265625000013
102006,8,count1024,12400,0.94921875,0.135175781250001
102006,8,count1024,12600,0.94921875,0.137011718750001
102006,8,count1024,12800,0.9501953125,0.1340039062500009
102006,8,count1024,13000,0.9423828125,0.136093750000001
102006,8,count1024,13200,0.951171875,0.1335156250000009
102006,8,count1024,13400,0.9560546875,0.1305078125000009
102006,8,count1024,13600,0.9638671875,0.1284375000000009
102006,8,count1024,13800,0.9716796875,0.1114062500000006
102006,8,count1024,14000,0.9619140625,0.1246093750000007
102006,8,count1024,14200,0.96875,0.1246484375000009
102006,8,count1024,14400,0.9521484375,0.130839843750001
102006,8,count1024,14600,0.9423828125,0.1333398437500012
102006,8,count1024,14800,0.93359375,0.1514843750000012
102006,8,count1024,15000,0.958984375,0.1276562500000008
102006,8,count1024,15200,0.947265625,0.1296679687500011
102006,8,count1024,15400,0.951171875,0.1314648437500011
102006,8,count1024,15600,0.9541015625,0.1235937500000009
102006,8,count1024,15800,0.951171875,0.1327539062500011
102006,8,count1024,16000,0.953125,0.1238085937500009
102006,8,count1024,16200,0.9560546875,0.1291015625000009
102006,8,count1024,16400,0.9404296875,0.1366601562500012
102006,8,count1024,16600,0.943359375,0.1336914062500011
102006,8,count1024,16800,0.953125,0.1259765625000007
102006,8,count1024,17000,0.939453125,0.1416015625000011
102006,8,count1024,17200,0.9443359375,0.1289843750000009
102006,8,count1024,17400,0.9443359375,0.131875000000001
102006,8,count1024,17600,0.9521484375,0.1292187500000011
102006,8,count1024,17800,0.947265625,0.1345312500000008
102006,8,count1024,18000,0.9501953125,0.1277343750000008
102006,8,count1024,18200,0.9580078125,0.127539062500001
102006,8,count1024,18400,0.9501953125,0.1280078125000009
102006,8,count1024,18600,0.9521484375,0.1184960937500007
102006,8,count1024,18800,0.9521484375,0.128398437500001
102006,8,count1024,19000,0.95703125,0.1232226562500006
102006,8,count1024,19200,0.9453125,0.1342773437500009
102006,8,count1024,19400,0.9580078125,0.132890625000001
102006,8,count1024,19600,0.9423828125,0.1362695312500013
102006,8,count1024,19800,0.9560546875,0.1248828125000007
102006,8,count1024,20000,0.9609375,0.1261718750000012
102006,7,time150,0,0.2333984375,1.0
102006,7,time150,200,0.3603515625,0.6485546874999996
102006,7,time150,400,0.4091796875,0.615546875
102006,7,time150,600,0.5107421875,0.5095312500000011
102006,7,time150,800,0.5556640625,0.4682031250000013
102006,7,time150,1000,0.5849609375,0.4418359375000014
102006,7,time150,1200,0.6328125,0.3927734375000017
102006,7,time150,1400,0.6572265625,0.3780664062500013
102006,7,time150,1600,0.7412109375,0.2971875000000015
102006,7,time150,1800,0.7490234375,0.2769335937500013
102006,7,time150,2000,0.7744140625,0.2591796875000014
102006,7,time150,2200,0.7197265625,0.3090625000000016
102006,7,time150,2400,0.74609375,0.2813867187500015
102006,7,time150,2600,0.740234375,0.2885351562500013
102006,7,time150,2800,0.763671875,0.2718164062500016
102006,7,time150,3000,0.7236328125,0.3081835937500014
102006,7,time150,3200,0.7353515625,0.2939453125000015
102006,7,time150,3400,0.740234375,0.2919726562500015
102006,7,time150,3600,0.7861328125,0.2576171875000016
102006,7,time150,3800,0.78125,0.2667968750000017
102006,7,time150,4000,0.783203125,0.2663867187500016
102006,7,time150,4200,0.7744140625,0.2498242187500015
102006,7,time150,4400,0.80078125,0.2476171875000015
102006,7,time150,4600,0.7646484375,0.2707421875000015
102006,7,time150,4800,0.8212890625,0.2202929687500012
102006,7,time150,5000,0.81640625,0.2206445312500014
102006,7,time150,5200,0.8095703125,0.2356445312500014
102006,7,time150,5400,0.7998046875,0.2475585937500015
102006,7,time150,5600,0.78515625,0.2551171875000014
102006,7,time150,5800,0.796875,0.2491015625000016
102006,7,time150,6000,0.8251953125,0.2153125000000011
102006,7,time150,6200,0.7421875,0.2887109375000016
102006,7,time150,6400,0.7958984375,0.2408007812500014
102006,7,time150,6600,0.8046875,0.2288867187500012
102006,7,time150,6800,0.8173828125,0.2172851562500014
102006,7,time150,7000,0.7978515625,0.2392382812500016
102006,7,time150,7200,0.830078125,0.2116015625000012
102006,7,time150,7400,0.81640625,0.2292773437500015
102006,7,time150,7600,0.7939453125,0.2417578125000014
102006,7,time150,7800,0.80859375,0.2332812500000015
102006,7,time150,8000,0.8544921875,0.1861132812500012
102006,7,time150,8200,0.8046875,0.2325000000000015
102006,7,time150,8400,0.8115234375,0.2242968750000012
102006,7,time150,8600,0.7998046875,0.2326757812500013
102006,7,time150,8800,0.802734375,0.2395703125000014
102006,7,time150,9000,0.8095703125,0.2321679687500014
102006,7,time150,9200,0.8037109375,0.2389257812500014
102006,7,time150,9400,0.8291015625,0.2024804687500013
102006,7,time150,9600,0.865234375,0.1889648437500012
102006,7,time150,9800,0.8408203125,0.1957421875000014
102006,7,time150,10000,0.8125,0.2291992187500013
102006,7,time150,10200,0.8212890625,0.2281445312500014
102006,7,time150,10400,0.7958984375,0.2430273437500014
102006,7,time150,10600,0.80078125,0.2507031250000014
102006,7,time150,10800,0.8076171875,0.2380468750000016
102006,7,time150,11000,0.8076171875,0.2323632812500013
102006,7,time150,11200,0.8232421875,0.2278906250000016
102006,7,time150,11400,0.8134765625,0.2337304687500015
102006,7,time150,11600,0.810546875,0.2342773437500015
102006,7,time150,11800,0.8291015625,0.2219531250000013
102006,7,time150,12000,0.8056640625,0.2320312500000013
102006,7,time150,12200,0.8330078125,0.2102343750000013
102006,7,time150,12400,0.7958984375,0.2421875000000015
102006,7,time150,12600,0.8251953125,0.2153125000000015
102006,7,time150,12800,0.8056640625,0.2370507812500014
102006,7,time150,13000,0.77734375,0.2622656250000016
102006,7,time150,13200,0.8017578125,0.2388085937500013
102006,7,time150,13400,0.8212890625,0.2239453125000013
102006,7,time150,13600,0.830078125,0.2095312500000011
102006,7,time150,13800,0.837890625,0.2128906250000013
102006,7,time150,14000,0.80859375,0.2300976562500014
102006,7,time150,14200,0.8515625,0.1931250000000013
102006,7,time150,14400,0.8251953125,0.2196875000000015
102006,7,time150,14600,0.8515625,0.1905664062500014
102006,7,time150,14800,0.8701171875,0.1843945312500013
102006,7,time150,15000,0.84375,0.1961523437500011
102006,7,time150,15200,0.8369140625,0.2088867187500013
102006,7,time150,15400,0.830078125,0.2152734375000015
102006,7,time150,15600,0.8125,0.2416992187500017
102006,7,time150,15800,0.8291015625,0.2128515625000013
102006,7,time150,16000,0.8359375,0.2125000000000013
102006,7,time150,16200,0.82421875,0.2162109375000015
102006,7,time150,16400,0.8193359375,0.2293359375000015
102006,7,time150,16600,0.84375,0.2033398437500013
102006,7,time150,16800,0.849609375,0.1980468750000012
102006,7,time150,17000,0.8193359375,0.2273242187500013
102006,7,time150,17200,0.8330078125,0.2159375000000012
102006,7,time150,17400,0.814453125,0.2299609375000014
102006,7,time150,17600,0.8486328125,0.2011132812500013
102006,7,time150,17800,0.830078125,0.2135156250000014
102006,7,time150,18000,0.8505859375,0.2013867187500015
102006,7,time150,18200,0.8212890625,0.2206445312500016
102006,7,time150,18400,0.83984375,0.2100976562500013
102006,7,time150,18600,0.802734375,0.2410546875000013
102006,7,time150,18800,0.83203125,0.2128320312500014
102006,7,time150,19000,0.8115234375,0.2202343750000014
102006,7,time150,19200,0.8330078125,0.2211523437500015
102006,7,time150,19400,0.8154296875,0.2304882812500013
102006,7,time150,19600,0.8037109375,0.2458789062500013
102006,7,time150,19800,0.81640625,0.2312500000000011
102006,7,time150,20000,0.8076171875,0.2285351562500014
102006,8,time150,0,0.2333984375,1.0
102006,8,time150,200,0.2099609375,0.8009374999999985
102006,8,time150,400,0.1416015625,0.8665820312499991
102006,8,time150,600,0.13671875,0.8734960937499989
102006,8,time150,800,0.140625,0.8691015624999991
102006,8,time150,1000,0.1357421875,0.8677929687499988
102006,8,time150,1200,0.146484375,0.8578124999999994
102006,8,time150,1400,0.1484375,0.8585742187499987
102006,8,time150,1600,0.1513671875,0.8591406249999993
102006,8,time150,1800,0.1767578125,0.8315820312499986
102006,8,time150,2000,0.2353515625,0.7770898437499997
102006,8,time150,2200,0.2109375,0.7934765624999993
102006,8,time150,2400,0.279296875,0.736152343749999
102006,8,time150,2600,0.3291015625,0.6818749999999997
102006,8,time150,2800,0.3212890625,0.6967382812499999
102006,8,time150,3000,0.4638671875,0.5570117187500003
102006,8,time150,3200,0.4423828125,0.5806054687500003
102006,8,time150,3400,0.4443359375,0.5703125000000002
102006,8,time150,3600,0.5205078125,0.5101367187500013
102006,8,time150,3800,0.578125,0.4520312500000014
102006,8,time150,4000,0.5927734375,0.4382617187500015
102006,8,time150,4200,0.599609375,0.4308984375000016
102006,8,time150,4400,0.6513671875,0.3866210937500014
102006,8,time150,4600,0.6083984375,0.4212109375000014
102006,8,time150,4800,0.6416015625,0.3907031250000017
102006,8,time150,5000,0.6865234375,0.3575390625000016
102006,8,time150,5200,0.6689453125,0.3644335937500014
102006,8,time150,5400,0.6416015625,0.4011132812500016
102006,8,time150,5600,0.666015625,0.3642187500000018
102006,8,time150,5800,0.673828125,0.3498632812500014
102006,8,time150,6000,0.6318359375,0.4042187500000015
102006,8,time150,6200,0.6005859375,0.4300390625000016
102006,8,time150,6400,0.66015625,0.3834960937500014
102006,8,time150,6600,0.67578125,0.3649804687500016
102006,8,time150,6800,0.6357421875,0.3996875000000016
102006,8,time150,7000,0.6611328125,0.3681054687500016
102006,8,time150,7200,0.6474609375,0.3831250000000014
102006,8,time150,7400,0.662109375,0.3791601562500019
102006,8,time150,7600,0.646484375,0.3875585937500015
102006,8,time150,7800,0.6337890625,0.4018554687500015
102006,8,time150,8000,0.65234375,0.3776953125000016
102006,8,time150,8200,0.626953125,0.4035351562500016
102006,8,time150,8400,0.6513671875,0.3752929687500014
102006,8,time150,8600,0.6689453125,0.3629101562500015
102006,8,time150,8800,0.6552734375,0.3906640625000013
102006,8,time150,9000,0.6455078125,0.3737500000000014
102006,8,time150,9200,0.6982421875,0.3293945312500016
102006,8,time150,9400,0.640625,0.3889062500000015
102006,8,time150,9600,0.626953125,0.4094335937500016
102006,8,time150,9800,0.6142578125,0.4160937500000017
102006,8,time150,10000,0.6552734375,0.3697851562500016
102006,8,time150,10200,0.5888671875,0.4459179687500013
102006,8,time150,10400,0.6103515625,0.4192968750000015
102006,8,time150,10600,0.69140625,0.3420898437500016
102006,8,time150,10800,0.6708984375,0.3562109375000015
102006,8,time150,11000,0.6728515625,0.3679101562500018
102006,8,time150,11200,0.6884765625,0.3429101562500016
102006,8,time150,11400,0.716796875,0.3291210937500015
102006,8,time150,11600,0.7177734375,0.3189257812500014
102006,8,time150,11800,0.6826171875,0.3605859375000014
102006,8,time150,12000,0.7041015625,0.3329492187500015
102006,8,time150,12200,0.7080078125,0.3317968750000017
102006,8,time150,12400,0.7119140625,0.3301757812500015
102006,8,time150,12600,0.70703125,0.3360156250000016
102006,8,time150,12800,0.708984375,0.3226367187500014
102006,8,time150,13000,0.6904296875,0.3403906250000016
102006,8,time150,13200,0.69921875,0.3357421875000015
102006,8,time150,13400,0.7177734375,0.3256835937500017
102006,8,time150,13600,0.7314453125,0.3090234375000016
102006,8,time150,13800,0.72265625,0.3140625000000015
102006,8,time150,14000,0.73046875,0.3135937500000015
102006,8,time150,14200,0.677734375,0.3525976562500017
102006,8,time150,14400,0.658203125,0.3792578125000016
102006,8,time150,14600,0.728515625,0.3120117187500019
102006,8,time150,14800,0.6640625,0.3696484375000015
102006,8,time150,15000,0.640625,0.3801953125000016
102006,8,time150,15200,0.6689453125,0.3707226562500015
102006,8,time150,15400,0.6513671875,0.3790625000000015
102006,8,time150,15600,0.638671875,0.3847460937500017
102006,8,time150,15800,0.6220703125,0.4018359375000015
102006,8,time150,16000,0.6708984375,0.3630664062500013
102006,8,time150,16200,0.6611328125,0.3656054687500012
102006,8,time150,16400,0.666015625,0.3606250000000013
102006,8,time150,16600,0.650390625,0.3855664062500016
102006,8,time150,16800,0.6748046875,0.3549609375000015
102006,8,time150,17000,0.6611328125,0.3712890625000014
102006,8,time150,17200,0.6845703125,0.3450195312500016
102006,8,time150,17400,0.6669921875,0.3571289062500016
102006,8,time150,17600,0.6806640625,0.3520312500000015
102006,8,time150,17800,0.701171875,0.3313281250000015
102006,8,time150,18000,0.6787109375,0.3576953125000015
102006,8,time150,18200,0.673828125,0.3649414062500017
102006,8,time150,18400,0.634765625,0.3943554687500016
102006,8,time150,18600,0.67578125,0.3648828125000015
102006,8,time150,18800,0.6826171875,0.3476757812500017
102006,8,time150,19000,0.6689453125,0.3666015625000015
102006,8,time150,19200,0.693359375,0.3308984375000015
102006,8,time150,19400,0.6669921875,0.3669531250000013
102006,8,time150,19600,0.6669921875,0.3684765625000015
102006,8,time150,19800,0.6513671875,0.3774218750000016
102006,8,time150,20000,0.642578125,0.3892187500000013
102006,7,time750,0,0.2333984375,1.0
102006,7,time750,200,0.365234375,0.6430664062499996
102006,7,time750,400,0.55859375,0.4702343750000014
102006,7,time750,600,0.7724609375,0.2657031250000014
102006,7,time750,800,0.92578125,0.1402929687500013
102006,7,time750,1000,0.95703125,0.1074804687500006
102006,7,time750,1200,0.98046875,0.0958203125000007
102006,7,time750,1400,0.9775390625,0.0930273437500007
102006,7,time750,1600,0.9892578125,0.0865039062500004
102006,7,time750,1800,0.9873046875,0.0878906250000005
102006,7,time750,2000,0.9873046875,0.0876367187500006
102006,7,time750,2200,0.9921875,0.0859375000000004
102006,7,time750,2400,0.9921875,0.0823632812500005
102006,7,time750,2600,0.9921875,0.0864453125000005
102006,7,time750,2800,0.9921875,0.0900781250000004
102006,7,time750,3000,0.9951171875,0.0857226562500005
102006,7,time750,3200,0.9931640625,0.0840039062500005
102006,7,time750,3400,0.9951171875,0.0809179687500004
102006,7,time750,3600,0.9951171875,0.0849609375000004
102006,7,time750,3800,0.9921875,0.0866015625000005
102006,7,time750,4000,0.9921875,0.0871484375000004
102006,7,time750,4200,0.99609375,0.0837890625000005
102006,7,time750,4400,0.9951171875,0.0842578125000004
102006,7,time750,4600,0.9970703125,0.0852929687500005
102006,7,time750,4800,0.9970703125,0.0872656250000005
102006,7,time750,5000,0.9931640625,0.0825976562500004
102006,7,time750,5200,0.9951171875,0.0858984375000005
102006,7,time750,5400,0.9931640625,0.0844726562500004
102006,7,time750,5600,0.994140625,0.0869531250000005
102006,7,time750,5800,0.9970703125,0.0838476562500005
102006,7,time750,6000,0.9970703125,0.0850390625000005
102006,7,time750,6200,0.9970703125,0.0864453125000005
102006,7,time750,6400,0.998046875,0.0838476562500004
102006,7,time750,6600,0.99609375,0.0894921875000005
102006,7,time750,6800,0.9951171875,0.0800000000000004
102006,7,time750,7000,0.9970703125,0.0828906250000006
102006,7,time750,7200,0.994140625,0.0866015625000006
102006,7,time750,7400,0.9951171875,0.0835546875000004
102006,7,time750,7600,0.9990234375,0.0841015625000005
102006,7,time750,7800,0.998046875,0.0843750000000004
102006,7,time750,8000,0.9970703125,0.0834765625000004
102006,7,time750,8200,0.99609375,0.0837695312500005
102006,7,time750,8400,0.99609375,0.0809179687500004
102006,7,time750,8600,0.9970703125,0.0835156250000004
102006,7,time750,8800,0.998046875,0.0836132812500004
102006,7,time750,9000,0.998046875,0.0798437500000004
102006,7,time750,9200,1.0,0.0890625000000006
102006,7,time750,9400,0.99609375,0.0864062500000006
102006,7,time750,9600,0.9970703125,0.0862695312500006
102006,7,time750,9800,0.9970703125,0.0849414062500004
102006,7,time750,10000,0.9970703125,0.0879492187500005
102006,7,time750,10200,0.9970703125,0.0834960937500005
102006,7,time750,10400,0.9921875,0.0847851562500004
102006,7,time750,10600,0.9990234375,0.0866796875000006
102006,7,time750,10800,0.998046875,0.0798046875000004
102006,7,time750,11000,0.99609375,0.0854687500000005
102006,7,time750,11200,0.9951171875,0.0808007812500004
102006,7,time750,11400,0.994140625,0.0854882812500005
102006,7,time750,11600,0.998046875,0.0844726562500005
102006,7,time750,11800,0.9970703125,0.0879687500000005
102006,7,time750,12000,0.9951171875,0.0825781250000005
102006,7,time750,12200,1.0,0.0833593750000004
102006,7,time750,12400,0.9951171875,0.0847070312500004
102006,7,time750,12600,0.9990234375,0.0809570312500005
102006,7,time750,12800,0.9970703125,0.0867578125000005
102006,7,time750,13000,0.998046875,0.0867773437500005
102006,7,time750,13200,0.998046875,0.0833398437500004
102006,7,time750,13400,0.9970703125,0.0837890625000005
102006,7,time750,13600,0.9970703125,0.0883984375000005
102006,7,time750,13800,0.9970703125,0.0827343750000004
102006,7,time750,14000,0.9951171875,0.0847460937500004
102006,7,time750,14200,0.994140625,0.0833398437500004
102006,7,time750,14400,0.9990234375,0.0797070312500004
102006,7,time750,14600,0.9990234375,0.0816406250000004
102006,7,time750,14800,0.9931640625,0.0868750000000005
102006,7,time750,15000,0.998046875,0.0808203125000004
102006,7,time750,15200,0.998046875,0.0836132812500004
102006,7,time750,15400,0.99609375,0.0880078125000006
102006,7,time750,15600,0.9970703125,0.0860156250000005
102006,7,time750,15800,1.0,0.0867773437500004
102006,7,time750,16000,0.998046875,0.0838281250000005
102006,7,time750,16200,0.998046875,0.0830078125000004
102006,7,time750,16400,0.998046875,0.0860546875000005
102006,7,time750,16600,0.9990234375,0.0865234375000006
102006,7,time750,16800,0.99609375,0.0834765625000003
102006,7,time750,17000,0.998046875,0.0842382812500003
102006,7,time750,17200,0.998046875,0.0869335937500005
102006,7,time750,17400,0.9990234375,0.0818359375000004
102006,7,time750,17600,0.9990234375,0.0830273437500004
102006,7,time750,17800,0.9990234375,0.0867773437500004
102006,7,time750,18000,0.9921875,0.0838671875000005
102006,7,time750,18200,0.99609375,0.0826367187500005
102006,7,time750,18400,0.9951171875,0.0882421875000005
102006,7,time750,18600,0.9990234375,0.0836328125000004
102006,7,time750,18800,0.99609375,0.0863867187500004
102006,7,time750,19000,0.9990234375,0.0823828125000005
102006,7,time750,19200,0.9970703125,0.0841601562500004
102006,7,time750,19400,0.998046875,0.0834960937500004
102006,7,time750,19600,0.9990234375,0.0828710937500004
102006,7,time750,19800,0.99609375,0.0798242187500003
102006,7,time750,20000,0.998046875,0.0851562500000004
102006,8,time750,0,0.2333984375,1.0
102006,8,time750,200,0.2197265625,0.7926953124999984
102006,8,time750,400,0.1513671875,0.8579882812499984
102006,8,time750,600,0.15625,0.8603320312499989
102006,8,time750,800,0.2548828125,0.7684960937499992
102006,8,time750,1000,0.3525390625,0.6701953124999992
102006,8,time750,1200,0.5009765625,0.5385546875000002
102006,8,time750,1400,0.685546875,0.3688867187500016
102006,8,time750,1600,0.7626953125,0.2900781250000016
102006,8,time750,1800,0.8427734375,0.2184765625000015
102006,8,time750,2000,0.87890625,0.1889062500000012
102006,8,time750,2200,0.9052734375,0.1662500000000013
102006,8,time750,2400,0.9248046875,0.1513671875000011
102006,8,time750,2600,0.91015625,0.1601171875000012
102006,8,time750,2800,0.90234375,0.1707031250000014
102006,8,time750,3000,0.9443359375,0.1344140625000012
102006,8,time750,3200,0.9404296875,0.1330859375000009
102006,8,time750,3400,0.9228515625,0.1541992187500011
102006,8,time750,3600,0.9443359375,0.1437695312500012
102006,8,time750,3800,0.935546875,0.1410351562500011
102006,8,time750,4000,0.9375,0.1435351562500013
102006,8,time750,4200,0.94140625,0.1391406250000011
102006,8,time750,4400,0.9189453125,0.1522070312500012
102006,8,time750,4600,0.9228515625,0.1508398437500011
102006,8,time750,4800,0.9365234375,0.1347460937500009
102006,8,time750,5000,0.9482421875,0.1275781250000008
102006,8,time750,5200,0.9599609375,0.1141210937500008
102006,8,time750,5400,0.955078125,0.1222265625000009
102006,8,time750,5600,0.94921875,0.1288476562500009
102006,8,time750,5800,0.951171875,0.1306054687500008
102006,8,time750,6000,0.9462890625,0.1287695312500011
102006,8,time750,6200,0.9453125,0.1301953125000011
102006,8,time750,6400,0.962890625,0.1115039062500008
102006,8,time750,6600,0.9619140625,0.1222656250000008
102006,8,time750,6800,0.95703125,0.1223828125000009
102006,8,time750,7000,0.9541015625,0.124902343750001
102006,8,time750,7200,0.9541015625,0.1272656250000009
102006,8,time750,7400,0.96484375,0.1159375000000006
102006,8,time750,7600,0.951171875,0.1333398437500008
102006,8,time750,7800,0.935546875,0.1410156250000013
102006,8,time750,8000,0.94921875,0.1300976562500011
102006,8,time750,8200,0.9521484375,0.1179687500000008
102006,8,time750,8400,0.95703125,0.1163281250000008
102006,8,time750,8600,0.939453125,0.131269531250001
102006,8,time750,8800,0.939453125,0.1383007812500011
102006,8,time750,9000,0.94921875,0.1283984375000009
102006,8,time750,9200,0.9619140625,0.1191210937500009
102006,8,time750,9400,0.953125,0.1249414062500009
102006,8,time750,9600,0.95703125,0.123378906250001
102006,8,time750,9800,0.9404296875,0.1355273437500008
102006,8,time750,10000,0.9541015625,0.1280273437500008
102006,8,time750,10200,0.962890625,0.1108984375000007
102006,8,time750,10400,0.9716796875,0.113105468750001
102006,8,time750,10600,0.9697265625,0.1139648437500008
102006,8,time750,10800,0.9658203125,0.1166601562500008
102006,8,time750,11000,0.9677734375,0.1222460937500009
102006,8,time750,11200,0.939453125,0.1259960937500009
102006,8,time750,11400,0.9580078125,0.1202929687500009
102006,8,time750,11600,0.9755859375,0.1116210937500006
102006,8,time750,11800,0.9638671875,0.1132226562500009
102006,8,time750,12000,0.9501953125,0.126757812500001
102006,8,time750,12200,0.94140625,0.1258593750000008
102006,8,time750,12400,0.9404296875,0.130585937500001
102006,8,time750,12600,0.9521484375,0.1258593750000009
102006,8,time750,12800,0.9658203125,0.1153906250000008
102006,8,time750,13000,0.9462890625,0.1324609375000011
102006,8,time750,13200,0.958984375,0.1145312500000009
102006,8,time750,13400,0.951171875,0.1306640625000009
102006,8,time750,13600,0.939453125,0.1345312500000011
102006,8,time750,13800,0.9404296875,0.1308203125000011
102006,8,time750,14000,0.9658203125,0.127246093750001
102006,8,time750,14200,0.9560546875,0.1246679687500009
102006,8,time750,14400,0.9658203125,0.1140039062500008
102006,8,time750,14600,0.9580078125,0.1178710937500009
102006,8,time750,14800,0.958984375,0.1233007812500007
102006,8,time750,15000,0.9482421875,0.1281445312500009
102006,8,time750,15200,0.95703125,0.1282421875000011
102006,8,time750,15400,0.951171875,0.1227929687500008
102006,8,time750,15600,0.9443359375,0.1417773437500012
102006,8,time750,15800,0.955078125,0.1204296875000008
102006,8,time750,16000,0.95703125,0.122832031250001
102006,8,time750,16200,0.9560546875,0.1199609375000008
102006,8,time750,16400,0.962890625,0.1164648437500008
102006,8,time750,16600,0.951171875,0.1244921875000007
102006,8,time750,16800,0.9755859375,0.1096679687500006
102006,8,time750,17000,0.9638671875,0.1128906250000008
102006,8,time750,17200,0.95703125,0.121875000000001
102006,8,time750,17400,0.9677734375,0.1103710937500007
102006,8,time750,17600,0.9501953125,0.126054687500001
102006,8,time750,17800,0.9580078125,0.1225000000000008
102006,8,time750,18000,0.95703125,0.1243750000000008
102006,8,time750,18200,0.9609375,0.1150195312500008
102006,8,time750,18400,0.9619140625,0.1195117187500008
102006,8,time750,18600,0.962890625,0.1098632812500006
102006,8,time750,18800,0.953125,0.127050781250001
102006,8,time750,19000,0.9580078125,0.1213085937500008
102006,8,time750,19200,0.9638671875,0.1124804687500007
102006,8,time750,19400,0.955078125,0.1215234375000009
102006,8,time750,19600,0.9541015625,0.1194531250000007
102006,8,time750,19800,0.9677734375,0.1154492187500009
102006,8,time750,20000,0.96875,0.1113671875000007
102007,7,continuous,0,0.2626953125,1.0
102007,7,continuous,200,0.4130859375,0.5978906249999995
102007,7,continuous,400,0.5556640625,0.4684179687500012
102007,7,continuous,600,0.7646484375,0.2832421875000014
102007,7,continuous,800,0.8994140625,0.1508789062500011
102007,7,continuous,1000,0.9814453125,0.0912890625000005
102007,7,continuous,1200,0.9892578125,0.0906054687500006
102007,7,continuous,1400,0.98828125,0.0892773437500005
102007,7,continuous,1600,0.9990234375,0.0813867187500005
102007,7,continuous,1800,0.998046875,0.0872656250000005
102007,7,continuous,2000,0.998046875,0.0833007812500005
102007,7,continuous,2200,0.9970703125,0.0835156250000004
102007,7,continuous,2400,0.998046875,0.0834375000000005
102007,7,continuous,2600,0.998046875,0.0806054687500004
102007,7,continuous,2800,0.998046875,0.0829101562500004
102007,7,continuous,3000,0.9990234375,0.0791601562500004
102007,7,continuous,3200,0.9990234375,0.0827929687500005
102007,7,continuous,3400,1.0,0.0843554687500004
102007,7,continuous,3600,0.9990234375,0.0816406250000004
102007,7,continuous,3800,1.0,0.0852539062500004
102007,7,continuous,4000,0.9990234375,0.0883203125000005
102007,7,continuous,4200,1.0,0.0840039062500005
102007,7,continuous,4400,1.0,0.0835742187500005
102007,7,continuous,4600,0.9970703125,0.0867578125000005
102007,7,continuous,4800,0.9990234375,0.0844140625000006
102007,7,continuous,5000,1.0,0.0817773437500004
102007,7,continuous,5200,1.0,0.0824023437500004
102007,7,continuous,5400,0.998046875,0.0858984375000005
102007,7,continuous,5600,0.998046875,0.0833203125000004
102007,7,continuous,5800,0.9990234375,0.0818359375000004
102007,7,continuous,6000,0.9990234375,0.0863476562500005
102007,7,continuous,6200,0.998046875,0.0807031250000003
102007,7,continuous,6400,1.0,0.0806054687500003
102007,7,continuous,6600,0.9990234375,0.0831445312500005
102007,7,continuous,6800,0.9990234375,0.0868359375000004
102007,7,continuous,7000,0.9990234375,0.0856445312500006
102007,7,continuous,7200,1.0,0.0807617187500004
102007,7,continuous,7400,1.0,0.0816601562500004
102007,7,continuous,7600,0.9990234375,0.0822656250000004
102007,7,continuous,7800,1.0,0.0845117187500004
102007,7,continuous,8000,1.0,0.0788281250000004
102007,7,continuous,8200,1.0,0.0826171875000004
102007,7,continuous,8400,0.9990234375,0.0807617187500005
102007,7,continuous,8600,1.0,0.0883203125000005
102007,7,continuous,8800,1.0,0.0841601562500004
102007,7,continuous,9000,0.9990234375,0.0831640625000004
102007,7,continuous,9200,1.0,0.0824218750000005
102007,7,continuous,9400,1.0,0.0807226562500004
102007,7,continuous,9600,0.9990234375,0.0840429687500004
102007,7,continuous,9800,0.9990234375,0.0846289062500005
102007,7,continuous,10000,1.0,0.0838671875000005
102007,7,continuous,10200,0.998046875,0.0807031250000005
102007,7,continuous,10400,0.9990234375,0.0829101562500004
102007,7,continuous,10600,0.9990234375,0.0832421875000005
102007,7,continuous,10800,1.0,0.0819726562500004
102007,7,continuous,11000,0.998046875,0.0862890625000006
102007,7,continuous,11200,1.0,0.0805273437500004
102007,7,continuous,11400,0.9990234375,0.0828125000000004
102007,7,continuous,11600,0.9990234375,0.0850781250000006
102007,7,continuous,11800,1.0,0.0812695312500003
102007,7,continuous,12000,0.9990234375,0.0827929687500005
102007,7,continuous,12200,0.998046875,0.0816796875000004
102007,7,continuous,12400,1.0,0.0786328125000003
102007,7,continuous,12600,0.9990234375,0.0821484375000004
102007,7,continuous,12800,1.0,0.0850195312500004
102007,7,continuous,13000,0.998046875,0.0800976562500004
102007,7,continuous,13200,1.0,0.0830273437500004
102007,7,continuous,13400,0.9990234375,0.0842773437500005
102007,7,continuous,13600,1.0,0.0853515625000005
102007,7,continuous,13800,0.9990234375,0.0839257812500005
102007,7,continuous,14000,0.9990234375,0.0831250000000005
102007,7,continuous,14200,0.9990234375,0.0837890625000005
102007,7,continuous,14400,1.0,0.0853320312500005
102007,7,continuous,14600,0.998046875,0.0843164062500005
102007,7,continuous,14800,1.0,0.0829296875000005
102007,7,continuous,15000,1.0,0.0853906250000005
102007,7,continuous,15200,1.0,0.0827343750000004
102007,7,continuous,15400,0.9990234375,0.0861914062500007
102007,7,continuous,15600,1.0,0.0850000000000004
102007,7,continuous,15800,1.0,0.0848828125000005
102007,7,continuous,16000,0.9990234375,0.0843359375000005
102007,7,continuous,16200,1.0,0.0853710937500005
102007,7,continuous,16400,0.998046875,0.0868359375000005
102007,7,continuous,16600,0.998046875,0.0820507812500005
102007,7,continuous,16800,1.0,0.0859765625000004
102007,7,continuous,17000,1.0,0.0845703125000005
102007,7,continuous,17200,1.0,0.0845312500000004
102007,7,continuous,17400,0.9990234375,0.0816210937500004
102007,7,continuous,17600,0.9970703125,0.0799023437500005
102007,7,continuous,17800,1.0,0.0802734375000004
102007,7,continuous,18000,1.0,0.0867382812500005
102007,7,continuous,18200,1.0,0.0799023437500005
102007,7,continuous,18400,0.9990234375,0.0828320312500005
102007,7,continuous,18600,1.0,0.0801171875000003
102007,7,continuous,18800,0.9990234375,0.0812304687500004
102007,7,continuous,19000,0.9990234375,0.0850000000000005
102007,7,continuous,19200,1.0,0.0872070312500005
102007,7,continuous,19400,1.0,0.0879492187500006
102007,7,continuous,19600,0.9990234375,0.0833203125000005
102007,7,continuous,19800,1.0,0.0808398437500004
102007,7,continuous,20000,0.998046875,0.0863671875000005
102007,8,continuous,0,0.2626953125,1.0
102007,8,continuous,200,0.208984375,0.8009179687499984
102007,8,continuous,400,0.1640625,0.854726562499999
102007,8,continuous,600,0.15625,0.8583398437499996
102007,8,continuous,800,0.203125,0.8150195312499994
102007,8,continuous,1000,0.271484375,0.7558007812499998
102007,8,continuous,1200,0.396484375,0.6464843749999998
102007,8,continuous,1400,0.71875,0.3544531250000018
102007,8,continuous,1600,0.8544921875,0.2404882812500017
102007,8,continuous,1800,0.93359375,0.1686328125000013
102007,8,continuous,2000,0.951171875,0.1658203125000013
102007,8,continuous,2200,0.984375,0.1320703125000009
102007,8,continuous,2400,0.9833984375,0.1305468750000008
102007,8,continuous,2600,0.9892578125,0.132480468750001
102007,8,continuous,2800,0.990234375,0.129843750000001
102007,8,continuous,3000,0.9912109375,0.1166210937500007
102007,8,continuous,3200,0.9931640625,0.1263671875000009
102007,8,continuous,3400,0.9931640625,0.1279882812500009
102007,8,continuous,3600,0.98828125,0.1255468750000008
102007,8,continuous,3800,0.9951171875,0.1188671875000007
102007,8,continuous,4000,0.99609375,0.1209375000000008
102007,8,continuous,4200,0.9951171875,0.1229296875000007
102007,8,continuous,4400,0.9990234375,0.1210546875000008
102007,8,continuous,4600,0.99609375,0.1269531250000009
102007,8,continuous,4800,0.9951171875,0.133125000000001
102007,8,continuous,5000,0.998046875,0.1245898437500006
102007,8,continuous,5200,0.998046875,0.1207812500000008
102007,8,continuous,5400,0.9970703125,0.1237695312500008
102007,8,continuous,5600,0.998046875,0.1209375000000008
102007,8,continuous,5800,0.9970703125,0.1185546875000008
102007,8,continuous,6000,0.9990234375,0.1216406250000009
102007,8,continuous,6200,0.998046875,0.1236718750000009
102007,8,continuous,6400,0.99609375,0.127109375000001
102007,8,continuous,6600,0.998046875,0.1252734375000008
102007,8,continuous,6800,0.998046875,0.1181835937500006
102007,8,continuous,7000,0.9990234375,0.124179687500001
102007,8,continuous,7200,0.998046875,0.1308007812500011
102007,8,continuous,7400,0.998046875,0.1209960937500008
102007,8,continuous,7600,0.9970703125,0.1331054687500011
102007,8,continuous,7800,0.9970703125,0.131171875000001
102007,8,continuous,8000,0.9990234375,0.1295507812500009
102007,8,continuous,8200,0.9970703125,0.1246484375000008
102007,8,continuous,8400,0.9990234375,0.132890625000001
102007,8,continuous,8600,1.0,0.1248828125000009
102007,8,continuous,8800,0.9990234375,0.1287890625000011
102007,8,continuous,9000,0.998046875,0.1327539062500009
102007,8,continuous,9200,0.9990234375,0.1258593750000007
102007,8,continuous,9400,0.998046875,0.1228125000000007
102007,8,continuous,9600,0.998046875,0.1206835937500007
102007,8,continuous,9800,0.9970703125,0.124023437500001
102007,8,continuous,10000,0.9990234375,0.133945312500001
102007,8,continuous,10200,0.9990234375,0.1280273437500008
102007,8,continuous,10400,0.9990234375,0.1231445312500008
102007,8,continuous,10600,0.9990234375,0.1272851562500009
102007,8,continuous,10800,0.998046875,0.1315625000000009
102007,8,continuous,11000,0.99609375,0.1376757812500009
102007,8,continuous,11200,0.9970703125,0.1291015625000009
102007,8,continuous,11400,0.9990234375,0.1357421875000011
102007,8,continuous,11600,1.0,0.1283789062500009
102007,8,continuous,11800,0.9990234375,0.1253906250000009
102007,8,continuous,12000,0.9990234375,0.1309570312500009
102007,8,continuous,12200,0.998046875,0.1319140625000008
102007,8,continuous,12400,0.998046875,0.133476562500001
102007,8,continuous,12600,1.0,0.134160156250001
102007,8,continuous,12800,1.0,0.1399023437500011
102007,8,continuous,13000,0.998046875,0.135644531250001
102007,8,continuous,13200,0.99609375,0.135000000000001
102007,8,continuous,13400,0.9990234375,0.141855468750001
102007,8,continuous,13600,0.9990234375,0.135566406250001
102007,8,continuous,13800,0.998046875,0.1404101562500009
102007,8,continuous,14000,1.0,0.131875000000001
102007,8,continuous,14200,1.0,0.139003906250001
102007,8,continuous,14400,0.998046875,0.1314648437500008
102007,8,continuous,14600,0.9970703125,0.129082031250001
102007,8,continuous,14800,0.9970703125,0.1317968750000007
102007,8,continuous,15000,0.998046875,0.133281250000001
102007,8,continuous,15200,1.0,0.1395507812500011
102007,8,continuous,15400,1.0,0.128554687500001
102007,8,continuous,15600,1.0,0.1300000000000009
102007,8,continuous,15800,0.9990234375,0.1366015625000009
102007,8,continuous,16000,0.9970703125,0.130527343750001
102007,8,continuous,16200,1.0,0.1298632812500008
102007,8,continuous,16400,0.9990234375,0.1314453125000009
102007,8,continuous,16600,0.9990234375,0.130585937500001
102007,8,continuous,16800,0.9990234375,0.1349023437500009
102007,8,continuous,17000,1.0,0.1332226562500009
102007,8,continuous,17200,0.9990234375,0.1355273437500012
102007,8,continuous,17400,0.998046875,0.1292578125000011
102007,8,continuous,17600,0.9970703125,0.1360546875000012
102007,8,continuous,17800,1.0,0.1383398437500011
102007,8,continuous,18000,0.998046875,0.1423437500000012
102007,8,continuous,18200,0.9970703125,0.140390625000001
102007,8,continuous,18400,0.9990234375,0.136757812500001
102007,8,continuous,18600,0.9990234375,0.1262304687500008
102007,8,continuous,18800,1.0,0.1361718750000009
102007,8,continuous,19000,0.9990234375,0.1213085937500007
102007,8,continuous,19200,0.998046875,0.127968750000001
102007,8,continuous,19400,1.0,0.1293359375000009
102007,8,continuous,19600,0.9990234375,0.1325976562500009
102007,8,continuous,19800,0.9990234375,0.1312500000000009
102007,8,continuous,20000,1.0,0.1307226562500011
102007,7,count1024,0,0.2626953125,1.0
102007,7,count1024,200,0.412109375,0.6069531249999999
102007,7,count1024,400,0.501953125,0.515859375000001
102007,7,count1024,600,0.4453125,0.5738476562499993
102007,7,count1024,800,0.595703125,0.4314453125000014
102007,7,count1024,1000,0.599609375,0.4266406250000017
102007,7,count1024,1200,0.7109375,0.3251171875000016
102007,7,count1024,1400,0.6904296875,0.3405078125000017
102007,7,count1024,1600,0.6787109375,0.3509765625000013
102007,7,count1024,1800,0.6904296875,0.3398046875000016
102007,7,count1024,2000,0.7353515625,0.3042382812500016
102007,7,count1024,2200,0.7119140625,0.3245312500000013
102007,7,count1024,2400,0.7333984375,0.3059570312500014
102007,7,count1024,2600,0.748046875,0.2838085937500015
102007,7,count1024,2800,0.7236328125,0.3108593750000015
102007,7,count1024,3000,0.73046875,0.3020117187500015
102007,7,count1024,3200,0.7490234375,0.2856835937500014
102007,7,count1024,3400,0.7158203125,0.3215039062500014
102007,7,count1024,3600,0.7158203125,0.3140429687500016
102007,7,count1024,3800,0.7431640625,0.2895703125000015
102007,7,count1024,4000,0.7099609375,0.3165234375000017
102007,7,count1024,4200,0.732421875,0.3070117187500016
102007,7,count1024,4400,0.6884765625,0.3445312500000016
102007,7,count1024,4600,0.7509765625,0.2845703125000015
102007,7,count1024,4800,0.763671875,0.2737695312500013
102007,7,count1024,5000,0.7314453125,0.3078320312500016
102007,7,count1024,5200,0.7109375,0.3280468750000016
102007,7,count1024,5400,0.7431640625,0.2949609375000013
102007,7,count1024,5600,0.7333984375,0.3020117187500016
102007,7,count1024,5800,0.7705078125,0.2718945312500016
102007,7,count1024,6000,0.7451171875,0.2900781250000015
102007,7,count1024,6200,0.7763671875,0.2639453125000014
102007,7,count1024,6400,0.705078125,0.3299414062500014
102007,7,count1024,6600,0.736328125,0.2936132812500015
102007,7,count1024,6800,0.7548828125,0.2822851562500015
102007,7,count1024,7000,0.744140625,0.2846875000000012
102007,7,count1024,7200,0.759765625,0.2814453125000014
102007,7,count1024,7400,0.7587890625,0.2911523437500015
102007,7,count1024,7600,0.7724609375,0.2617968750000013
102007,7,count1024,7800,0.74609375,0.2862500000000015
102007,7,count1024,8000,0.7685546875,0.2768359375000014
102007,7,count1024,8200,0.78125,0.2537695312500013
102007,7,count1024,8400,0.7734375,0.2669921875000014
102007,7,count1024,8600,0.783203125,0.2506640625000013
102007,7,count1024,8800,0.783203125,0.2532031250000012
102007,7,count1024,9000,0.787109375,0.2424414062500013
102007,7,count1024,9200,0.7548828125,0.2764648437500014
102007,7,count1024,9400,0.7890625,0.2487500000000013
102007,7,count1024,9600,0.763671875,0.2694726562500015
102007,7,count1024,9800,0.7705078125,0.2708789062500015
102007,7,count1024,10000,0.7861328125,0.2555664062500013
102007,7,count1024,10200,0.791015625,0.2509375000000014
102007,7,count1024,10400,0.8203125,0.2292968750000015
102007,7,count1024,10600,0.79296875,0.2444140625000014
102007,7,count1024,10800,0.78515625,0.2501953125000013
102007,7,count1024,11000,0.775390625,0.2563476562500013
102007,7,count1024,11200,0.80078125,0.2405273437500013
102007,7,count1024,11400,0.7529296875,0.2848437500000016
102007,7,count1024,11600,0.7822265625,0.2559960937500014
102007,7,count1024,11800,0.7548828125,0.2818164062500014
102007,7,count1024,12000,0.7919921875,0.2495312500000016
102007,7,count1024,12200,0.7900390625,0.2481835937500013
102007,7,count1024,12400,0.7734375,0.2646875000000014
102007,7,count1024,12600,0.7685546875,0.2694140625000012
102007,7,count1024,12800,0.75390625,0.2856640625000015
102007,7,count1024,13000,0.7958984375,0.2512695312500015
102007,7,count1024,13200,0.8037109375,0.2308593750000013
102007,7,count1024,13400,0.78515625,0.2467187500000015
102007,7,count1024,13600,0.8154296875,0.2266601562500011
102007,7,count1024,13800,0.806640625,0.2332226562500014
102007,7,count1024,14000,0.791015625,0.2542578125000014
102007,7,count1024,14200,0.80078125,0.2351953125000015
102007,7,count1024,14400,0.7861328125,0.2552539062500016
102007,7,count1024,14600,0.7880859375,0.2508593750000014
102007,7,count1024,14800,0.7939453125,0.2453320312500015
102007,7,count1024,15000,0.8056640625,0.2289453125000017
102007,7,count1024,15200,0.80859375,0.2313085937500013
102007,7,count1024,15400,0.7822265625,0.2536328125000016
102007,7,count1024,15600,0.814453125,0.2309960937500016
102007,7,count1024,15800,0.8115234375,0.2270117187500016
102007,7,count1024,16000,0.80078125,0.2433398437500014
102007,7,count1024,16200,0.814453125,0.2350781250000016
102007,7,count1024,16400,0.845703125,0.1989843750000016
102007,7,count1024,16600,0.8046875,0.2384960937500014
102007,7,count1024,16800,0.8291015625,0.2154492187500013
102007,7,count1024,17000,0.8095703125,0.2288671875000013
102007,7,count1024,17200,0.7939453125,0.2415039062500014
102007,7,count1024,17400,0.7861328125,0.2521093750000014
102007,7,count1024,17600,0.7900390625,0.2541406250000016
102007,7,count1024,17800,0.7978515625,0.2424609375000015
102007,7,count1024,18000,0.7578125,0.2840039062500016
102007,7,count1024,18200,0.8037109375,0.2364062500000012
102007,7,count1024,18400,0.791015625,0.2503515625000012
102007,7,count1024,18600,0.8193359375,0.2207617187500013
102007,7,count1024,18800,0.8505859375,0.1818359375000013
102007,7,count1024,19000,0.802734375,0.2482617187500015
102007,7,count1024,19200,0.8173828125,0.2276562500000014
102007,7,count1024,19400,0.8095703125,0.2370117187500016
102007,7,count1024,19600,0.841796875,0.2088671875000014
102007,7,count1024,19800,0.8388671875,0.1949414062500012
102007,7,count1024,20000,0.822265625,0.2088281250000012
102007,8,count1024,0,0.2626953125,1.0
102007,8,count1024,200,0.208984375,0.8009179687499984
102007,8,count1024,400,0.1640625,0.854726562499999
102007,8,count1024,600,0.15625,0.8583398437499996
102007,8,count1024,800,0.2001953125,0.8157421874999994
102007,8,count1024,1000,0.2626953125,0.7544335937499999
102007,8,count1024,1200,0.3076171875,0.7122265624999996
102007,8,count1024,1400,0.416015625,0.6236718750000005
102007,8,count1024,1600,0.603515625,0.4487500000000015
102007,8,count1024,1800,0.7724609375,0.3011523437500018
102007,8,count1024,2000,0.8046875,0.2685546875000015
102007,8,count1024,2200,0.8466796875,0.2208984375000014
102007,8,count1024,2400,0.8759765625,0.2045898437500014
102007,8,count1024,2600,0.91015625,0.1808007812500015
102007,8,count1024,2800,0.92578125,0.1606640625000013
102007,8,count1024,3000,0.91796875,0.1727929687500013
102007,8,count1024,3200,0.93359375,0.1455664062500008
102007,8,count1024,3400,0.931640625,0.1510156250000012
102007,8,count1024,3600,0.9248046875,0.1628125000000011
102007,8,count1024,3800,0.9287109375,0.1510351562500012
102007,8,count1024,4000,0.94921875,0.138515625000001
102007,8,count1024,4200,0.9619140625,0.1338281250000008
102007,8,count1024,4400,0.953125,0.141074218750001
102007,8,count1024,4600,0.96484375,0.1329687500000009
102007,8,count1024,4800,0.9375,0.1461718750000008
102007,8,count1024,5000,0.9462890625,0.1365429687500009
102007,8,count1024,5200,0.9677734375,0.1256054687500009
102007,8,count1024,5400,0.96484375,0.1311914062500007
102007,8,count1024,5600,0.951171875,0.1365820312500012
102007,8,count1024,5800,0.9736328125,0.1190429687500008
102007,8,count1024,6000,0.978515625,0.1203710937500008
102007,8,count1024,6200,0.9697265625,0.1244921875000006
102007,8,count1024,6400,0.9609375,0.1362500000000008
102007,8,count1024,6600,0.974609375,0.1181250000000008
102007,8,count1024,6800,0.9833984375,0.1184960937500008
102007,8,count1024,7000,0.9775390625,0.1217968750000006
102007,8,count1024,7200,0.9697265625,0.1220312500000007
102007,8,count1024,7400,0.984375,0.1159375000000007
102007,8,count1024,7600,0.97265625,0.1149804687500007
102007,8,count1024,7800,0.982421875,0.1122265625000008
102007,8,count1024,8000,0.966796875,0.1308984375000008
102007,8,count1024,8200,0.9775390625,0.1193164062500008
102007,8,count1024,8400,0.982421875,0.1211328125000008
102007,8,count1024,8600,0.986328125,0.1150781250000007
102007,8,count1024,8800,0.978515625,0.1206835937500009
102007,8,count1024,9000,0.994140625,0.1092968750000007
102007,8,count1024,9200,0.9873046875,0.1100781250000007
102007,8,count1024,9400,0.98046875,0.1127148437500007
102007,8,count1024,9600,0.98828125,0.1141406250000007
102007,8,count1024,9800,0.97265625,0.1248828125000007
102007,8,count1024,10000,0.984375,0.1196875000000007
102007,8,count1024,10200,0.9794921875,0.1197851562500008
102007,8,count1024,10400,0.978515625,0.1208203125000009
102007,8,count1024,10600,0.98046875,0.1238867187500009
102007,8,count1024,10800,0.9697265625,0.1255078125000007
102007,8,count1024,11000,0.9794921875,0.1209765625000008
102007,8,count1024,11200,0.97265625,0.1247656250000009
102007,8,count1024,11400,0.9736328125,0.1250390625000009
102007,8,count1024,11600,0.9833984375,0.1175195312500008
102007,8,count1024,11800,0.978515625,0.1251757812500007
102007,8,count1024,12000,0.990234375,0.1158007812500007
102007,8,count1024,12200,0.9873046875,0.1088476562500006
102007,8,count1024,12400,0.984375,0.1170898437500006
102007,8,count1024,12600,0.9814453125,0.1213476562500008
102007,8,count1024,12800,0.98046875,0.1213085937500009
102007,8,count1024,13000,0.982421875,0.1165625000000009
102007,8,count1024,13200,0.990234375,0.1147851562500008
102007,8,count1024,13400,0.9853515625,0.1178710937500007
102007,8,count1024,13600,0.9873046875,0.1125390625000007
102007,8,count1024,13800,0.986328125,0.1142968750000007
102007,8,count1024,14000,0.984375,0.1082226562500005
102007,8,count1024,14200,0.9755859375,0.1254687500000008
102007,8,count1024,14400,0.982421875,0.1175976562500007
102007,8,count1024,14600,0.9951171875,0.1060546875000007
102007,8,count1024,14800,0.9775390625,0.1229296875000008
102007,8,count1024,15000,0.98046875,0.1149218750000007
102007,8,count1024,15200,0.98046875,0.1172851562500008
102007,8,count1024,15400,0.984375,0.1214257812500008
102007,8,count1024,15600,0.9814453125,0.1187500000000007
102007,8,count1024,15800,0.974609375,0.1281445312500008
102007,8,count1024,16000,0.984375,0.1165429687500008
102007,8,count1024,16200,0.986328125,0.1158398437500007
102007,8,count1024,16400,0.984375,0.1230859375000008
102007,8,count1024,16600,0.984375,0.1150195312500007
102007,8,count1024,16800,0.986328125,0.1191601562500007
102007,8,count1024,17000,0.98046875,0.1196093750000008
102007,8,count1024,17200,0.98828125,0.1114843750000006
102007,8,count1024,17400,0.98828125,0.1116406250000008
102007,8,count1024,17600,0.98828125,0.1170117187500009
102007,8,count1024,17800,0.9853515625,0.1115234375000007
102007,8,count1024,18000,0.9853515625,0.1160546875000009
102007,8,count1024,18200,0.9912109375,0.1108203125000007
102007,8,count1024,18400,0.98046875,0.1167578125000007
102007,8,count1024,18600,0.984375,0.1181835937500008
102007,8,count1024,18800,0.990234375,0.1099218750000007
102007,8,count1024,19000,0.9892578125,0.1200000000000007
102007,8,count1024,19200,0.982421875,0.1169921875000006
102007,8,count1024,19400,0.9921875,0.1122851562500008
102007,8,count1024,19600,0.982421875,0.1202148437500008
102007,8,count1024,19800,0.9892578125,0.1154296875000008
102007,8,count1024,20000,0.9873046875,0.1098828125000008
102007,7,time150,0,0.2626953125,1.0
102007,7,time150,200,0.4443359375,0.5843749999999998
102007,7,time150,400,0.494140625,0.5293750000000009
102007,7,time150,600,0.541015625,0.4870507812500015
102007,7,time150,800,0.6064453125,0.4245312500000014
102007,7,time150,1000,0.6572265625,0.3771875000000017
102007,7,time150,1200,0.671875,0.3603320312500016
102007,7,time150,1400,0.6884765625,0.3447460937500015
102007,7,time150,1600,0.6796875,0.3525585937500015
102007,7,time150,1800,0.6953125,0.3302734375000014
102007,7,time150,2000,0.72265625,0.3090820312500015
102007,7,time150,2200,0.748046875,0.2920312500000015
102007,7,time150,2400,0.7529296875,0.2805078125000017
102007,7,time150,2600,0.7548828125,0.2903906250000016
102007,7,time150,2800,0.7744140625,0.2709375000000013
102007,7,time150,3000,0.76171875,0.2785546875000016
102007,7,time150,3200,0.748046875,0.2915039062500017
102007,7,time150,3400,0.7548828125,0.2865234375000015
102007,7,time150,3600,0.7607421875,0.2777734375000015
102007,7,time150,3800,0.8056640625,0.2411914062500016
102007,7,time150,4000,0.7900390625,0.2487304687500015
102007,7,time150,4200,0.8173828125,0.2300976562500016
102007,7,time150,4400,0.8193359375,0.2300781250000016
102007,7,time150,4600,0.8203125,0.2247460937500014
102007,7,time150,4800,0.7744140625,0.2597656250000013
102007,7,time150,5000,0.8017578125,0.2341406250000016
102007,7,time150,5200,0.826171875,0.2309960937500014
102007,7,time150,5400,0.7978515625,0.2344726562500013
102007,7,time150,5600,0.8271484375,0.2193554687500013
102007,7,time150,5800,0.8251953125,0.2197460937500014
102007,7,time150,6000,0.8408203125,0.2106640625000014
102007,7,time150,6200,0.833984375,0.2072656250000015
102007,7,time150,6400,0.8271484375,0.2237109375000015
102007,7,time150,6600,0.83984375,0.2128710937500014
102007,7,time150,6800,0.8359375,0.2159179687500014
102007,7,time150,7000,0.8388671875,0.2176757812500012
102007,7,time150,7200,0.8671875,0.1842968750000012
102007,7,time150,7400,0.8427734375,0.2089062500000014
102007,7,time150,7600,0.818359375,0.2245117187500014
102007,7,time150,7800,0.8486328125,0.1994531250000015
102007,7,time150,8000,0.8203125,0.2260937500000012
102007,7,time150,8200,0.8173828125,0.2245898437500014
102007,7,time150,8400,0.8369140625,0.2144531250000014
102007,7,time150,8600,0.8359375,0.2069335937500014
102007,7,time150,8800,0.8291015625,0.208671875000001
102007,7,time150,9000,0.8232421875,0.2186328125000015
102007,7,time150,9200,0.8662109375,0.1752929687500013
102007,7,time150,9400,0.8388671875,0.2002148437500014
102007,7,time150,9600,0.853515625,0.2019140625000015
102007,7,time150,9800,0.8505859375,0.1946484375000014
102007,7,time150,10000,0.833984375,0.2060937500000015
102007,7,time150,10200,0.853515625,0.1955273437500013
102007,7,time150,10400,0.828125,0.2176562500000015
102007,7,time150,10600,0.83203125,0.2208593750000015
102007,7,time150,10800,0.84765625,0.1979882812500014
102007,7,time150,11000,0.8388671875,0.2022656250000013
102007,7,time150,11200,0.8447265625,0.2056835937500011
102007,7,time150,11400,0.8271484375,0.2165039062500012
102007,7,time150,11600,0.8056640625,0.2358984375000012
102007,7,time150,11800,0.7939453125,0.2520117187500013
102007,7,time150,12000,0.8173828125,0.2302148437500014
102007,7,time150,12200,0.83203125,0.2022851562500014
102007,7,time150,12400,0.8603515625,0.1878906250000013
102007,7,time150,12600,0.8671875,0.1893359375000015
102007,7,time150,12800,0.837890625,0.2000195312500013
102007,7,time150,13000,0.8681640625,0.1870117187500015
102007,7,time150,13200,0.8466796875,0.2015234375000012
102007,7,time150,13400,0.8291015625,0.2102539062500013
102007,7,time150,13600,0.8330078125,0.2157031250000016
102007,7,time150,13800,0.841796875,0.2085742187500012
102007,7,time150,14000,0.7666015625,0.2693750000000015
102007,7,time150,14200,0.826171875,0.2084375000000014
102007,7,time150,14400,0.8369140625,0.2061718750000012
102007,7,time150,14600,0.830078125,0.2138085937500014
102007,7,time150,14800,0.8564453125,0.1924414062500014
102007,7,time150,15000,0.845703125,0.1948632812500013
102007,7,time150,15200,0.8515625,0.2011718750000016
102007,7,time150,15400,0.8466796875,0.2041015625000013
102007,7,time150,15600,0.8525390625,0.1888671875000014
102007,7,time150,15800,0.8193359375,0.2270507812500012
102007,7,time150,16000,0.845703125,0.1933984375000013
102007,7,time150,16200,0.884765625,0.1702148437500011
102007,7,time150,16400,0.8486328125,0.2013867187500013
102007,7,time150,16600,0.861328125,0.1883593750000014
102007,7,time150,16800,0.8291015625,0.2188085937500012
102007,7,time150,17000,0.859375,0.1884375000000013
102007,7,time150,17200,0.84765625,0.2020507812500015
102007,7,time150,17400,0.849609375,0.2011328125000015
102007,7,time150,17600,0.8271484375,0.2174804687500012
102007,7,time150,17800,0.865234375,0.1846289062500013
102007,7,time150,18000,0.8544921875,0.1974414062500015
102007,7,time150,18200,0.826171875,0.2206445312500014
102007,7,time150,18400,0.8515625,0.2034570312500014
102007,7,time150,18600,0.822265625,0.2199804687500014
102007,7,time150,18800,0.8115234375,0.2301171875000013
102007,7,time150,19000,0.853515625,0.2016992187500014
102007,7,time150,19200,0.8232421875,0.2214257812500014
102007,7,time150,19400,0.8232421875,0.2232031250000015
102007,7,time150,19600,0.8046875,0.2315429687500014
102007,7,time150,19800,0.8203125,0.2241406250000014
102007,7,time150,20000,0.8427734375,0.2056054687500013
102007,8,time150,0,0.2626953125,1.0
102007,8,time150,200,0.2109375,0.8005664062499982
102007,8,time150,400,0.146484375,0.865585937499999
102007,8,time150,600,0.13671875,0.869980468749999
102007,8,time150,800,0.115234375,0.890937499999999
102007,8,time150,1000,0.1328125,0.8775585937499987
102007,8,time150,1200,0.107421875,0.9008203124999992
102007,8,time150,1400,0.099609375,0.9024804687499988
102007,8,time150,1600,0.1357421875,0.874707031249999
102007,8,time150,1800,0.13671875,0.8703906249999986
102007,8,time150,2000,0.2060546875,0.8052148437499985
102007,8,time150,2200,0.25390625,0.759003906249999
102007,8,time150,2400,0.3232421875,0.6992578124999989
102007,8,time150,2600,0.361328125,0.6543945312499989
102007,8,time150,2800,0.4658203125,0.5559570312500008
102007,8,time150,3000,0.5986328125,0.4414062500000016
102007,8,time150,3200,0.6259765625,0.4106445312500017
102007,8,time150,3400,0.7109375,0.3348437500000017
102007,8,time150,3600,0.7646484375,0.2857421875000014
102007,8,time150,3800,0.76953125,0.2900976562500017
102007,8,time150,4000,0.79296875,0.2522851562500015
102007,8,time150,4200,0.78515625,0.2710546875000017
102007,8,time150,4400,0.80078125,0.2561718750000017
102007,8,time150,4600,0.7890625,0.2595703125000015
102007,8,time150,4800,0.8095703125,0.2512109375000016
102007,8,time150,5000,0.7578125,0.2837695312500016
102007,8,time150,5200,0.80078125,0.2506250000000016
102007,8,time150,5400,0.79296875,0.2702539062500014
102007,8,time150,5600,0.7939453125,0.2536718750000014
102007,8,time150,5800,0.7958984375,0.2620312500000016
102007,8,time150,6000,0.810546875,0.2438281250000014
102007,8,time150,6200,0.79296875,0.2549218750000016
102007,8,time150,6400,0.7763671875,0.2735937500000015
102007,8,time150,6600,0.798828125,0.2596679687500014
102007,8,time150,6800,0.78515625,0.2616601562500015
102007,8,time150,7000,0.7998046875,0.2547265625000013
102007,8,time150,7200,0.8017578125,0.2617773437500017
102007,8,time150,7400,0.802734375,0.2478515625000016
102007,8,time150,7600,0.8203125,0.2331445312500014
102007,8,time150,7800,0.78125,0.2746484375000016
102007,8,time150,8000,0.830078125,0.2205468750000014
102007,8,time150,8200,0.7861328125,0.2706835937500014
102007,8,time150,8400,0.791015625,0.2612695312500014
102007,8,time150,8600,0.78125,0.2767382812500016
102007,8,time150,8800,0.8232421875,0.2275390625000014
102007,8,time150,9000,0.8232421875,0.2328515625000013
102007,8,time150,9200,0.8046875,0.2441796875000015
102007,8,time150,9400,0.8173828125,0.2367187500000015
102007,8,time150,9600,0.8203125,0.2412695312500015
102007,8,time150,9800,0.798828125,0.2488476562500014
102007,8,time150,10000,0.8037109375,0.2564843750000013
102007,8,time150,10200,0.7939453125,0.2677734375000014
102007,8,time150,10400,0.8505859375,0.2066796875000015
102007,8,time150,10600,0.8359375,0.2224023437500014
102007,8,time150,10800,0.830078125,0.2298437500000014
102007,8,time150,11000,0.8349609375,0.2199218750000013
102007,8,time150,11200,0.8349609375,0.2285937500000014
102007,8,time150,11400,0.8310546875,0.2261718750000012
102007,8,time150,11600,0.826171875,0.2251367187500015
102007,8,time150,11800,0.8251953125,0.2228710937500013
102007,8,time150,12000,0.8388671875,0.2212109375000014
102007,8,time150,12200,0.8427734375,0.2194140625000014
102007,8,time150,12400,0.822265625,0.2213671875000013
102007,8,time150,12600,0.8271484375,0.2310742187500013
102007,8,time150,12800,0.796875,0.2494726562500015
102007,8,time150,13000,0.798828125,0.2576367187500013
102007,8,time150,13200,0.814453125,0.2397070312500016
102007,8,time150,13400,0.8359375,0.2188281250000013
102007,8,time150,13600,0.8359375,0.2302539062500015
102007,8,time150,13800,0.859375,0.2064257812500013
102007,8,time150,14000,0.8125,0.2417968750000014
102007,8,time150,14200,0.814453125,0.2457031250000014
102007,8,time150,14400,0.8232421875,0.2359765625000015
102007,8,time150,14600,0.8544921875,0.2077148437500014
102007,8,time150,14800,0.8017578125,0.2554882812500016
102007,8,time150,15000,0.8056640625,0.2473242187500015
102007,8,time150,15200,0.8037109375,0.2498828125000016
102007,8,time150,15400,0.8154296875,0.2396289062500015
102007,8,time150,15600,0.810546875,0.2394140625000016
102007,8,time150,15800,0.8271484375,0.2250585937500015
102007,8,time150,16000,0.8310546875,0.2157421875000016
102007,8,time150,16200,0.8173828125,0.2369335937500013
102007,8,time150,16400,0.837890625,0.2275000000000013
102007,8,time150,16600,0.8544921875,0.2106054687500015
102007,8,time150,16800,0.8076171875,0.2462695312500013
102007,8,time150,17000,0.830078125,0.2292578125000013
102007,8,time150,17200,0.859375,0.2027734375000015
102007,8,time150,17400,0.8515625,0.2003710937500012
102007,8,time150,17600,0.841796875,0.2210742187500016
102007,8,time150,17800,0.8134765625,0.2383007812500013
102007,8,time150,18000,0.8369140625,0.2205078125000013
102007,8,time150,18200,0.79296875,0.2539257812500012
102007,8,time150,18400,0.7724609375,0.2651367187500015
102007,8,time150,18600,0.7666015625,0.2786718750000016
102007,8,time150,18800,0.8232421875,0.2305859375000016
102007,8,time150,19000,0.7783203125,0.2720898437500013
102007,8,time150,19200,0.8037109375,0.2473437500000014
102007,8,time150,19400,0.8154296875,0.2384570312500013
102007,8,time150,19600,0.828125,0.2310351562500015
102007,8,time150,19800,0.8173828125,0.2358203125000014
102007,8,time150,20000,0.8291015625,0.2262109375000016
102007,7,time750,0,0.2626953125,1.0
102007,7,time750,200,0.4130859375,0.5978906249999995
102007,7,time750,400,0.5556640625,0.4684179687500012
102007,7,time750,600,0.7646484375,0.2832421875000014
102007,7,time750,800,0.90234375,0.1509179687500012
102007,7,time750,1000,0.9619140625,0.1102539062500009
102007,7,time750,1200,0.978515625,0.0927539062500007
102007,7,time750,1400,0.9716796875,0.1055273437500007
102007,7,time750,1600,0.9892578125,0.0907617187500007
102007,7,time750,1800,0.9921875,0.0826562500000003
102007,7,time750,2000,0.9921875,0.0864453125000005
102007,7,time750,2200,0.9931640625,0.0806835937500004
102007,7,time750,2400,0.994140625,0.0837109375000004
102007,7,time750,2600,0.990234375,0.0876367187500005
102007,7,time750,2800,0.990234375,0.0904296875000006
102007,7,time750,3000,0.99609375,0.0858203125000006
102007,7,time750,3200,0.998046875,0.0819335937500004
102007,7,time750,3400,0.9951171875,0.0826757812500003
102007,7,time750,3600,0.998046875,0.0849218750000005
102007,7,time750,3800,0.9990234375,0.0843750000000004
102007,7,time750,4000,0.994140625,0.0828320312500004
102007,7,time750,4200,0.9951171875,0.0859960937500005
102007,7,time750,4400,0.99609375,0.0845117187500005
102007,7,time750,4600,0.99609375,0.0873242187500005
102007,7,time750,4800,0.9970703125,0.0818359375000004
102007,7,time750,5000,0.998046875,0.0838476562500004
102007,7,time750,5200,0.9970703125,0.0846093750000005
102007,7,time750,5400,0.9951171875,0.0880273437500005
102007,7,time750,5600,0.99609375,0.0777148437500004
102007,7,time750,5800,0.99609375,0.0881250000000005
102007,7,time750,6000,0.99609375,0.0833789062500004
102007,7,time750,6200,0.9951171875,0.0841015625000004
102007,7,time750,6400,0.9921875,0.0850195312500006
102007,7,time750,6600,0.9951171875,0.0875000000000005
102007,7,time750,6800,0.9990234375,0.0840234375000005
102007,7,time750,7000,0.9990234375,0.0857421875000005
102007,7,time750,7200,0.998046875,0.0839257812500006
102007,7,time750,7400,0.9990234375,0.0823437500000004
102007,7,time750,7600,1.0,0.0771875000000002
102007,7,time750,7800,0.9951171875,0.0853710937500006
102007,7,time750,8000,0.9990234375,0.0858593750000005
102007,7,time750,8200,0.9970703125,0.0840039062500005
102007,7,time750,8400,0.998046875,0.0880273437500005
102007,7,time750,8600,0.99609375,0.0813281250000004
102007,7,time750,8800,0.9970703125,0.0846484375000005
102007,7,time750,9000,0.9970703125,0.0827148437500005
102007,7,time750,9200,0.9990234375,0.0855468750000004
102007,7,time750,9400,0.9951171875,0.0842382812500006
102007,7,time750,9600,0.9990234375,0.0864257812500006
102007,7,time750,9800,0.9990234375,0.0844726562500005
102007,7,time750,10000,0.9970703125,0.0843750000000005
102007,7,time750,10200,0.9970703125,0.0826171875000004
102007,7,time750,10400,0.9970703125,0.0860742187500005
102007,7,time750,10600,0.9990234375,0.0791015625000003
102007,7,time750,10800,1.0,0.0876171875000006
102007,7,time750,11000,0.9990234375,0.0812500000000004
102007,7,time750,11200,0.99609375,0.0891601562500005
102007,7,time750,11400,0.998046875,0.0790820312500005
102007,7,time750,11600,0.994140625,0.0835937500000004
102007,7,time750,11800,0.9970703125,0.0806250000000003
102007,7,time750,12000,0.998046875,0.0883203125000006
102007,7,time750,12200,0.9970703125,0.0865039062500006
102007,7,time750,12400,0.998046875,0.0813281250000004
102007,7,time750,12600,0.998046875,0.0810937500000003
102007,7,time750,12800,0.998046875,0.0854687500000004
102007,7,time750,13000,0.998046875,0.0901562500000006
102007,7,time750,13200,1.0,0.0823046875000005
102007,7,time750,13400,0.998046875,0.0811132812500003
102007,7,time750,13600,0.998046875,0.0845898437500005
102007,7,time750,13800,0.998046875,0.0869726562500005
102007,7,time750,14000,0.99609375,0.0857031250000006
102007,7,time750,14200,0.998046875,0.0857031250000005
102007,7,time750,14400,1.0,0.0838867187500005
102007,7,time750,14600,0.998046875,0.0845703125000005
102007,7,time750,14800,0.9990234375,0.0805078125000004
102007,7,time750,15000,0.998046875,0.0816796875000004
102007,7,time750,15200,0.9970703125,0.0850390625000006
102007,7,time750,15400,0.9990234375,0.0819921875000003
102007,7,time750,15600,0.9990234375,0.0866015625000005
102007,7,time750,15800,0.99609375,0.0883984375000006
102007,7,time750,16000,0.9970703125,0.0832226562500004
102007,7,time750,16200,0.9990234375,0.0836718750000005
102007,7,time750,16400,0.9970703125,0.0849218750000005
102007,7,time750,16600,0.998046875,0.0846289062500005
102007,7,time750,16800,0.9970703125,0.0870898437500005
102007,7,time750,17000,0.9970703125,0.0851367187500005
102007,7,time750,17200,0.9970703125,0.0837109375000004
102007,7,time750,17400,0.9951171875,0.0865039062500005
102007,7,time750,17600,0.9970703125,0.0816796875000004
102007,7,time750,17800,0.9990234375,0.0865234375000005
102007,7,time750,18000,0.99609375,0.0803710937500004
102007,7,time750,18200,0.9990234375,0.0878320312500005
102007,7,time750,18400,0.998046875,0.0838671875000006
102007,7,time750,18600,0.9990234375,0.0841601562500004
102007,7,time750,18800,1.0,0.0854882812500006
102007,7,time750,19000,1.0,0.0848046875000004
102007,7,time750,19200,0.9990234375,0.0837109375000004
102007,7,time750,19400,0.9990234375,0.0871093750000005
102007,7,time750,19600,0.9990234375,0.0831445312500004
102007,7,time750,19800,1.0,0.0834960937500004
102007,7,time750,20000,0.998046875,0.0841992187500005
102007,8,time750,0,0.2626953125,1.0
102007,8,time750,200,0.208984375,0.8009179687499984
102007,8,time750,400,0.1640625,0.854726562499999
102007,8,time750,600,0.15625,0.8583398437499996
102007,8,time750,800,0.2216796875,0.7972070312499998
102007,8,time750,1000,0.28125,0.7389648437500002
102007,8,time750,1200,0.365234375,0.66595703125
102007,8,time750,1400,0.5654296875,0.4705273437500013
102007,8,time750,1600,0.73046875,0.3288867187500016
102007,8,time750,1800,0.80859375,0.2587109375000015
102007,8,time750,2000,0.84765625,0.2100000000000014
102007,8,time750,2200,0.896484375,0.1795312500000013
102007,8,time750,2400,0.935546875,0.1468945312500011
102007,8,time750,2600,0.951171875,0.132402343750001
102007,8,time750,2800,0.935546875,0.1421875000000011
102007,8,time750,3000,0.9560546875,0.1277148437500008
102007,8,time750,3200,0.9580078125,0.1264257812500008
102007,8,time750,3400,0.9501953125,0.141542968750001
102007,8,time750,3600,0.9462890625,0.141113281250001
102007,8,time750,3800,0.9619140625,0.1358007812500009
102007,8,time750,4000,0.9599609375,0.134707031250001
102007,8,time750,4200,0.962890625,0.1245312500000007
102007,8,time750,4400,0.96875,0.1268164062500008
102007,8,time750,4600,0.96875,0.1239648437500009
102007,8,time750,4800,0.982421875,0.1197460937500009
102007,8,time750,5000,0.9775390625,0.123886718750001
102007,8,time750,5200,0.9755859375,0.1242968750000009
102007,8,time750,5400,0.9697265625,0.1262500000000008
102007,8,time750,5600,0.9853515625,0.1191406250000007
102007,8,time750,5800,0.982421875,0.1150000000000006
102007,8,time750,6000,0.9765625,0.1284960937500008
102007,8,time750,6200,0.9794921875,0.1191796875000008
102007,8,time750,6400,0.982421875,0.1250000000000008
102007,8,time750,6600,0.9892578125,0.119414062500001
102007,8,time750,6800,0.982421875,0.1124023437500006
102007,8,time750,7000,0.982421875,0.1174609375000007
102007,8,time750,7200,0.978515625,0.1238281250000009
102007,8,time750,7400,0.986328125,0.1161718750000008
102007,8,time750,7600,0.984375,0.1170312500000008
102007,8,time750,7800,0.986328125,0.1153710937500006
102007,8,time750,8000,0.982421875,0.1179882812500008
102007,8,time750,8200,0.9755859375,0.1212109375000008
102007,8,time750,8400,0.990234375,0.1178906250000007
102007,8,time750,8600,0.9853515625,0.1094335937500007
102007,8,time750,8800,0.9873046875,0.1164062500000007
102007,8,time750,9000,0.9892578125,0.1110937500000007
102007,8,time750,9200,0.9873046875,0.1097265625000007
102007,8,time750,9400,0.9853515625,0.1159179687500008
102007,8,time750,9600,0.9921875,0.1132031250000009
102007,8,time750,9800,0.9951171875,0.1141796875000006
102007,8,time750,10000,0.9873046875,0.1182812500000008
102007,8,time750,10200,0.9912109375,0.1149218750000008
102007,8,time750,10400,0.990234375,0.1173046875000007
102007,8,time750,10600,0.986328125,0.1141601562500008
102007,8,time750,10800,0.98828125,0.1131250000000008
102007,8,time750,11000,0.9873046875,0.1108593750000006
102007,8,time750,11200,0.9853515625,0.1141796875000006
102007,8,time750,11400,0.9794921875,0.1220898437500009
102007,8,time750,11600,0.990234375,0.1175976562500009
102007,8,time750,11800,0.9873046875,0.1113476562500006
102007,8,time750,12000,0.98828125,0.1098046875000006
102007,8,time750,12200,0.9853515625,0.1194726562500007
102007,8,time750,12400,0.986328125,0.1165039062500008
102007,8,time750,12600,0.994140625,0.1124804687500008
102007,8,time750,12800,0.9873046875,0.116542968750001
102007,8,time750,13000,0.9931640625,0.1178320312500009
102007,8,time750,13200,0.9873046875,0.1130273437500007
102007,8,time750,13400,0.9853515625,0.1156835937500008
102007,8,time750,13600,0.990234375,0.1176562500000007
102007,8,time750,13800,0.990234375,0.1160351562500009
102007,8,time750,14000,0.9873046875,0.1164257812500009
102007,8,time750,14200,0.982421875,0.1237695312500008
102007,8,time750,14400,0.9873046875,0.1151757812500008
102007,8,time750,14600,0.994140625,0.1073046875000006
102007,8,time750,14800,0.984375,0.1173437500000007
102007,8,time750,15000,0.9892578125,0.1122656250000007
102007,8,time750,15200,0.9912109375,0.1146679687500007
102007,8,time750,15400,0.9912109375,0.1049414062500005
102007,8,time750,15600,0.9873046875,0.1196289062500007
102007,8,time750,15800,0.98828125,0.1101171875000007
102007,8,time750,16000,0.9873046875,0.1174804687500008
102007,8,time750,16200,0.9892578125,0.1162109375000008
102007,8,time750,16400,0.9892578125,0.1169140625000009
102007,8,time750,16600,0.9921875,0.1218945312500008
102007,8,time750,16800,0.990234375,0.1108203125000007
102007,8,time750,17000,0.9853515625,0.1149218750000008
102007,8,time750,17200,0.9833984375,0.1224023437500009
102007,8,time750,17400,0.984375,0.1196093750000007
102007,8,time750,17600,0.984375,0.1140429687500007
102007,8,time750,17800,0.9873046875,0.1250390625000007
102007,8,time750,18000,0.9892578125,0.1156054687500008
102007,8,time750,18200,0.9755859375,0.1266796875000007
102007,8,time750,18400,0.984375,0.1200585937500008
102007,8,time750,18600,0.978515625,0.1243945312500007
102007,8,time750,18800,0.9892578125,0.1107031250000006
102007,8,time750,19000,0.9921875,0.1082226562500007
102007,8,time750,19200,0.984375,0.1076562500000008
102007,8,time750,19400,0.986328125,0.1221093750000007
102007,8,time750,19600,0.982421875,0.1190820312500009
102007,8,time750,19800,0.984375,0.1214843750000009
102007,8,time750,20000,0.9833984375,0.1230468750000007
102008,7,continuous,0,0.2314453125,1.0
102008,7,continuous,200,0.3837890625,0.6321679687499991
102008,7,continuous,400,0.517578125,0.4971875000000014
102008,7,continuous,600,0.681640625,0.3553906250000012
102008,7,continuous,800,0.8916015625,0.164882812500001
102008,7,continuous,1000,0.986328125,0.0880664062500003
102008,7,continuous,1200,0.990234375,0.0890625000000005
102008,7,continuous,1400,0.998046875,0.0827734375000003
102008,7,continuous,1600,0.9970703125,0.0834570312500005
102008,7,continuous,1800,0.99609375,0.0805078125000004
102008,7,continuous,2000,0.9970703125,0.0809960937500004
102008,7,continuous,2200,0.99609375,0.0824609375000003
102008,7,continuous,2400,1.0,0.0853515625000005
102008,7,continuous,2600,0.998046875,0.0814648437500004
102008,7,continuous,2800,0.9990234375,0.0843750000000005
102008,7,continuous,3000,1.0,0.0877343750000006
102008,7,continuous,3200,1.0,0.0849414062500005
102008,7,continuous,3400,0.998046875,0.0850781250000006
102008,7,continuous,3600,0.9990234375,0.0817382812500004
102008,7,continuous,3800,0.998046875,0.0863281250000005
102008,7,continuous,4000,0.9970703125,0.0802539062500003
102008,7,continuous,4200,1.0,0.0804101562500004
102008,7,continuous,4400,1.0,0.0860156250000005
102008,7,continuous,4600,1.0,0.0857031250000005
102008,7,continuous,4800,0.9990234375,0.0836132812500005
102008,7,continuous,5000,1.0,0.0819140625000005
102008,7,continuous,5200,0.9990234375,0.0816601562500003
102008,7,continuous,5400,0.9990234375,0.0841210937500004
102008,7,continuous,5600,0.9990234375,0.0835351562500004
102008,7,continuous,5800,0.998046875,0.0809960937500003
102008,7,continuous,6000,0.9990234375,0.0823046875000005
102008,7,continuous,6200,0.9970703125,0.0820507812500003
102008,7,continuous,6400,0.9990234375,0.0878515625000006
102008,7,continuous,6600,1.0,0.0834375000000004
102008,7,continuous,6800,0.9990234375,0.0809179687500004
102008,7,continuous,7000,0.9990234375,0.0832226562500004
102008,7,continuous,7200,1.0,0.0836914062500005
102008,7,continuous,7400,0.9990234375,0.0834765625000004
102008,7,continuous,7600,0.9970703125,0.0858593750000005
102008,7,continuous,7800,0.9990234375,0.0836523437500005
102008,7,continuous,8000,1.0,0.0824804687500005
102008,7,continuous,8200,0.998046875,0.0805664062500005
102008,7,continuous,8400,0.9990234375,0.0806640625000005
102008,7,continuous,8600,0.9990234375,0.0834179687500005
102008,7,continuous,8800,0.998046875,0.0830664062500005
102008,7,continuous,9000,0.9990234375,0.0846484375000006
102008,7,continuous,9200,0.9990234375,0.0826562500000005
102008,7,continuous,9400,1.0,0.0838671875000005
102008,7,continuous,9600,0.9990234375,0.0826757812500004
102008,7,continuous,9800,0.998046875,0.0844726562500005
102008,7,continuous,10000,0.998046875,0.0824804687500005
102008,7,continuous,10200,0.9990234375,0.0844140625000004
102008,7,continuous,10400,0.9990234375,0.0819335937500004
102008,7,continuous,10600,1.0,0.0852148437500006
102008,7,continuous,10800,0.9990234375,0.0835546875000004
102008,7,continuous,11000,0.998046875,0.0837695312500005
102008,7,continuous,11200,0.9990234375,0.0820117187500004
102008,7,continuous,11400,0.998046875,0.0824023437500004
102008,7,continuous,11600,1.0,0.0825976562500004
102008,7,continuous,11800,1.0,0.0813281250000005
102008,7,continuous,12000,0.9990234375,0.0816015625000004
102008,7,continuous,12200,1.0,0.0815820312500004
102008,7,continuous,12400,1.0,0.0839453125000004
102008,7,continuous,12600,1.0,0.0794921875000003
102008,7,continuous,12800,0.9990234375,0.0819531250000004
102008,7,continuous,13000,1.0,0.0868554687500005
102008,7,continuous,13200,1.0,0.0873046875000006
102008,7,continuous,13400,0.9990234375,0.0828515625000005
102008,7,continuous,13600,0.998046875,0.0847851562500005
102008,7,continuous,13800,1.0,0.0881054687500005
102008,7,continuous,14000,1.0,0.0818945312500004
102008,7,continuous,14200,0.998046875,0.0818359375000004
102008,7,continuous,14400,0.9990234375,0.0872851562500004
102008,7,continuous,14600,0.9990234375,0.0862695312500006
102008,7,continuous,14800,0.9990234375,0.0821289062500004
102008,7,continuous,15000,1.0,0.0872851562500005
102008,7,continuous,15200,0.9990234375,0.0855859375000004
102008,7,continuous,15400,0.9990234375,0.0863476562500005
102008,7,continuous,15600,0.9990234375,0.0793945312500003
102008,7,continuous,15800,1.0,0.0805273437500003
102008,7,continuous,16000,1.0,0.0799609375000003
102008,7,continuous,16200,1.0,0.0807226562500004
102008,7,continuous,16400,0.9990234375,0.0857031250000005
102008,7,continuous,16600,1.0,0.0821484375000004
102008,7,continuous,16800,0.9990234375,0.0808007812500005
102008,7,continuous,17000,1.0,0.0841992187500004
102008,7,continuous,17200,0.9990234375,0.0822070312500005
102008,7,continuous,17400,0.9990234375,0.0832226562500004
102008,7,continuous,17600,1.0,0.0840039062500004
102008,7,continuous,17800,1.0,0.0841992187500003
102008,7,continuous,18000,0.9990234375,0.0833789062500005
102008,7,continuous,18200,0.9990234375,0.0836523437500004
102008,7,continuous,18400,0.9990234375,0.0833398437500004
102008,7,continuous,18600,1.0,0.0835351562500005
102008,7,continuous,18800,1.0,0.0851953125000005
102008,7,continuous,19000,0.9990234375,0.0831445312500005
102008,7,continuous,19200,0.9990234375,0.0844726562500005
102008,7,continuous,19400,0.998046875,0.0826953125000005
102008,7,continuous,19600,0.9990234375,0.0847851562500005
102008,7,continuous,19800,0.998046875,0.0839453125000004
102008,7,continuous,20000,1.0,0.0830468750000006
102008,8,continuous,0,0.2314453125,1.0
102008,8,continuous,200,0.1904296875,0.8290624999999988
102008,8,continuous,400,0.1552734375,0.8564453124999991
102008,8,continuous,600,0.130859375,0.8809374999999992
102008,8,continuous,800,0.2041015625,0.8151757812499989
102008,8,continuous,1000,0.224609375,0.797675781249999
102008,8,continuous,1200,0.3251953125,0.6967382812499991
102008,8,continuous,1400,0.53125,0.5245703125000007
102008,8,continuous,1600,0.79296875,0.2848046875000017
102008,8,continuous,1800,0.9072265625,0.1911718750000013
102008,8,continuous,2000,0.9638671875,0.145781250000001
102008,8,continuous,2200,0.98046875,0.1353515625000009
102008,8,continuous,2400,0.990234375,0.1309765625000008
102008,8,continuous,2600,0.9833984375,0.1299023437500008
102008,8,continuous,2800,0.9873046875,0.1231445312500008
102008,8,continuous,3000,0.9912109375,0.1253320312500009
102008,8,continuous,3200,0.9970703125,0.1270507812500009
102008,8,continuous,3400,0.98828125,0.1211328125000007
102008,8,continuous,3600,0.994140625,0.1308007812500008
102008,8,continuous,3800,0.9951171875,0.1246484375000009
102008,8,continuous,4000,0.9951171875,0.1325585937500008
102008,8,continuous,4200,0.994140625,0.1264648437500007
102008,8,continuous,4400,0.9970703125,0.1281835937500009
102008,8,continuous,4600,0.9912109375,0.134023437500001
102008,8,continuous,4800,0.994140625,0.1261914062500007
102008,8,continuous,5000,0.9990234375,0.1272265625000007
102008,8,continuous,5200,0.9990234375,0.1288867187500007
102008,8,continuous,5400,0.998046875,0.1251953125000007
102008,8,continuous,5600,0.99609375,0.1266406250000008
102008,8,continuous,5800,0.99609375,0.1308593750000009
102008,8,continuous,6000,0.998046875,0.1330273437500008
102008,8,continuous,6200,0.9970703125,0.1228710937500007
102008,8,continuous,6400,0.9990234375,0.1327343750000009
102008,8,continuous,6600,1.0,0.1336914062500007
102008,8,continuous,6800,0.9990234375,0.1278906250000008
102008,8,continuous,7000,0.99609375,0.1362890625000009
102008,8,continuous,7200,0.9990234375,0.1267187500000009
102008,8,continuous,7400,0.998046875,0.1336523437500009
102008,8,continuous,7600,0.998046875,0.1411523437500009
102008,8,continuous,7800,0.9970703125,0.1300976562500008
102008,8,continuous,8000,0.9990234375,0.1404492187500011
102008,8,continuous,8200,0.998046875,0.1343164062500007
102008,8,continuous,8400,0.9970703125,0.1309960937500007
102008,8,continuous,8600,0.998046875,0.1342968750000008
102008,8,continuous,8800,0.9990234375,0.1347265625000009
102008,8,continuous,9000,0.9970703125,0.1351562500000009
102008,8,continuous,9200,0.9990234375,0.1384179687500009
102008,8,continuous,9400,0.9990234375,0.1308984375000008
102008,8,continuous,9600,0.9990234375,0.1263085937500008
102008,8,continuous,9800,0.9970703125,0.1320312500000008
102008,8,continuous,10000,0.9990234375,0.1266210937500007
102008,8,continuous,10200,0.9990234375,0.1273828125000006
102008,8,continuous,10400,1.0,0.1356054687500009
102008,8,continuous,10600,1.0,0.1342578125000009
102008,8,continuous,10800,0.998046875,0.1436328125000009
102008,8,continuous,11000,0.99609375,0.1336718750000009
102008,8,continuous,11200,1.0,0.1241796875000008
102008,8,continuous,11400,0.9990234375,0.1282812500000008
102008,8,continuous,11600,0.9990234375,0.1207617187500007
102008,8,continuous,11800,0.9970703125,0.1321289062500009
102008,8,continuous,12000,0.9990234375,0.140644531250001
102008,8,continuous,12200,0.99609375,0.133828125000001
102008,8,continuous,12400,0.9970703125,0.1377734375000011
102008,8,continuous,12600,0.998046875,0.1362890625000008
102008,8,continuous,12800,0.9990234375,0.1326367187500009
102008,8,continuous,13000,1.0,0.1347851562500009
102008,8,continuous,13200,0.9990234375,0.1377343750000009
102008,8,continuous,13400,0.998046875,0.1326953125000008
102008,8,continuous,13600,0.998046875,0.1299023437500008
102008,8,continuous,13800,1.0,0.1383789062500009
102008,8,continuous,14000,0.9970703125,0.1304492187500008
102008,8,continuous,14200,1.0,0.1273046875000007
102008,8,continuous,14400,1.0,0.1370898437500009
102008,8,continuous,14600,0.998046875,0.1381054687500011
102008,8,continuous,14800,0.9990234375,0.141855468750001
102008,8,continuous,15000,1.0,0.1340039062500008
102008,8,continuous,15200,1.0,0.1401953125000012
102008,8,continuous,15400,1.0,0.1379101562500009
102008,8,continuous,15600,0.9990234375,0.1386914062500009
102008,8,continuous,15800,0.9990234375,0.1321875000000009
102008,8,continuous,16000,0.998046875,0.1324023437500008
102008,8,continuous,16200,1.0,0.1379882812500007
102008,8,continuous,16400,0.9990234375,0.1338476562500007
102008,8,continuous,16600,1.0,0.1299804687500008
102008,8,continuous,16800,0.998046875,0.1381054687500008
102008,8,continuous,17000,1.0,0.1335937500000008
102008,8,continuous,17200,1.0,0.1264453125000008
102008,8,continuous,17400,1.0,0.1333789062500009
102008,8,continuous,17600,0.9970703125,0.1335937500000008
102008,8,continuous,17800,0.9990234375,0.1333007812500008
102008,8,continuous,18000,0.9990234375,0.136503906250001
102008,8,continuous,18200,0.9990234375,0.1280468750000007
102008,8,continuous,18400,1.0,0.1323242187500007
102008,8,continuous,18600,0.9990234375,0.132656250000001
102008,8,continuous,18800,0.9990234375,0.1302539062500009
102008,8,continuous,19000,0.9990234375,0.1317382812500009
102008,8,continuous,19200,1.0,0.133652343750001
102008,8,continuous,19400,0.998046875,0.144375000000001
102008,8,continuous,19600,1.0,0.1340820312500008
102008,8,continuous,19800,1.0,0.1289257812500007
102008,8,continuous,20000,1.0,0.1224023437500007
102008,7,count1024,0,0.2314453125,1.0
102008,7,count1024,200,0.3701171875,0.6453906249999986
102008,7,count1024,400,0.4208984375,0.5970507812499993
102008,7,count1024,600,0.505859375,0.5169726562500006
102008,7,count1024,800,0.552734375,0.4683789062500015
102008,7,count1024,1000,0.591796875,0.4281835937500016
102008,7,count1024,1200,0.6181640625,0.4042968750000018
102008,7,count1024,1400,0.712890625,0.3251757812500017
102008,7,count1024,1600,0.7685546875,0.2641406250000017
102008,7,count1024,1800,0.7646484375,0.2738281250000016
102008,7,count1024,2000,0.79296875,0.2509960937500013
102008,7,count1024,2200,0.8125,0.2350195312500014
102008,7,count1024,2400,0.7958984375,0.2310937500000013
102008,7,count1024,2600,0.7705078125,0.2580859375000012
102008,7,count1024,2800,0.75390625,0.2804101562500014
102008,7,count1024,3000,0.7900390625,0.2616015625000015
102008,7,count1024,3200,0.78125,0.2657421875000012
102008,7,count1024,3400,0.7978515625,0.2442382812500015
102008,7,count1024,3600,0.779296875,0.2592773437500014
102008,7,count1024,3800,0.8076171875,0.2316601562500013
102008,7,count1024,4000,0.7646484375,0.2724218750000015
102008,7,count1024,4200,0.837890625,0.2071679687500013
102008,7,count1024,4400,0.8349609375,0.2042968750000012
102008,7,count1024,4600,0.791015625,0.2368359375000015
102008,7,count1024,4800,0.794921875,0.2322070312500016
102008,7,count1024,5000,0.8212890625,0.2086523437500013
102008,7,count1024,5200,0.7978515625,0.2368750000000014
102008,7,count1024,5400,0.8017578125,0.2422460937500014
102008,7,count1024,5600,0.8212890625,0.2190234375000012
102008,7,count1024,5800,0.826171875,0.2198632812500016
102008,7,count1024,6000,0.8115234375,0.2356835937500015
102008,7,count1024,6200,0.814453125,0.2264062500000017
102008,7,count1024,6400,0.8173828125,0.2238867187500017
102008,7,count1024,6600,0.8447265625,0.2076367187500014
102008,7,count1024,6800,0.833984375,0.2135937500000014
102008,7,count1024,7000,0.8642578125,0.1786328125000012
102008,7,count1024,7200,0.8544921875,0.1923242187500015
102008,7,count1024,7400,0.8359375,0.2047656250000013
102008,7,count1024,7600,0.857421875,0.1910742187500013
102008,7,count1024,7800,0.8193359375,0.2230078125000013
102008,7,count1024,8000,0.8232421875,0.2255273437500014
102008,7,count1024,8200,0.8408203125,0.2008789062500014
102008,7,count1024,8400,0.80078125,0.2484765625000017
102008,7,count1024,8600,0.8203125,0.2230273437500014
102008,7,count1024,8800,0.8330078125,0.2050390625000014
102008,7,count1024,9000,0.84375,0.2000000000000015
102008,7,count1024,9200,0.84375,0.1978906250000014
102008,7,count1024,9400,0.845703125,0.2003906250000013
102008,7,count1024,9600,0.8330078125,0.2071875000000011
102008,7,count1024,9800,0.845703125,0.1965039062500015
102008,7,count1024,10000,0.822265625,0.2050976562500016
102008,7,count1024,10200,0.8447265625,0.1945117187500014
102008,7,count1024,10400,0.8583984375,0.1763476562500013
102008,7,count1024,10600,0.7978515625,0.2316210937500012
102008,7,count1024,10800,0.818359375,0.2334765625000015
102008,7,count1024,11000,0.8154296875,0.2305859375000014
102008,7,count1024,11200,0.8408203125,0.2011132812500013
102008,7,count1024,11400,0.841796875,0.2028710937500015
102008,7,count1024,11600,0.845703125,0.1972851562500012
102008,7,count1024,11800,0.8173828125,0.2253906250000011
102008,7,count1024,12000,0.8369140625,0.2095703125000014
102008,7,count1024,12200,0.8291015625,0.2109765625000013
102008,7,count1024,12400,0.8173828125,0.2132031250000015
102008,7,count1024,12600,0.82421875,0.2204296875000014
102008,7,count1024,12800,0.8515625,0.1953710937500014
102008,7,count1024,13000,0.8515625,0.1988085937500015
102008,7,count1024,13200,0.7939453125,0.233789062500001
102008,7,count1024,13400,0.7841796875,0.2512890625000014
102008,7,count1024,13600,0.7841796875,0.2400585937500014
102008,7,count1024,13800,0.83984375,0.2028320312500013
102008,7,count1024,14000,0.814453125,0.2238671875000015
102008,7,count1024,14200,0.8095703125,0.2281250000000015
102008,7,count1024,14400,0.8193359375,0.2282617187500015
102008,7,count1024,14600,0.84375,0.2082617187500014
102008,7,count1024,14800,0.8359375,0.2095898437500014
102008,7,count1024,15000,0.86328125,0.1845898437500013
102008,7,count1024,15200,0.8330078125,0.2087890625000012
102008,7,count1024,15400,0.8701171875,0.1851953125000015
102008,7,count1024,15600,0.8505859375,0.1914257812500014
102008,7,count1024,15800,0.87890625,0.1726171875000012
102008,7,count1024,16000,0.86328125,0.1897851562500013
102008,7,count1024,16200,0.80078125,0.2414648437500016
102008,7,count1024,16400,0.8447265625,0.2018750000000015
102008,7,count1024,16600,0.8349609375,0.2154296875000014
102008,7,count1024,16800,0.8154296875,0.2307812500000014
102008,7,count1024,17000,0.833984375,0.1993750000000013
102008,7,count1024,17200,0.814453125,0.2165820312500014
102008,7,count1024,17400,0.8271484375,0.2181250000000016
102008,7,count1024,17600,0.830078125,0.2171484375000013
102008,7,count1024,17800,0.8115234375,0.2317773437500013
102008,7,count1024,18000,0.849609375,0.1943945312500012
102008,7,count1024,18200,0.830078125,0.2106054687500013
102008,7,count1024,18400,0.8310546875,0.2195312500000015
102008,7,count1024,18600,0.8369140625,0.2054687500000013
102008,7,count1024,18800,0.8291015625,0.2200390625000014
102008,7,count1024,19000,0.8310546875,0.2161523437500015
102008,7,count1024,19200,0.82421875,0.2180468750000013
102008,7,count1024,19400,0.83203125,0.2195703125000013
102008,7,count1024,19600,0.8486328125,0.1932421875000014
102008,7,count1024,19800,0.83203125,0.2025781250000014
102008,7,count1024,20000,0.8115234375,0.2270312500000014
102008,8,count1024,0,0.2314453125,1.0
102008,8,count1024,200,0.1904296875,0.8290624999999988
102008,8,count1024,400,0.1552734375,0.8564453124999991
102008,8,count1024,600,0.130859375,0.8809374999999992
102008,8,count1024,800,0.2041015625,0.8151757812499989
102008,8,count1024,1000,0.263671875,0.7565234374999996
102008,8,count1024,1200,0.3984375,0.6306640624999995
102008,8,count1024,1400,0.4462890625,0.5901562499999997
102008,8,count1024,1600,0.59765625,0.4496875000000015
102008,8,count1024,1800,0.71484375,0.3454882812500015
102008,8,count1024,2000,0.7216796875,0.3331445312500015
102008,8,count1024,2200,0.8369140625,0.2348046875000016
102008,8,count1024,2400,0.884765625,0.1979882812500015
102008,8,count1024,2600,0.8896484375,0.1911328125000017
102008,8,count1024,2800,0.9111328125,0.1883398437500015
102008,8,count1024,3000,0.9013671875,0.1848046875000012
102008,8,count1024,3200,0.904296875,0.1944726562500014
102008,8,count1024,3400,0.9033203125,0.1785351562500014
102008,8,count1024,3600,0.90625,0.1874218750000014
102008,8,count1024,3800,0.9326171875,0.1715234375000012
102008,8,count1024,4000,0.9365234375,0.1587500000000012
102008,8,count1024,4200,0.943359375,0.1651953125000014
102008,8,count1024,4400,0.9228515625,0.1728710937500012
102008,8,count1024,4600,0.943359375,0.1587109375000012
102008,8,count1024,4800,0.9306640625,0.1669335937500013
102008,8,count1024,5000,0.9384765625,0.1689843750000013
102008,8,count1024,5200,0.94140625,0.1609570312500013
102008,8,count1024,5400,0.943359375,0.1541601562500011
102008,8,count1024,5600,0.947265625,0.1532812500000013
102008,8,count1024,5800,0.935546875,0.1626367187500014
102008,8,count1024,6000,0.9658203125,0.1396679687500012
102008,8,count1024,6200,0.9384765625,0.1641406250000012
102008,8,count1024,6400,0.9482421875,0.1619140625000014
102008,8,count1024,6600,0.951171875,0.1593945312500012
102008,8,count1024,6800,0.96484375,0.1457421875000012
102008,8,count1024,7000,0.95703125,0.1450390625000009
102008,8,count1024,7200,0.951171875,0.1496679687500012
102008,8,count1024,7400,0.94921875,0.1600195312500012
102008,8,count1024,7600,0.953125,0.158105468750001
102008,8,count1024,7800,0.943359375,0.1628906250000013
102008,8,count1024,8000,0.970703125,0.1449804687500012
102008,8,count1024,8200,0.96484375,0.1456640625000011
102008,8,count1024,8400,0.9658203125,0.1409960937500011
102008,8,count1024,8600,0.974609375,0.126054687500001
102008,8,count1024,8800,0.9697265625,0.1543359375000011
102008,8,count1024,9000,0.9697265625,0.144609375000001
102008,8,count1024,9200,0.96484375,0.145859375000001
102008,8,count1024,9400,0.951171875,0.1535742187500011
102008,8,count1024,9600,0.95703125,0.1432812500000011
102008,8,count1024,9800,0.951171875,0.1457421875000012
102008,8,count1024,10000,0.9501953125,0.1562304687500012
102008,8,count1024,10200,0.9638671875,0.1373242187500008
102008,8,count1024,10400,0.9521484375,0.1570507812500011
102008,8,count1024,10600,0.9580078125,0.148535156250001
102008,8,count1024,10800,0.9619140625,0.1538476562500012
102008,8,count1024,11000,0.96484375,0.134023437500001
102008,8,count1024,11200,0.955078125,0.1528515625000012
102008,8,count1024,11400,0.978515625,0.130800781250001
102008,8,count1024,11600,0.9697265625,0.1393164062500012
102008,8,count1024,11800,0.982421875,0.1257421875000008
102008,8,count1024,12000,0.9736328125,0.1381250000000011
102008,8,count1024,12200,0.98046875,0.1266601562500008
102008,8,count1024,12400,0.966796875,0.1384765625000011
102008,8,count1024,12600,0.9677734375,0.136718750000001
102008,8,count1024,12800,0.951171875,0.1481640625000011
102008,8,count1024,13000,0.95703125,0.148125000000001
102008,8,count1024,13200,0.9619140625,0.1492968750000011
102008,8,count1024,13400,0.9755859375,0.1420703125000012
102008,8,count1024,13600,0.9765625,0.1301953125000011
102008,8,count1024,13800,0.974609375,0.139003906250001
102008,8,count1024,14000,0.9677734375,0.1356835937500011
102008,8,count1024,14200,0.9609375,0.1480859375000013
102008,8,count1024,14400,0.974609375,0.134453125000001
102008,8,count1024,14600,0.974609375,0.139277343750001
102008,8,count1024,14800,0.9697265625,0.1377734375000011
102008,8,count1024,15000,0.9755859375,0.135917968750001
102008,8,count1024,15200,0.96484375,0.141835937500001
102008,8,count1024,15400,0.9794921875,0.133007812500001
102008,8,count1024,15600,0.9697265625,0.140429687500001
102008,8,count1024,15800,0.9609375,0.1507031250000012
102008,8,count1024,16000,0.9619140625,0.136406250000001
102008,8,count1024,16200,0.96875,0.140000000000001
102008,8,count1024,16400,0.962890625,0.1451757812500012
102008,8,count1024,16600,0.9814453125,0.1389257812500012
102008,8,count1024,16800,0.9716796875,0.145332031250001
102008,8,count1024,17000,0.9716796875,0.1331250000000009
102008,8,count1024,17200,0.951171875,0.1608789062500013
102008,8,count1024,17400,0.97265625,0.1340039062500008
102008,8,count1024,17600,0.966796875,0.1396679687500011
102008,8,count1024,17800,0.97265625,0.1322265625000009
102008,8,count1024,18000,0.9638671875,0.139394531250001
102008,8,count1024,18200,0.98046875,0.1308984375000011
102008,8,count1024,18400,0.9755859375,0.1302148437500009
102008,8,count1024,18600,0.974609375,0.138066406250001
102008,8,count1024,18800,0.9736328125,0.1344726562500009
102008,8,count1024,19000,0.9677734375,0.1395117187500011
102008,8,count1024,19200,0.970703125,0.1360742187500011
102008,8,count1024,19400,0.970703125,0.1430859375000011
102008,8,count1024,19600,0.9765625,0.129902343750001
102008,8,count1024,19800,0.9794921875,0.1366601562500009
102008,8,count1024,20000,0.9716796875,0.137089843750001
102008,7,time150,0,0.2314453125,1.0
102008,7,time150,200,0.3701171875,0.6453906249999986
102008,7,time150,400,0.4208984375,0.5970507812499993
102008,7,time150,600,0.505859375,0.5169726562500006
102008,7,time150,800,0.552734375,0.4683789062500015
102008,7,time150,1000,0.591796875,0.4281835937500016
102008,7,time150,1200,0.6181640625,0.4042968750000018
102008,7,time150,1400,0.712890625,0.3251757812500017
102008,7,time150,1600,0.7685546875,0.2641406250000017
102008,7,time150,1800,0.7646484375,0.2738281250000016
102008,7,time150,2000,0.79296875,0.2509960937500013
102008,7,time150,2200,0.8125,0.2350195312500014
102008,7,time150,2400,0.7958984375,0.2310937500000013
102008,7,time150,2600,0.7705078125,0.2580859375000012
102008,7,time150,2800,0.75390625,0.2804101562500014
102008,7,time150,3000,0.7900390625,0.2616015625000015
102008,7,time150,3200,0.78125,0.2657421875000012
102008,7,time150,3400,0.7978515625,0.2442382812500015
102008,7,time150,3600,0.779296875,0.2592773437500014
102008,7,time150,3800,0.8076171875,0.2316601562500013
102008,7,time150,4000,0.7646484375,0.2724218750000015
102008,7,time150,4200,0.837890625,0.2071679687500013
102008,7,time150,4400,0.8349609375,0.2042968750000012
102008,7,time150,4600,0.791015625,0.2368359375000015
102008,7,time150,4800,0.794921875,0.2322070312500016
102008,7,time150,5000,0.8212890625,0.2086523437500013
102008,7,time150,5200,0.7978515625,0.2368750000000014
102008,7,time150,5400,0.8017578125,0.2422460937500014
102008,7,time150,5600,0.8212890625,0.2190234375000012
102008,7,time150,5800,0.826171875,0.2198632812500016
102008,7,time150,6000,0.8115234375,0.2356835937500015
102008,7,time150,6200,0.814453125,0.2264062500000017
102008,7,time150,6400,0.8173828125,0.2238867187500017
102008,7,time150,6600,0.8447265625,0.2076367187500014
102008,7,time150,6800,0.833984375,0.2135937500000014
102008,7,time150,7000,0.8642578125,0.1786328125000012
102008,7,time150,7200,0.8544921875,0.1923242187500015
102008,7,time150,7400,0.8359375,0.2047656250000013
102008,7,time150,7600,0.857421875,0.1910742187500013
102008,7,time150,7800,0.8193359375,0.2230078125000013
102008,7,time150,8000,0.8232421875,0.2255273437500014
102008,7,time150,8200,0.8408203125,0.2008789062500014
102008,7,time150,8400,0.80078125,0.2484765625000017
102008,7,time150,8600,0.8203125,0.2230273437500014
102008,7,time150,8800,0.8330078125,0.2050390625000014
102008,7,time150,9000,0.84375,0.2000000000000015
102008,7,time150,9200,0.84375,0.1978906250000014
102008,7,time150,9400,0.845703125,0.2003906250000013
102008,7,time150,9600,0.8330078125,0.2071875000000011
102008,7,time150,9800,0.845703125,0.1965039062500015
102008,7,time150,10000,0.822265625,0.2050976562500016
102008,7,time150,10200,0.8447265625,0.1945117187500014
102008,7,time150,10400,0.8583984375,0.1763476562500013
102008,7,time150,10600,0.7978515625,0.2316210937500012
102008,7,time150,10800,0.818359375,0.2334765625000015
102008,7,time150,11000,0.8154296875,0.2305859375000014
102008,7,time150,11200,0.8408203125,0.2011132812500013
102008,7,time150,11400,0.841796875,0.2028710937500015
102008,7,time150,11600,0.845703125,0.1972851562500012
102008,7,time150,11800,0.8173828125,0.2253906250000011
102008,7,time150,12000,0.8369140625,0.2095703125000014
102008,7,time150,12200,0.8291015625,0.2109765625000013
102008,7,time150,12400,0.8173828125,0.2132031250000015
102008,7,time150,12600,0.82421875,0.2204296875000014
102008,7,time150,12800,0.8515625,0.1953710937500014
102008,7,time150,13000,0.8515625,0.1988085937500015
102008,7,time150,13200,0.7939453125,0.233789062500001
102008,7,time150,13400,0.7841796875,0.2512890625000014
102008,7,time150,13600,0.7841796875,0.2400585937500014
102008,7,time150,13800,0.83984375,0.2028320312500013
102008,7,time150,14000,0.814453125,0.2238671875000015
102008,7,time150,14200,0.8095703125,0.2281250000000015
102008,7,time150,14400,0.8193359375,0.2282617187500015
102008,7,time150,14600,0.84375,0.2082617187500014
102008,7,time150,14800,0.8359375,0.2095898437500014
102008,7,time150,15000,0.86328125,0.1845898437500013
102008,7,time150,15200,0.8330078125,0.2087890625000012
102008,7,time150,15400,0.8701171875,0.1851953125000015
102008,7,time150,15600,0.8505859375,0.1914257812500014
102008,7,time150,15800,0.87890625,0.1726171875000012
102008,7,time150,16000,0.86328125,0.1897851562500013
102008,7,time150,16200,0.80078125,0.2414648437500016
102008,7,time150,16400,0.8447265625,0.2018750000000015
102008,7,time150,16600,0.8349609375,0.2154296875000014
102008,7,time150,16800,0.8154296875,0.2307812500000014
102008,7,time150,17000,0.833984375,0.1993750000000013
102008,7,time150,17200,0.814453125,0.2165820312500014
102008,7,time150,17400,0.8271484375,0.2181250000000016
102008,7,time150,17600,0.830078125,0.2171484375000013
102008,7,time150,17800,0.8115234375,0.2317773437500013
102008,7,time150,18000,0.849609375,0.1943945312500012
102008,7,time150,18200,0.830078125,0.2106054687500013
102008,7,time150,18400,0.8310546875,0.2195312500000015
102008,7,time150,18600,0.8369140625,0.2054687500000013
102008,7,time150,18800,0.8291015625,0.2200390625000014
102008,7,time150,19000,0.8310546875,0.2161523437500015
102008,7,time150,19200,0.82421875,0.2180468750000013
102008,7,time150,19400,0.83203125,0.2195703125000013
102008,7,time150,19600,0.8486328125,0.1932421875000014
102008,7,time150,19800,0.83203125,0.2025781250000014
102008,7,time150,20000,0.8115234375,0.2270312500000014
102008,8,time150,0,0.2314453125,1.0
102008,8,time150,200,0.203125,0.8139453124999984
102008,8,time150,400,0.1826171875,0.826484374999999
102008,8,time150,600,0.1708984375,0.838105468749999
102008,8,time150,800,0.232421875,0.7805273437499992
102008,8,time150,1000,0.2724609375,0.7385742187499991
102008,8,time150,1200,0.357421875,0.6596679687499993
102008,8,time150,1400,0.4326171875,0.591738281249999
102008,8,time150,1600,0.4814453125,0.5391015625000005
102008,8,time150,1800,0.5869140625,0.4436718750000013
102008,8,time150,2000,0.6318359375,0.4033007812500016
102008,8,time150,2200,0.6484375,0.3874218750000016
102008,8,time150,2400,0.7265625,0.3096875000000015
102008,8,time150,2600,0.7421875,0.3015234375000013
102008,8,time150,2800,0.7177734375,0.3179882812500013
102008,8,time150,3000,0.728515625,0.3016601562500012
102008,8,time150,3200,0.732421875,0.3025781250000013
102008,8,time150,3400,0.7138671875,0.3258203125000014
102008,8,time150,3600,0.7783203125,0.2689257812500017
102008,8,time150,3800,0.7646484375,0.2867773437500016
102008,8,time150,4000,0.7578125,0.2854687500000014
102008,8,time150,4200,0.7529296875,0.2827539062500015
102008,8,time150,4400,0.7724609375,0.2742968750000016
102008,8,time150,4600,0.78515625,0.2686132812500014
102008,8,time150,4800,0.787109375,0.2543945312500015
102008,8,time150,5000,0.7666015625,0.2751953125000016
102008,8,time150,5200,0.7958984375,0.2480859375000016
102008,8,time150,5400,0.771484375,0.2687109375000014
102008,8,time150,5600,0.7412109375,0.2963085937500014
102008,8,time150,5800,0.7783203125,0.2622656250000015
102008,8,time150,6000,0.798828125,0.2411523437500014
102008,8,time150,6200,0.767578125,0.2763671875000016
102008,8,time150,6400,0.794921875,0.2591601562500016
102008,8,time150,6600,0.791015625,0.2542968750000017
102008,8,time150,6800,0.78515625,0.2658203125000016
102008,8,time150,7000,0.822265625,0.2255859375000014
102008,8,time150,7200,0.787109375,0.2621093750000017
102008,8,time150,7400,0.8154296875,0.2367578125000015
102008,8,time150,7600,0.8271484375,0.2183789062500015
102008,8,time150,7800,0.7734375,0.2652539062500016
102008,8,time150,8000,0.7763671875,0.2609375000000017
102008,8,time150,8200,0.7939453125,0.2635937500000015
102008,8,time150,8400,0.7763671875,0.2757812500000018
102008,8,time150,8600,0.7451171875,0.2992187500000015
102008,8,time150,8800,0.7744140625,0.2638281250000016
102008,8,time150,9000,0.779296875,0.2608984375000017
102008,8,time150,9200,0.76953125,0.2738281250000015
102008,8,time150,9400,0.73828125,0.3019531250000016
102008,8,time150,9600,0.7802734375,0.2701171875000016
102008,8,time150,9800,0.77734375,0.2639648437500016
102008,8,time150,10000,0.7705078125,0.2637304687500013
102008,8,time150,10200,0.8232421875,0.2294531250000015
102008,8,time150,10400,0.7880859375,0.2603125000000017
102008,8,time150,10600,0.7861328125,0.2598046875000015
102008,8,time150,10800,0.78515625,0.2597656250000016
102008,8,time150,11000,0.771484375,0.2614843750000013
102008,8,time150,11200,0.755859375,0.2885156250000015
102008,8,time150,11400,0.74609375,0.2958398437500014
102008,8,time150,11600,0.771484375,0.2724414062500014
102008,8,time150,11800,0.771484375,0.2647070312500016
102008,8,time150,12000,0.806640625,0.2414453125000015
102008,8,time150,12200,0.81640625,0.2331445312500015
102008,8,time150,12400,0.7978515625,0.2524804687500016
102008,8,time150,12600,0.8134765625,0.2286328125000013
102008,8,time150,12800,0.7978515625,0.2453710937500014
102008,8,time150,13000,0.791015625,0.2514062500000016
102008,8,time150,13200,0.791015625,0.2486328125000013
102008,8,time150,13400,0.78515625,0.2603710937500015
102008,8,time150,13600,0.7587890625,0.2854882812500015
102008,8,time150,13800,0.7666015625,0.2812890625000016
102008,8,time150,14000,0.783203125,0.2570117187500016
102008,8,time150,14200,0.7744140625,0.2707226562500016
102008,8,time150,14400,0.779296875,0.2625585937500017
102008,8,time150,14600,0.775390625,0.2664257812500016
102008,8,time150,14800,0.7841796875,0.2688085937500015
102008,8,time150,15000,0.7744140625,0.2656054687500014
102008,8,time150,15200,0.751953125,0.2903125000000018
102008,8,time150,15400,0.8115234375,0.2337695312500015
102008,8,time150,15600,0.7392578125,0.3050390625000016
102008,8,time150,15800,0.771484375,0.2744140625000017
102008,8,time150,16000,0.7802734375,0.2602148437500015
102008,8,time150,16200,0.755859375,0.2892773437500019
102008,8,time150,16400,0.806640625,0.2297265625000015
102008,8,time150,16600,0.7890625,0.2627734375000015
102008,8,time150,16800,0.7705078125,0.2667187500000017
102008,8,time150,17000,0.7646484375,0.2760937500000016
102008,8,time150,17200,0.787109375,0.2579882812500014
102008,8,time150,17400,0.7783203125,0.2650781250000016
102008,8,time150,17600,0.7607421875,0.2780273437500013
102008,8,time150,17800,0.791015625,0.2509375000000013
102008,8,time150,18000,0.7646484375,0.2860546875000014
102008,8,time150,18200,0.78515625,0.2573046875000015
102008,8,time150,18400,0.78125,0.2580273437500014
102008,8,time150,18600,0.79296875,0.2533789062500017
102008,8,time150,18800,0.7734375,0.2610742187500015
102008,8,time150,19000,0.7939453125,0.2373437500000015
102008,8,time150,19200,0.7578125,0.2828125000000015
102008,8,time150,19400,0.751953125,0.2903906250000015
102008,8,time150,19600,0.7255859375,0.3202148437500017
102008,8,time150,19800,0.7470703125,0.2970312500000016
102008,8,time150,20000,0.7763671875,0.2669140625000018
102008,7,time750,0,0.2314453125,1.0
102008,7,time750,200,0.3837890625,0.6321679687499991
102008,7,time750,400,0.517578125,0.4971875000000014
102008,7,time750,600,0.681640625,0.3553906250000012
102008,7,time750,800,0.892578125,0.1661718750000011
102008,7,time750,1000,0.9482421875,0.1142968750000008
102008,7,time750,1200,0.978515625,0.0977148437500006
102008,7,time750,1400,0.982421875,0.0930468750000006
102008,7,time750,1600,0.9921875,0.0859179687500005
102008,7,time750,1800,0.98828125,0.0871289062500005
102008,7,time750,2000,0.9833984375,0.0935156250000006
102008,7,time750,2200,0.9892578125,0.0927734375000006
102008,7,time750,2400,0.9912109375,0.0844531250000004
102008,7,time750,2600,0.9873046875,0.0846289062500005
102008,7,time750,2800,0.9931640625,0.0887304687500005
102008,7,time750,3000,0.9951171875,0.0849218750000005
102008,7,time750,3200,0.998046875,0.0850195312500005
102008,7,time750,3400,0.994140625,0.0841796875000005
102008,7,time750,3600,0.994140625,0.0807421875000004
102008,7,time750,3800,0.994140625,0.0826367187500004
102008,7,time750,4000,0.994140625,0.0800585937500005
102008,7,time750,4200,0.99609375,0.0847656250000005
102008,7,time750,4400,0.99609375,0.0832812500000005
102008,7,time750,4600,0.998046875,0.0870117187500006
102008,7,time750,4800,0.9970703125,0.0824218750000004
102008,7,time750,5000,0.9990234375,0.0863476562500005
102008,7,time750,5200,0.99609375,0.0869335937500006
102008,7,time750,5400,0.9921875,0.0877148437500005
102008,7,time750,5600,0.9970703125,0.0859570312500004
102008,7,time750,5800,0.9951171875,0.0895117187500005
102008,7,time750,6000,0.9912109375,0.0856640625000005
102008,7,time750,6200,0.9970703125,0.0818554687500005
102008,7,time750,6400,0.9931640625,0.0871289062500004
102008,7,time750,6600,0.998046875,0.0806640625000004
102008,7,time750,6800,0.998046875,0.0787304687500003
102008,7,time750,7000,0.998046875,0.0809375000000004
102008,7,time750,7200,0.99609375,0.0837109375000006
102008,7,time750,7400,0.9931640625,0.0860156250000006
102008,7,time750,7600,0.9951171875,0.0808984375000004
102008,7,time750,7800,0.9951171875,0.0879882812500005
102008,7,time750,8000,1.0,0.0849023437500005
102008,7,time750,8200,0.994140625,0.0834765625000004
102008,7,time750,8400,0.9951171875,0.0829492187500004
102008,7,time750,8600,0.99609375,0.0844531250000005
102008,7,time750,8800,0.998046875,0.0790429687500003
102008,7,time750,9000,0.9970703125,0.0858593750000005
102008,7,time750,9200,0.99609375,0.0844140625000004
102008,7,time750,9400,1.0,0.0879492187500005
102008,7,time750,9600,0.998046875,0.0837304687500005
102008,7,time750,9800,0.9990234375,0.0814648437500005
102008,7,time750,10000,0.9931640625,0.0814257812500004
102008,7,time750,10200,0.998046875,0.0848242187500005
102008,7,time750,10400,0.998046875,0.0809765625000003
102008,7,time750,10600,1.0,0.0848632812500005
102008,7,time750,10800,0.9970703125,0.0840820312500005
102008,7,time750,11000,0.998046875,0.0837109375000004
102008,7,time750,11200,0.998046875,0.0835937500000004
102008,7,time750,11400,0.9970703125,0.0819726562500005
102008,7,time750,11600,0.9990234375,0.0824218750000005
102008,7,time750,11800,0.99609375,0.0862695312500006
102008,7,time750,12000,0.9990234375,0.0862500000000005
102008,7,time750,12200,0.9970703125,0.0852734375000005
102008,7,time750,12400,0.9970703125,0.0845898437500006
102008,7,time750,12600,0.998046875,0.0809375000000004
102008,7,time750,12800,0.9990234375,0.0831445312500005
102008,7,time750,13000,0.9970703125,0.0821093750000004
102008,7,time750,13200,0.9970703125,0.0871484375000004
102008,7,time750,13400,0.998046875,0.0819726562500004
102008,7,time750,13600,0.9990234375,0.0858593750000004
102008,7,time750,13800,0.998046875,0.0851953125000005
102008,7,time750,14000,0.99609375,0.0821679687500004
102008,7,time750,14200,0.99609375,0.0908593750000005
102008,7,time750,14400,0.998046875,0.0855468750000004
102008,7,time750,14600,0.99609375,0.0853906250000004
102008,7,time750,14800,1.0,0.0837500000000005
102008,7,time750,15000,0.9990234375,0.0844531250000004
102008,7,time750,15200,0.998046875,0.0815429687500003
102008,7,time750,15400,0.9990234375,0.0838867187500005
102008,7,time750,15600,1.0,0.0820898437500004
102008,7,time750,15800,0.9970703125,0.0828515625000004
102008,7,time750,16000,0.9951171875,0.0856640625000005
102008,7,time750,16200,0.99609375,0.0863476562500005
102008,7,time750,16400,0.9990234375,0.0854101562500004
102008,7,time750,16600,0.998046875,0.0897460937500005
102008,7,time750,16800,1.0,0.0834570312500005
102008,7,time750,17000,0.998046875,0.0851171875000006
102008,7,time750,17200,0.9970703125,0.0845898437500005
102008,7,time750,17400,0.9970703125,0.0895703125000006
102008,7,time750,17600,0.998046875,0.0860156250000005
102008,7,time750,17800,0.9990234375,0.0829101562500005
102008,7,time750,18000,0.9990234375,0.0806250000000004
102008,7,time750,18200,0.99609375,0.0816601562500005
102008,7,time750,18400,1.0,0.0820117187500004
102008,7,time750,18600,0.9970703125,0.0827148437500005
102008,7,time750,18800,0.9951171875,0.0866796875000006
102008,7,time750,19000,0.9970703125,0.0843554687500004
102008,7,time750,19200,0.9970703125,0.0856054687500006
102008,7,time750,19400,0.99609375,0.0848632812500004
102008,7,time750,19600,0.998046875,0.0841015625000005
102008,7,time750,19800,0.9951171875,0.0880859375000005
102008,7,time750,20000,0.998046875,0.0822265625000004
102008,8,time750,0,0.2314453125,1.0
102008,8,time750,200,0.1904296875,0.8290624999999988
102008,8,time750,400,0.1552734375,0.8564453124999991
102008,8,time750,600,0.130859375,0.8809374999999992
102008,8,time750,800,0.197265625,0.8207617187499987
102008,8,time750,1000,0.236328125,0.7775195312499988
102008,8,time750,1200,0.328125,0.6985156249999995
102008,8,time750,1400,0.4501953125,0.5787695312499999
102008,8,time750,1600,0.6103515625,0.4384765625000017
102008,8,time750,1800,0.7275390625,0.3353906250000017
102008,8,time750,2000,0.806640625,0.2674218750000018
102008,8,time750,2200,0.8330078125,0.2354492187500018
102008,8,time750,2400,0.9013671875,0.1783789062500012
102008,8,time750,2600,0.8828125,0.1988281250000015
102008,8,time750,2800,0.9189453125,0.1807421875000011
102008,8,time750,3000,0.908203125,0.1820507812500014
102008,8,time750,3200,0.9208984375,0.1712109375000012
102008,8,time750,3400,0.9306640625,0.1587500000000013
102008,8,time750,3600,0.9189453125,0.1814062500000013
102008,8,time750,3800,0.9296875,0.1570312500000012
102008,8,time750,4000,0.9560546875,0.141562500000001
102008,8,time750,4200,0.9404296875,0.1587500000000012
102008,8,time750,4400,0.9423828125,0.1579882812500011
102008,8,time750,4600,0.9228515625,0.1697070312500015
102008,8,time750,4800,0.939453125,0.1527539062500012
102008,8,time750,5000,0.93359375,0.1659960937500012
102008,8,time750,5200,0.9462890625,0.150507812500001
102008,8,time750,5400,0.9482421875,0.1536718750000011
102008,8,time750,5600,0.93359375,0.1637890625000014
102008,8,time750,5800,0.939453125,0.161484375000001
102008,8,time750,6000,0.9521484375,0.1466601562500012
102008,8,time750,6200,0.9375,0.1675000000000012
102008,8,time750,6400,0.943359375,0.1511914062500013
102008,8,time750,6600,0.93359375,0.1561328125000011
102008,8,time750,6800,0.9453125,0.151562500000001
102008,8,time750,7000,0.9580078125,0.1489843750000012
102008,8,time750,7200,0.9501953125,0.1539453125000011
102008,8,time750,7400,0.958984375,0.1503320312500011
102008,8,time750,7600,0.94140625,0.1560156250000012
102008,8,time750,7800,0.9599609375,0.1428125000000011
102008,8,time750,8000,0.9375,0.1646679687500013
102008,8,time750,8200,0.943359375,0.1640625000000012
102008,8,time750,8400,0.970703125,0.1415820312500011
102008,8,time750,8600,0.966796875,0.143886718750001
102008,8,time750,8800,0.97265625,0.138085937500001
102008,8,time750,9000,0.97265625,0.1459960937500012
102008,8,time750,9200,0.96484375,0.1376953125000009
102008,8,time750,9400,0.953125,0.1527539062500012
102008,8,time750,9600,0.962890625,0.1529882812500012
102008,8,time750,9800,0.9609375,0.145781250000001
102008,8,time750,10000,0.9794921875,0.1332226562500009
102008,8,time750,10200,0.970703125,0.139316406250001
102008,8,time750,10400,0.966796875,0.1440039062500009
102008,8,time750,10600,0.96484375,0.142597656250001
102008,8,time750,10800,0.9736328125,0.138300781250001
102008,8,time750,11000,0.97265625,0.1471289062500011
102008,8,time750,11200,0.9716796875,0.1331640625000009
102008,8,time750,11400,0.982421875,0.134960937500001
102008,8,time750,11600,0.966796875,0.1481640625000013
102008,8,time750,11800,0.9736328125,0.1357031250000008
102008,8,time750,12000,0.970703125,0.1408984375000012
102008,8,time750,12200,0.9736328125,0.1366406250000012
102008,8,time750,12400,0.9775390625,0.1304687500000009
102008,8,time750,12600,0.958984375,0.1528125000000011
102008,8,time750,12800,0.96875,0.146445312500001
102008,8,time750,13000,0.9609375,0.1453906250000009
102008,8,time750,13200,0.9716796875,0.1426562500000009
102008,8,time750,13400,0.974609375,0.1322265625000008
102008,8,time750,13600,0.984375,0.142109375000001
102008,8,time750,13800,0.9609375,0.144726562500001
102008,8,time750,14000,0.978515625,0.1335742187500009
102008,8,time750,14200,0.9677734375,0.1529687500000013
102008,8,time750,14400,0.9755859375,0.136972656250001
102008,8,time750,14600,0.9853515625,0.133203125000001
102008,8,time750,14800,0.978515625,0.1432421875000011
102008,8,time750,15000,0.9775390625,0.139941406250001
102008,8,time750,15200,0.951171875,0.1442578125000012
102008,8,time750,15400,0.9765625,0.139296875000001
102008,8,time750,15600,0.9677734375,0.147695312500001
102008,8,time750,15800,0.9697265625,0.1455273437500011
102008,8,time750,16000,0.9560546875,0.1590234375000011
102008,8,time750,16200,0.958984375,0.1397070312500008
102008,8,time750,16400,0.96875,0.133925781250001
102008,8,time750,16600,0.953125,0.1623046875000013
102008,8,time750,16800,0.9794921875,0.140839843750001
102008,8,time750,17000,0.97265625,0.1471484375000011
102008,8,time750,17200,0.9736328125,0.1402929687500011
102008,8,time750,17400,0.974609375,0.1474023437500009
102008,8,time750,17600,0.9755859375,0.1346093750000009
102008,8,time750,17800,0.9755859375,0.137968750000001
102008,8,time750,18000,0.9873046875,0.1283007812500009
102008,8,time750,18200,0.9677734375,0.1514257812500011
102008,8,time750,18400,0.96875,0.1338281250000008
102008,8,time750,18600,0.96875,0.1535546875000012
102008,8,time750,18800,0.9677734375,0.1425000000000011
102008,8,time750,19000,0.9755859375,0.1389453125000011
102008,8,time750,19200,0.96875,0.1459765625000012
102008,8,time750,19400,0.97265625,0.1401171875000011
102008,8,time750,19600,0.974609375,0.139042968750001
102008,8,time750,19800,0.9755859375,0.1393359375000009
102008,8,time750,20000,0.958984375,0.147949218750001
102009,7,continuous,0,0.23046875,1.0
102009,7,continuous,200,0.40234375,0.6156054687499997
102009,7,continuous,400,0.5595703125,0.4686328125000012
102009,7,continuous,600,0.8017578125,0.2346093750000014
102009,7,continuous,800,0.9326171875,0.1275781250000009
102009,7,continuous,1000,0.986328125,0.0894140625000006
102009,7,continuous,1200,0.990234375,0.0846679687500005
102009,7,continuous,1400,0.99609375,0.0846093750000005
102009,7,continuous,1600,1.0,0.0822460937500004
102009,7,continuous,1800,0.9931640625,0.0836914062500006
102009,7,continuous,2000,0.998046875,0.0832617187500004
102009,7,continuous,2200,1.0,0.0837109375000003
102009,7,continuous,2400,0.9970703125,0.0868554687500006
102009,7,continuous,2600,0.9990234375,0.0842578125000005
102009,7,continuous,2800,0.998046875,0.0814062500000004
102009,7,continuous,3000,0.9990234375,0.0820507812500004
102009,7,continuous,3200,0.9970703125,0.0849023437500005
102009,7,continuous,3400,0.9990234375,0.0817187500000004
102009,7,continuous,3600,0.9970703125,0.0801562500000004
102009,7,continuous,3800,1.0,0.0840234375000004
102009,7,continuous,4000,1.0,0.0843750000000004
102009,7,continuous,4200,0.998046875,0.0763085937500004
102009,7,continuous,4400,0.998046875,0.0836914062500004
102009,7,continuous,4600,0.998046875,0.0818945312500005
102009,7,continuous,4800,0.9990234375,0.0828906250000006
102009,7,continuous,5000,1.0,0.0780078125000004
102009,7,continuous,5200,0.998046875,0.0832617187500004
102009,7,continuous,5400,0.998046875,0.0806835937500003
102009,7,continuous,5600,1.0,0.0801757812500004
102009,7,continuous,5800,0.998046875,0.0829687500000004
102009,7,continuous,6000,0.998046875,0.0890429687500007
102009,7,continuous,6200,0.9990234375,0.0873632812500005
102009,7,continuous,6400,0.9990234375,0.0822851562500004
102009,7,continuous,6600,0.998046875,0.0835742187500004
102009,7,continuous,6800,0.9990234375,0.0835742187500005
102009,7,continuous,7000,0.9990234375,0.0850781250000005
102009,7,continuous,7200,0.9990234375,0.0831640625000004
102009,7,continuous,7400,0.9990234375,0.0864257812500005
102009,7,continuous,7600,1.0,0.0844921875000004
102009,7,continuous,7800,1.0,0.0813867187500004
102009,7,continuous,8000,1.0,0.0864453125000004
102009,7,continuous,8200,1.0,0.0818750000000005
102009,7,continuous,8400,1.0,0.0816992187500004
102009,7,continuous,8600,1.0,0.0836914062500005
102009,7,continuous,8800,1.0,0.0827148437500005
102009,7,continuous,9000,0.9990234375,0.0871484375000005
102009,7,continuous,9200,0.9990234375,0.0823437500000004
102009,7,continuous,9400,0.998046875,0.0828515625000004
102009,7,continuous,9600,1.0,0.0820703125000003
102009,7,continuous,9800,1.0,0.0845898437500003
102009,7,continuous,10000,1.0,0.0827539062500005
102009,7,continuous,10200,1.0,0.0829687500000004
102009,7,continuous,10400,0.998046875,0.0816210937500004
102009,7,continuous,10600,0.9990234375,0.0803710937500004
102009,7,continuous,10800,0.9990234375,0.0865429687500004
102009,7,continuous,11000,1.0,0.0819726562500005
102009,7,continuous,11200,1.0,0.0835546875000004
102009,7,continuous,11400,0.9990234375,0.0852539062500004
102009,7,continuous,11600,0.998046875,0.0823632812500005
102009,7,continuous,11800,0.998046875,0.0846289062500005
102009,7,continuous,12000,0.9970703125,0.0811328125000005
102009,7,continuous,12200,1.0,0.0828320312500005
102009,7,continuous,12400,1.0,0.0827929687500004
102009,7,continuous,12600,0.9990234375,0.0881054687500005
102009,7,continuous,12800,1.0,0.0872656250000005
102009,7,continuous,13000,1.0,0.0840039062500005
102009,7,continuous,13200,1.0,0.0804882812500004
102009,7,continuous,13400,1.0,0.0801757812500003
102009,7,continuous,13600,0.9970703125,0.0821484375000003
102009,7,continuous,13800,0.998046875,0.0831445312500005
102009,7,continuous,14000,1.0,0.0865625000000005
102009,7,continuous,14200,0.9990234375,0.0818359375000005
102009,7,continuous,14400,1.0,0.0823242187500004
102009,7,continuous,14600,1.0,0.0800976562500004
102009,7,continuous,14800,0.9990234375,0.0830664062500004
102009,7,continuous,15000,1.0,0.0791601562500004
102009,7,continuous,15200,0.998046875,0.0827539062500004
102009,7,continuous,15400,0.998046875,0.0854687500000006
102009,7,continuous,15600,0.998046875,0.0836718750000004
102009,7,continuous,15800,1.0,0.0800195312500004
102009,7,continuous,16000,0.9990234375,0.0829492187500005
102009,7,continuous,16200,0.9990234375,0.0848046875000004
102009,7,continuous,16400,0.9990234375,0.0858007812500004
102009,7,continuous,16600,0.9990234375,0.0851757812500005
102009,7,continuous,16800,1.0,0.0847070312500005
102009,7,continuous,17000,1.0,0.0831835937500004
102009,7,continuous,17200,0.9990234375,0.0788867187500004
102009,7,continuous,17400,0.998046875,0.0794335937500003
102009,7,continuous,17600,0.9990234375,0.0859960937500005
102009,7,continuous,17800,0.9990234375,0.0901953125000005
102009,7,continuous,18000,1.0,0.0833984375000006
102009,7,continuous,18200,1.0,0.0842187500000006
102009,7,continuous,18400,0.998046875,0.0845898437500006
102009,7,continuous,18600,0.9990234375,0.0828906250000006
102009,7,continuous,18800,1.0,0.0822656250000004
102009,7,continuous,19000,1.0,0.0810937500000004
102009,7,continuous,19200,0.9970703125,0.0837695312500005
102009,7,continuous,19400,1.0,0.0803710937500002
102009,7,continuous,19600,1.0,0.0839062500000006
102009,7,continuous,19800,1.0,0.0801367187500004
102009,7,continuous,20000,1.0,0.0817578125000004
102009,8,continuous,0,0.23046875,1.0
102009,8,continuous,200,0.2021484375,0.8042187499999994
102009,8,continuous,400,0.177734375,0.8350781249999985
102009,8,continuous,600,0.236328125,0.7815429687499995
102009,8,continuous,800,0.3076171875,0.7176171874999981
102009,8,continuous,1000,0.4453125,0.592187499999999
102009,8,continuous,1200,0.744140625,0.3246679687500022
102009,8,continuous,1400,0.90625,0.1781054687500016
102009,8,continuous,1600,0.9482421875,0.1481445312500011
102009,8,continuous,1800,0.9736328125,0.1312109375000011
102009,8,continuous,2000,0.982421875,0.1273046875000008
102009,8,continuous,2200,0.9853515625,0.1178320312500008
102009,8,continuous,2400,0.9892578125,0.1184960937500009
102009,8,continuous,2600,0.9931640625,0.1181445312500009
102009,8,continuous,2800,0.98828125,0.1263085937500009
102009,8,continuous,3000,0.98828125,0.1218945312500008
102009,8,continuous,3200,0.9921875,0.1183593750000008
102009,8,continuous,3400,0.9970703125,0.1116406250000006
102009,8,continuous,3600,0.9951171875,0.121757812500001
102009,8,continuous,3800,0.9951171875,0.1190234375000008
102009,8,continuous,4000,0.9912109375,0.1198437500000008
102009,8,continuous,4200,0.9931640625,0.1170898437500008
102009,8,continuous,4400,0.994140625,0.1208203125000009
102009,8,continuous,4600,0.998046875,0.1211132812500009
102009,8,continuous,4800,0.998046875,0.1192773437500009
102009,8,continuous,5000,0.9990234375,0.1244140625000008
102009,8,continuous,5200,0.9970703125,0.1255859375000009
102009,8,continuous,5400,0.9970703125,0.1201562500000009
102009,8,continuous,5600,0.9990234375,0.1231445312500007
102009,8,continuous,5800,0.994140625,0.128261718750001
102009,8,continuous,6000,0.9970703125,0.1239648437500008
102009,8,continuous,6200,0.99609375,0.1265820312500009
102009,8,continuous,6400,0.9990234375,0.127109375000001
102009,8,continuous,6600,0.998046875,0.1352929687500009
102009,8,continuous,6800,0.9970703125,0.1241406250000009
102009,8,continuous,7000,0.99609375,0.128144531250001
102009,8,continuous,7200,0.998046875,0.131386718750001
102009,8,continuous,7400,0.998046875,0.1288671875000008
102009,8,continuous,7600,0.9990234375,0.1333984375000011
102009,8,continuous,7800,0.99609375,0.1261328125000009
102009,8,continuous,8000,0.998046875,0.1294921875000009
102009,8,continuous,8200,0.9990234375,0.1209960937500008
102009,8,continuous,8400,0.998046875,0.1311328125000007
102009,8,continuous,8600,0.9970703125,0.1294921875000011
102009,8,continuous,8800,0.9970703125,0.1308007812500008
102009,8,continuous,9000,0.998046875,0.1315039062500009
102009,8,continuous,9200,0.9970703125,0.1249804687500007
102009,8,continuous,9400,0.9990234375,0.1260351562500008
102009,8,continuous,9600,1.0,0.129042968750001
102009,8,continuous,9800,1.0,0.1310937500000009
102009,8,continuous,10000,1.0,0.1214453125000008
102009,8,continuous,10200,0.9990234375,0.1340820312500007
102009,8,continuous,10400,0.998046875,0.1253710937500007
102009,8,continuous,10600,0.998046875,0.1333007812500008
102009,8,continuous,10800,0.9990234375,0.1356835937500008
102009,8,continuous,11000,0.9990234375,0.1301562500000008
102009,8,continuous,11200,1.0,0.1245898437500007
102009,8,continuous,11400,0.9990234375,0.1340429687500009
102009,8,continuous,11600,0.9970703125,0.1247656250000006
102009,8,continuous,11800,1.0,0.1290820312500009
102009,8,continuous,12000,0.9970703125,0.1295117187500007
102009,8,continuous,12200,0.9970703125,0.131367187500001
102009,8,continuous,12400,0.9990234375,0.1282812500000009
102009,8,continuous,12600,0.9990234375,0.1270117187500008
102009,8,continuous,12800,0.998046875,0.1275585937500008
102009,8,continuous,13000,1.0,0.1259179687500008
102009,8,continuous,13200,0.998046875,0.1363476562500011
102009,8,continuous,13400,0.9990234375,0.1301953125000009
102009,8,continuous,13600,0.9990234375,0.1382617187500009
102009,8,continuous,13800,0.9951171875,0.132890625000001
102009,8,continuous,14000,0.998046875,0.1258789062500008
102009,8,continuous,14200,1.0,0.1410742187500012
102009,8,continuous,14400,0.9990234375,0.139414062500001
102009,8,continuous,14600,0.9990234375,0.1243750000000007
102009,8,continuous,14800,0.9990234375,0.139140625000001
102009,8,continuous,15000,1.0,0.1306640625000009
102009,8,continuous,15200,1.0,0.1320507812500009
102009,8,continuous,15400,0.998046875,0.1332421875000008
102009,8,continuous,15600,0.9990234375,0.1353710937500011
102009,8,continuous,15800,0.99609375,0.1294140625000008
102009,8,continuous,16000,0.998046875,0.1266210937500007
102009,8,continuous,16200,0.998046875,0.128847656250001
102009,8,continuous,16400,0.9990234375,0.1326953125000009
102009,8,continuous,16600,0.998046875,0.1281445312500007
102009,8,continuous,16800,1.0,0.132832031250001
102009,8,continuous,17000,0.9990234375,0.138339843750001
102009,8,continuous,17200,1.0,0.1350390625000009
102009,8,continuous,17400,1.0,0.1284375000000007
102009,8,continuous,17600,0.9990234375,0.1349414062500011
102009,8,continuous,17800,0.9970703125,0.133398437500001
102009,8,continuous,18000,0.998046875,0.131171875000001
102009,8,continuous,18200,0.9990234375,0.1318554687500008
102009,8,continuous,18400,1.0,0.132265625000001
102009,8,continuous,18600,0.998046875,0.1352343750000009
102009,8,continuous,18800,1.0,0.127890625000001
102009,8,continuous,19000,0.9970703125,0.1291796875000009
102009,8,continuous,19200,1.0,0.1328515625000009
102009,8,continuous,19400,0.998046875,0.141445312500001
102009,8,continuous,19600,0.9990234375,0.1325000000000008
102009,8,continuous,19800,1.0,0.141601562500001
102009,8,continuous,20000,0.9990234375,0.1266796875000009
102009,7,count1024,0,0.23046875,1.0
102009,7,count1024,200,0.3662109375,0.6539257812499987
102009,7,count1024,400,0.474609375,0.5492968750000005
102009,7,count1024,600,0.537109375,0.4783593750000015
102009,7,count1024,800,0.5859375,0.4336914062500011
102009,7,count1024,1000,0.6201171875,0.4156250000000015
102009,7,count1024,1200,0.6279296875,0.3933984375000016
102009,7,count1024,1400,0.634765625,0.3928125000000014
102009,7,count1024,1600,0.6630859375,0.3599414062500017
102009,7,count1024,1800,0.6923828125,0.3425585937500012
102009,7,count1024,2000,0.6884765625,0.3393750000000014
102009,7,count1024,2200,0.7158203125,0.3183007812500016
102009,7,count1024,2400,0.724609375,0.3092187500000016
102009,7,count1024,2600,0.6650390625,0.3654492187500015
102009,7,count1024,2800,0.7119140625,0.3105273437500012
102009,7,count1024,3000,0.7138671875,0.3265039062500015
102009,7,count1024,3200,0.7314453125,0.3085546875000013
102009,7,count1024,3400,0.7021484375,0.3219335937500014
102009,7,count1024,3600,0.7001953125,0.3445898437500014
102009,7,count1024,3800,0.7421875,0.2983007812500014
102009,7,count1024,4000,0.7705078125,0.2663671875000014
102009,7,count1024,4200,0.7080078125,0.3187695312500015
102009,7,count1024,4400,0.7490234375,0.2891015625000014
102009,7,count1024,4600,0.7333984375,0.3059960937500012
102009,7,count1024,4800,0.76953125,0.2715039062500012
102009,7,count1024,5000,0.7490234375,0.2975195312500015
102009,7,count1024,5200,0.7666015625,0.2656054687500015
102009,7,count1024,5400,0.8115234375,0.2348828125000015
102009,7,count1024,5600,0.8095703125,0.2407421875000013
102009,7,count1024,5800,0.82421875,0.2278125000000013
102009,7,count1024,6000,0.7939453125,0.2379296875000016
102009,7,count1024,6200,0.818359375,0.2302539062500013
102009,7,count1024,6400,0.8271484375,0.2226953125000015
102009,7,count1024,6600,0.7998046875,0.2405078125000015
102009,7,count1024,6800,0.8134765625,0.2282226562500012
102009,7,count1024,7000,0.79296875,0.2469140625000013
102009,7,count1024,7200,0.806640625,0.2368359375000014
102009,7,count1024,7400,0.8203125,0.2237695312500014
102009,7,count1024,7600,0.8232421875,0.2146875000000012
102009,7,count1024,7800,0.7861328125,0.2578515625000014
102009,7,count1024,8000,0.796875,0.2455273437500013
102009,7,count1024,8200,0.822265625,0.2171289062500015
102009,7,count1024,8400,0.8232421875,0.2121093750000015
102009,7,count1024,8600,0.861328125,0.1869140625000013
102009,7,count1024,8800,0.837890625,0.2054296875000014
102009,7,count1024,9000,0.8466796875,0.2097070312500013
102009,7,count1024,9200,0.794921875,0.2450781250000014
102009,7,count1024,9400,0.8076171875,0.2329882812500014
102009,7,count1024,9600,0.8203125,0.2183007812500014
102009,7,count1024,9800,0.7890625,0.2440429687500015
102009,7,count1024,10000,0.8173828125,0.2255664062500014
102009,7,count1024,10200,0.8095703125,0.2290625000000014
102009,7,count1024,10400,0.8046875,0.2374804687500013
102009,7,count1024,10600,0.8056640625,0.2298242187500015
102009,7,count1024,10800,0.8203125,0.2280664062500015
102009,7,count1024,11000,0.828125,0.215312500000001
102009,7,count1024,11200,0.80078125,0.2413281250000012
102009,7,count1024,11400,0.81640625,0.2225976562500013
102009,7,count1024,11600,0.853515625,0.1902343750000012
102009,7,count1024,11800,0.8388671875,0.1846289062500012
102009,7,count1024,12000,0.8310546875,0.2097656250000012
102009,7,count1024,12200,0.787109375,0.2446679687500014
102009,7,count1024,12400,0.806640625,0.2319726562500013
102009,7,count1024,12600,0.8291015625,0.2239453125000013
102009,7,count1024,12800,0.8349609375,0.2059179687500013
102009,7,count1024,13000,0.814453125,0.2383593750000015
102009,7,count1024,13200,0.810546875,0.2276562500000014
102009,7,count1024,13400,0.8525390625,0.1845507812500014
102009,7,count1024,13600,0.826171875,0.2123046875000015
102009,7,count1024,13800,0.8125,0.2287500000000015
102009,7,count1024,14000,0.826171875,0.2134570312500014
102009,7,count1024,14200,0.818359375,0.2216601562500014
102009,7,count1024,14400,0.8505859375,0.1999414062500012
102009,7,count1024,14600,0.81640625,0.2300976562500013
102009,7,count1024,14800,0.8388671875,0.2057421875000016
102009,7,count1024,15000,0.8203125,0.2186914062500013
102009,7,count1024,15200,0.802734375,0.2272460937500015
102009,7,count1024,15400,0.8154296875,0.2243945312500012
102009,7,count1024,15600,0.80078125,0.2469726562500015
102009,7,count1024,15800,0.8544921875,0.1901171875000013
102009,7,count1024,16000,0.798828125,0.2401757812500013
102009,7,count1024,16200,0.806640625,0.2367968750000016
102009,7,count1024,16400,0.8046875,0.2379687500000018
102009,7,count1024,16600,0.8251953125,0.2223828125000016
102009,7,count1024,16800,0.77734375,0.2533203125000016
102009,7,count1024,17000,0.8037109375,0.2413085937500015
102009,7,count1024,17200,0.8134765625,0.2274023437500015
102009,7,count1024,17400,0.814453125,0.2225195312500015
102009,7,count1024,17600,0.8076171875,0.2172851562500015
102009,7,count1024,17800,0.80859375,0.2273437500000012
102009,7,count1024,18000,0.83203125,0.2140625000000015
102009,7,count1024,18200,0.83203125,0.2183984375000012
102009,7,count1024,18400,0.82421875,0.2190234375000013
102009,7,count1024,18600,0.8251953125,0.2151757812500015
102009,7,count1024,18800,0.8115234375,0.2358789062500014
102009,7,count1024,19000,0.8115234375,0.2300585937500013
102009,7,count1024,19200,0.8173828125,0.2187890625000015
102009,7,count1024,19400,0.796875,0.2314453125000014
102009,7,count1024,19600,0.8271484375,0.2105078125000012
102009,7,count1024,19800,0.82421875,0.2123242187500014
102009,7,count1024,20000,0.8173828125,0.2253515625000015
102009,8,count1024,0,0.23046875,1.0
102009,8,count1024,200,0.2021484375,0.8042187499999994
102009,8,count1024,400,0.177734375,0.8350781249999985
102009,8,count1024,600,0.236328125,0.7815429687499995
102009,8,count1024,800,0.3212890625,0.7041406249999986
102009,8,count1024,1000,0.4443359375,0.5693359375000006
102009,8,count1024,1200,0.580078125,0.4608984375000019
102009,8,count1024,1400,0.7509765625,0.3064843750000018
102009,8,count1024,1600,0.8642578125,0.1968750000000013
102009,8,count1024,1800,0.888671875,0.1828906250000014
102009,8,count1024,2000,0.9052734375,0.1700000000000013
102009,8,count1024,2200,0.9375,0.1352734375000008
102009,8,count1024,2400,0.9228515625,0.1463476562500011
102009,8,count1024,2600,0.94140625,0.135390625000001
102009,8,count1024,2800,0.921875,0.1496484375000012
102009,8,count1024,3000,0.92578125,0.1516406250000013
102009,8,count1024,3200,0.9345703125,0.1407421875000011
102009,8,count1024,3400,0.931640625,0.1501953125000011
102009,8,count1024,3600,0.9560546875,0.126894531250001
102009,8,count1024,3800,0.9638671875,0.1160156250000008
102009,8,count1024,4000,0.9541015625,0.1206640625000008
102009,8,count1024,4200,0.935546875,0.1401757812500011
102009,8,count1024,4400,0.9638671875,0.1184375000000007
102009,8,count1024,4600,0.974609375,0.1136523437500008
102009,8,count1024,4800,0.966796875,0.1139843750000009
102009,8,count1024,5000,0.966796875,0.1168945312500009
102009,8,count1024,5200,0.951171875,0.1280664062500008
102009,8,count1024,5400,0.9619140625,0.1211132812500009
102009,8,count1024,5600,0.955078125,0.128476562500001
102009,8,count1024,5800,0.953125,0.1215234375000009
102009,8,count1024,6000,0.9580078125,0.123691406250001
102009,8,count1024,6200,0.9423828125,0.1299023437500009
102009,8,count1024,6400,0.9521484375,0.1358007812500008
102009,8,count1024,6600,0.9619140625,0.1224023437500007
102009,8,count1024,6800,0.96484375,0.1234570312500008
102009,8,count1024,7000,0.9580078125,0.1205078125000009
102009,8,count1024,7200,0.951171875,0.1246679687500007
102009,8,count1024,7400,0.9521484375,0.1333984375000011
102009,8,count1024,7600,0.9365234375,0.139824218750001
102009,8,count1024,7800,0.9599609375,0.1211718750000008
102009,8,count1024,8000,0.958984375,0.124042968750001
102009,8,count1024,8200,0.9541015625,0.1249804687500009
102009,8,count1024,8400,0.9501953125,0.125546875000001
102009,8,count1024,8600,0.9609375,0.1180078125000009
102009,8,count1024,8800,0.955078125,0.1315234375000009
102009,8,count1024,9000,0.958984375,0.1300976562500011
102009,8,count1024,9200,0.9619140625,0.1153710937500009
102009,8,count1024,9400,0.9443359375,0.1382617187500009
102009,8,count1024,9600,0.9609375,0.1229101562500008
102009,8,count1024,9800,0.962890625,0.1216796875000009
102009,8,count1024,10000,0.95703125,0.1265234375000008
102009,8,count1024,10200,0.9638671875,0.1137304687500008
102009,8,count1024,10400,0.9697265625,0.1176953125000008
102009,8,count1024,10600,0.953125,0.1166796875000008
102009,8,count1024,10800,0.953125,0.1318554687500011
102009,8,count1024,11000,0.955078125,0.132480468750001
102009,8,count1024,11200,0.9462890625,0.142324218750001
102009,8,count1024,11400,0.9560546875,0.1267578125000009
102009,8,count1024,11600,0.9482421875,0.1317773437500011
102009,8,count1024,11800,0.9609375,0.1234179687500008
102009,8,count1024,12000,0.955078125,0.124257812500001
102009,8,count1024,12200,0.94921875,0.135820312500001
102009,8,count1024,12400,0.955078125,0.1251171875000008
102009,8,count1024,12600,0.970703125,0.1070312500000007
102009,8,count1024,12800,0.9541015625,0.1331054687500011
102009,8,count1024,13000,0.9501953125,0.1312304687500009
102009,8,count1024,13200,0.9638671875,0.1231835937500009
102009,8,count1024,13400,0.9677734375,0.1151562500000008
102009,8,count1024,13600,0.9609375,0.1185546875000009
102009,8,count1024,13800,0.96484375,0.1204101562500008
102009,8,count1024,14000,0.9599609375,0.1275195312500008
102009,8,count1024,14200,0.9619140625,0.1149804687500008
102009,8,count1024,14400,0.9638671875,0.127949218750001
102009,8,count1024,14600,0.9560546875,0.1267578125000008
102009,8,count1024,14800,0.9580078125,0.130273437500001
102009,8,count1024,15000,0.9775390625,0.1120117187500007
102009,8,count1024,15200,0.9677734375,0.1139453125000008
102009,8,count1024,15400,0.9541015625,0.1203125000000009
102009,8,count1024,15600,0.9580078125,0.1264453125000007
102009,8,count1024,15800,0.970703125,0.110800781250001
102009,8,count1024,16000,0.9677734375,0.1100976562500008
102009,8,count1024,16200,0.9599609375,0.1226953125000007
102009,8,count1024,16400,0.9677734375,0.1126367187500008
102009,8,count1024,16600,0.9521484375,0.1230664062500009
102009,8,count1024,16800,0.9326171875,0.143378906250001
102009,8,count1024,17000,0.94921875,0.134648437500001
102009,8,count1024,17200,0.955078125,0.1219531250000009
102009,8,count1024,17400,0.9580078125,0.1259570312500011
102009,8,count1024,17600,0.9765625,0.1092578125000008
102009,8,count1024,17800,0.95703125,0.1256054687500008
102009,8,count1024,18000,0.970703125,0.121660156250001
102009,8,count1024,18200,0.953125,0.1319726562500012
102009,8,count1024,18400,0.9580078125,0.1234960937500009
102009,8,count1024,18600,0.951171875,0.1303320312500008
102009,8,count1024,18800,0.9501953125,0.129296875000001
102009,8,count1024,19000,0.962890625,0.1216992187500008
102009,8,count1024,19200,0.955078125,0.1308984375000011
102009,8,count1024,19400,0.9580078125,0.1251367187500008
102009,8,count1024,19600,0.966796875,0.1173828125000009
102009,8,count1024,19800,0.9638671875,0.1239453125000009
102009,8,count1024,20000,0.9619140625,0.1178906250000008
102009,7,time150,0,0.23046875,1.0
102009,7,time150,200,0.4150390625,0.6041796874999994
102009,7,time150,400,0.3701171875,0.6469921874999988
102009,7,time150,600,0.5439453125,0.4761328125000014
102009,7,time150,800,0.5791015625,0.4513671875000012
102009,7,time150,1000,0.6416015625,0.3775000000000017
102009,7,time150,1200,0.69921875,0.3362890625000015
102009,7,time150,1400,0.7041015625,0.3264062500000014
102009,7,time150,1600,0.7060546875,0.3297265625000015
102009,7,time150,1800,0.7724609375,0.2618359375000014
102009,7,time150,2000,0.7724609375,0.2617968750000014
102009,7,time150,2200,0.7666015625,0.2813867187500014
102009,7,time150,2400,0.734375,0.2896875000000012
102009,7,time150,2600,0.7734375,0.2582617187500012
102009,7,time150,2800,0.75,0.2888476562500016
102009,7,time150,3000,0.8095703125,0.2313867187500015
102009,7,time150,3200,0.75390625,0.2772265625000014
102009,7,time150,3400,0.7490234375,0.2947460937500016
102009,7,time150,3600,0.8134765625,0.2366210937500013
102009,7,time150,3800,0.810546875,0.2381250000000015
102009,7,time150,4000,0.7861328125,0.2461132812500012
102009,7,time150,4200,0.8310546875,0.2092773437500011
102009,7,time150,4400,0.81640625,0.2205664062500012
102009,7,time150,4600,0.828125,0.2196484375000013
102009,7,time150,4800,0.822265625,0.2158789062500012
102009,7,time150,5000,0.802734375,0.2396289062500013
102009,7,time150,5200,0.8154296875,0.2331054687500012
102009,7,time150,5400,0.84765625,0.2031250000000014
102009,7,time150,5600,0.853515625,0.1983007812500012
102009,7,time150,5800,0.826171875,0.2134765625000013
102009,7,time150,6000,0.8466796875,0.1973046875000014
102009,7,time150,6200,0.833984375,0.2120312500000013
102009,7,time150,6400,0.8466796875,0.1958984375000014
102009,7,time150,6600,0.8369140625,0.2030664062500014
102009,7,time150,6800,0.8486328125,0.2029687500000015
102009,7,time150,7000,0.845703125,0.1987304687500013
102009,7,time150,7200,0.8203125,0.2060546875000012
102009,7,time150,7400,0.853515625,0.1909765625000015
102009,7,time150,7600,0.8505859375,0.2014648437500017
102009,7,time150,7800,0.857421875,0.1821093750000015
102009,7,time150,8000,0.865234375,0.1857226562500012
102009,7,time150,8200,0.859375,0.1871875000000014
102009,7,time150,8400,0.8447265625,0.2025781250000016
102009,7,time150,8600,0.857421875,0.1881054687500015
102009,7,time150,8800,0.8466796875,0.1885546875000015
102009,7,time150,9000,0.86328125,0.185292968750001
102009,7,time150,9200,0.84765625,0.1986914062500014
102009,7,time150,9400,0.8427734375,0.1970507812500016
102009,7,time150,9600,0.8623046875,0.1885742187500013
102009,7,time150,9800,0.8427734375,0.2039453125000014
102009,7,time150,10000,0.8779296875,0.1725781250000015
102009,7,time150,10200,0.865234375,0.1746093750000012
102009,7,time150,10400,0.8486328125,0.2007226562500012
102009,7,time150,10600,0.845703125,0.1982421875000014
102009,7,time150,10800,0.8642578125,0.1817773437500012
102009,7,time150,11000,0.8857421875,0.161093750000001
102009,7,time150,11200,0.8759765625,0.1764062500000012
102009,7,time150,11400,0.8564453125,0.1908007812500015
102009,7,time150,11600,0.869140625,0.1752929687500014
102009,7,time150,11800,0.8720703125,0.1707812500000013
102009,7,time150,12000,0.853515625,0.1869335937500012
102009,7,time150,12200,0.8671875,0.1806835937500012
102009,7,time150,12400,0.8447265625,0.1956054687500014
102009,7,time150,12600,0.8740234375,0.1857617187500013
102009,7,time150,12800,0.8466796875,0.1957031250000013
102009,7,time150,13000,0.861328125,0.1814257812500013
102009,7,time150,13200,0.8759765625,0.1694726562500013
102009,7,time150,13400,0.84765625,0.1956640625000015
102009,7,time150,13600,0.876953125,0.1683398437500013
102009,7,time150,13800,0.9033203125,0.145195312500001
102009,7,time150,14000,0.8642578125,0.1797460937500013
102009,7,time150,14200,0.87890625,0.1702343750000013
102009,7,time150,14400,0.890625,0.1596679687500012
102009,7,time150,14600,0.83984375,0.2075390625000013
102009,7,time150,14800,0.84765625,0.2055859375000012
102009,7,time150,15000,0.87109375,0.1720312500000011
102009,7,time150,15200,0.8916015625,0.1655273437500014
102009,7,time150,15400,0.84765625,0.1882812500000016
102009,7,time150,15600,0.8681640625,0.1861328125000013
102009,7,time150,15800,0.86328125,0.1789843750000012
102009,7,time150,16000,0.8662109375,0.1880468750000014
102009,7,time150,16200,0.84375,0.2056054687500015
102009,7,time150,16400,0.8515625,0.1891601562500012
102009,7,time150,16600,0.8857421875,0.1626171875000012
102009,7,time150,16800,0.88671875,0.1591015625000011
102009,7,time150,17000,0.8701171875,0.1861914062500014
102009,7,time150,17200,0.873046875,0.1620117187500012
102009,7,time150,17400,0.8681640625,0.1785937500000014
102009,7,time150,17600,0.857421875,0.1886914062500013
102009,7,time150,17800,0.876953125,0.1703515625000012
102009,7,time150,18000,0.8662109375,0.1868164062500015
102009,7,time150,18200,0.8701171875,0.1751757812500013
102009,7,time150,18400,0.8662109375,0.1770312500000013
102009,7,time150,18600,0.8671875,0.1818359375000011
102009,7,time150,18800,0.8798828125,0.1733203125000013
102009,7,time150,19000,0.8955078125,0.1539843750000011
102009,7,time150,19200,0.8779296875,0.1674609375000013
102009,7,time150,19400,0.8720703125,0.1737109375000012
102009,7,time150,19600,0.865234375,0.1829296875000013
102009,7,time150,19800,0.83203125,0.2020898437500015
102009,7,time150,20000,0.8681640625,0.1753710937500014
102009,8,time150,0,0.23046875,1.0
102009,8,time150,200,0.201171875,0.8030664062499991
102009,8,time150,400,0.16796875,0.8413085937499984
102009,8,time150,600,0.1826171875,0.823691406249999
102009,8,time150,800,0.1650390625,0.8382812499999993
102009,8,time150,1000,0.2705078125,0.745058593749999
102009,8,time150,1200,0.2333984375,0.7775585937499989
102009,8,time150,1400,0.2890625,0.7249804687499991
102009,8,time150,1600,0.3564453125,0.6603515624999993
102009,8,time150,1800,0.3876953125,0.6273632812499997
102009,8,time150,2000,0.4765625,0.535253906250001
102009,8,time150,2200,0.5234375,0.5099218750000014
102009,8,time150,2400,0.564453125,0.4646484375000015
102009,8,time150,2600,0.6181640625,0.4095507812500013
102009,8,time150,2800,0.6376953125,0.3899023437500016
102009,8,time150,3000,0.64453125,0.3776562500000015
102009,8,time150,3200,0.7001953125,0.3450390625000014
102009,8,time150,3400,0.7392578125,0.3035937500000017
102009,8,time150,3600,0.7392578125,0.3138671875000017
102009,8,time150,3800,0.734375,0.3035156250000015
102009,8,time150,4000,0.7265625,0.3120312500000015
102009,8,time150,4200,0.7998046875,0.2489257812500013
102009,8,time150,4400,0.791015625,0.2511718750000013
102009,8,time150,4600,0.802734375,0.2454687500000011
102009,8,time150,4800,0.7734375,0.2682421875000015
102009,8,time150,5000,0.775390625,0.2669335937500017
102009,8,time150,5200,0.7626953125,0.2773242187500014
102009,8,time150,5400,0.8359375,0.2229296875000013
102009,8,time150,5600,0.8095703125,0.2412304687500013
102009,8,time150,5800,0.86328125,0.1951562500000014
102009,8,time150,6000,0.8095703125,0.2430859375000013
102009,8,time150,6200,0.8408203125,0.2159179687500012
102009,8,time150,6400,0.8212890625,0.2283593750000013
102009,8,time150,6600,0.8466796875,0.2201171875000014
102009,8,time150,6800,0.861328125,0.2089453125000012
102009,8,time150,7000,0.873046875,0.1929687500000013
102009,8,time150,7200,0.845703125,0.2091015625000011
102009,8,time150,7400,0.8564453125,0.2076757812500013
102009,8,time150,7600,0.87109375,0.1983007812500013
102009,8,time150,7800,0.83984375,0.211230468750001
102009,8,time150,8000,0.84375,0.2078515625000013
102009,8,time150,8200,0.826171875,0.2291796875000012
102009,8,time150,8400,0.8134765625,0.2351171875000013
102009,8,time150,8600,0.802734375,0.2500390625000014
102009,8,time150,8800,0.841796875,0.2138671875000013
102009,8,time150,9000,0.8466796875,0.2091406250000013
102009,8,time150,9200,0.837890625,0.2128710937500013
102009,8,time150,9400,0.857421875,0.2035742187500013
102009,8,time150,9600,0.8876953125,0.1754296875000012
102009,8,time150,9800,0.8525390625,0.2090625000000015
102009,8,time150,10000,0.8701171875,0.1890625000000014
102009,8,time150,10200,0.837890625,0.2109765625000016
102009,8,time150,10400,0.857421875,0.2000781250000011
102009,8,time150,10600,0.8759765625,0.1817382812500012
102009,8,time150,10800,0.830078125,0.2233984375000013
102009,8,time150,11000,0.841796875,0.2154882812500013
102009,8,time150,11200,0.87890625,0.1807617187500011
102009,8,time150,11400,0.8525390625,0.2035156250000013
102009,8,time150,11600,0.86328125,0.1935742187500011
102009,8,time150,11800,0.8701171875,0.1725195312500012
102009,8,time150,12000,0.8525390625,0.1985937500000014
102009,8,time150,12200,0.8486328125,0.2149804687500012
102009,8,time150,12400,0.837890625,0.2163085937500014
102009,8,time150,12600,0.875,0.1928906250000015
102009,8,time150,12800,0.841796875,0.2187304687500016
102009,8,time150,13000,0.8388671875,0.2215820312500014
102009,8,time150,13200,0.8125,0.2392382812500015
102009,8,time150,13400,0.802734375,0.2419531250000016
102009,8,time150,13600,0.841796875,0.2137500000000014
102009,8,time150,13800,0.8525390625,0.2113281250000015
102009,8,time150,14000,0.8427734375,0.2085742187500014
102009,8,time150,14200,0.849609375,0.2066015625000012
102009,8,time150,14400,0.830078125,0.2291406250000011
102009,8,time150,14600,0.841796875,0.2167773437500012
102009,8,time150,14800,0.8525390625,0.2084375000000011
102009,8,time150,15000,0.8388671875,0.2251171875000014
102009,8,time150,15200,0.8515625,0.2062500000000011
102009,8,time150,15400,0.853515625,0.2055859375000011
102009,8,time150,15600,0.8408203125,0.2118750000000014
102009,8,time150,15800,0.845703125,0.2064062500000014
102009,8,time150,16000,0.84765625,0.2166210937500012
102009,8,time150,16200,0.83984375,0.2290039062500013
102009,8,time150,16400,0.849609375,0.2049414062500013
102009,8,time150,16600,0.8623046875,0.1987890625000012
102009,8,time150,16800,0.8623046875,0.1956054687500013
102009,8,time150,17000,0.84375,0.2088476562500013
102009,8,time150,17200,0.8359375,0.2312695312500017
102009,8,time150,17400,0.861328125,0.2068359375000016
102009,8,time150,17600,0.8759765625,0.1857031250000013
102009,8,time150,17800,0.8583984375,0.1982421875000013
102009,8,time150,18000,0.849609375,0.2007031250000012
102009,8,time150,18200,0.8564453125,0.1968164062500013
102009,8,time150,18400,0.8759765625,0.1855664062500014
102009,8,time150,18600,0.8671875,0.1877929687500012
102009,8,time150,18800,0.8623046875,0.1968945312500014
102009,8,time150,19000,0.8359375,0.2171484375000015
102009,8,time150,19200,0.86328125,0.2037109375000014
102009,8,time150,19400,0.84375,0.2158984375000013
102009,8,time150,19600,0.8564453125,0.2092187500000015
102009,8,time150,19800,0.8564453125,0.2023437500000014
102009,8,time150,20000,0.8505859375,0.2168554687500014
102009,7,time750,0,0.23046875,1.0
102009,7,time750,200,0.40234375,0.6156054687499997
102009,7,time750,400,0.5595703125,0.4686328125000012
102009,7,time750,600,0.8017578125,0.2346093750000014
102009,7,time750,800,0.91796875,0.142187500000001
102009,7,time750,1000,0.96875,0.1050390625000009
102009,7,time750,1200,0.98046875,0.0929101562500006
102009,7,time750,1400,0.9814453125,0.0944531250000007
102009,7,time750,1600,0.9794921875,0.0969531250000007
102009,7,time750,1800,0.982421875,0.0898437500000005
102009,7,time750,2000,0.994140625,0.0890820312500005
102009,7,time750,2200,0.9912109375,0.0875390625000005
102009,7,time750,2400,0.994140625,0.0823828125000004
102009,7,time750,2600,0.9921875,0.0892578125000007
102009,7,time750,2800,0.986328125,0.0920507812500007
102009,7,time750,3000,0.9912109375,0.0858398437500005
102009,7,time750,3200,0.99609375,0.0867187500000004
102009,7,time750,3400,0.998046875,0.0839648437500004
102009,7,time750,3600,0.99609375,0.0815820312500004
102009,7,time750,3800,0.9951171875,0.0876953125000005
102009,7,time750,4000,0.998046875,0.0842773437500005
102009,7,time750,4200,0.998046875,0.0836328125000004
102009,7,time750,4400,0.99609375,0.0847460937500005
102009,7,time750,4600,0.9921875,0.0851757812500004
102009,7,time750,4800,0.998046875,0.0858007812500005
102009,7,time750,5000,0.994140625,0.0859765625000005
102009,7,time750,5200,0.9970703125,0.0869531250000005
102009,7,time750,5400,0.9951171875,0.0801953125000003
102009,7,time750,5600,0.9892578125,0.0893554687500005
102009,7,time750,5800,0.9970703125,0.0835546875000005
102009,7,time750,6000,0.998046875,0.0803125000000004
102009,7,time750,6200,0.99609375,0.0874218750000004
102009,7,time750,6400,0.990234375,0.0888085937500006
102009,7,time750,6600,0.99609375,0.0820703125000004
102009,7,time750,6800,0.9970703125,0.0838085937500004
102009,7,time750,7000,0.994140625,0.0830273437500005
102009,7,time750,7200,0.9951171875,0.0885156250000006
102009,7,time750,7400,0.99609375,0.0819531250000004
102009,7,time750,7600,0.9951171875,0.0833984375000004
102009,7,time750,7800,0.9951171875,0.0861914062500006
102009,7,time750,8000,0.9970703125,0.0834765625000005
102009,7,time750,8200,0.9970703125,0.0812304687500005
102009,7,time750,8400,0.994140625,0.0838671875000005
102009,7,time750,8600,0.994140625,0.0831054687500004
102009,7,time750,8800,0.9990234375,0.0777734375000003
102009,7,time750,9000,0.9990234375,0.0824609375000004
102009,7,time750,9200,0.9990234375,0.0810546875000005
102009,7,time750,9400,0.99609375,0.0839453125000004
102009,7,time750,9600,0.99609375,0.0828320312500005
102009,7,time750,9800,0.998046875,0.0841601562500004
102009,7,time750,10000,0.998046875,0.0838867187500005
102009,7,time750,10200,0.994140625,0.0857617187500005
102009,7,time750,10400,0.9990234375,0.0835742187500004
102009,7,time750,10600,0.9970703125,0.0843945312500005
102009,7,time750,10800,1.0,0.0871484375000005
102009,7,time750,11000,0.9970703125,0.0776757812500003
102009,7,time750,11200,0.998046875,0.0836132812500004
102009,7,time750,11400,0.998046875,0.0812890625000003
102009,7,time750,11600,0.9990234375,0.0875781250000005
102009,7,time750,11800,0.9990234375,0.0783593750000004
102009,7,time750,12000,0.9990234375,0.0864257812500005
102009,7,time750,12200,0.9990234375,0.0831054687500005
102009,7,time750,12400,0.9990234375,0.0800390625000004
102009,7,time750,12600,0.9990234375,0.0851757812500005
102009,7,time750,12800,0.9970703125,0.0813085937500005
102009,7,time750,13000,0.998046875,0.0898632812500007
102009,7,time750,13200,0.99609375,0.0854296875000006
102009,7,time750,13400,1.0,0.0849218750000005
102009,7,time750,13600,0.994140625,0.0887890625000005
102009,7,time750,13800,0.998046875,0.0844531250000005
102009,7,time750,14000,0.998046875,0.0815039062500004
102009,7,time750,14200,0.9970703125,0.0800976562500004
102009,7,time750,14400,0.99609375,0.0863085937500006
102009,7,time750,14600,0.9970703125,0.0849218750000006
102009,7,time750,14800,0.9990234375,0.0831835937500004
102009,7,time750,15000,0.998046875,0.0882812500000006
102009,7,time750,15200,0.998046875,0.0846289062500006
102009,7,time750,15400,0.998046875,0.0834375000000004
102009,7,time750,15600,0.9990234375,0.0864843750000005
102009,7,time750,15800,0.9951171875,0.0837304687500005
102009,7,time750,16000,0.998046875,0.0813867187500004
102009,7,time750,16200,0.9970703125,0.0851171875000005
102009,7,time750,16400,0.9970703125,0.0821289062500005
102009,7,time750,16600,0.9951171875,0.0832617187500004
102009,7,time750,16800,0.9951171875,0.0867773437500004
102009,7,time750,17000,0.99609375,0.0816210937500005
102009,7,time750,17200,0.9970703125,0.0806054687500003
102009,7,time750,17400,0.9931640625,0.0884765625000005
102009,7,time750,17600,0.9990234375,0.0801171875000004
102009,7,time750,17800,0.99609375,0.0853710937500004
102009,7,time750,18000,0.998046875,0.0848046875000005
102009,7,time750,18200,0.9970703125,0.0863867187500005
102009,7,time750,18400,0.998046875,0.0846875000000003
102009,7,time750,18600,0.998046875,0.0852734375000004
102009,7,time750,18800,0.9970703125,0.0784765625000004
102009,7,time750,19000,0.9990234375,0.0825976562500005
102009,7,time750,19200,0.9990234375,0.0836718750000004
102009,7,time750,19400,0.99609375,0.0849609375000004
102009,7,time750,19600,0.9970703125,0.0844531250000006
102009,7,time750,19800,0.99609375,0.0899218750000006
102009,7,time750,20000,0.9990234375,0.0841210937500004
102009,8,time750,0,0.23046875,1.0
102009,8,time750,200,0.2021484375,0.8042187499999994
102009,8,time750,400,0.177734375,0.8350781249999985
102009,8,time750,600,0.236328125,0.7815429687499995
102009,8,time750,800,0.330078125,0.7029101562499983
102009,8,time750,1000,0.482421875,0.5555664062500003
102009,8,time750,1200,0.6845703125,0.3584179687500018
102009,8,time750,1400,0.857421875,0.2137304687500015
102009,8,time750,1600,0.892578125,0.1833789062500014
102009,8,time750,1800,0.9296875,0.1460156250000012
102009,8,time750,2000,0.9443359375,0.129414062500001
102009,8,time750,2200,0.9453125,0.1343750000000009
102009,8,time750,2400,0.95703125,0.1246679687500009
102009,8,time750,2600,0.9638671875,0.1218359375000009
102009,8,time750,2800,0.9658203125,0.1140429687500009
102009,8,time750,3000,0.962890625,0.1216210937500008
102009,8,time750,3200,0.96484375,0.1196875000000008
102009,8,time750,3400,0.982421875,0.1034375000000006
102009,8,time750,3600,0.966796875,0.1120898437500008
102009,8,time750,3800,0.9833984375,0.1115820312500007
102009,8,time750,4000,0.970703125,0.1142773437500008
102009,8,time750,4200,0.9765625,0.1114648437500009
102009,8,time750,4400,0.9794921875,0.1135937500000009
102009,8,time750,4600,0.970703125,0.1163476562500008
102009,8,time750,4800,0.9873046875,0.1039648437500008
102009,8,time750,5000,0.9755859375,0.1164453125000007
102009,8,time750,5200,0.970703125,0.1144531250000009
102009,8,time750,5400,0.9716796875,0.1073242187500007
102009,8,time750,5600,0.974609375,0.1158398437500008
102009,8,time750,5800,0.984375,0.1084570312500008
102009,8,time750,6000,0.9677734375,0.1186328125000008
102009,8,time750,6200,0.986328125,0.1095703125000007
102009,8,time750,6400,0.970703125,0.1078515625000008
102009,8,time750,6600,0.9853515625,0.0975976562500006
102009,8,time750,6800,0.9794921875,0.1057421875000008
102009,8,time750,7000,0.96875,0.1147851562500009
102009,8,time750,7200,0.9677734375,0.1179492187500008
102009,8,time750,7400,0.9765625,0.1118164062500009
102009,8,time750,7600,0.978515625,0.1081054687500007
102009,8,time750,7800,0.9853515625,0.1062304687500008
102009,8,time750,8000,0.9892578125,0.1043750000000008
102009,8,time750,8200,0.978515625,0.1071093750000007
102009,8,time750,8400,0.9814453125,0.1086132812500008
102009,8,time750,8600,0.9873046875,0.1040820312500007
102009,8,time750,8800,0.9755859375,0.1126953125000008
102009,8,time750,9000,0.984375,0.106933593750001
102009,8,time750,9200,0.98828125,0.1023437500000007
102009,8,time750,9400,0.9892578125,0.1099804687500007
102009,8,time750,9600,0.9931640625,0.1003320312500006
102009,8,time750,9800,0.9931640625,0.1008789062500007
102009,8,time750,10000,0.9921875,0.0955273437500005
102009,8,time750,10200,0.9814453125,0.1093750000000008
102009,8,time750,10400,0.9833984375,0.1075000000000008
102009,8,time750,10600,0.9853515625,0.0982617187500008
102009,8,time750,10800,0.9892578125,0.1033593750000007
102009,8,time750,11000,0.9873046875,0.1075195312500007
102009,8,time750,11200,0.9931640625,0.1033203125000006
102009,8,time750,11400,0.990234375,0.1054101562500008
102009,8,time750,11600,0.9912109375,0.0987109375000006
102009,8,time750,11800,0.9921875,0.0968750000000006
102009,8,time750,12000,0.9951171875,0.1015234375000006
102009,8,time750,12200,0.994140625,0.0939843750000006
102009,8,time750,12400,0.990234375,0.0940234375000005
102009,8,time750,12600,0.9931640625,0.0994921875000007
102009,8,time750,12800,0.98828125,0.1014648437500006
102009,8,time750,13000,0.990234375,0.1054492187500007
102009,8,time750,13200,0.994140625,0.0997460937500007
102009,8,time750,13400,0.9873046875,0.1051953125000007
102009,8,time750,13600,0.9912109375,0.0998242187500006
102009,8,time750,13800,0.9970703125,0.1000195312500007
102009,8,time750,14000,0.9921875,0.1045117187500006
102009,8,time750,14200,0.9931640625,0.0945312500000006
102009,8,time750,14400,0.990234375,0.1033398437500005
102009,8,time750,14600,0.98828125,0.1020117187500008
102009,8,time750,14800,0.9951171875,0.0955664062500006
102009,8,time750,15000,0.9912109375,0.0952539062500007
102009,8,time750,15200,0.990234375,0.0985546875000006
102009,8,time750,15400,0.994140625,0.1000585937500007
102009,8,time750,15600,0.990234375,0.1004296875000005
102009,8,time750,15800,0.994140625,0.1041796875000007
102009,8,time750,16000,0.9970703125,0.1005468750000008
102009,8,time750,16200,0.9951171875,0.0983984375000005
102009,8,time750,16400,0.9912109375,0.0996875000000006
102009,8,time750,16600,0.9892578125,0.1027343750000008
102009,8,time750,16800,0.9970703125,0.0993750000000006
102009,8,time750,17000,0.9912109375,0.0954687500000005
102009,8,time750,17200,0.9931640625,0.1006445312500008
102009,8,time750,17400,0.990234375,0.0965820312500006
102009,8,time750,17600,0.9951171875,0.1037304687500006
102009,8,time750,17800,0.9873046875,0.1020898437500007
102009,8,time750,18000,0.9931640625,0.104863281250001
102009,8,time750,18200,0.994140625,0.0937109375000006
102009,8,time750,18400,0.990234375,0.1060937500000008
102009,8,time750,18600,0.9921875,0.1022851562500008
102009,8,time750,18800,0.994140625,0.0944921875000006
102009,8,time750,19000,0.9970703125,0.0959570312500007
102009,8,time750,19200,0.994140625,0.0995312500000007
102009,8,time750,19400,0.9814453125,0.1113867187500008
102009,8,time750,19600,0.98828125,0.1042773437500005
102009,8,time750,19800,0.9873046875,0.1048242187500008
102009,8,time750,20000,0.9921875,0.1039257812500007
102010,7,continuous,0,0.240234375,1.0
102010,7,continuous,200,0.4130859375,0.6078710937499993
102010,7,continuous,400,0.556640625,0.4684179687500013
102010,7,continuous,600,0.7763671875,0.2617773437500013
102010,7,continuous,800,0.9267578125,0.132382812500001
102010,7,continuous,1000,0.9853515625,0.0910546875000005
102010,7,continuous,1200,0.9921875,0.0855078125000005
102010,7,continuous,1400,0.9931640625,0.0844531250000005
102010,7,continuous,1600,0.99609375,0.0893359375000006
102010,7,continuous,1800,0.9990234375,0.0871093750000006
102010,7,continuous,2000,0.99609375,0.0857031250000005
102010,7,continuous,2200,0.9970703125,0.0854492187500005
102010,7,continuous,2400,1.0,0.0810546875000004
102010,7,continuous,2600,0.9970703125,0.0833007812500004
102010,7,continuous,2800,0.9990234375,0.0848437500000004
102010,7,continuous,3000,0.998046875,0.0842578125000005
102010,7,continuous,3200,0.998046875,0.0862109375000004
102010,7,continuous,3400,1.0,0.0843750000000005
102010,7,continuous,3600,0.998046875,0.0815039062500003
102010,7,continuous,3800,0.9990234375,0.0846289062500005
102010,7,continuous,4000,0.9990234375,0.0782617187500004
102010,7,continuous,4200,1.0,0.0818945312500004
102010,7,continuous,4400,0.9990234375,0.0840429687500004
102010,7,continuous,4600,1.0,0.0845898437500004
102010,7,continuous,4800,0.9990234375,0.0807812500000004
102010,7,continuous,5000,0.998046875,0.0810351562500004
102010,7,continuous,5200,1.0,0.0822460937500004
102010,7,continuous,5400,1.0,0.0843945312500005
102010,7,continuous,5600,0.998046875,0.0831835937500005
102010,7,continuous,5800,0.9970703125,0.0806640625000005
102010,7,continuous,6000,0.9990234375,0.0854101562500004
102010,7,continuous,6200,0.998046875,0.0813867187500003
102010,7,continuous,6400,1.0,0.0865820312500005
102010,7,continuous,6600,1.0,0.0847070312500005
102010,7,continuous,6800,0.9990234375,0.0831835937500002
102010,7,continuous,7000,0.9970703125,0.0861328125000005
102010,7,continuous,7200,1.0,0.0837695312500005
102010,7,continuous,7400,1.0,0.0824804687500004
102010,7,continuous,7600,0.998046875,0.0853515625000005
102010,7,continuous,7800,0.9990234375,0.0812500000000005
102010,7,continuous,8000,0.998046875,0.0843164062500005
102010,7,continuous,8200,0.998046875,0.0800585937500003
102010,7,continuous,8400,0.9990234375,0.0851367187500005
102010,7,continuous,8600,0.9990234375,0.0794335937500004
102010,7,continuous,8800,0.9990234375,0.0841406250000004
102010,7,continuous,9000,0.9990234375,0.0841796875000006
102010,7,continuous,9200,0.9990234375,0.0821875000000004
102010,7,continuous,9400,1.0,0.0861718750000005
102010,7,continuous,9600,1.0,0.0822656250000003
102010,7,continuous,9800,1.0,0.0837304687500005
102010,7,continuous,10000,0.9990234375,0.0826171875000004
102010,7,continuous,10200,1.0,0.0818164062500005
102010,7,continuous,10400,0.9990234375,0.0816601562500004
102010,7,continuous,10600,0.9990234375,0.0853710937500005
102010,7,continuous,10800,0.9990234375,0.0850585937500005
102010,7,continuous,11000,1.0,0.0781445312500005
102010,7,continuous,11200,1.0,0.0821875000000004
102010,7,continuous,11400,0.998046875,0.0843554687500004
102010,7,continuous,11600,1.0,0.0813281250000004
102010,7,continuous,11800,1.0,0.0838671875000005
102010,7,continuous,12000,0.998046875,0.0829687500000004
102010,7,continuous,12200,1.0,0.0809375000000004
102010,7,continuous,12400,1.0,0.0847265625000005
102010,7,continuous,12600,0.9990234375,0.0814257812500006
102010,7,continuous,12800,1.0,0.0824023437500003
102010,7,continuous,13000,0.9990234375,0.0889062500000006
102010,7,continuous,13200,0.9990234375,0.0844140625000006
102010,7,continuous,13400,1.0,0.0870703125000006
102010,7,continuous,13600,0.998046875,0.0885546875000006
102010,7,continuous,13800,0.9970703125,0.0831250000000004
102010,7,continuous,14000,0.9990234375,0.0805273437500004
102010,7,continuous,14200,0.9990234375,0.0777539062500004
102010,7,continuous,14400,0.998046875,0.0845312500000005
102010,7,continuous,14600,1.0,0.0816015625000005
102010,7,continuous,14800,0.9990234375,0.0873437500000005
102010,7,continuous,15000,1.0,0.0847656250000006
102010,7,continuous,15200,0.9990234375,0.0849414062500005
102010,7,continuous,15400,1.0,0.0830273437500005
102010,7,continuous,15600,1.0,0.0848828125000005
102010,7,continuous,15800,1.0,0.0852539062500005
102010,7,continuous,16000,0.9990234375,0.0845898437500004
102010,7,continuous,16200,1.0,0.0838476562500005
102010,7,continuous,16400,0.9990234375,0.0821484375000004
102010,7,continuous,16600,0.9990234375,0.0857812500000005
102010,7,continuous,16800,0.998046875,0.0831445312500004
102010,7,continuous,17000,0.9990234375,0.0832226562500005
102010,7,continuous,17200,0.998046875,0.0849414062500005
102010,7,continuous,17400,0.9970703125,0.0870507812500006
102010,7,continuous,17600,0.9990234375,0.0826953125000004
102010,7,continuous,17800,0.998046875,0.0827343750000005
102010,7,continuous,18000,0.9990234375,0.0840429687500005
102010,7,continuous,18200,0.998046875,0.0814257812500004
102010,7,continuous,18400,0.9990234375,0.0854492187500005
102010,7,continuous,18600,0.9990234375,0.0798632812500004
102010,7,continuous,18800,0.99609375,0.0841406250000005
102010,7,continuous,19000,1.0,0.0847851562500004
102010,7,continuous,19200,0.9970703125,0.0822656250000004
102010,7,continuous,19400,0.9990234375,0.0835156250000005
102010,7,continuous,19600,1.0,0.0820898437500005
102010,7,continuous,19800,1.0,0.0838867187500005
102010,7,continuous,20000,0.9990234375,0.0876953125000006
102010,8,continuous,0,0.240234375,1.0
102010,8,continuous,200,0.2353515625,0.7779296874999992
102010,8,continuous,400,0.2197265625,0.798769531249999
102010,8,continuous,600,0.27734375,0.7443359374999999
102010,8,continuous,800,0.39453125,0.6378710937500002
102010,8,continuous,1000,0.578125,0.4788085937500017
102010,8,continuous,1200,0.7958984375,0.2884375000000017
102010,8,continuous,1400,0.931640625,0.1742968750000014
102010,8,continuous,1600,0.9697265625,0.1422656250000014
102010,8,continuous,1800,0.96875,0.1347656250000009
102010,8,continuous,2000,0.9833984375,0.129843750000001
102010,8,continuous,2200,0.99609375,0.1140039062500005
102010,8,continuous,2400,0.990234375,0.1203710937500008
102010,8,continuous,2600,0.984375,0.1271093750000008
102010,8,continuous,2800,0.9970703125,0.1215429687500007
102010,8,continuous,3000,0.990234375,0.1237890625000007
102010,8,continuous,3200,0.994140625,0.1271289062500008
102010,8,continuous,3400,0.994140625,0.1181445312500008
102010,8,continuous,3600,0.9951171875,0.1256250000000007
102010,8,continuous,3800,0.9951171875,0.1216210937500007
102010,8,continuous,4000,0.9970703125,0.1278906250000008
102010,8,continuous,4200,0.998046875,0.1218750000000008
102010,8,continuous,4400,0.9951171875,0.1243359375000007
102010,8,continuous,4600,0.99609375,0.1214453125000009
102010,8,continuous,4800,0.9970703125,0.1246875000000008
102010,8,continuous,5000,0.998046875,0.1190039062500007
102010,8,continuous,5200,1.0,0.1283593750000008
102010,8,continuous,5400,0.9970703125,0.1285937500000008
102010,8,continuous,5600,0.99609375,0.1343164062500009
102010,8,continuous,5800,1.0,0.1223242187500008
102010,8,continuous,6000,0.9951171875,0.1284960937500008
102010,8,continuous,6200,1.0,0.1192187500000007
102010,8,continuous,6400,0.9990234375,0.1266210937500006
102010,8,continuous,6600,0.998046875,0.1274414062500009
102010,8,continuous,6800,0.9990234375,0.1173632812500007
102010,8,continuous,7000,0.998046875,0.1352929687500009
102010,8,continuous,7200,0.99609375,0.131191406250001
102010,8,continuous,7400,0.998046875,0.1394140625000011
102010,8,continuous,7600,1.0,0.1256250000000008
102010,8,continuous,7800,0.9970703125,0.138125000000001
102010,8,continuous,8000,0.998046875,0.1374609375000011
102010,8,continuous,8200,0.9990234375,0.1321484375000008
102010,8,continuous,8400,0.9970703125,0.1284375000000008
102010,8,continuous,8600,0.998046875,0.1391796875000011
102010,8,continuous,8800,1.0,0.140000000000001
102010,8,continuous,9000,0.998046875,0.1313085937500009
102010,8,continuous,9200,1.0,0.1238671875000007
102010,8,continuous,9400,0.998046875,0.132031250000001
102010,8,continuous,9600,0.9990234375,0.1372656250000009
102010,8,continuous,9800,0.998046875,0.1331835937500009
102010,8,continuous,10000,1.0,0.1309375000000009
102010,8,continuous,10200,0.9990234375,0.1372460937500009
102010,8,continuous,10400,0.9990234375,0.140371093750001
102010,8,continuous,10600,0.998046875,0.1373828125000012
102010,8,continuous,10800,0.9990234375,0.1316015625000008
102010,8,continuous,11000,0.99609375,0.1312890625000009
102010,8,continuous,11200,0.9990234375,0.130781250000001
102010,8,continuous,11400,0.9990234375,0.1344921875000009
102010,8,continuous,11600,0.9990234375,0.1333203125000009
102010,8,continuous,11800,0.9990234375,0.1349218750000009
102010,8,continuous,12000,0.9990234375,0.1366015625000008
102010,8,continuous,12200,0.998046875,0.1309765625000009
102010,8,continuous,12400,0.9990234375,0.1445117187500011
102010,8,continuous,12600,1.0,0.1256640625000008
102010,8,continuous,12800,0.99609375,0.1445507812500011
102010,8,continuous,13000,1.0,0.1373242187500007
102010,8,continuous,13200,1.0,0.136308593750001
102010,8,continuous,13400,0.9970703125,0.1366992187500011
102010,8,continuous,13600,0.9990234375,0.1354687500000009
102010,8,continuous,13800,0.998046875,0.140722656250001
102010,8,continuous,14000,1.0,0.1342578125000012
102010,8,continuous,14200,1.0,0.1448437500000012
102010,8,continuous,14400,1.0,0.134218750000001
102010,8,continuous,14600,1.0,0.1383203125000011
102010,8,continuous,14800,1.0,0.1316992187500009
102010,8,continuous,15000,0.9990234375,0.130996093750001
102010,8,continuous,15200,0.9970703125,0.1364062500000009
102010,8,continuous,15400,0.998046875,0.1441015625000012
102010,8,continuous,15600,1.0,0.1339843750000008
102010,8,continuous,15800,1.0,0.1349609375000009
102010,8,continuous,16000,1.0,0.1340625000000009
102010,8,continuous,16200,0.9990234375,0.139726562500001
102010,8,continuous,16400,0.9970703125,0.1360937500000011
102010,8,continuous,16600,0.998046875,0.139062500000001
102010,8,continuous,16800,0.9951171875,0.136171875000001
102010,8,continuous,17000,1.0,0.138437500000001
102010,8,continuous,17200,0.998046875,0.1479492187500011
102010,8,continuous,17400,0.998046875,0.1321093750000011
102010,8,continuous,17600,1.0,0.137187500000001
102010,8,continuous,17800,0.9990234375,0.1384179687500009
102010,8,continuous,18000,0.9990234375,0.1308203125000009
102010,8,continuous,18200,1.0,0.1408593750000009
102010,8,continuous,18400,0.9990234375,0.1457226562500011
102010,8,continuous,18600,1.0,0.139570312500001
102010,8,continuous,18800,1.0,0.1359375000000009
102010,8,continuous,19000,0.9990234375,0.1484375000000011
102010,8,continuous,19200,0.9990234375,0.141367187500001
102010,8,continuous,19400,0.9990234375,0.1329687500000009
102010,8,continuous,19600,1.0,0.1404882812500012
102010,8,continuous,19800,1.0,0.142792968750001
102010,8,continuous,20000,1.0,0.141484375000001
102010,7,count1024,0,0.240234375,1.0
102010,7,count1024,200,0.3837890625,0.6386718749999991
102010,7,count1024,400,0.4443359375,0.5738867187499997
102010,7,count1024,600,0.5185546875,0.5077734375000011
102010,7,count1024,800,0.546875,0.4716601562500013
102010,7,count1024,1000,0.5703125,0.4581445312500013
102010,7,count1024,1200,0.611328125,0.4127734375000014
102010,7,count1024,1400,0.693359375,0.3424804687500015
102010,7,count1024,1600,0.7021484375,0.327636718750001
102010,7,count1024,1800,0.681640625,0.3490234375000015
102010,7,count1024,2000,0.7548828125,0.2898242187500013
102010,7,count1024,2200,0.783203125,0.2599023437500013
102010,7,count1024,2400,0.8251953125,0.2289257812500014
102010,7,count1024,2600,0.814453125,0.2282031250000013
102010,7,count1024,2800,0.822265625,0.2250781250000012
102010,7,count1024,3000,0.8203125,0.2186914062500015
102010,7,count1024,3200,0.8291015625,0.2171093750000014
102010,7,count1024,3400,0.8271484375,0.2139453125000011
102010,7,count1024,3600,0.83203125,0.2131640625000012
102010,7,count1024,3800,0.8203125,0.2301562500000015
102010,7,count1024,4000,0.8427734375,0.2026367187500014
102010,7,count1024,4200,0.87890625,0.1806640625000012
102010,7,count1024,4400,0.8740234375,0.1801367187500013
102010,7,count1024,4600,0.8603515625,0.1923046875000014
102010,7,count1024,4800,0.8623046875,0.1882617187500012
102010,7,count1024,5000,0.8955078125,0.158320312500001
102010,7,count1024,5200,0.884765625,0.1658789062500013
102010,7,count1024,5400,0.896484375,0.1538085937500011
102010,7,count1024,5600,0.900390625,0.1562109375000012
102010,7,count1024,5800,0.90234375,0.1536132812500014
102010,7,count1024,6000,0.9033203125,0.1490234375000012
102010,7,count1024,6200,0.8779296875,0.1777929687500012
102010,7,count1024,6400,0.88671875,0.1589843750000013
102010,7,count1024,6600,0.8798828125,0.1734179687500014
102010,7,count1024,6800,0.88671875,0.1664843750000011
102010,7,count1024,7000,0.880859375,0.1619531250000013
102010,7,count1024,7200,0.8857421875,0.1677539062500013
102010,7,count1024,7400,0.904296875,0.1565820312500012
102010,7,count1024,7600,0.88671875,0.1612109375000015
102010,7,count1024,7800,0.9111328125,0.1523046875000012
102010,7,count1024,8000,0.89453125,0.1640039062500013
102010,7,count1024,8200,0.9130859375,0.142109375000001
102010,7,count1024,8400,0.9052734375,0.1550976562500013
102010,7,count1024,8600,0.8857421875,0.1663671875000013
102010,7,count1024,8800,0.9189453125,0.139531250000001
102010,7,count1024,9000,0.9052734375,0.143886718750001
102010,7,count1024,9200,0.9091796875,0.1525390625000014
102010,7,count1024,9400,0.888671875,0.1743945312500014
102010,7,count1024,9600,0.88671875,0.1688671875000012
102010,7,count1024,9800,0.916015625,0.1412500000000013
102010,7,count1024,10000,0.8896484375,0.1539648437500011
102010,7,count1024,10200,0.9013671875,0.1629101562500013
102010,7,count1024,10400,0.90625,0.1548242187500012
102010,7,count1024,10600,0.9248046875,0.1434570312500011
102010,7,count1024,10800,0.8994140625,0.1547460937500013
102010,7,count1024,11000,0.8994140625,0.1591796875000012
102010,7,count1024,11200,0.896484375,0.1642968750000012
102010,7,count1024,11400,0.8994140625,0.151171875000001
102010,7,count1024,11600,0.9033203125,0.1581445312500011
102010,7,count1024,11800,0.91796875,0.1450781250000012
102010,7,count1024,12000,0.9130859375,0.1511328125000013
102010,7,count1024,12200,0.9111328125,0.1475000000000011
102010,7,count1024,12400,0.91015625,0.1500195312500013
102010,7,count1024,12600,0.9169921875,0.138457031250001
102010,7,count1024,12800,0.890625,0.1618164062500013
102010,7,count1024,13000,0.9052734375,0.1570898437500012
102010,7,count1024,13200,0.919921875,0.142988281250001
102010,7,count1024,13400,0.91796875,0.1492773437500011
102010,7,count1024,13600,0.8984375,0.1626171875000012
102010,7,count1024,13800,0.9189453125,0.139296875000001
102010,7,count1024,14000,0.9111328125,0.1440039062500009
102010,7,count1024,14200,0.9208984375,0.1346484375000008
102010,7,count1024,14400,0.916015625,0.1461132812500012
102010,7,count1024,14600,0.92578125,0.1304101562500012
102010,7,count1024,14800,0.8994140625,0.1505664062500015
102010,7,count1024,15000,0.912109375,0.1455078125000009
102010,7,count1024,15200,0.9091796875,0.1480273437500011
102010,7,count1024,15400,0.9111328125,0.1494726562500013
102010,7,count1024,15600,0.927734375,0.134296875000001
102010,7,count1024,15800,0.921875,0.138339843750001
102010,7,count1024,16000,0.9189453125,0.1347460937500011
102010,7,count1024,16200,0.91796875,0.142265625000001
102010,7,count1024,16400,0.865234375,0.1797070312500014
102010,7,count1024,16600,0.8955078125,0.1617578125000014
102010,7,count1024,16800,0.9150390625,0.1486718750000013
102010,7,count1024,17000,0.908203125,0.1480273437500011
102010,7,count1024,17200,0.9189453125,0.134550781250001
102010,7,count1024,17400,0.916015625,0.1470117187500015
102010,7,count1024,17600,0.892578125,0.1607421875000013
102010,7,count1024,17800,0.9033203125,0.1605273437500012
102010,7,count1024,18000,0.8974609375,0.1591406250000012
102010,7,count1024,18200,0.8955078125,0.1641406250000012
102010,7,count1024,18400,0.90234375,0.1532226562500011
102010,7,count1024,18600,0.927734375,0.1249414062500008
102010,7,count1024,18800,0.9033203125,0.1529687500000012
102010,7,count1024,19000,0.9033203125,0.151093750000001
102010,7,count1024,19200,0.89453125,0.1704492187500012
102010,7,count1024,19400,0.9091796875,0.1521289062500011
102010,7,count1024,19600,0.923828125,0.141816406250001
102010,7,count1024,19800,0.92578125,0.131210937500001
102010,7,count1024,20000,0.8916015625,0.1622265625000012
102010,8,count1024,0,0.240234375,1.0
102010,8,count1024,200,0.2353515625,0.7779296874999992
102010,8,count1024,400,0.2197265625,0.798769531249999
102010,8,count1024,600,0.27734375,0.7441015625
102010,8,count1024,800,0.35546875,0.6591992187500004
102010,8,count1024,1000,0.423828125,0.6097656249999999
102010,8,count1024,1200,0.5517578125,0.4964843750000016
102010,8,count1024,1400,0.6865234375,0.3741992187500021
102010,8,count1024,1600,0.8115234375,0.2520312500000017
102010,8,count1024,1800,0.826171875,0.249843750000002
102010,8,count1024,2000,0.85546875,0.2127539062500017
102010,8,count1024,2200,0.8642578125,0.2044921875000013
102010,8,count1024,2400,0.8857421875,0.1894921875000013
102010,8,count1024,2600,0.9169921875,0.1596679687500015
102010,8,count1024,2800,0.91796875,0.1574609375000013
102010,8,count1024,3000,0.923828125,0.1604101562500014
102010,8,count1024,3200,0.9140625,0.1650195312500016
102010,8,count1024,3400,0.931640625,0.1558398437500014
102010,8,count1024,3600,0.9443359375,0.1492773437500012
102010,8,count1024,3800,0.95703125,0.1321484375000011
102010,8,count1024,4000,0.947265625,0.1464648437500012
102010,8,count1024,4200,0.9599609375,0.138710937500001
102010,8,count1024,4400,0.974609375,0.1280664062500008
102010,8,count1024,4600,0.958984375,0.1419921875000013
102010,8,count1024,4800,0.966796875,0.1293164062500007
102010,8,count1024,5000,0.9580078125,0.1443359375000012
102010,8,count1024,5200,0.9599609375,0.1378125000000012
102010,8,count1024,5400,0.9775390625,0.1218750000000007
102010,8,count1024,5600,0.966796875,0.133574218750001
102010,8,count1024,5800,0.9755859375,0.135859375000001
102010,8,count1024,6000,0.9736328125,0.1293359375000009
102010,8,count1024,6200,0.974609375,0.1254101562500008
102010,8,count1024,6400,0.98046875,0.1199804687500008
102010,8,count1024,6600,0.9853515625,0.128300781250001
102010,8,count1024,6800,0.986328125,0.1236132812500007
102010,8,count1024,7000,0.974609375,0.1240429687500007
102010,8,count1024,7200,0.98046875,0.1307812500000008
102010,8,count1024,7400,0.9853515625,0.1237890625000008
102010,8,count1024,7600,0.9775390625,0.1271679687500009
102010,8,count1024,7800,0.9814453125,0.1228906250000008
102010,8,count1024,8000,0.9814453125,0.1205273437500007
102010,8,count1024,8200,0.984375,0.1262109375000009
102010,8,count1024,8400,0.9833984375,0.1221289062500008
102010,8,count1024,8600,0.984375,0.1229296875000011
102010,8,count1024,8800,0.986328125,0.1191210937500009
102010,8,count1024,9000,0.984375,0.1230078125000008
102010,8,count1024,9200,0.9814453125,0.1231640625000008
102010,8,count1024,9400,0.978515625,0.130859375000001
102010,8,count1024,9600,0.9775390625,0.1210742187500007
102010,8,count1024,9800,0.9814453125,0.1264648437500007
102010,8,count1024,10000,0.9755859375,0.1261914062500009
102010,8,count1024,10200,0.9892578125,0.1142968750000008
102010,8,count1024,10400,0.9873046875,0.1190039062500008
102010,8,count1024,10600,0.9853515625,0.1219531250000008
102010,8,count1024,10800,0.98046875,0.1277343750000007
102010,8,count1024,11000,0.9775390625,0.1248046875000009
102010,8,count1024,11200,0.974609375,0.1311328125000007
102010,8,count1024,11400,0.97265625,0.1260156250000008
102010,8,count1024,11600,0.982421875,0.1202539062500009
102010,8,count1024,11800,0.982421875,0.1287304687500009
102010,8,count1024,12000,0.9765625,0.1274023437500009
102010,8,count1024,12200,0.970703125,0.1341406250000009
102010,8,count1024,12400,0.982421875,0.1254296875000008
102010,8,count1024,12600,0.9775390625,0.1234570312500007
102010,8,count1024,12800,0.9833984375,0.1170507812500008
102010,8,count1024,13000,0.984375,0.1276757812500008
102010,8,count1024,13200,0.9833984375,0.1243750000000008
102010,8,count1024,13400,0.9765625,0.128242187500001
102010,8,count1024,13600,0.9853515625,0.1275390625000007
102010,8,count1024,13800,0.9755859375,0.1271289062500008
102010,8,count1024,14000,0.98046875,0.1294726562500009
102010,8,count1024,14200,0.9853515625,0.1186132812500007
102010,8,count1024,14400,0.990234375,0.1241796875000008
102010,8,count1024,14600,0.9853515625,0.1186132812500007
102010,8,count1024,14800,0.9775390625,0.1257421875000009
102010,8,count1024,15000,0.98046875,0.1269140625000008
102010,8,count1024,15200,0.984375,0.1212695312500007
102010,8,count1024,15400,0.9814453125,0.1215820312500006
102010,8,count1024,15600,0.9853515625,0.1251953125000007
102010,8,count1024,15800,0.98828125,0.1167187500000007
102010,8,count1024,16000,0.9833984375,0.132636718750001
102010,8,count1024,16200,0.978515625,0.130351562500001
102010,8,count1024,16400,0.978515625,0.128613281250001
102010,8,count1024,16600,0.9833984375,0.125800781250001
102010,8,count1024,16800,0.986328125,0.1190039062500008
102010,8,count1024,17000,0.9833984375,0.1230078125000008
102010,8,count1024,17200,0.974609375,0.131835937500001
102010,8,count1024,17400,0.9775390625,0.130566406250001
102010,8,count1024,17600,0.994140625,0.1117578125000006
102010,8,count1024,17800,0.9814453125,0.1245703125000006
102010,8,count1024,18000,0.9892578125,0.1173828125000007
102010,8,count1024,18200,0.982421875,0.1215039062500007
102010,8,count1024,18400,0.9677734375,0.133203125000001
102010,8,count1024,18600,0.98828125,0.1240820312500009
102010,8,count1024,18800,0.984375,0.1185742187500009
102010,8,count1024,19000,0.9873046875,0.1139257812500007
102010,8,count1024,19200,0.9833984375,0.1276953125000008
102010,8,count1024,19400,0.9775390625,0.1215039062500007
102010,8,count1024,19600,0.9736328125,0.133457031250001
102010,8,count1024,19800,0.98828125,0.1184960937500007
102010,8,count1024,20000,0.9853515625,0.1205078125000008
102010,7,time150,0,0.240234375,1.0
102010,7,time150,200,0.3837890625,0.6386718749999991
102010,7,time150,400,0.4443359375,0.5738867187499997
102010,7,time150,600,0.5185546875,0.5077734375000011
102010,7,time150,800,0.546875,0.4716601562500013
102010,7,time150,1000,0.5703125,0.4581445312500013
102010,7,time150,1200,0.611328125,0.4127734375000014
102010,7,time150,1400,0.693359375,0.3424804687500015
102010,7,time150,1600,0.7021484375,0.327636718750001
102010,7,time150,1800,0.681640625,0.3490234375000015
102010,7,time150,2000,0.7548828125,0.2898242187500013
102010,7,time150,2200,0.783203125,0.2599023437500013
102010,7,time150,2400,0.8251953125,0.2289257812500014
102010,7,time150,2600,0.814453125,0.2282031250000013
102010,7,time150,2800,0.822265625,0.2250781250000012
102010,7,time150,3000,0.8203125,0.2186914062500015
102010,7,time150,3200,0.8291015625,0.2171093750000014
102010,7,time150,3400,0.8271484375,0.2139453125000011
102010,7,time150,3600,0.83203125,0.2131640625000012
102010,7,time150,3800,0.8203125,0.2301562500000015
102010,7,time150,4000,0.8427734375,0.2026367187500014
102010,7,time150,4200,0.87890625,0.1806640625000012
102010,7,time150,4400,0.8740234375,0.1801367187500013
102010,7,time150,4600,0.8603515625,0.1923046875000014
102010,7,time150,4800,0.8623046875,0.1882617187500012
102010,7,time150,5000,0.8955078125,0.158320312500001
102010,7,time150,5200,0.884765625,0.1658789062500013
102010,7,time150,5400,0.896484375,0.1538085937500011
102010,7,time150,5600,0.900390625,0.1562109375000012
102010,7,time150,5800,0.90234375,0.1536132812500014
102010,7,time150,6000,0.9033203125,0.1490234375000012
102010,7,time150,6200,0.8779296875,0.1777929687500012
102010,7,time150,6400,0.88671875,0.1589843750000013
102010,7,time150,6600,0.8798828125,0.1734179687500014
102010,7,time150,6800,0.88671875,0.1664843750000011
102010,7,time150,7000,0.880859375,0.1619531250000013
102010,7,time150,7200,0.8857421875,0.1677539062500013
102010,7,time150,7400,0.904296875,0.1565820312500012
102010,7,time150,7600,0.88671875,0.1612109375000015
102010,7,time150,7800,0.9111328125,0.1523046875000012
102010,7,time150,8000,0.89453125,0.1640039062500013
102010,7,time150,8200,0.9130859375,0.142109375000001
102010,7,time150,8400,0.9052734375,0.1550976562500013
102010,7,time150,8600,0.8857421875,0.1663671875000013
102010,7,time150,8800,0.9189453125,0.139531250000001
102010,7,time150,9000,0.9052734375,0.143886718750001
102010,7,time150,9200,0.9091796875,0.1525390625000014
102010,7,time150,9400,0.888671875,0.1743945312500014
102010,7,time150,9600,0.88671875,0.1688671875000012
102010,7,time150,9800,0.916015625,0.1412500000000013
102010,7,time150,10000,0.8896484375,0.1539648437500011
102010,7,time150,10200,0.9013671875,0.1629101562500013
102010,7,time150,10400,0.90625,0.1548242187500012
102010,7,time150,10600,0.9248046875,0.1434570312500011
102010,7,time150,10800,0.8994140625,0.1547460937500013
102010,7,time150,11000,0.8994140625,0.1591796875000012
102010,7,time150,11200,0.896484375,0.1642968750000012
102010,7,time150,11400,0.8994140625,0.151171875000001
102010,7,time150,11600,0.9033203125,0.1581445312500011
102010,7,time150,11800,0.91796875,0.1450781250000012
102010,7,time150,12000,0.9130859375,0.1511328125000013
102010,7,time150,12200,0.9111328125,0.1475000000000011
102010,7,time150,12400,0.91015625,0.1500195312500013
102010,7,time150,12600,0.9169921875,0.138457031250001
102010,7,time150,12800,0.890625,0.1618164062500013
102010,7,time150,13000,0.9052734375,0.1570898437500012
102010,7,time150,13200,0.919921875,0.142988281250001
102010,7,time150,13400,0.91796875,0.1492773437500011
102010,7,time150,13600,0.8984375,0.1626171875000012
102010,7,time150,13800,0.9189453125,0.139296875000001
102010,7,time150,14000,0.9111328125,0.1440039062500009
102010,7,time150,14200,0.9208984375,0.1346484375000008
102010,7,time150,14400,0.916015625,0.1461132812500012
102010,7,time150,14600,0.92578125,0.1304101562500012
102010,7,time150,14800,0.8994140625,0.1505664062500015
102010,7,time150,15000,0.912109375,0.1455078125000009
102010,7,time150,15200,0.9091796875,0.1480273437500011
102010,7,time150,15400,0.9111328125,0.1494726562500013
102010,7,time150,15600,0.927734375,0.134296875000001
102010,7,time150,15800,0.921875,0.138339843750001
102010,7,time150,16000,0.9189453125,0.1347460937500011
102010,7,time150,16200,0.91796875,0.142265625000001
102010,7,time150,16400,0.865234375,0.1797070312500014
102010,7,time150,16600,0.8955078125,0.1617578125000014
102010,7,time150,16800,0.9150390625,0.1486718750000013
102010,7,time150,17000,0.908203125,0.1480273437500011
102010,7,time150,17200,0.9189453125,0.134550781250001
102010,7,time150,17400,0.916015625,0.1470117187500015
102010,7,time150,17600,0.892578125,0.1607421875000013
102010,7,time150,17800,0.9033203125,0.1605273437500012
102010,7,time150,18000,0.8974609375,0.1591406250000012
102010,7,time150,18200,0.8955078125,0.1641406250000012
102010,7,time150,18400,0.90234375,0.1532226562500011
102010,7,time150,18600,0.927734375,0.1249414062500008
102010,7,time150,18800,0.9033203125,0.1529687500000012
102010,7,time150,19000,0.9033203125,0.151093750000001
102010,7,time150,19200,0.89453125,0.1704492187500012
102010,7,time150,19400,0.9091796875,0.1521289062500011
102010,7,time150,19600,0.923828125,0.141816406250001
102010,7,time150,19800,0.92578125,0.131210937500001
102010,7,time150,20000,0.8916015625,0.1622265625000012
102010,8,time150,0,0.240234375,1.0
102010,8,time150,200,0.2412109375,0.7709960937499994
102010,8,time150,400,0.189453125,0.8215820312499991
102010,8,time150,600,0.2021484375,0.810039062499999
102010,8,time150,800,0.2080078125,0.8057031249999987
102010,8,time150,1000,0.21875,0.7867773437499994
102010,8,time150,1200,0.228515625,0.7881445312499987
102010,8,time150,1400,0.3330078125,0.6926171874999986
102010,8,time150,1600,0.486328125,0.5352734375000007
102010,8,time150,1800,0.55859375,0.4655664062500017
102010,8,time150,2000,0.654296875,0.3880078125000017
102010,8,time150,2200,0.7255859375,0.3145312500000015
102010,8,time150,2400,0.7529296875,0.2899414062500014
102010,8,time150,2600,0.798828125,0.2429101562500013
102010,8,time150,2800,0.7822265625,0.2551562500000014
102010,8,time150,3000,0.8330078125,0.2192773437500015
102010,8,time150,3200,0.828125,0.2272460937500012
102010,8,time150,3400,0.8134765625,0.2332226562500013
102010,8,time150,3600,0.7744140625,0.2659765625000018
102010,8,time150,3800,0.8076171875,0.2443750000000014
102010,8,time150,4000,0.83203125,0.2092578125000015
102010,8,time150,4200,0.81640625,0.2363476562500013
102010,8,time150,4400,0.8330078125,0.2249218750000016
102010,8,time150,4600,0.8427734375,0.2118164062500015
102010,8,time150,4800,0.845703125,0.2022460937500016
102010,8,time150,5000,0.853515625,0.1962304687500014
102010,8,time150,5200,0.84765625,0.2109960937500012
102010,8,time150,5400,0.83203125,0.2119140625000016
102010,8,time150,5600,0.85546875,0.2011718750000014
102010,8,time150,5800,0.8359375,0.2150000000000015
102010,8,time150,6000,0.8369140625,0.2202148437500013
102010,8,time150,6200,0.83203125,0.2134570312500015
102010,8,time150,6400,0.8046875,0.2400390625000015
102010,8,time150,6600,0.8154296875,0.2344335937500013
102010,8,time150,6800,0.833984375,0.2161328125000018
102010,8,time150,7000,0.814453125,0.2380078125000015
102010,8,time150,7200,0.81640625,0.2352734375000016
102010,8,time150,7400,0.8310546875,0.2219335937500012
102010,8,time150,7600,0.87109375,0.1854687500000014
102010,8,time150,7800,0.84765625,0.2026562500000014
102010,8,time150,8000,0.8408203125,0.2021289062500015
102010,8,time150,8200,0.791015625,0.2468554687500016
102010,8,time150,8400,0.806640625,0.2329882812500016
102010,8,time150,8600,0.8291015625,0.2174609375000015
102010,8,time150,8800,0.8291015625,0.2123632812500015
102010,8,time150,9000,0.8466796875,0.2104687500000017
102010,8,time150,9200,0.84765625,0.2054101562500014
102010,8,time150,9400,0.833984375,0.2222656250000015
102010,8,time150,9600,0.84765625,0.1990625000000015
102010,8,time150,9800,0.84375,0.2071875000000014
102010,8,time150,10000,0.849609375,0.1962890625000011
102010,8,time150,10200,0.83203125,0.2167382812500013
102010,8,time150,10400,0.8173828125,0.2294140625000014
102010,8,time150,10600,0.814453125,0.2267187500000016
102010,8,time150,10800,0.8486328125,0.2086132812500016
102010,8,time150,11000,0.82421875,0.2189257812500015
102010,8,time150,11200,0.82421875,0.2227929687500015
102010,8,time150,11400,0.859375,0.1871093750000012
102010,8,time150,11600,0.8388671875,0.2128125000000015
102010,8,time150,11800,0.8076171875,0.2350195312500013
102010,8,time150,12000,0.845703125,0.2135937500000014
102010,8,time150,12200,0.8720703125,0.1856835937500013
102010,8,time150,12400,0.86328125,0.1898437500000014
102010,8,time150,12600,0.8671875,0.1954687500000013
102010,8,time150,12800,0.8525390625,0.2075585937500016
102010,8,time150,13000,0.8603515625,0.1952734375000015
102010,8,time150,13200,0.84765625,0.2050195312500015
102010,8,time150,13400,0.8427734375,0.2133593750000014
102010,8,time150,13600,0.8251953125,0.2258007812500016
102010,8,time150,13800,0.8583984375,0.1956445312500013
102010,8,time150,14000,0.84375,0.2135742187500015
102010,8,time150,14200,0.830078125,0.2255078125000016
102010,8,time150,14400,0.873046875,0.1840625000000013
102010,8,time150,14600,0.8408203125,0.2134570312500015
102010,8,time150,14800,0.8701171875,0.1873437500000014
102010,8,time150,15000,0.8671875,0.1858007812500012
102010,8,time150,15200,0.880859375,0.1767187500000012
102010,8,time150,15400,0.865234375,0.1892773437500013
102010,8,time150,15600,0.8505859375,0.2029882812500015
102010,8,time150,15800,0.833984375,0.2178125000000018
102010,8,time150,16000,0.826171875,0.2241992187500015
102010,8,time150,16200,0.8427734375,0.2053710937500017
102010,8,time150,16400,0.841796875,0.2042187500000016
102010,8,time150,16600,0.84765625,0.2070312500000014
102010,8,time150,16800,0.8701171875,0.1890429687500015
102010,8,time150,17000,0.845703125,0.2107421875000015
102010,8,time150,17200,0.83984375,0.2147070312500014
102010,8,time150,17400,0.830078125,0.2161914062500015
102010,8,time150,17600,0.8701171875,0.1784375000000013
102010,8,time150,17800,0.8515625,0.1989843750000015
102010,8,time150,18000,0.8603515625,0.1951367187500014
102010,8,time150,18200,0.8642578125,0.1866992187500016
102010,8,time150,18400,0.876953125,0.1775585937500013
102010,8,time150,18600,0.8720703125,0.1813476562500013
102010,8,time150,18800,0.861328125,0.1947460937500014
102010,8,time150,19000,0.8662109375,0.1938476562500013
102010,8,time150,19200,0.84375,0.2089257812500015
102010,8,time150,19400,0.869140625,0.1846484375000012
102010,8,time150,19600,0.859375,0.1882812500000013
102010,8,time150,19800,0.8798828125,0.1765234375000012
102010,8,time150,20000,0.8662109375,0.1882031250000014
102010,7,time750,0,0.240234375,1.0
102010,7,time750,200,0.4130859375,0.6078710937499993
102010,7,time750,400,0.556640625,0.4684179687500013
102010,7,time750,600,0.7763671875,0.2617773437500013
102010,7,time750,800,0.9287109375,0.127324218750001
102010,7,time750,1000,0.962890625,0.1019140625000008
102010,7,time750,1200,0.9716796875,0.1017968750000006
102010,7,time750,1400,0.9716796875,0.1004101562500006
102010,7,time750,1600,0.984375,0.0943164062500005
102010,7,time750,1800,0.9912109375,0.0846484375000005
102010,7,time750,2000,0.986328125,0.0883789062500007
102010,7,time750,2200,0.984375,0.0942578125000005
102010,7,time750,2400,0.9921875,0.0902929687500005
102010,7,time750,2600,0.9951171875,0.0816015625000005
102010,7,time750,2800,0.9921875,0.0858984375000005
102010,7,time750,3000,0.9951171875,0.0851757812500005
102010,7,time750,3200,0.9990234375,0.0823632812500004
102010,7,time750,3400,0.9951171875,0.0875585937500004
102010,7,time750,3600,0.9951171875,0.0829882812500005
102010,7,time750,3800,0.9990234375,0.0780468750000003
102010,7,time750,4000,0.9912109375,0.0899023437500006
102010,7,time750,4200,0.99609375,0.0834375000000004
102010,7,time750,4400,1.0,0.0820312500000003
102010,7,time750,4600,0.998046875,0.0804492187500003
102010,7,time750,4800,0.998046875,0.0861718750000006
102010,7,time750,5000,0.998046875,0.0851562500000005
102010,7,time750,5200,0.9990234375,0.0836523437500005
102010,7,time750,5400,0.9990234375,0.0816210937500004
102010,7,time750,5600,0.998046875,0.0844726562500004
102010,7,time750,5800,0.9931640625,0.0863281250000005
102010,7,time750,6000,0.9990234375,0.0835546875000005
102010,7,time750,6200,0.99609375,0.0846875000000004
102010,7,time750,6400,0.998046875,0.0834765625000003
102010,7,time750,6600,1.0,0.0834570312500005
102010,7,time750,6800,1.0,0.0788281250000003
102010,7,time750,7000,0.99609375,0.0840625000000005
102010,7,time750,7200,0.9990234375,0.0884960937500005
102010,7,time750,7400,0.99609375,0.0858984375000006
102010,7,time750,7600,0.99609375,0.0810937500000004
102010,7,time750,7800,1.0,0.0845117187500004
102010,7,time750,8000,0.9990234375,0.0821875000000004
102010,7,time750,8200,0.9970703125,0.0843164062500005
102010,7,time750,8400,0.998046875,0.0831835937500003
102010,7,time750,8600,0.9970703125,0.0831250000000003
102010,7,time750,8800,0.9970703125,0.0841796875000004
102010,7,time750,9000,1.0,0.0831640625000004
102010,7,time750,9200,0.994140625,0.0826757812500004
102010,7,time750,9400,0.99609375,0.0827539062500005
102010,7,time750,9600,0.998046875,0.0848632812500005
102010,7,time750,9800,0.998046875,0.0817382812500004
102010,7,time750,10000,0.998046875,0.0883984375000006
102010,7,time750,10200,0.9931640625,0.0848632812500005
102010,7,time750,10400,0.99609375,0.0840429687500005
102010,7,time750,10600,0.9951171875,0.0838476562500005
102010,7,time750,10800,0.998046875,0.0806445312500003
102010,7,time750,11000,0.9990234375,0.0822070312500005
102010,7,time750,11200,0.9990234375,0.0824609375000006
102010,7,time750,11400,0.9990234375,0.0858203125000005
102010,7,time750,11600,0.9970703125,0.0856640625000005
102010,7,time750,11800,0.9990234375,0.0857617187500004
102010,7,time750,12000,0.9970703125,0.0867578125000005
102010,7,time750,12200,1.0,0.0847851562500003
102010,7,time750,12400,0.9970703125,0.0850976562500005
102010,7,time750,12600,0.9990234375,0.0848437500000005
102010,7,time750,12800,0.9970703125,0.0893164062500005
102010,7,time750,13000,1.0,0.0814843750000004
102010,7,time750,13200,0.99609375,0.0834960937500004
102010,7,time750,13400,0.9970703125,0.0857226562500004
102010,7,time750,13600,1.0,0.0825976562500005
102010,7,time750,13800,0.998046875,0.0873437500000006
102010,7,time750,14000,1.0,0.0864062500000005
102010,7,time750,14200,0.9990234375,0.0832421875000004
102010,7,time750,14400,0.99609375,0.0836132812500005
102010,7,time750,14600,0.99609375,0.0864453125000005
102010,7,time750,14800,1.0,0.0833007812500004
102010,7,time750,15000,0.99609375,0.0810351562500005
102010,7,time750,15200,0.9990234375,0.0840820312500004
102010,7,time750,15400,0.9990234375,0.0871093750000005
102010,7,time750,15600,0.998046875,0.0838671875000005
102010,7,time750,15800,0.9990234375,0.0843554687500006
102010,7,time750,16000,0.994140625,0.0875390625000006
102010,7,time750,16200,1.0,0.0841015625000004
102010,7,time750,16400,1.0,0.0831835937500005
102010,7,time750,16600,0.9970703125,0.0848828125000005
102010,7,time750,16800,0.99609375,0.0854687500000005
102010,7,time750,17000,0.9990234375,0.0841406250000006
102010,7,time750,17200,0.9990234375,0.0844726562500004
102010,7,time750,17400,1.0,0.0812500000000005
102010,7,time750,17600,0.998046875,0.0877343750000005
102010,7,time750,17800,0.9990234375,0.0823828125000005
102010,7,time750,18000,0.9970703125,0.0852343750000005
102010,7,time750,18200,0.998046875,0.0880468750000007
102010,7,time750,18400,1.0,0.0869531250000005
102010,7,time750,18600,1.0,0.0813671875000004
102010,7,time750,18800,0.99609375,0.0840429687500004
102010,7,time750,19000,1.0,0.0864257812500006
102010,7,time750,19200,0.998046875,0.0882421875000005
102010,7,time750,19400,0.9990234375,0.0809960937500004
102010,7,time750,19600,0.998046875,0.0822460937500003
102010,7,time750,19800,0.9990234375,0.0816992187500004
102010,7,time750,20000,0.9990234375,0.0836718750000005
102010,8,time750,0,0.240234375,1.0
102010,8,time750,200,0.2353515625,0.7779296874999992
102010,8,time750,400,0.2197265625,0.798769531249999
102010,8,time750,600,0.27734375,0.7443359374999999
102010,8,time750,800,0.3818359375,0.651484375
102010,8,time750,1000,0.52734375,0.5265039062500012
102010,8,time750,1200,0.66015625,0.3921093750000019
102010,8,time750,1400,0.802734375,0.2647265625000022
102010,8,time750,1600,0.8642578125,0.2113476562500016
102010,8,time750,1800,0.8994140625,0.1855468750000016
102010,8,time750,2000,0.91796875,0.1614648437500014
102010,8,time750,2200,0.9306640625,0.1524218750000014
102010,8,time750,2400,0.912109375,0.1665820312500014
102010,8,time750,2600,0.939453125,0.1487109375000013
102010,8,time750,2800,0.94921875,0.1406640625000011
102010,8,time750,3000,0.9443359375,0.1506250000000012
102010,8,time750,3200,0.9365234375,0.1580273437500015
102010,8,time750,3400,0.9599609375,0.1386718750000012
102010,8,time750,3600,0.9619140625,0.1316015625000012
102010,8,time750,3800,0.9619140625,0.130078125000001
102010,8,time750,4000,0.9609375,0.1275000000000009
102010,8,time750,4200,0.966796875,0.1346484375000008
102010,8,time750,4400,0.9580078125,0.137441406250001
102010,8,time750,4600,0.9736328125,0.129628906250001
102010,8,time750,4800,0.9765625,0.1251171875000007
102010,8,time750,5000,0.9765625,0.122656250000001
102010,8,time750,5200,0.958984375,0.1311328125000011
102010,8,time750,5400,0.9755859375,0.127402343750001
102010,8,time750,5600,0.962890625,0.1333593750000013
102010,8,time750,5800,0.9697265625,0.1264257812500009
102010,8,time750,6000,0.98046875,0.1259765625000009
102010,8,time750,6200,0.9658203125,0.129199218750001
102010,8,time750,6400,0.9736328125,0.129726562500001
102010,8,time750,6600,0.9765625,0.1276562500000009
102010,8,time750,6800,0.9765625,0.1272851562500007
102010,8,time750,7000,0.9775390625,0.1265820312500009
102010,8,time750,7200,0.9716796875,0.1260546875000008
102010,8,time750,7400,0.982421875,0.1217382812500009
102010,8,time750,7600,0.9755859375,0.1155273437500009
102010,8,time750,7800,0.9755859375,0.1340625000000009
102010,8,time750,8000,0.9833984375,0.1149804687500008
102010,8,time750,8200,0.9853515625,0.1222851562500008
102010,8,time750,8400,0.9814453125,0.1170507812500007
102010,8,time750,8600,0.986328125,0.1170703125000009
102010,8,time750,8800,0.9755859375,0.1251367187500009
102010,8,time750,9000,0.97265625,0.1272656250000008
102010,8,time750,9200,0.9814453125,0.1210546875000008
102010,8,time750,9400,0.962890625,0.134218750000001
102010,8,time750,9600,0.974609375,0.132226562500001
102010,8,time750,9800,0.97265625,0.129218750000001
102010,8,time750,10000,0.984375,0.1197460937500007
102010,8,time750,10200,0.9814453125,0.1207421875000007
102010,8,time750,10400,0.9873046875,0.1142382812500008
102010,8,time750,10600,0.9951171875,0.1101367187500007
102010,8,time750,10800,0.986328125,0.1169531250000009
102010,8,time750,11000,0.974609375,0.1231250000000006
102010,8,time750,11200,0.9873046875,0.1178906250000008
102010,8,time750,11400,0.982421875,0.1151171875000009
102010,8,time750,11600,0.984375,0.1189257812500009
102010,8,time750,11800,0.98046875,0.1184179687500008
102010,8,time750,12000,0.9892578125,0.1073828125000008
102010,8,time750,12200,0.9794921875,0.1217187500000008
102010,8,time750,12400,0.9765625,0.1185351562500009
102010,8,time750,12600,0.9794921875,0.1188476562500007
102010,8,time750,12800,0.9736328125,0.1296093750000009
102010,8,time750,13000,0.9873046875,0.1191796875000008
102010,8,time750,13200,0.986328125,0.1139062500000007
102010,8,time750,13400,0.9833984375,0.1196289062500009
102010,8,time750,13600,0.974609375,0.1279101562500008
102010,8,time750,13800,0.9794921875,0.1268554687500009
102010,8,time750,14000,0.978515625,0.1236914062500008
102010,8,time750,14200,0.9833984375,0.1249023437500008
102010,8,time750,14400,0.9794921875,0.1190234375000007
102010,8,time750,14600,0.98046875,0.1138476562500007
102010,8,time750,14800,0.9833984375,0.118593750000001
102010,8,time750,15000,0.9765625,0.1250000000000008
102010,8,time750,15200,0.986328125,0.1256054687500007
102010,8,time750,15400,0.9794921875,0.1220117187500007
102010,8,time750,15600,0.978515625,0.1289843750000008
102010,8,time750,15800,0.9736328125,0.1241015625000008
102010,8,time750,16000,0.98046875,0.1272656250000008
102010,8,time750,16200,0.9794921875,0.124765625000001
102010,8,time750,16400,0.98046875,0.1221679687500009
102010,8,time750,16600,0.9814453125,0.124941406250001
102010,8,time750,16800,0.9794921875,0.1270312500000007
102010,8,time750,17000,0.974609375,0.1200585937500009
102010,8,time750,17200,0.9794921875,0.1237695312500008
102010,8,time750,17400,0.9765625,0.1292968750000008
102010,8,time750,17600,0.970703125,0.129531250000001
102010,8,time750,17800,0.984375,0.1175000000000008
102010,8,time750,18000,0.98046875,0.1217773437500009
102010,8,time750,18200,0.978515625,0.1266406250000009
102010,8,time750,18400,0.9833984375,0.1180664062500008
102010,8,time750,18600,0.984375,0.1150195312500008
102010,8,time750,18800,0.990234375,0.1212109375000009
102010,8,time750,19000,0.98046875,0.1276171875000009
102010,8,time750,19200,0.9716796875,0.1352929687500011
102010,8,time750,19400,0.978515625,0.124062500000001
102010,8,time750,19600,0.9765625,0.1338867187500008
102010,8,time750,19800,0.990234375,0.1150390625000007
102010,8,time750,20000,0.9755859375,0.1224023437500009
102011,7,continuous,0,0.2255859375,1.0
102011,7,continuous,200,0.37890625,0.6299218749999994
102011,7,continuous,400,0.5634765625,0.4698632812500013
102011,7,continuous,600,0.8154296875,0.2247460937500016
102011,7,continuous,800,0.9404296875,0.123750000000001
102011,7,continuous,1000,0.9736328125,0.1019140625000007
102011,7,continuous,1200,0.9921875,0.0894531250000005
102011,7,continuous,1400,0.9921875,0.0878515625000004
102011,7,continuous,1600,0.998046875,0.0866210937500005
102011,7,continuous,1800,0.9990234375,0.0822070312500005
102011,7,continuous,2000,0.99609375,0.0822265625000005
102011,7,continuous,2200,0.998046875,0.0853515625000004
102011,7,continuous,2400,0.99609375,0.0841796875000004
102011,7,continuous,2600,0.9970703125,0.0839062500000004
102011,7,continuous,2800,0.9990234375,0.0817578125000004
102011,7,continuous,3000,1.0,0.0831054687500005
102011,7,continuous,3200,0.99609375,0.0833398437500005
102011,7,continuous,3400,0.9990234375,0.0818359375000004
102011,7,continuous,3600,0.9990234375,0.0848046875000006
102011,7,continuous,3800,1.0,0.0854492187500006
102011,7,continuous,4000,0.9990234375,0.0846679687500005
102011,7,continuous,4200,0.9990234375,0.0836718750000005
102011,7,continuous,4400,1.0,0.0847265625000005
102011,7,continuous,4600,0.9990234375,0.0773828125000003
102011,7,continuous,4800,0.9990234375,0.0840039062500005
102011,7,continuous,5000,0.998046875,0.0834179687500005
102011,7,continuous,5200,0.9990234375,0.0841015625000005
102011,7,continuous,5400,0.9990234375,0.0831054687500005
102011,7,continuous,5600,0.9990234375,0.0827148437500005
102011,7,continuous,5800,1.0,0.0835937500000004
102011,7,continuous,6000,0.9990234375,0.0828320312500004
102011,7,continuous,6200,0.9990234375,0.0789062500000004
102011,7,continuous,6400,0.9990234375,0.0822851562500003
102011,7,continuous,6600,0.9970703125,0.0846875000000006
102011,7,continuous,6800,0.9990234375,0.0811328125000004
102011,7,continuous,7000,0.9990234375,0.0822656250000004
102011,7,continuous,7200,0.9990234375,0.0866015625000005
102011,7,continuous,7400,0.99609375,0.0838867187500005
102011,7,continuous,7600,0.998046875,0.0827539062500005
102011,7,continuous,7800,0.9990234375,0.0859960937500005
102011,7,continuous,8000,0.998046875,0.0838281250000004
102011,7,continuous,8200,1.0,0.0837890625000004
102011,7,continuous,8400,0.998046875,0.0823242187500005
102011,7,continuous,8600,0.9990234375,0.0835546875000005
102011,7,continuous,8800,1.0,0.0858007812500006
102011,7,continuous,9000,1.0,0.0805664062500004
102011,7,continuous,9200,0.998046875,0.0837304687500004
102011,7,continuous,9400,0.9990234375,0.0818750000000004
102011,7,continuous,9600,1.0,0.0878906250000005
102011,7,continuous,9800,0.9990234375,0.0873828125000006
102011,7,continuous,10000,0.9990234375,0.0848242187500004
102011,7,continuous,10200,1.0,0.0835937500000004
102011,7,continuous,10400,1.0,0.0823242187500005
102011,7,continuous,10600,1.0,0.0858984375000005
102011,7,continuous,10800,0.998046875,0.0843750000000004
102011,7,continuous,11000,0.998046875,0.0791406250000004
102011,7,continuous,11200,0.9970703125,0.0872851562500005
102011,7,continuous,11400,0.998046875,0.0839453125000005
102011,7,continuous,11600,1.0,0.0858789062500005
102011,7,continuous,11800,1.0,0.0850585937500005
102011,7,continuous,12000,1.0,0.0870312500000006
102011,7,continuous,12200,1.0,0.0885937500000006
102011,7,continuous,12400,1.0,0.0836718750000004
102011,7,continuous,12600,0.9990234375,0.0829296875000005
102011,7,continuous,12800,1.0,0.0808398437500004
102011,7,continuous,13000,0.9970703125,0.0871289062500005
102011,7,continuous,13200,0.9990234375,0.0850195312500004
102011,7,continuous,13400,1.0,0.0891015625000006
102011,7,continuous,13600,0.9990234375,0.0808593750000004
102011,7,continuous,13800,0.9990234375,0.0849023437500006
102011,7,continuous,14000,1.0,0.0805078125000003
102011,7,continuous,14200,1.0,0.0807421875000004
102011,7,continuous,14400,0.9990234375,0.0822656250000004
102011,7,continuous,14600,1.0,0.0847656250000005
102011,7,continuous,14800,0.9990234375,0.0823046875000004
102011,7,continuous,15000,0.9990234375,0.0850585937500005
102011,7,continuous,15200,0.9990234375,0.0816796875000004
102011,7,continuous,15400,0.9951171875,0.0876562500000004
102011,7,continuous,15600,0.9990234375,0.0847265625000003
102011,7,continuous,15800,0.998046875,0.0857031250000005
102011,7,continuous,16000,0.998046875,0.0841015625000005
102011,7,continuous,16200,0.998046875,0.0844726562500005
102011,7,continuous,16400,0.9990234375,0.0830859375000004
102011,7,continuous,16600,0.998046875,0.0813867187500004
102011,7,continuous,16800,0.9990234375,0.0814257812500004
102011,7,continuous,17000,1.0,0.0832617187500005
102011,7,continuous,17200,0.9990234375,0.0848242187500006
102011,7,continuous,17400,1.0,0.0770703125000003
102011,7,continuous,17600,0.998046875,0.0824609375000004
102011,7,continuous,17800,1.0,0.0816406250000004
102011,7,continuous,18000,0.9990234375,0.0791601562500004
102011,7,continuous,18200,0.9990234375,0.0846484375000005
102011,7,continuous,18400,0.9990234375,0.0823828125000004
102011,7,continuous,18600,0.9970703125,0.0769335937500004
102011,7,continuous,18800,0.9990234375,0.0827539062500005
102011,7,continuous,19000,1.0,0.0812304687500003
102011,7,continuous,19200,1.0,0.0855664062500004
102011,7,continuous,19400,1.0,0.0805664062500004
102011,7,continuous,19600,1.0,0.0854882812500006
102011,7,continuous,19800,1.0,0.0807226562500004
102011,7,continuous,20000,0.9990234375,0.0836718750000006
102011,8,continuous,0,0.2255859375,1.0
102011,8,continuous,200,0.1904296875,0.8179296874999991
102011,8,continuous,400,0.130859375,0.8812695312499991
102011,8,continuous,600,0.1220703125,0.8874609374999993
102011,8,continuous,800,0.1669921875,0.8472265624999993
102011,8,continuous,1000,0.2744140625,0.7536718749999978
102011,8,continuous,1200,0.4619140625,0.5830664062499993
102011,8,continuous,1400,0.7255859375,0.3524023437500022
102011,8,continuous,1600,0.859375,0.2313085937500017
102011,8,continuous,1800,0.94140625,0.1683789062500013
102011,8,continuous,2000,0.96484375,0.1484765625000011
102011,8,continuous,2200,0.978515625,0.1342187500000011
102011,8,continuous,2400,0.9853515625,0.138359375000001
102011,8,continuous,2600,0.994140625,0.1229101562500006
102011,8,continuous,2800,0.978515625,0.1474414062500012
102011,8,continuous,3000,0.9873046875,0.1374414062500011
102011,8,continuous,3200,0.98828125,0.1305664062500007
102011,8,continuous,3400,0.9931640625,0.125585937500001
102011,8,continuous,3600,0.9931640625,0.1302734375000009
102011,8,continuous,3800,0.9951171875,0.1289062500000009
102011,8,continuous,4000,0.9892578125,0.1398242187500011
102011,8,continuous,4200,0.9912109375,0.136523437500001
102011,8,continuous,4400,0.9931640625,0.1237695312500009
102011,8,continuous,4600,0.998046875,0.1208593750000009
102011,8,continuous,4800,0.9970703125,0.1306054687500009
102011,8,continuous,5000,0.9970703125,0.1324414062500009
102011,8,continuous,5200,0.998046875,0.1327343750000009
102011,8,continuous,5400,0.9990234375,0.1309375000000009
102011,8,continuous,5600,0.9990234375,0.1296289062500009
102011,8,continuous,5800,0.9990234375,0.132246093750001
102011,8,continuous,6000,0.99609375,0.1325976562500011
102011,8,continuous,6200,0.99609375,0.1409179687500011
102011,8,continuous,6400,0.9931640625,0.1311523437500009
102011,8,continuous,6600,0.998046875,0.1380664062500011
102011,8,continuous,6800,0.99609375,0.134726562500001
102011,8,continuous,7000,0.9970703125,0.138242187500001
102011,8,continuous,7200,0.9970703125,0.1314257812500009
102011,8,continuous,7400,0.99609375,0.1358593750000009
102011,8,continuous,7600,0.998046875,0.1418945312500011
102011,8,continuous,7800,0.9990234375,0.136699218750001
102011,8,continuous,8000,0.9970703125,0.1292773437500008
102011,8,continuous,8200,0.9970703125,0.127968750000001
102011,8,continuous,8400,0.998046875,0.134863281250001
102011,8,continuous,8600,0.998046875,0.1295507812500009
102011,8,continuous,8800,0.9990234375,0.136425781250001
102011,8,continuous,9000,0.9970703125,0.1330078125000009
102011,8,continuous,9200,0.9990234375,0.128457031250001
102011,8,continuous,9400,1.0,0.1409765625000011
102011,8,continuous,9600,1.0,0.1353710937500011
102011,8,continuous,9800,0.9990234375,0.140390625000001
102011,8,continuous,10000,0.99609375,0.1355273437500011
102011,8,continuous,10200,0.998046875,0.1331250000000011
102011,8,continuous,10400,0.9990234375,0.1423828125000012
102011,8,continuous,10600,0.9990234375,0.1388281250000011
102011,8,continuous,10800,0.9970703125,0.1402539062500009
102011,8,continuous,11000,0.9951171875,0.135605468750001
102011,8,continuous,11200,0.9970703125,0.1350390625000009
102011,8,continuous,11400,0.9970703125,0.1444726562500012
102011,8,continuous,11600,0.9990234375,0.138476562500001
102011,8,continuous,11800,0.9970703125,0.137656250000001
102011,8,continuous,12000,0.9990234375,0.134433593750001
102011,8,continuous,12200,0.9990234375,0.138496093750001
102011,8,continuous,12400,0.9970703125,0.1425585937500012
102011,8,continuous,12600,0.998046875,0.1418554687500011
102011,8,continuous,12800,0.9990234375,0.1474414062500012
102011,8,continuous,13000,0.998046875,0.147460937500001
102011,8,continuous,13200,0.998046875,0.1465625000000011
102011,8,continuous,13400,1.0,0.1482031250000012
102011,8,continuous,13600,1.0,0.1444140625000012
102011,8,continuous,13800,0.998046875,0.1416015625000011
102011,8,continuous,14000,0.9990234375,0.1434960937500011
102011,8,continuous,14200,0.9990234375,0.1451953125000011
102011,8,continuous,14400,0.998046875,0.1404492187500012
102011,8,continuous,14600,0.9990234375,0.150019531250001
102011,8,continuous,14800,0.9990234375,0.140234375000001
102011,8,continuous,15000,0.9990234375,0.1541796875000014
102011,8,continuous,15200,1.0,0.1423632812500009
102011,8,continuous,15400,0.998046875,0.1470117187500013
102011,8,continuous,15600,0.998046875,0.1523046875000013
102011,8,continuous,15800,0.9990234375,0.1555078125000014
102011,8,continuous,16000,0.998046875,0.147207031250001
102011,8,continuous,16200,1.0,0.1570117187500013
102011,8,continuous,16400,0.9970703125,0.1427343750000011
102011,8,continuous,16600,1.0,0.147734375000001
102011,8,continuous,16800,1.0,0.152519531250001
102011,8,continuous,17000,1.0,0.1463476562500009
102011,8,continuous,17200,0.998046875,0.1494726562500013
102011,8,continuous,17400,0.9990234375,0.1475195312500012
102011,8,continuous,17600,1.0,0.1524023437500012
102011,8,continuous,17800,0.998046875,0.1477734375000013
102011,8,continuous,18000,1.0,0.1441210937500012
102011,8,continuous,18200,0.998046875,0.1474609375000012
102011,8,continuous,18400,0.9990234375,0.1502343750000012
102011,8,continuous,18600,1.0,0.1539062500000011
102011,8,continuous,18800,0.9990234375,0.1502929687500012
102011,8,continuous,19000,0.9990234375,0.1506835937500014
102011,8,continuous,19200,1.0,0.1428125000000011
102011,8,continuous,19400,0.998046875,0.1497070312500013
102011,8,continuous,19600,0.9990234375,0.1558984375000012
102011,8,continuous,19800,1.0,0.1482031250000013
102011,8,continuous,20000,1.0,0.1438867187500011
102011,7,count1024,0,0.2255859375,1.0
102011,7,count1024,200,0.373046875,0.6380468749999991
102011,7,count1024,400,0.4638671875,0.5489843750000006
102011,7,count1024,600,0.537109375,0.4915234375000013
102011,7,count1024,800,0.7001953125,0.3296289062500018
102011,7,count1024,1000,0.642578125,0.3726757812500013
102011,7,count1024,1200,0.6650390625,0.3664453125000015
102011,7,count1024,1400,0.703125,0.3263085937500016
102011,7,count1024,1600,0.689453125,0.3395117187500017
102011,7,count1024,1800,0.7236328125,0.3160742187500014
102011,7,count1024,2000,0.7607421875,0.2770898437500015
102011,7,count1024,2200,0.7607421875,0.2782617187500015
102011,7,count1024,2400,0.7548828125,0.2865039062500015
102011,7,count1024,2600,0.75390625,0.2848046875000014
102011,7,count1024,2800,0.740234375,0.2916601562500015
102011,7,count1024,3000,0.8115234375,0.2374218750000013
102011,7,count1024,3200,0.783203125,0.2556640625000014
102011,7,count1024,3400,0.7783203125,0.2625781250000012
102011,7,count1024,3600,0.798828125,0.2408007812500016
102011,7,count1024,3800,0.763671875,0.2791601562500018
102011,7,count1024,4000,0.78125,0.2565820312500016
102011,7,count1024,4200,0.7900390625,0.2476367187500017
102011,7,count1024,4400,0.8076171875,0.2343554687500016
102011,7,count1024,4600,0.775390625,0.2622265625000015
102011,7,count1024,4800,0.78515625,0.2610546875000014
102011,7,count1024,5000,0.7919921875,0.2521484375000015
102011,7,count1024,5200,0.7822265625,0.2475000000000017
102011,7,count1024,5400,0.826171875,0.2080078125000012
102011,7,count1024,5600,0.845703125,0.1948242187500014
102011,7,count1024,5800,0.79296875,0.2468750000000015
102011,7,count1024,6000,0.8232421875,0.2172851562500014
102011,7,count1024,6200,0.833984375,0.2147265625000013
102011,7,count1024,6400,0.8330078125,0.2075976562500013
102011,7,count1024,6600,0.828125,0.2093554687500016
102011,7,count1024,6800,0.8076171875,0.2404687500000016
102011,7,count1024,7000,0.7919921875,0.2470703125000016
102011,7,count1024,7200,0.8154296875,0.2165625000000013
102011,7,count1024,7400,0.82421875,0.2125976562500013
102011,7,count1024,7600,0.8349609375,0.2070703125000012
102011,7,count1024,7800,0.8330078125,0.2109179687500015
102011,7,count1024,8000,0.83984375,0.2008203125000011
102011,7,count1024,8200,0.7939453125,0.2371679687500014
102011,7,count1024,8400,0.818359375,0.2169531250000013
102011,7,count1024,8600,0.787109375,0.2592578125000016
102011,7,count1024,8800,0.8037109375,0.2415429687500014
102011,7,count1024,9000,0.8447265625,0.1975976562500013
102011,7,count1024,9200,0.8173828125,0.2291601562500015
102011,7,count1024,9400,0.818359375,0.2248046875000013
102011,7,count1024,9600,0.8369140625,0.2081250000000014
102011,7,count1024,9800,0.8525390625,0.1958789062500013
102011,7,count1024,10000,0.8115234375,0.2231250000000011
102011,7,count1024,10200,0.8037109375,0.2300585937500012
102011,7,count1024,10400,0.8134765625,0.2254882812500011
102011,7,count1024,10600,0.8037109375,0.2363476562500015
102011,7,count1024,10800,0.828125,0.2189062500000015
102011,7,count1024,11000,0.8076171875,0.2308203125000015
102011,7,count1024,11200,0.8291015625,0.2124414062500016
102011,7,count1024,11400,0.814453125,0.2249414062500015
102011,7,count1024,11600,0.8115234375,0.2267578125000013
102011,7,count1024,11800,0.8291015625,0.2144140625000013
102011,7,count1024,12000,0.8017578125,0.2376367187500015
102011,7,count1024,12200,0.794921875,0.2431445312500013
102011,7,count1024,12400,0.8212890625,0.2131250000000014
102011,7,count1024,12600,0.8369140625,0.2150000000000013
102011,7,count1024,12800,0.8447265625,0.1970312500000012
102011,7,count1024,13000,0.810546875,0.2364648437500016
102011,7,count1024,13200,0.81640625,0.2262304687500016
102011,7,count1024,13400,0.8310546875,0.2164843750000012
102011,7,count1024,13600,0.853515625,0.1827343750000012
102011,7,count1024,13800,0.8271484375,0.2192968750000014
102011,7,count1024,14000,0.830078125,0.2152148437500015
102011,7,count1024,14200,0.8115234375,0.2264062500000014
102011,7,count1024,14400,0.7822265625,0.2567187500000013
102011,7,count1024,14600,0.8369140625,0.2058007812500014
102011,7,count1024,14800,0.814453125,0.2233203125000015
102011,7,count1024,15000,0.8330078125,0.2079882812500014
102011,7,count1024,15200,0.83203125,0.2091015625000014
102011,7,count1024,15400,0.8515625,0.1981640625000012
102011,7,count1024,15600,0.8349609375,0.2050781250000015
102011,7,count1024,15800,0.826171875,0.2121875000000015
102011,7,count1024,16000,0.828125,0.2168164062500014
102011,7,count1024,16200,0.841796875,0.1970507812500011
102011,7,count1024,16400,0.8447265625,0.2101953125000014
102011,7,count1024,16600,0.8310546875,0.2073046875000013
102011,7,count1024,16800,0.8330078125,0.2141406250000013
102011,7,count1024,17000,0.828125,0.2120703125000014
102011,7,count1024,17200,0.853515625,0.1949804687500014
102011,7,count1024,17400,0.830078125,0.2111718750000017
102011,7,count1024,17600,0.8408203125,0.1964257812500013
102011,7,count1024,17800,0.8466796875,0.1954101562500014
102011,7,count1024,18000,0.8359375,0.2178906250000016
102011,7,count1024,18200,0.8310546875,0.2078125000000013
102011,7,count1024,18400,0.82421875,0.2144921875000013
102011,7,count1024,18600,0.8271484375,0.2162304687500013
102011,7,count1024,18800,0.861328125,0.1913476562500013
102011,7,count1024,19000,0.8232421875,0.2136328125000014
102011,7,count1024,19200,0.8125,0.2273828125000016
102011,7,count1024,19400,0.8232421875,0.2153125000000014
102011,7,count1024,19600,0.828125,0.2121875000000015
102011,7,count1024,19800,0.84375,0.1940039062500011
102011,7,count1024,20000,0.8515625,0.2041406250000012
102011,8,count1024,0,0.2255859375,1.0
102011,8,count1024,200,0.1904296875,0.8179296874999991
102011,8,count1024,400,0.130859375,0.8812695312499991
102011,8,count1024,600,0.1220703125,0.8874609374999993
102011,8,count1024,800,0.1669921875,0.8472265624999993
102011,8,count1024,1000,0.2802734375,0.7460742187499984
102011,8,count1024,1200,0.4228515625,0.6129296874999997
102011,8,count1024,1400,0.630859375,0.4299804687500016
102011,8,count1024,1600,0.78125,0.2918164062500017
102011,8,count1024,1800,0.857421875,0.2214453125000017
102011,8,count1024,2000,0.8896484375,0.1921484375000014
102011,8,count1024,2200,0.904296875,0.1824414062500014
102011,8,count1024,2400,0.93359375,0.1607617187500013
102011,8,count1024,2600,0.927734375,0.1660546875000015
102011,8,count1024,2800,0.927734375,0.1647460937500014
102011,8,count1024,3000,0.9453125,0.1458203125000014
102011,8,count1024,3200,0.943359375,0.1510156250000012
102011,8,count1024,3400,0.9287109375,0.1641406250000013
102011,8,count1024,3600,0.9453125,0.1534375000000013
102011,8,count1024,3800,0.94140625,0.1568359375000015
102011,8,count1024,4000,0.953125,0.1400585937500011
102011,8,count1024,4200,0.96875,0.133964843750001
102011,8,count1024,4400,0.9580078125,0.1425390625000011
102011,8,count1024,4600,0.9619140625,0.139433593750001
102011,8,count1024,4800,0.9658203125,0.1391796875000011
102011,8,count1024,5000,0.962890625,0.1406250000000011
102011,8,count1024,5200,0.958984375,0.141308593750001
102011,8,count1024,5400,0.96484375,0.1338281250000011
102011,8,count1024,5600,0.9755859375,0.1286718750000007
102011,8,count1024,5800,0.96875,0.136718750000001
102011,8,count1024,6000,0.9638671875,0.1317968750000008
102011,8,count1024,6200,0.97265625,0.1338085937500009
102011,8,count1024,6400,0.9658203125,0.1426757812500013
102011,8,count1024,6600,0.966796875,0.134003906250001
102011,8,count1024,6800,0.9765625,0.1252539062500009
102011,8,count1024,7000,0.9814453125,0.1219335937500008
102011,8,count1024,7200,0.9755859375,0.1323242187500008
102011,8,count1024,7400,0.982421875,0.1214257812500008
102011,8,count1024,7600,0.978515625,0.1225781250000009
102011,8,count1024,7800,0.978515625,0.1225781250000009
102011,8,count1024,8000,0.97265625,0.1273437500000009
102011,8,count1024,8200,0.970703125,0.1358398437500009
102011,8,count1024,8400,0.9794921875,0.1256835937500008
102011,8,count1024,8600,0.990234375,0.1187304687500008
102011,8,count1024,8800,0.974609375,0.1306250000000009
102011,8,count1024,9000,0.9775390625,0.1251953125000007
102011,8,count1024,9200,0.9755859375,0.129824218750001
102011,8,count1024,9400,0.9677734375,0.130410156250001
102011,8,count1024,9600,0.982421875,0.1254296875000008
102011,8,count1024,9800,0.9814453125,0.1253515625000009
102011,8,count1024,10000,0.9921875,0.1201757812500007
102011,8,count1024,10200,0.9755859375,0.132343750000001
102011,8,count1024,10400,0.98828125,0.1146289062500009
102011,8,count1024,10600,0.9765625,0.1316601562500009
102011,8,count1024,10800,0.9765625,0.1277343750000007
102011,8,count1024,11000,0.9833984375,0.1180078125000008
102011,8,count1024,11200,0.9775390625,0.130996093750001
102011,8,count1024,11400,0.98828125,0.1160156250000008
102011,8,count1024,11600,0.986328125,0.1206054687500008
102011,8,count1024,11800,0.9892578125,0.123183593750001
102011,8,count1024,12000,0.9873046875,0.1118945312500009
102011,8,count1024,12200,0.98828125,0.1277734375000009
102011,8,count1024,12400,0.9775390625,0.128691406250001
102011,8,count1024,12600,0.9814453125,0.131132812500001
102011,8,count1024,12800,0.98046875,0.1175976562500008
102011,8,count1024,13000,0.98828125,0.1252148437500008
102011,8,count1024,13200,0.974609375,0.1267382812500008
102011,8,count1024,13400,0.98046875,0.1238281250000008
102011,8,count1024,13600,0.9814453125,0.1220507812500008
102011,8,count1024,13800,0.98828125,0.1118945312500008
102011,8,count1024,14000,0.978515625,0.1249023437500007
102011,8,count1024,14200,0.9775390625,0.1260546875000008
102011,8,count1024,14400,0.970703125,0.1204101562500007
102011,8,count1024,14600,0.970703125,0.1302734375000008
102011,8,count1024,14800,0.9775390625,0.1248632812500007
102011,8,count1024,15000,0.9794921875,0.1202148437500007
102011,8,count1024,15200,0.9814453125,0.123945312500001
102011,8,count1024,15400,0.990234375,0.1147265625000009
102011,8,count1024,15600,0.9873046875,0.1196679687500008
102011,8,count1024,15800,0.9853515625,0.1198046875000008
102011,8,count1024,16000,0.98828125,0.1206640625000008
102011,8,count1024,16200,0.9921875,0.1076171875000008
102011,8,count1024,16400,0.986328125,0.1189648437500008
102011,8,count1024,16600,0.9833984375,0.1186914062500007
102011,8,count1024,16800,0.984375,0.1094531250000005
102011,8,count1024,17000,0.9853515625,0.1203906250000007
102011,8,count1024,17200,0.984375,0.1194140625000009
102011,8,count1024,17400,0.9833984375,0.1213476562500009
102011,8,count1024,17600,0.9814453125,0.1159179687500006
102011,8,count1024,17800,0.982421875,0.1209960937500008
102011,8,count1024,18000,0.9833984375,0.117089843750001
102011,8,count1024,18200,0.9775390625,0.1234765625000009
102011,8,count1024,18400,0.984375,0.1151367187500007
102011,8,count1024,18600,0.9853515625,0.1167968750000009
102011,8,count1024,18800,0.9765625,0.1198632812500008
102011,8,count1024,19000,0.9912109375,0.1116796875000007
102011,8,count1024,19200,0.98046875,0.1139062500000008
102011,8,count1024,19400,0.984375,0.1145898437500008
102011,8,count1024,19600,0.9765625,0.1289257812500009
102011,8,count1024,19800,0.97265625,0.132109375000001
102011,8,count1024,20000,0.98046875,0.1196093750000007
102011,7,time150,0,0.2255859375,1.0
102011,7,time150,200,0.3662109375,0.6316406249999998
102011,7,time150,400,0.453125,0.5699414062499998
102011,7,time150,600,0.5693359375,0.4504101562500015
102011,7,time150,800,0.6005859375,0.4327148437500017
102011,7,time150,1000,0.625,0.4127929687500016
102011,7,time150,1200,0.6796875,0.3495507812500016
102011,7,time150,1400,0.701171875,0.3248828125000016
102011,7,time150,1600,0.7197265625,0.3156835937500014
102011,7,time150,1800,0.7138671875,0.3156054687500015
102011,7,time150,2000,0.7177734375,0.3163867187500015
102011,7,time150,2200,0.7587890625,0.2761914062500015
102011,7,time150,2400,0.7216796875,0.3042578125000015
102011,7,time150,2600,0.7041015625,0.3400781250000015
102011,7,time150,2800,0.7451171875,0.2846289062500019
102011,7,time150,3000,0.7548828125,0.2775000000000017
102011,7,time150,3200,0.7587890625,0.2765820312500017
102011,7,time150,3400,0.7685546875,0.2647656250000015
102011,7,time150,3600,0.7880859375,0.2481250000000014
102011,7,time150,3800,0.771484375,0.2647656250000015
102011,7,time150,4000,0.7763671875,0.2530859375000013
102011,7,time150,4200,0.802734375,0.2380859375000014
102011,7,time150,4400,0.8076171875,0.2201953125000014
102011,7,time150,4600,0.7724609375,0.2558593750000012
102011,7,time150,4800,0.7744140625,0.2550390625000014
102011,7,time150,5000,0.78515625,0.2496484375000015
102011,7,time150,5200,0.8212890625,0.2190039062500014
102011,7,time150,5400,0.80859375,0.2305664062500014
102011,7,time150,5600,0.7890625,0.2484960937500015
102011,7,time150,5800,0.7900390625,0.2474609375000013
102011,7,time150,6000,0.82421875,0.2210156250000015
102011,7,time150,6200,0.8330078125,0.2111132812500013
102011,7,time150,6400,0.8251953125,0.2174804687500015
102011,7,time150,6600,0.837890625,0.1994921875000015
102011,7,time150,6800,0.802734375,0.2387304687500015
102011,7,time150,7000,0.8076171875,0.2394531250000013
102011,7,time150,7200,0.845703125,0.2069140625000013
102011,7,time150,7400,0.82421875,0.2250195312500012
102011,7,time150,7600,0.806640625,0.2359179687500014
102011,7,time150,7800,0.84375,0.1907421875000011
102011,7,time150,8000,0.8603515625,0.1901171875000016
102011,7,time150,8200,0.8486328125,0.1834570312500012
102011,7,time150,8400,0.84765625,0.1864648437500012
102011,7,time150,8600,0.826171875,0.2146484375000014
102011,7,time150,8800,0.8388671875,0.2009570312500015
102011,7,time150,9000,0.830078125,0.2203515625000013
102011,7,time150,9200,0.8193359375,0.2163281250000014
102011,7,time150,9400,0.841796875,0.2093164062500013
102011,7,time150,9600,0.8330078125,0.2142382812500015
102011,7,time150,9800,0.828125,0.2122070312500014
102011,7,time150,10000,0.83203125,0.2135546875000015
102011,7,time150,10200,0.8349609375,0.2075781250000017
102011,7,time150,10400,0.81640625,0.2102148437500013
102011,7,time150,10600,0.8251953125,0.2261914062500013
102011,7,time150,10800,0.8125,0.2293945312500015
102011,7,time150,11000,0.8134765625,0.2299804687500014
102011,7,time150,11200,0.8017578125,0.2389843750000016
102011,7,time150,11400,0.8388671875,0.2064062500000015
102011,7,time150,11600,0.8271484375,0.2167382812500015
102011,7,time150,11800,0.8505859375,0.1883203125000014
102011,7,time150,12000,0.82421875,0.2149414062500013
102011,7,time150,12200,0.8369140625,0.2013281250000013
102011,7,time150,12400,0.8212890625,0.2196875000000013
102011,7,time150,12600,0.8359375,0.2133007812500012
102011,7,time150,12800,0.8544921875,0.1935546875000013
102011,7,time150,13000,0.875,0.1812500000000013
102011,7,time150,13200,0.8193359375,0.2206250000000016
102011,7,time150,13400,0.8330078125,0.2092968750000016
102011,7,time150,13600,0.8232421875,0.2144921875000012
102011,7,time150,13800,0.7998046875,0.2444726562500013
102011,7,time150,14000,0.8193359375,0.2233789062500015
102011,7,time150,14200,0.8505859375,0.2011914062500014
102011,7,time150,14400,0.857421875,0.1917578125000014
102011,7,time150,14600,0.8369140625,0.2075000000000014
102011,7,time150,14800,0.8408203125,0.2029296875000014
102011,7,time150,15000,0.8564453125,0.1951171875000011
102011,7,time150,15200,0.86328125,0.1851367187500014
102011,7,time150,15400,0.859375,0.1884179687500011
102011,7,time150,15600,0.857421875,0.1886523437500012
102011,7,time150,15800,0.806640625,0.2400390625000012
102011,7,time150,16000,0.8525390625,0.1992968750000011
102011,7,time150,16200,0.830078125,0.2083398437500013
102011,7,time150,16400,0.8271484375,0.2143359375000014
102011,7,time150,16600,0.837890625,0.2044531250000016
102011,7,time150,16800,0.8232421875,0.2215429687500013
102011,7,time150,17000,0.8203125,0.2222070312500014
102011,7,time150,17200,0.8623046875,0.1854882812500013
102011,7,time150,17400,0.828125,0.2110937500000015
102011,7,time150,17600,0.83984375,0.2139648437500012
102011,7,time150,17800,0.8271484375,0.2087304687500013
102011,7,time150,18000,0.84765625,0.1971289062500014
102011,7,time150,18200,0.80078125,0.2409960937500015
102011,7,time150,18400,0.8408203125,0.2044726562500015
102011,7,time150,18600,0.8251953125,0.2103710937500012
102011,7,time150,18800,0.833984375,0.2070898437500014
102011,7,time150,19000,0.814453125,0.2305273437500014
102011,7,time150,19200,0.841796875,0.1945898437500012
102011,7,time150,19400,0.828125,0.2216015625000013
102011,7,time150,19600,0.8251953125,0.2216796875000015
102011,7,time150,19800,0.8447265625,0.2009570312500013
102011,7,time150,20000,0.818359375,0.2233203125000013
102011,8,time150,0,0.2255859375,1.0
102011,8,time150,200,0.1943359375,0.8154101562499992
102011,8,time150,400,0.1376953125,0.8689453124999996
102011,8,time150,600,0.1318359375,0.879082031249999
102011,8,time150,800,0.123046875,0.883203124999999
102011,8,time150,1000,0.130859375,0.8769335937499998
102011,8,time150,1200,0.1240234375,0.8824023437499996
102011,8,time150,1400,0.1416015625,0.8690820312499999
102011,8,time150,1600,0.107421875,0.8958007812499997
102011,8,time150,1800,0.1279296875,0.8771484374999996
102011,8,time150,2000,0.1201171875,0.8893164062499997
102011,8,time150,2200,0.0966796875,0.90900390625
102011,8,time150,2400,0.0888671875,0.9150781249999996
102011,8,time150,2600,0.1142578125,0.8875976562500002
102011,8,time150,2800,0.1552734375,0.8494335937499999
102011,8,time150,3000,0.1298828125,0.8755664062499996
102011,8,time150,3200,0.1953125,0.8118164062499995
102011,8,time150,3400,0.2314453125,0.7762499999999994
102011,8,time150,3600,0.3046875,0.7040039062500006
102011,8,time150,3800,0.333984375,0.6852539062500008
102011,8,time150,4000,0.4052734375,0.6219531250000002
102011,8,time150,4200,0.4169921875,0.6108007812500007
102011,8,time150,4400,0.501953125,0.5157226562500011
102011,8,time150,4600,0.587890625,0.4383593750000014
102011,8,time150,4800,0.5634765625,0.4718750000000016
102011,8,time150,5000,0.59375,0.4347656250000017
102011,8,time150,5200,0.5869140625,0.4404882812500015
102011,8,time150,5400,0.6123046875,0.4264843750000016
102011,8,time150,5600,0.625,0.4027343750000017
102011,8,time150,5800,0.6064453125,0.4246875000000018
102011,8,time150,6000,0.6337890625,0.3955273437500015
102011,8,time150,6200,0.5888671875,0.4410351562500018
102011,8,time150,6400,0.6455078125,0.3820703125000016
102011,8,time150,6600,0.6357421875,0.3963671875000016
102011,8,time150,6800,0.65625,0.3703710937500016
102011,8,time150,7000,0.6474609375,0.3877539062500016
102011,8,time150,7200,0.6357421875,0.3886718750000017
102011,8,time150,7400,0.609375,0.4143359375000019
102011,8,time150,7600,0.67578125,0.3597265625000015
102011,8,time150,7800,0.6640625,0.3595703125000014
102011,8,time150,8000,0.6640625,0.3694921875000017
102011,8,time150,8200,0.66796875,0.3559570312500014
102011,8,time150,8400,0.6943359375,0.3428710937500013
102011,8,time150,8600,0.7109375,0.3224023437500013
102011,8,time150,8800,0.65625,0.3791601562500017
102011,8,time150,9000,0.6435546875,0.3785742187500014
102011,8,time150,9200,0.626953125,0.3971484375000015
102011,8,time150,9400,0.705078125,0.3269335937500015
102011,8,time150,9600,0.7021484375,0.3316406250000015
102011,8,time150,9800,0.6748046875,0.3565625000000015
102011,8,time150,10000,0.68359375,0.3591601562500015
102011,8,time150,10200,0.67578125,0.3596875000000016
102011,8,time150,10400,0.6474609375,0.3879101562500013
102011,8,time150,10600,0.6435546875,0.3816210937500016
102011,8,time150,10800,0.6376953125,0.3895898437500017
102011,8,time150,11000,0.6806640625,0.3434765625000016
102011,8,time150,11200,0.64453125,0.3933984375000014
102011,8,time150,11400,0.64453125,0.3863671875000013
102011,8,time150,11600,0.6689453125,0.3617578125000016
102011,8,time150,11800,0.7041015625,0.3379101562500014
102011,8,time150,12000,0.6708984375,0.3698242187500017
102011,8,time150,12200,0.689453125,0.3548046875000014
102011,8,time150,12400,0.6337890625,0.3965039062500017
102011,8,time150,12600,0.6025390625,0.4259765625000014
102011,8,time150,12800,0.6982421875,0.3312500000000017
102011,8,time150,13000,0.65234375,0.3669726562500017
102011,8,time150,13200,0.6884765625,0.3415039062500016
102011,8,time150,13400,0.658203125,0.3733593750000012
102011,8,time150,13600,0.6435546875,0.3845703125000016
102011,8,time150,13800,0.599609375,0.4283203125000016
102011,8,time150,14000,0.6552734375,0.3812890625000017
102011,8,time150,14200,0.6416015625,0.3950585937500015
102011,8,time150,14400,0.6337890625,0.3954492187500016
102011,8,time150,14600,0.611328125,0.4168750000000014
102011,8,time150,14800,0.634765625,0.3999609375000017
102011,8,time150,15000,0.6376953125,0.3879687500000011
102011,8,time150,15200,0.68359375,0.3489453125000017
102011,8,time150,15400,0.666015625,0.3808593750000017
102011,8,time150,15600,0.6904296875,0.3405273437500016
102011,8,time150,15800,0.6396484375,0.3905078125000014
102011,8,time150,16000,0.671875,0.3596679687500015
102011,8,time150,16200,0.671875,0.3675585937500017
102011,8,time150,16400,0.65234375,0.3725585937500018
102011,8,time150,16600,0.677734375,0.3678906250000018
102011,8,time150,16800,0.6494140625,0.3784179687500015
102011,8,time150,17000,0.7001953125,0.3350781250000015
102011,8,time150,17200,0.630859375,0.4009570312500016
102011,8,time150,17400,0.7001953125,0.3314843750000016
102011,8,time150,17600,0.6767578125,0.3656445312500015
102011,8,time150,17800,0.640625,0.3999414062500013
102011,8,time150,18000,0.638671875,0.3894921875000014
102011,8,time150,18200,0.6591796875,0.3762109375000014
102011,8,time150,18400,0.6494140625,0.3888085937500013
102011,8,time150,18600,0.6357421875,0.4012695312500014
102011,8,time150,18800,0.6416015625,0.3901562500000014
102011,8,time150,19000,0.6298828125,0.4058398437500015
102011,8,time150,19200,0.646484375,0.3899218750000014
102011,8,time150,19400,0.6240234375,0.3976171875000015
102011,8,time150,19600,0.72265625,0.3170898437500016
102011,8,time150,19800,0.6962890625,0.3346875000000014
102011,8,time150,20000,0.6787109375,0.3496875000000015
102011,7,time750,0,0.2255859375,1.0
102011,7,time750,200,0.37890625,0.6299218749999994
102011,7,time750,400,0.5634765625,0.4698632812500013
102011,7,time750,600,0.8154296875,0.2247460937500016
102011,7,time750,800,0.9501953125,0.1142578125000009
102011,7,time750,1000,0.9560546875,0.1070312500000006
102011,7,time750,1200,0.9697265625,0.1023437500000008
102011,7,time750,1400,0.9814453125,0.0957617187500008
102011,7,time750,1600,0.9736328125,0.0971093750000006
102011,7,time750,1800,0.982421875,0.0898242187500005
102011,7,time750,2000,0.9912109375,0.0928906250000006
102011,7,time750,2200,0.9912109375,0.0838671875000004
102011,7,time750,2400,0.9931640625,0.0836132812500005
102011,7,time750,2600,0.9951171875,0.0860742187500004
102011,7,time750,2800,0.98828125,0.0877539062500005
102011,7,time750,3000,0.990234375,0.0839648437500004
102011,7,time750,3200,0.990234375,0.0860351562500005
102011,7,time750,3400,0.9951171875,0.0863867187500006
102011,7,time750,3600,0.9921875,0.0832226562500004
102011,7,time750,3800,0.998046875,0.0855468750000006
102011,7,time750,4000,0.990234375,0.0864062500000005
102011,7,time750,4200,0.9951171875,0.0872656250000005
102011,7,time750,4400,0.9921875,0.0851171875000004
102011,7,time750,4600,0.998046875,0.0837890625000005
102011,7,time750,4800,0.9931640625,0.0835937500000004
102011,7,time750,5000,0.9990234375,0.0812695312500004
102011,7,time750,5200,0.9951171875,0.0848242187500005
102011,7,time750,5400,0.9951171875,0.0806250000000003
102011,7,time750,5600,0.998046875,0.0856250000000005
102011,7,time750,5800,0.9970703125,0.0827734375000005
102011,7,time750,6000,0.99609375,0.0818164062500004
102011,7,time750,6200,0.9951171875,0.0816406250000004
102011,7,time750,6400,0.9990234375,0.0840039062500005
102011,7,time750,6600,0.9970703125,0.0859765625000005
102011,7,time750,6800,0.9970703125,0.0872851562500005
102011,7,time750,7000,1.0,0.0828320312500004
102011,7,time750,7200,0.998046875,0.0847265625000004
102011,7,time750,7400,0.998046875,0.0863085937500005
102011,7,time750,7600,1.0,0.0806054687500003
102011,7,time750,7800,0.9990234375,0.0848828125000005
102011,7,time750,8000,0.9951171875,0.0860351562500005
102011,7,time750,8200,0.9951171875,0.0837695312500005
102011,7,time750,8400,0.998046875,0.0843945312500004
102011,7,time750,8600,0.9990234375,0.0813281250000004
102011,7,time750,8800,0.9951171875,0.0804296875000004
102011,7,time750,9000,0.998046875,0.0859765625000006
102011,7,time750,9200,0.994140625,0.0846484375000005
102011,7,time750,9400,0.9931640625,0.0852343750000005
102011,7,time750,9600,0.99609375,0.0844335937500005
102011,7,time750,9800,0.9951171875,0.0881250000000005
102011,7,time750,10000,0.9931640625,0.0815039062500005
102011,7,time750,10200,0.9970703125,0.0860351562500005
102011,7,time750,10400,0.99609375,0.0830468750000005
102011,7,time750,10600,1.0,0.0821875000000004
102011,7,time750,10800,1.0,0.0861523437500006
102011,7,time750,11000,0.99609375,0.0836523437500005
102011,7,time750,11200,0.9990234375,0.0829492187500004
102011,7,time750,11400,1.0,0.0882031250000005
102011,7,time750,11600,1.0,0.0846875000000004
102011,7,time750,11800,0.9990234375,0.0845117187500005
102011,7,time750,12000,0.99609375,0.0866992187500005
102011,7,time750,12200,0.9970703125,0.0847851562500005
102011,7,time750,12400,0.9970703125,0.0881054687500005
102011,7,time750,12600,0.9970703125,0.0842187500000005
102011,7,time750,12800,0.9990234375,0.0813867187500004
102011,7,time750,13000,1.0,0.0829687500000004
102011,7,time750,13200,0.9970703125,0.0847656250000004
102011,7,time750,13400,0.99609375,0.0868359375000006
102011,7,time750,13600,0.9990234375,0.0825976562500004
102011,7,time750,13800,0.9951171875,0.0877539062500005
102011,7,time750,14000,0.9990234375,0.0847851562500006
102011,7,time750,14200,0.9951171875,0.0837890625000005
102011,7,time750,14400,0.9970703125,0.0829882812500004
102011,7,time750,14600,0.9970703125,0.0850390625000006
102011,7,time750,14800,0.994140625,0.0833984375000005
102011,7,time750,15000,0.99609375,0.0866796875000006
102011,7,time750,15200,0.99609375,0.0863476562500005
102011,7,time750,15400,0.9970703125,0.0880859375000006
102011,7,time750,15600,0.998046875,0.0855468750000005
102011,7,time750,15800,0.9970703125,0.0873828125000006
102011,7,time750,16000,0.99609375,0.0827343750000005
102011,7,time750,16200,0.9990234375,0.0817773437500004
102011,7,time750,16400,0.9970703125,0.0830273437500004
102011,7,time750,16600,0.998046875,0.0849414062500005
102011,7,time750,16800,0.9931640625,0.0826757812500004
102011,7,time750,17000,0.99609375,0.0853515625000005
102011,7,time750,17200,0.998046875,0.0843945312500005
102011,7,time750,17400,0.9970703125,0.0852343750000006
102011,7,time750,17600,1.0,0.0836914062500004
102011,7,time750,17800,0.9951171875,0.0817773437500004
102011,7,time750,18000,0.998046875,0.0827343750000005
102011,7,time750,18200,0.9951171875,0.0861718750000005
102011,7,time750,18400,0.9990234375,0.0833007812500005
102011,7,time750,18600,0.998046875,0.0816601562500004
102011,7,time750,18800,0.9990234375,0.0854492187500005
102011,7,time750,19000,0.99609375,0.0859179687500006
102011,7,time750,19200,0.9970703125,0.0821679687500005
102011,7,time750,19400,1.0,0.0860546875000005
102011,7,time750,19600,0.9951171875,0.0856054687500005
102011,7,time750,19800,0.998046875,0.0835546875000004
102011,7,time750,20000,1.0,0.0839648437500003
102011,8,time750,0,0.2255859375,1.0
102011,8,time750,200,0.1904296875,0.8179296874999991
102011,8,time750,400,0.130859375,0.8812695312499991
102011,8,time750,600,0.1220703125,0.8874609374999993
102011,8,time750,800,0.1630859375,0.846464843749999
102011,8,time750,1000,0.2578125,0.7576953124999982
102011,8,time750,1200,0.294921875,0.7297460937499984
102011,8,time750,1400,0.4716796875,0.5647265624999998
102011,8,time750,1600,0.6455078125,0.4175195312500015
102011,8,time750,1800,0.7158203125,0.3405078125000016
102011,8,time750,2000,0.8291015625,0.2478320312500012
102011,8,time750,2200,0.8818359375,0.1995507812500014
102011,8,time750,2400,0.9013671875,0.1811523437500013
102011,8,time750,2600,0.9091796875,0.1706445312500012
102011,8,time750,2800,0.9013671875,0.1819921875000013
102011,8,time750,3000,0.9208984375,0.1692578125000011
102011,8,time750,3200,0.923828125,0.1671093750000013
102011,8,time750,3400,0.94140625,0.1530664062500011
102011,8,time750,3600,0.94921875,0.1443945312500011
102011,8,time750,3800,0.9267578125,0.1538281250000011
102011,8,time750,4000,0.9375,0.1526757812500013
102011,8,time750,4200,0.951171875,0.1400585937500011
102011,8,time750,4400,0.91796875,0.1614453125000014
102011,8,time750,4600,0.94140625,0.1464257812500012
102011,8,time750,4800,0.9560546875,0.1282031250000009
102011,8,time750,5000,0.95703125,0.1309375000000009
102011,8,time750,5200,0.95703125,0.1356054687500009
102011,8,time750,5400,0.9658203125,0.1292773437500008
102011,8,time750,5600,0.96875,0.130000000000001
102011,8,time750,5800,0.951171875,0.1326367187500008
102011,8,time750,6000,0.958984375,0.134414062500001
102011,8,time750,6200,0.9599609375,0.1326367187500009
102011,8,time750,6400,0.9775390625,0.1173046875000008
102011,8,time750,6600,0.974609375,0.1188476562500009
102011,8,time750,6800,0.96875,0.1158593750000008
102011,8,time750,7000,0.9609375,0.1276171875000008
102011,8,time750,7200,0.9775390625,0.1214648437500009
102011,8,time750,7400,0.974609375,0.1202734375000009
102011,8,time750,7600,0.962890625,0.1266015625000008
102011,8,time750,7800,0.98046875,0.1127539062500007
102011,8,time750,8000,0.98046875,0.1148828125000007
102011,8,time750,8200,0.96875,0.1209765625000008
102011,8,time750,8400,0.9697265625,0.1267578125000009
102011,8,time750,8600,0.9755859375,0.1191796875000008
102011,8,time750,8800,0.98046875,0.1150585937500009
102011,8,time750,9000,0.966796875,0.1216210937500009
102011,8,time750,9200,0.9619140625,0.131093750000001
102011,8,time750,9400,0.98046875,0.1116406250000008
102011,8,time750,9600,0.970703125,0.1248437500000008
102011,8,time750,9800,0.966796875,0.133652343750001
102011,8,time750,10000,0.9736328125,0.1158593750000009
102011,8,time750,10200,0.96484375,0.1200585937500008
102011,8,time750,10400,0.9794921875,0.114199218750001
102011,8,time750,10600,0.9677734375,0.1197460937500009
102011,8,time750,10800,0.98828125,0.1105273437500007
102011,8,time750,11000,0.98046875,0.1110742187500008
102011,8,time750,11200,0.9775390625,0.1177734375000009
102011,8,time750,11400,0.9775390625,0.1238281250000009
102011,8,time750,11600,0.98046875,0.1096875000000008
102011,8,time750,11800,0.9853515625,0.1085937500000007
102011,8,time750,12000,0.984375,0.1057812500000007
102011,8,time750,12200,0.974609375,0.1165625000000009
102011,8,time750,12400,0.9775390625,0.120683593750001
102011,8,time750,12600,0.982421875,0.1107812500000007
102011,8,time750,12800,0.9697265625,0.1182617187500009
102011,8,time750,13000,0.982421875,0.1160351562500009
102011,8,time750,13200,0.974609375,0.1185742187500007
102011,8,time750,13400,0.9775390625,0.1130273437500007
102011,8,time750,13600,0.98046875,0.1108007812500007
102011,8,time750,13800,0.984375,0.1049218750000007
102011,8,time750,14000,0.9765625,0.1193945312500009
102011,8,time750,14200,0.9716796875,0.1193359375000009
102011,8,time750,14400,0.9677734375,0.1199218750000009
102011,8,time750,14600,0.9677734375,0.123769531250001
102011,8,time750,14800,0.978515625,0.1216015625000008
102011,8,time750,15000,0.9765625,0.1248242187500007
102011,8,time750,15200,0.98828125,0.1096093750000006
102011,8,time750,15400,0.978515625,0.1130273437500009
102011,8,time750,15600,0.9755859375,0.1156054687500007
102011,8,time750,15800,0.9736328125,0.1241601562500009
102011,8,time750,16000,0.9716796875,0.121210937500001
102011,8,time750,16200,0.9658203125,0.126074218750001
102011,8,time750,16400,0.9736328125,0.1198046875000008
102011,8,time750,16600,0.96875,0.1227929687500009
102011,8,time750,16800,0.9833984375,0.1130664062500008
102011,8,time750,17000,0.9609375,0.1319140625000009
102011,8,time750,17200,0.982421875,0.1146093750000008
102011,8,time750,17400,0.9775390625,0.1146875000000007
102011,8,time750,17600,0.978515625,0.1114062500000007
102011,8,time750,17800,0.9716796875,0.1185351562500008
102011,8,time750,18000,0.9716796875,0.1214257812500008
102011,8,time750,18200,0.9599609375,0.1271093750000008
102011,8,time750,18400,0.9755859375,0.1165039062500007
102011,8,time750,18600,0.966796875,0.130917968750001
102011,8,time750,18800,0.9814453125,0.1204687500000009
102011,8,time750,19000,0.974609375,0.127890625000001
102011,8,time750,19200,0.986328125,0.1092773437500007
102011,8,time750,19400,0.9765625,0.1175976562500008
102011,8,time750,19600,0.974609375,0.1180078125000007
102011,8,time750,19800,0.98046875,0.1150976562500008
102011,8,time750,20000,0.9765625,0.1130273437500007
102012,7,continuous,0,0.234375,1.0
102012,7,continuous,200,0.466796875,0.5506640624999994
102012,7,continuous,400,0.6123046875,0.4148828125000015
102012,7,continuous,600,0.7734375,0.2637109375000017
102012,7,continuous,800,0.9443359375,0.1209375000000009
102012,7,continuous,1000,0.9814453125,0.0970898437500005
102012,7,continuous,1200,0.9912109375,0.0884765625000007
102012,7,continuous,1400,0.99609375,0.0889257812500005
102012,7,continuous,1600,0.994140625,0.0825000000000004
102012,7,continuous,1800,0.994140625,0.0844921875000005
102012,7,continuous,2000,0.998046875,0.0862304687500005
102012,7,continuous,2200,0.9990234375,0.0838671875000005
102012,7,continuous,2400,0.9990234375,0.0799609375000004
102012,7,continuous,2600,0.9990234375,0.0846875000000005
102012,7,continuous,2800,0.9970703125,0.0840820312500004
102012,7,continuous,3000,0.9970703125,0.0900976562500005
102012,7,continuous,3200,0.9990234375,0.0820117187500004
102012,7,continuous,3400,1.0,0.0830078125000004
102012,7,continuous,3600,1.0,0.0857617187500006
102012,7,continuous,3800,0.9990234375,0.0833398437500005
102012,7,continuous,4000,0.998046875,0.0903710937500005
102012,7,continuous,4200,1.0,0.0794335937500004
102012,7,continuous,4400,1.0,0.0843164062500006
102012,7,continuous,4600,0.9990234375,0.0837890625000004
102012,7,continuous,4800,0.9990234375,0.0846093750000005
102012,7,continuous,5000,1.0,0.0827929687500005
102012,7,continuous,5200,0.998046875,0.0812109375000005
102012,7,continuous,5400,0.9990234375,0.0835156250000005
102012,7,continuous,5600,0.9990234375,0.0860156250000005
102012,7,continuous,5800,1.0,0.0831054687500005
102012,7,continuous,6000,0.9990234375,0.0837695312500005
102012,7,continuous,6200,1.0,0.0816992187500004
102012,7,continuous,6400,0.9990234375,0.0812109375000003
102012,7,continuous,6600,0.9990234375,0.0833398437500005
102012,7,continuous,6800,0.9990234375,0.0827148437500004
102012,7,continuous,7000,0.998046875,0.0853906250000005
102012,7,continuous,7200,0.998046875,0.0867187500000005
102012,7,continuous,7400,0.9990234375,0.0846289062500005
102012,7,continuous,7600,1.0,0.0826562500000004
102012,7,continuous,7800,1.0,0.0828906250000004
102012,7,continuous,8000,0.998046875,0.0825390625000004
102012,7,continuous,8200,0.9990234375,0.0796289062500004
102012,7,continuous,8400,1.0,0.0848828125000004
102012,7,continuous,8600,0.998046875,0.0848046875000006
102012,7,continuous,8800,0.9990234375,0.0829492187500004
102012,7,continuous,9000,0.9990234375,0.0828515625000003
102012,7,continuous,9200,0.9990234375,0.0819335937500005
102012,7,continuous,9400,1.0,0.0841992187500005
102012,7,continuous,9600,0.9990234375,0.0850781250000005
102012,7,continuous,9800,1.0,0.0843359375000005
102012,7,continuous,10000,1.0,0.0864648437500006
102012,7,continuous,10200,0.9990234375,0.0850000000000005
102012,7,continuous,10400,0.9990234375,0.0895507812500005
102012,7,continuous,10600,1.0,0.0818554687500004
102012,7,continuous,10800,1.0,0.0848242187500005
102012,7,continuous,11000,1.0,0.0862500000000005
102012,7,continuous,11200,0.9990234375,0.0825390625000005
102012,7,continuous,11400,1.0,0.0860351562500005
102012,7,continuous,11600,0.998046875,0.0834960937500005
102012,7,continuous,11800,0.998046875,0.0829687500000005
102012,7,continuous,12000,1.0,0.0833398437500003
102012,7,continuous,12200,1.0,0.0792578125000004
102012,7,continuous,12400,1.0,0.0858789062500006
102012,7,continuous,12600,0.998046875,0.0833984375000005
102012,7,continuous,12800,0.998046875,0.0841210937500005
102012,7,continuous,13000,1.0,0.0878125000000005
102012,7,continuous,13200,0.998046875,0.0860546875000004
102012,7,continuous,13400,0.9990234375,0.0781054687500003
102012,7,continuous,13600,0.9990234375,0.0815625000000005
102012,7,continuous,13800,0.9990234375,0.0853906250000006
102012,7,continuous,14000,0.998046875,0.0822460937500004
102012,7,continuous,14200,1.0,0.0831445312500005
102012,7,continuous,14400,0.9990234375,0.0840234375000005
102012,7,continuous,14600,1.0,0.0834765625000004
102012,7,continuous,14800,1.0,0.0852343750000006
102012,7,continuous,15000,1.0,0.0808398437500004
102012,7,continuous,15200,1.0,0.0817187500000004
102012,7,continuous,15400,0.9990234375,0.0879296875000006
102012,7,continuous,15600,0.9990234375,0.0840820312500004
102012,7,continuous,15800,0.9990234375,0.0827929687500006
102012,7,continuous,16000,1.0,0.0839453125000005
102012,7,continuous,16200,0.9990234375,0.0871679687500005
102012,7,continuous,16400,0.99609375,0.0844726562500005
102012,7,continuous,16600,0.998046875,0.0845117187500006
102012,7,continuous,16800,1.0,0.0869921875000005
102012,7,continuous,17000,0.9970703125,0.0795703125000004
102012,7,continuous,17200,1.0,0.0813281250000004
102012,7,continuous,17400,1.0,0.0855273437500005
102012,7,continuous,17600,1.0,0.0826953125000004
102012,7,continuous,17800,0.9990234375,0.0837109375000005
102012,7,continuous,18000,1.0,0.0796875000000004
102012,7,continuous,18200,0.9990234375,0.0808984375000004
102012,7,continuous,18400,0.9990234375,0.0835937500000006
102012,7,continuous,18600,1.0,0.0885156250000006
102012,7,continuous,18800,0.9990234375,0.0873242187500006
102012,7,continuous,19000,1.0,0.0835937500000005
102012,7,continuous,19200,0.9970703125,0.0810351562500005
102012,7,continuous,19400,1.0,0.0830859375000004
102012,7,continuous,19600,1.0,0.0840625000000003
102012,7,continuous,19800,1.0,0.0818359375000004
102012,7,continuous,20000,1.0,0.0842578125000005
102012,8,continuous,0,0.234375,1.0
102012,8,continuous,200,0.2421875,0.7740820312499989
102012,8,continuous,400,0.1865234375,0.8242578124999994
102012,8,continuous,600,0.2490234375,0.7761523437499992
102012,8,continuous,800,0.296875,0.7280468749999988
102012,8,continuous,1000,0.4208984375,0.6229101562499986
102012,8,continuous,1200,0.671875,0.3942773437500019
102012,8,continuous,1400,0.91796875,0.1848046875000016
102012,8,continuous,1600,0.9765625,0.1338671875000009
102012,8,continuous,1800,0.984375,0.1248828125000009
102012,8,continuous,2000,0.9892578125,0.1230859375000007
102012,8,continuous,2200,0.9931640625,0.1257031250000009
102012,8,continuous,2400,0.9970703125,0.1305078125000008
102012,8,continuous,2600,0.9921875,0.1302343750000011
102012,8,continuous,2800,0.990234375,0.1256640625000009
102012,8,continuous,3000,0.9951171875,0.1248632812500009
102012,8,continuous,3200,0.98828125,0.1221875000000007
102012,8,continuous,3400,0.9970703125,0.127773437500001
102012,8,continuous,3600,0.994140625,0.132421875000001
102012,8,continuous,3800,0.9951171875,0.130585937500001
102012,8,continuous,4000,0.9931640625,0.1267187500000008
102012,8,continuous,4200,0.9951171875,0.124433593750001
102012,8,continuous,4400,0.9990234375,0.1283789062500008
102012,8,continuous,4600,0.9990234375,0.1270507812500007
102012,8,continuous,4800,0.994140625,0.1203320312500008
102012,8,continuous,5000,0.9970703125,0.1367968750000009
102012,8,continuous,5200,0.994140625,0.1233398437500007
102012,8,continuous,5400,0.9951171875,0.1282226562500008
102012,8,continuous,5600,0.9970703125,0.1267578125000008
102012,8,continuous,5800,0.9970703125,0.133906250000001
102012,8,continuous,6000,0.9970703125,0.139960937500001
102012,8,continuous,6200,0.998046875,0.1291796875000008
102012,8,continuous,6400,0.998046875,0.1286328125000008
102012,8,continuous,6600,0.9990234375,0.1306835937500009
102012,8,continuous,6800,0.9970703125,0.134375000000001
102012,8,continuous,7000,0.9990234375,0.1311914062500008
102012,8,continuous,7200,0.9970703125,0.1397070312500011
102012,8,continuous,7400,0.998046875,0.1317578125000009
102012,8,continuous,7600,0.9970703125,0.1352148437500009
102012,8,continuous,7800,0.99609375,0.137441406250001
102012,8,continuous,8000,0.99609375,0.1360546875000011
102012,8,continuous,8200,0.998046875,0.1492773437500012
102012,8,continuous,8400,1.0,0.1378320312500011
102012,8,continuous,8600,0.9990234375,0.1493359375000011
102012,8,continuous,8800,0.998046875,0.1407031250000011
102012,8,continuous,9000,0.9990234375,0.139746093750001
102012,8,continuous,9200,1.0,0.140722656250001
102012,8,continuous,9400,0.998046875,0.142968750000001
102012,8,continuous,9600,0.9990234375,0.1500000000000009
102012,8,continuous,9800,0.998046875,0.1427539062500011
102012,8,continuous,10000,0.9990234375,0.1486718750000012
102012,8,continuous,10200,1.0,0.1348046875000007
102012,8,continuous,10400,0.998046875,0.1440039062500011
102012,8,continuous,10600,0.998046875,0.1537695312500011
102012,8,continuous,10800,0.998046875,0.1454492187500011
102012,8,continuous,11000,0.9970703125,0.1436718750000012
102012,8,continuous,11200,0.9990234375,0.1503710937500014
102012,8,continuous,11400,1.0,0.1474804687500011
102012,8,continuous,11600,0.9970703125,0.1427148437500011
102012,8,continuous,11800,0.9990234375,0.1517968750000013
102012,8,continuous,12000,0.998046875,0.1547265625000012
102012,8,continuous,12200,1.0,0.1453320312500013
102012,8,continuous,12400,0.9970703125,0.145234375000001
102012,8,continuous,12600,1.0,0.1516992187500012
102012,8,continuous,12800,0.998046875,0.1494726562500011
102012,8,continuous,13000,0.9990234375,0.138496093750001
102012,8,continuous,13200,0.998046875,0.1437109375000012
102012,8,continuous,13400,0.9970703125,0.1481054687500011
102012,8,continuous,13600,0.9990234375,0.1417968750000012
102012,8,continuous,13800,1.0,0.1461523437500008
102012,8,continuous,14000,1.0,0.145898437500001
102012,8,continuous,14200,0.998046875,0.1412890625000008
102012,8,continuous,14400,1.0,0.1518359375000012
102012,8,continuous,14600,1.0,0.1414257812500011
102012,8,continuous,14800,1.0,0.149335937500001
102012,8,continuous,15000,1.0,0.1391601562500008
102012,8,continuous,15200,1.0,0.1441406250000011
102012,8,continuous,15400,0.998046875,0.140429687500001
102012,8,continuous,15600,1.0,0.1408593750000011
102012,8,continuous,15800,0.998046875,0.1468945312500013
102012,8,continuous,16000,0.9990234375,0.1497851562500013
102012,8,continuous,16200,0.9990234375,0.137167968750001
102012,8,continuous,16400,0.99609375,0.1459375000000013
102012,8,continuous,16600,0.9990234375,0.1484765625000011
102012,8,continuous,16800,0.9990234375,0.1410156250000008
102012,8,continuous,17000,0.9990234375,0.1519335937500013
102012,8,continuous,17200,1.0,0.148652343750001
102012,8,continuous,17400,0.99609375,0.1429296875000009
102012,8,continuous,17600,1.0,0.1423437500000009
102012,8,continuous,17800,0.9990234375,0.1472265625000012
102012,8,continuous,18000,0.9990234375,0.1478710937500011
102012,8,continuous,18200,1.0,0.1476171875000011
102012,8,continuous,18400,1.0,0.1489257812500011
102012,8,continuous,18600,1.0,0.148085937500001
102012,8,continuous,18800,0.998046875,0.1492773437500012
102012,8,continuous,19000,1.0,0.145429687500001
102012,8,continuous,19200,0.9990234375,0.1564062500000012
102012,8,continuous,19400,0.998046875,0.146953125000001
102012,8,continuous,19600,0.9990234375,0.152089843750001
102012,8,continuous,19800,1.0,0.147988281250001
102012,8,continuous,20000,0.9990234375,0.1480664062500012
102012,7,count1024,0,0.234375,1.0
102012,7,count1024,200,0.43359375,0.5789843750000001
102012,7,count1024,400,0.4296875,0.5873046874999996
102012,7,count1024,600,0.505859375,0.5058203125000011
102012,7,count1024,800,0.5322265625,0.4912109375000013
102012,7,count1024,1000,0.59375,0.4342773437500014
102012,7,count1024,1200,0.689453125,0.3504296875000015
102012,7,count1024,1400,0.6748046875,0.3515234375000017
102012,7,count1024,1600,0.712890625,0.3135546875000014
102012,7,count1024,1800,0.693359375,0.3354492187500015
102012,7,count1024,2000,0.7421875,0.2924414062500013
102012,7,count1024,2200,0.7470703125,0.2947851562500015
102012,7,count1024,2400,0.7314453125,0.3043750000000014
102012,7,count1024,2600,0.7880859375,0.2596875000000014
102012,7,count1024,2800,0.740234375,0.3035937500000017
102012,7,count1024,3000,0.7109375,0.3133007812500017
102012,7,count1024,3200,0.7470703125,0.2904296875000017
102012,7,count1024,3400,0.7607421875,0.2766992187500015
102012,7,count1024,3600,0.7509765625,0.2800195312500014
102012,7,count1024,3800,0.7529296875,0.2845117187500015
102012,7,count1024,4000,0.7109375,0.3183007812500013
102012,7,count1024,4200,0.763671875,0.2726757812500016
102012,7,count1024,4400,0.7685546875,0.2700000000000015
102012,7,count1024,4600,0.7744140625,0.2685351562500016
102012,7,count1024,4800,0.7587890625,0.2672656250000013
102012,7,count1024,5000,0.751953125,0.2820703125000017
102012,7,count1024,5200,0.802734375,0.2415820312500014
102012,7,count1024,5400,0.8046875,0.2340429687500013
102012,7,count1024,5600,0.8232421875,0.2158398437500016
102012,7,count1024,5800,0.814453125,0.2256250000000013
102012,7,count1024,6000,0.7880859375,0.2502148437500013
102012,7,count1024,6200,0.8203125,0.2193359375000013
102012,7,count1024,6400,0.8212890625,0.2179492187500015
102012,7,count1024,6600,0.828125,0.2158398437500013
102012,7,count1024,6800,0.8359375,0.2104296875000014
102012,7,count1024,7000,0.8349609375,0.2092382812500011
102012,7,count1024,7200,0.8583984375,0.1939453125000015
102012,7,count1024,7400,0.8056640625,0.2358984375000016
102012,7,count1024,7600,0.8388671875,0.2041406250000013
102012,7,count1024,7800,0.826171875,0.2164648437500015
102012,7,count1024,8000,0.828125,0.2123242187500013
102012,7,count1024,8200,0.83984375,0.208710937500001
102012,7,count1024,8400,0.8369140625,0.2048828125000013
102012,7,count1024,8600,0.84375,0.2009960937500013
102012,7,count1024,8800,0.8291015625,0.2037109375000011
102012,7,count1024,9000,0.794921875,0.2358984375000015
102012,7,count1024,9200,0.8408203125,0.2071289062500013
102012,7,count1024,9400,0.849609375,0.1894531250000012
102012,7,count1024,9600,0.8271484375,0.2167773437500014
102012,7,count1024,9800,0.83984375,0.2149414062500013
102012,7,count1024,10000,0.8154296875,0.2244726562500015
102012,7,count1024,10200,0.8291015625,0.2201953125000015
102012,7,count1024,10400,0.8251953125,0.2140039062500014
102012,7,count1024,10600,0.8310546875,0.2176953125000014
102012,7,count1024,10800,0.8115234375,0.2333593750000015
102012,7,count1024,11000,0.814453125,0.2333789062500016
102012,7,count1024,11200,0.794921875,0.2456835937500014
102012,7,count1024,11400,0.783203125,0.2495507812500013
102012,7,count1024,11600,0.8095703125,0.2382617187500013
102012,7,count1024,11800,0.8017578125,0.2320898437500013
102012,7,count1024,12000,0.8466796875,0.1977734375000015
102012,7,count1024,12200,0.85546875,0.1925781250000012
102012,7,count1024,12400,0.8701171875,0.1760156250000015
102012,7,count1024,12600,0.8359375,0.2047656250000014
102012,7,count1024,12800,0.8310546875,0.2158398437500015
102012,7,count1024,13000,0.845703125,0.1837695312500011
102012,7,count1024,13200,0.8349609375,0.1972460937500014
102012,7,count1024,13400,0.8525390625,0.1851171875000012
102012,7,count1024,13600,0.8330078125,0.2123632812500014
102012,7,count1024,13800,0.8134765625,0.2246093750000012
102012,7,count1024,14000,0.822265625,0.2141601562500013
102012,7,count1024,14200,0.875,0.1760351562500012
102012,7,count1024,14400,0.8125,0.2202734375000013
102012,7,count1024,14600,0.8310546875,0.2166601562500012
102012,7,count1024,14800,0.8203125,0.2152539062500013
102012,7,count1024,15000,0.814453125,0.2223632812500013
102012,7,count1024,15200,0.83203125,0.2099218750000014
102012,7,count1024,15400,0.822265625,0.2169921875000013
102012,7,count1024,15600,0.8330078125,0.2054882812500012
102012,7,count1024,15800,0.84765625,0.1989453125000015
102012,7,count1024,16000,0.8095703125,0.2287890625000013
102012,7,count1024,16200,0.8525390625,0.1942187500000013
102012,7,count1024,16400,0.83203125,0.2074804687500013
102012,7,count1024,16600,0.841796875,0.2011523437500014
102012,7,count1024,16800,0.8466796875,0.1967382812500013
102012,7,count1024,17000,0.8359375,0.1957812500000014
102012,7,count1024,17200,0.8525390625,0.1927148437500014
102012,7,count1024,17400,0.8642578125,0.1820703125000014
102012,7,count1024,17600,0.853515625,0.1986328125000012
102012,7,count1024,17800,0.8330078125,0.2123242187500014
102012,7,count1024,18000,0.8603515625,0.1880664062500014
102012,7,count1024,18200,0.87109375,0.1841210937500012
102012,7,count1024,18400,0.84375,0.2058789062500017
102012,7,count1024,18600,0.845703125,0.2029882812500016
102012,7,count1024,18800,0.8173828125,0.2185156250000013
102012,7,count1024,19000,0.8310546875,0.2097656250000013
102012,7,count1024,19200,0.83203125,0.2108203125000012
102012,7,count1024,19400,0.8232421875,0.211054687500001
102012,7,count1024,19600,0.8115234375,0.2316992187500015
102012,7,count1024,19800,0.8349609375,0.2087695312500013
102012,7,count1024,20000,0.837890625,0.2053710937500016
102012,8,count1024,0,0.234375,1.0
102012,8,count1024,200,0.2421875,0.7740820312499989
102012,8,count1024,400,0.1865234375,0.8242578124999994
102012,8,count1024,600,0.2490234375,0.7761523437499992
102012,8,count1024,800,0.2861328125,0.7257812499999988
102012,8,count1024,1000,0.4326171875,0.594511718749999
102012,8,count1024,1200,0.58984375,0.4546093750000013
102012,8,count1024,1400,0.7578125,0.2933593750000016
102012,8,count1024,1600,0.80859375,0.2557617187500013
102012,8,count1024,1800,0.8515625,0.2132617187500014
102012,8,count1024,2000,0.8828125,0.1832031250000014
102012,8,count1024,2200,0.8779296875,0.1959765625000013
102012,8,count1024,2400,0.900390625,0.1743750000000011
102012,8,count1024,2600,0.90625,0.1646679687500013
102012,8,count1024,2800,0.8974609375,0.1764062500000012
102012,8,count1024,3000,0.90234375,0.1757812500000015
102012,8,count1024,3200,0.91796875,0.1636328125000012
102012,8,count1024,3400,0.9267578125,0.1558398437500013
102012,8,count1024,3600,0.921875,0.1620312500000013
102012,8,count1024,3800,0.9033203125,0.1861523437500015
102012,8,count1024,4000,0.9130859375,0.1827148437500014
102012,8,count1024,4200,0.9345703125,0.1598828125000012
102012,8,count1024,4400,0.9365234375,0.1456054687500011
102012,8,count1024,4600,0.9365234375,0.1570703125000011
102012,8,count1024,4800,0.92578125,0.155000000000001
102012,8,count1024,5000,0.9208984375,0.1615820312500012
102012,8,count1024,5200,0.9453125,0.1425781250000011
102012,8,count1024,5400,0.9384765625,0.141992187500001
102012,8,count1024,5600,0.9443359375,0.1361914062500009
102012,8,count1024,5800,0.9560546875,0.1348632812500008
102012,8,count1024,6000,0.96484375,0.1301367187500009
102012,8,count1024,6200,0.96875,0.1244921875000009
102012,8,count1024,6400,0.9443359375,0.1452929687500011
102012,8,count1024,6600,0.94921875,0.142421875000001
102012,8,count1024,6800,0.9599609375,0.140156250000001
102012,8,count1024,7000,0.9560546875,0.1365820312500009
102012,8,count1024,7200,0.96875,0.1361523437500011
102012,8,count1024,7400,0.9541015625,0.1381445312500009
102012,8,count1024,7600,0.966796875,0.1287500000000008
102012,8,count1024,7800,0.96484375,0.133476562500001
102012,8,count1024,8000,0.9521484375,0.1425000000000009
102012,8,count1024,8200,0.935546875,0.1581640625000014
102012,8,count1024,8400,0.947265625,0.1418945312500011
102012,8,count1024,8600,0.9501953125,0.1444921875000012
102012,8,count1024,8800,0.962890625,0.1373828125000008
102012,8,count1024,9000,0.9638671875,0.1382617187500008
102012,8,count1024,9200,0.96484375,0.134257812500001
102012,8,count1024,9400,0.9599609375,0.1366406250000011
102012,8,count1024,9600,0.9775390625,0.1221093750000008
102012,8,count1024,9800,0.97265625,0.1259765625000008
102012,8,count1024,10000,0.96875,0.1388281250000011
102012,8,count1024,10200,0.9609375,0.1401367187500009
102012,8,count1024,10400,0.9638671875,0.1291406250000009
102012,8,count1024,10600,0.9677734375,0.1355273437500008
102012,8,count1024,10800,0.97265625,0.1271875000000009
102012,8,count1024,11000,0.9541015625,0.1505273437500011
102012,8,count1024,11200,0.9765625,0.1327734375000008
102012,8,count1024,11400,0.9638671875,0.1355273437500008
102012,8,count1024,11600,0.9609375,0.1485156250000009
102012,8,count1024,11800,0.9794921875,0.1259960937500009
102012,8,count1024,12000,0.974609375,0.1217968750000006
102012,8,count1024,12200,0.96484375,0.1353320312500011
102012,8,count1024,12400,0.9814453125,0.1197851562500009
102012,8,count1024,12600,0.9638671875,0.1319921875000008
102012,8,count1024,12800,0.9638671875,0.1377539062500008
102012,8,count1024,13000,0.9599609375,0.1406640625000009
102012,8,count1024,13200,0.9736328125,0.1256250000000007
102012,8,count1024,13400,0.9453125,0.1567773437500011
102012,8,count1024,13600,0.95703125,0.1425781250000012
102012,8,count1024,13800,0.9638671875,0.1273828125000008
102012,8,count1024,14000,0.9638671875,0.139824218750001
102012,8,count1024,14200,0.970703125,0.1209960937500008
102012,8,count1024,14400,0.9677734375,0.128222656250001
102012,8,count1024,14600,0.9658203125,0.127851562500001
102012,8,count1024,14800,0.97265625,0.1319726562500009
102012,8,count1024,15000,0.9833984375,0.1226171875000007
102012,8,count1024,15200,0.97265625,0.1260156250000007
102012,8,count1024,15400,0.9619140625,0.138925781250001
102012,8,count1024,15600,0.94921875,0.1470312500000011
102012,8,count1024,15800,0.9814453125,0.1279687500000007
102012,8,count1024,16000,0.974609375,0.1282226562500009
102012,8,count1024,16200,0.9833984375,0.1188085937500008
102012,8,count1024,16400,0.9833984375,0.1218945312500009
102012,8,count1024,16600,0.96875,0.137363281250001
102012,8,count1024,16800,0.9833984375,0.1174218750000008
102012,8,count1024,17000,0.96875,0.1273632812500008
102012,8,count1024,17200,0.966796875,0.1312304687500009
102012,8,count1024,17400,0.966796875,0.1332617187500009
102012,8,count1024,17600,0.9697265625,0.1244335937500007
102012,8,count1024,17800,0.974609375,0.1320117187500009
102012,8,count1024,18000,0.9677734375,0.1292773437500008
102012,8,count1024,18200,0.9658203125,0.134531250000001
102012,8,count1024,18400,0.9716796875,0.1298632812500009
102012,8,count1024,18600,0.9697265625,0.1229882812500009
102012,8,count1024,18800,0.9697265625,0.1334765625000009
102012,8,count1024,19000,0.9599609375,0.1348242187500009
102012,8,count1024,19200,0.9677734375,0.132207031250001
102012,8,count1024,19400,0.9677734375,0.1357226562500008
102012,8,count1024,19600,0.974609375,0.1231250000000008
102012,8,count1024,19800,0.958984375,0.137519531250001
102012,8,count1024,20000,0.955078125,0.1407617187500009
102012,7,time150,0,0.234375,1.0
102012,7,time150,200,0.4462890625,0.5745898437500003
102012,7,time150,400,0.5673828125,0.4573437500000018
102012,7,time150,600,0.5576171875,0.4680468750000014
102012,7,time150,800,0.6171875,0.4171679687500016
102012,7,time150,1000,0.6357421875,0.4000585937500014
102012,7,time150,1200,0.6591796875,0.3724609375000015
102012,7,time150,1400,0.6806640625,0.3451562500000015
102012,7,time150,1600,0.72265625,0.3162109375000015
102012,7,time150,1800,0.7373046875,0.2975976562500013
102012,7,time150,2000,0.7490234375,0.2817382812500014
102012,7,time150,2200,0.736328125,0.2971679687500014
102012,7,time150,2400,0.763671875,0.2801562500000013
102012,7,time150,2600,0.76953125,0.2742968750000013
102012,7,time150,2800,0.7490234375,0.2852929687500014
102012,7,time150,3000,0.7890625,0.2465234375000014
102012,7,time150,3200,0.7919921875,0.2436328125000013
102012,7,time150,3400,0.748046875,0.2851757812500015
102012,7,time150,3600,0.771484375,0.2624414062500015
102012,7,time150,3800,0.7705078125,0.2707421875000016
102012,7,time150,4000,0.791015625,0.2468945312500015
102012,7,time150,4200,0.79296875,0.2380859375000013
102012,7,time150,4400,0.77734375,0.2676171875000014
102012,7,time150,4600,0.828125,0.2157421875000012
102012,7,time150,4800,0.7802734375,0.2676171875000015
102012,7,time150,5000,0.7998046875,0.2409570312500014
102012,7,time150,5200,0.830078125,0.2153320312500014
102012,7,time150,5400,0.8193359375,0.2191406250000015
102012,7,time150,5600,0.818359375,0.2362500000000015
102012,7,time150,5800,0.83203125,0.2112304687500013
102012,7,time150,6000,0.80078125,0.2275976562500014
102012,7,time150,6200,0.7939453125,0.2392187500000014
102012,7,time150,6400,0.8583984375,0.1810156250000014
102012,7,time150,6600,0.8486328125,0.1931640625000012
102012,7,time150,6800,0.8515625,0.1903515625000015
102012,7,time150,7000,0.8486328125,0.1919726562500015
102012,7,time150,7200,0.841796875,0.2071679687500013
102012,7,time150,7400,0.818359375,0.2203125000000016
102012,7,time150,7600,0.8212890625,0.2163867187500014
102012,7,time150,7800,0.810546875,0.2291015625000013
102012,7,time150,8000,0.81640625,0.2257421875000016
102012,7,time150,8200,0.7978515625,0.2423046875000015
102012,7,time150,8400,0.7978515625,0.2388085937500016
102012,7,time150,8600,0.78125,0.2474218750000014
102012,7,time150,8800,0.8203125,0.2225195312500016
102012,7,time150,9000,0.8271484375,0.2053710937500014
102012,7,time150,9200,0.81640625,0.2190039062500013
102012,7,time150,9400,0.8486328125,0.1911718750000014
102012,7,time150,9600,0.8408203125,0.1996093750000013
102012,7,time150,9800,0.8046875,0.2265039062500013
102012,7,time150,10000,0.845703125,0.2065234375000014
102012,7,time150,10200,0.810546875,0.2274804687500017
102012,7,time150,10400,0.8349609375,0.2061328125000014
102012,7,time150,10600,0.8408203125,0.2038867187500013
102012,7,time150,10800,0.83984375,0.1968750000000013
102012,7,time150,11000,0.8369140625,0.2059570312500012
102012,7,time150,11200,0.8134765625,0.2263281250000013
102012,7,time150,11400,0.8330078125,0.2151367187500015
102012,7,time150,11600,0.80859375,0.2311328125000014
102012,7,time150,11800,0.8408203125,0.1996093750000013
102012,7,time150,12000,0.8330078125,0.2036718750000013
102012,7,time150,12200,0.84375,0.1888085937500014
102012,7,time150,12400,0.830078125,0.2100976562500015
102012,7,time150,12600,0.8134765625,0.2341796875000015
102012,7,time150,12800,0.837890625,0.2073437500000015
102012,7,time150,13000,0.8330078125,0.2044140625000012
102012,7,time150,13200,0.8330078125,0.2107226562500012
102012,7,time150,13400,0.8349609375,0.2083007812500014
102012,7,time150,13600,0.826171875,0.2099023437500011
102012,7,time150,13800,0.8505859375,0.1949218750000013
102012,7,time150,14000,0.8173828125,0.2186718750000013
102012,7,time150,14200,0.8505859375,0.1990625000000012
102012,7,time150,14400,0.861328125,0.1782421875000012
102012,7,time150,14600,0.837890625,0.1998437500000014
102012,7,time150,14800,0.80859375,0.2194726562500014
102012,7,time150,15000,0.8037109375,0.2345312500000014
102012,7,time150,15200,0.83203125,0.2214843750000015
102012,7,time150,15400,0.83984375,0.1996875000000013
102012,7,time150,15600,0.8603515625,0.1876171875000013
102012,7,time150,15800,0.8271484375,0.2188671875000014
102012,7,time150,16000,0.8134765625,0.2366210937500013
102012,7,time150,16200,0.8369140625,0.2073046875000015
102012,7,time150,16400,0.8466796875,0.2035156250000012
102012,7,time150,16600,0.8349609375,0.2078906250000014
102012,7,time150,16800,0.81640625,0.2348437500000016
102012,7,time150,17000,0.8447265625,0.2008984375000013
102012,7,time150,17200,0.833984375,0.2074804687500014
102012,7,time150,17400,0.8388671875,0.2136328125000014
102012,7,time150,17600,0.8251953125,0.2164648437500015
102012,7,time150,17800,0.8037109375,0.2407226562500015
102012,7,time150,18000,0.8515625,0.2008203125000013
102012,7,time150,18200,0.8447265625,0.2032617187500012
102012,7,time150,18400,0.8330078125,0.2016406250000015
102012,7,time150,18600,0.859375,0.1888085937500013
102012,7,time150,18800,0.8310546875,0.2083593750000014
102012,7,time150,19000,0.802734375,0.2391210937500016
102012,7,time150,19200,0.841796875,0.2002343750000013
102012,7,time150,19400,0.80078125,0.2379296875000012
102012,7,time150,19600,0.830078125,0.2213281250000011
102012,7,time150,19800,0.8388671875,0.2060351562500014
102012,7,time150,20000,0.833984375,0.2054492187500013
102012,8,time150,0,0.234375,1.0
102012,8,time150,200,0.232421875,0.782402343749999
102012,8,time150,400,0.205078125,0.8092578124999988
102012,8,time150,600,0.177734375,0.8337890624999995
102012,8,time150,800,0.19921875,0.8077148437499988
102012,8,time150,1000,0.283203125,0.7232421874999991
102012,8,time150,1200,0.3583984375,0.6630078124999988
102012,8,time150,1400,0.3974609375,0.6174023437499996
102012,8,time150,1600,0.5,0.522773437500001
102012,8,time150,1800,0.556640625,0.4743945312500015
102012,8,time150,2000,0.66796875,0.3713281250000015
102012,8,time150,2200,0.6845703125,0.3523437500000016
102012,8,time150,2400,0.7490234375,0.2928320312500015
102012,8,time150,2600,0.7783203125,0.2656250000000016
102012,8,time150,2800,0.7734375,0.2686914062500014
102012,8,time150,3000,0.7744140625,0.2762500000000015
102012,8,time150,3200,0.7939453125,0.2615625000000014
102012,8,time150,3400,0.806640625,0.2398046875000015
102012,8,time150,3600,0.80859375,0.2382421875000016
102012,8,time150,3800,0.7802734375,0.263144531250001
102012,8,time150,4000,0.8046875,0.2318945312500016
102012,8,time150,4200,0.8046875,0.2370703125000015
102012,8,time150,4400,0.7919921875,0.2541406250000015
102012,8,time150,4600,0.8193359375,0.2384960937500018
102012,8,time150,4800,0.822265625,0.2256445312500016
102012,8,time150,5000,0.8427734375,0.2082812500000013
102012,8,time150,5200,0.8251953125,0.2275781250000014
102012,8,time150,5400,0.8154296875,0.2320898437500013
102012,8,time150,5600,0.8212890625,0.2200000000000014
102012,8,time150,5800,0.828125,0.2288281250000014
102012,8,time150,6000,0.826171875,0.2228710937500014
102012,8,time150,6200,0.8193359375,0.2236718750000013
102012,8,time150,6400,0.822265625,0.2331835937500015
102012,8,time150,6600,0.8564453125,0.1941796875000013
102012,8,time150,6800,0.8349609375,0.2106640625000015
102012,8,time150,7000,0.8515625,0.1942187500000013
102012,8,time150,7200,0.8662109375,0.1948437500000014
102012,8,time150,7400,0.865234375,0.1996679687500015
102012,8,time150,7600,0.85546875,0.1938867187500011
102012,8,time150,7800,0.8603515625,0.2105078125000014
102012,8,time150,8000,0.8310546875,0.2118164062500011
102012,8,time150,8200,0.7822265625,0.2674414062500015
102012,8,time150,8400,0.8330078125,0.2248437500000011
102012,8,time150,8600,0.8193359375,0.2325976562500014
102012,8,time150,8800,0.8310546875,0.2233398437500013
102012,8,time150,9000,0.8115234375,0.2421875000000016
102012,8,time150,9200,0.8232421875,0.2396679687500014
102012,8,time150,9400,0.8046875,0.2502929687500015
102012,8,time150,9600,0.8154296875,0.2394531250000013
102012,8,time150,9800,0.8125,0.2397265625000013
102012,8,time150,10000,0.8154296875,0.2407617187500014
102012,8,time150,10200,0.8271484375,0.2158593750000014
102012,8,time150,10400,0.83984375,0.2145507812500016
102012,8,time150,10600,0.81640625,0.2380468750000014
102012,8,time150,10800,0.8017578125,0.2400781250000015
102012,8,time150,11000,0.861328125,0.1933789062500013
102012,8,time150,11200,0.822265625,0.2205273437500015
102012,8,time150,11400,0.8203125,0.2312109375000016
102012,8,time150,11600,0.8310546875,0.2231640625000016
102012,8,time150,11800,0.83984375,0.2062890625000013
102012,8,time150,12000,0.8310546875,0.2139453125000014
102012,8,time150,12200,0.830078125,0.2216601562500014
102012,8,time150,12400,0.8017578125,0.2462304687500017
102012,8,time150,12600,0.8095703125,0.2462890625000017
102012,8,time150,12800,0.837890625,0.2172656250000015
102012,8,time150,13000,0.84765625,0.2082226562500016
102012,8,time150,13200,0.7734375,0.2725976562500016
102012,8,time150,13400,0.8271484375,0.2281835937500014
102012,8,time150,13600,0.833984375,0.2214062500000014
102012,8,time150,13800,0.853515625,0.2020117187500014
102012,8,time150,14000,0.798828125,0.2453710937500014
102012,8,time150,14200,0.814453125,0.2339453125000015
102012,8,time150,14400,0.8203125,0.2276953125000015
102012,8,time150,14600,0.80859375,0.2330664062500015
102012,8,time150,14800,0.7900390625,0.2537304687500014
102012,8,time150,15000,0.78515625,0.2549023437500014
102012,8,time150,15200,0.873046875,0.1885546875000014
102012,8,time150,15400,0.853515625,0.2017382812500014
102012,8,time150,15600,0.806640625,0.2358789062500014
102012,8,time150,15800,0.78515625,0.2596093750000014
102012,8,time150,16000,0.7861328125,0.2645507812500014
102012,8,time150,16200,0.822265625,0.2219531250000015
102012,8,time150,16400,0.80078125,0.2473828125000014
102012,8,time150,16600,0.796875,0.2449609375000015
102012,8,time150,16800,0.8232421875,0.2327734375000015
102012,8,time150,17000,0.8515625,0.2065234375000015
102012,8,time150,17200,0.833984375,0.2254101562500016
102012,8,time150,17400,0.833984375,0.2170703125000014
102012,8,time150,17600,0.7958984375,0.2447265625000013
102012,8,time150,17800,0.841796875,0.2127734375000014
102012,8,time150,18000,0.8056640625,0.2336328125000015
102012,8,time150,18200,0.8232421875,0.2232617187500016
102012,8,time150,18400,0.802734375,0.2407812500000015
102012,8,time150,18600,0.81640625,0.2259179687500015
102012,8,time150,18800,0.83203125,0.2132617187500015
102012,8,time150,19000,0.8349609375,0.2216992187500016
102012,8,time150,19200,0.830078125,0.2181640625000015
102012,8,time150,19400,0.8623046875,0.2013867187500013
102012,8,time150,19600,0.8408203125,0.2062109375000017
102012,8,time150,19800,0.8203125,0.2406445312500013
102012,8,time150,20000,0.8173828125,0.2333007812500017
102012,7,time750,0,0.234375,1.0
102012,7,time750,200,0.466796875,0.5506640624999994
102012,7,time750,400,0.6123046875,0.4148828125000015
102012,7,time750,600,0.7734375,0.2637109375000017
102012,7,time750,800,0.9287109375,0.127851562500001
102012,7,time750,1000,0.9677734375,0.1033789062500008
102012,7,time750,1200,0.96875,0.0995507812500008
102012,7,time750,1400,0.984375,0.0898437500000007
102012,7,time750,1600,0.9794921875,0.0921289062500006
102012,7,time750,1800,0.98828125,0.0879296875000004
102012,7,time750,2000,0.9912109375,0.0878125000000005
102012,7,time750,2200,0.990234375,0.0839062500000005
102012,7,time750,2400,0.9921875,0.0855859375000006
102012,7,time750,2600,0.9970703125,0.0822460937500005
102012,7,time750,2800,0.994140625,0.0840234375000004
102012,7,time750,3000,0.99609375,0.0867187500000006
102012,7,time750,3200,0.9912109375,0.0883007812500005
102012,7,time750,3400,0.998046875,0.0845117187500004
102012,7,time750,3600,0.99609375,0.0837695312500003
102012,7,time750,3800,0.9951171875,0.0865039062500005
102012,7,time750,4000,0.9951171875,0.0823046875000004
102012,7,time750,4200,0.9931640625,0.0841210937500004
102012,7,time750,4400,0.9931640625,0.0877343750000006
102012,7,time750,4600,0.9951171875,0.0834179687500004
102012,7,time750,4800,0.994140625,0.0834375000000005
102012,7,time750,5000,0.994140625,0.0837304687500005
102012,7,time750,5200,0.998046875,0.0818554687500004
102012,7,time750,5400,0.9931640625,0.0871289062500006
102012,7,time750,5600,0.9951171875,0.0886328125000006
102012,7,time750,5800,0.994140625,0.0860546875000006
102012,7,time750,6000,0.9970703125,0.0809570312500004
102012,7,time750,6200,0.998046875,0.0847656250000005
102012,7,time750,6400,0.9970703125,0.0828906250000004
102012,7,time750,6600,0.9990234375,0.0815625000000003
102012,7,time750,6800,0.99609375,0.0834765625000004
102012,7,time750,7000,0.99609375,0.0888476562500005
102012,7,time750,7200,0.99609375,0.0850000000000005
102012,7,time750,7400,0.9970703125,0.0823828125000005
102012,7,time750,7600,0.998046875,0.0840234375000005
102012,7,time750,7800,0.990234375,0.0869335937500005
102012,7,time750,8000,0.9970703125,0.0875976562500006
102012,7,time750,8200,0.99609375,0.0813085937500004
102012,7,time750,8400,0.998046875,0.0823046875000005
102012,7,time750,8600,0.9970703125,0.0835937500000004
102012,7,time750,8800,0.99609375,0.0818359375000003
102012,7,time750,9000,0.99609375,0.0823242187500004
102012,7,time750,9200,0.9951171875,0.0842773437500005
102012,7,time750,9400,0.9970703125,0.0823437500000004
102012,7,time750,9600,0.9990234375,0.0842187500000005
102012,7,time750,9800,0.99609375,0.0825585937500004
102012,7,time750,10000,0.99609375,0.0853710937500005
102012,7,time750,10200,0.9990234375,0.0872070312500005
102012,7,time750,10400,0.9970703125,0.0873828125000006
102012,7,time750,10600,0.99609375,0.0907421875000005
102012,7,time750,10800,0.998046875,0.0880468750000006
102012,7,time750,11000,0.9990234375,0.0843945312500005
102012,7,time750,11200,0.9990234375,0.0837304687500004
102012,7,time750,11400,0.9970703125,0.0850195312500005
102012,7,time750,11600,0.99609375,0.0860546875000006
102012,7,time750,11800,0.99609375,0.0814062500000004
102012,7,time750,12000,1.0,0.0857226562500005
102012,7,time750,12200,1.0,0.0808203125000004
102012,7,time750,12400,0.9951171875,0.0805078125000003
102012,7,time750,12600,0.9970703125,0.0857421875000004
102012,7,time750,12800,1.0,0.0787109375000004
102012,7,time750,13000,1.0,0.0818164062500004
102012,7,time750,13200,0.9990234375,0.0816796875000005
102012,7,time750,13400,0.9951171875,0.0835742187500004
102012,7,time750,13600,0.9951171875,0.0849609375000005
102012,7,time750,13800,0.9970703125,0.0864843750000005
102012,7,time750,14000,1.0,0.0839453125000005
102012,7,time750,14200,0.9990234375,0.0854101562500005
102012,7,time750,14400,0.99609375,0.0900390625000004
102012,7,time750,14600,0.99609375,0.0838476562500005
102012,7,time750,14800,0.9990234375,0.0826757812500005
102012,7,time750,15000,0.994140625,0.0834375000000004
102012,7,time750,15200,0.9970703125,0.0850976562500004
102012,7,time750,15400,0.9970703125,0.0812304687500005
102012,7,time750,15600,0.998046875,0.0860546875000006
102012,7,time750,15800,0.9990234375,0.0827343750000005
102012,7,time750,16000,0.9970703125,0.0853125000000004
102012,7,time750,16200,0.9970703125,0.0869726562500005
102012,7,time750,16400,0.9951171875,0.0872656250000005
102012,7,time750,16600,1.0,0.0858593750000005
102012,7,time750,16800,0.99609375,0.0916210937500006
102012,7,time750,17000,0.99609375,0.0810546875000005
102012,7,time750,17200,0.998046875,0.0860546875000005
102012,7,time750,17400,0.9970703125,0.0851953125000005
102012,7,time750,17600,0.9970703125,0.0852343750000005
102012,7,time750,17800,0.998046875,0.0870703125000005
102012,7,time750,18000,0.998046875,0.0841210937500005
102012,7,time750,18200,0.9970703125,0.0865625000000006
102012,7,time750,18400,0.998046875,0.0836718750000004
102012,7,time750,18600,0.9951171875,0.0857226562500004
102012,7,time750,18800,1.0,0.0854492187500005
102012,7,time750,19000,0.998046875,0.0807812500000005
102012,7,time750,19200,0.998046875,0.0830273437500004
102012,7,time750,19400,0.9951171875,0.0839062500000004
102012,7,time750,19600,0.9951171875,0.0837890625000005
102012,7,time750,19800,0.998046875,0.0814062500000004
102012,7,time750,20000,0.998046875,0.0866015625000005
102012,8,time750,0,0.234375,1.0
102012,8,time750,200,0.2421875,0.7740820312499989
102012,8,time750,400,0.1865234375,0.8242578124999994
102012,8,time750,600,0.2490234375,0.7761523437499992
102012,8,time750,800,0.31640625,0.7076171874999994
102012,8,time750,1000,0.5087890625,0.5345312500000002
102012,8,time750,1200,0.7373046875,0.3294140625000018
102012,8,time750,1400,0.8798828125,0.1953515625000017
102012,8,time750,1600,0.9453125,0.1395117187500011
102012,8,time750,1800,0.955078125,0.137675781250001
102012,8,time750,2000,0.962890625,0.1199804687500008
102012,8,time750,2200,0.9677734375,0.127871093750001
102012,8,time750,2400,0.98046875,0.1146875000000006
102012,8,time750,2600,0.9765625,0.1141601562500009
102012,8,time750,2800,0.982421875,0.1115625000000008
102012,8,time750,3000,0.982421875,0.1049414062500007
102012,8,time750,3200,0.984375,0.1054296875000006
102012,8,time750,3400,0.986328125,0.1098437500000007
102012,8,time750,3600,0.98046875,0.1092578125000009
102012,8,time750,3800,0.9736328125,0.1135351562500007
102012,8,time750,4000,0.984375,0.1056054687500007
102012,8,time750,4200,0.9814453125,0.1177343750000007
102012,8,time750,4400,0.994140625,0.1039843750000007
102012,8,time750,4600,0.986328125,0.1041210937500007
102012,8,time750,4800,0.9833984375,0.1118945312500007
102012,8,time750,5000,0.9931640625,0.0998437500000008
102012,8,time750,5200,0.9912109375,0.1033203125000006
102012,8,time750,5400,0.994140625,0.0969531250000006
102012,8,time750,5600,0.98828125,0.1005468750000007
102012,8,time750,5800,0.9912109375,0.1067578125000007
102012,8,time750,6000,0.990234375,0.1037890625000008
102012,8,time750,6200,0.9853515625,0.1063671875000008
102012,8,time750,6400,0.9892578125,0.1058398437500008
102012,8,time750,6600,0.9912109375,0.1061523437500008
102012,8,time750,6800,0.9912109375,0.1024804687500007
102012,8,time750,7000,0.9873046875,0.1014648437500008
102012,8,time750,7200,0.986328125,0.1063281250000007
102012,8,time750,7400,0.9775390625,0.1085937500000009
102012,8,time750,7600,0.98828125,0.1131640625000007
102012,8,time750,7800,0.9814453125,0.1075195312500008
102012,8,time750,8000,0.9814453125,0.1159765625000009
102012,8,time750,8200,0.9892578125,0.0967968750000004
102012,8,time750,8400,0.9921875,0.0977539062500007
102012,8,time750,8600,0.9931640625,0.0942968750000006
102012,8,time750,8800,0.9892578125,0.1061132812500008
102012,8,time750,9000,0.98828125,0.1048632812500006
102012,8,time750,9200,0.986328125,0.1052539062500007
102012,8,time750,9400,0.9912109375,0.1087109375000007
102012,8,time750,9600,0.9921875,0.1083398437500008
102012,8,time750,9800,0.9873046875,0.1035937500000006
102012,8,time750,10000,0.990234375,0.1084765625000008
102012,8,time750,10200,0.98828125,0.1054296875000007
102012,8,time750,10400,0.990234375,0.1006445312500007
102012,8,time750,10600,0.9873046875,0.1018945312500007
102012,8,time750,10800,0.990234375,0.1064843750000007
102012,8,time750,11000,0.9814453125,0.1123632812500009
102012,8,time750,11200,0.9873046875,0.1059765625000009
102012,8,time750,11400,0.986328125,0.1082226562500008
102012,8,time750,11600,0.994140625,0.0990234375000008
102012,8,time750,11800,0.9931640625,0.0968750000000006
102012,8,time750,12000,0.9921875,0.1039843750000009
102012,8,time750,12200,0.98828125,0.1047265625000007
102012,8,time750,12400,0.9873046875,0.1092968750000008
102012,8,time750,12600,0.9892578125,0.1028515625000007
102012,8,time750,12800,0.984375,0.1059570312500007
102012,8,time750,13000,0.9853515625,0.1091210937500008
102012,8,time750,13200,0.994140625,0.1029882812500007
102012,8,time750,13400,0.98828125,0.1061718750000006
102012,8,time750,13600,0.9931640625,0.1023242187500007
102012,8,time750,13800,0.9892578125,0.1034375000000007
102012,8,time750,14000,0.984375,0.1015820312500006
102012,8,time750,14200,0.9814453125,0.1111328125000008
102012,8,time750,14400,0.9873046875,0.1067578125000007
102012,8,time750,14600,0.9892578125,0.1025195312500007
102012,8,time750,14800,0.9892578125,0.1017578125000007
102012,8,time750,15000,0.986328125,0.1081835937500008
102012,8,time750,15200,0.9892578125,0.1045898437500007
102012,8,time750,15400,0.990234375,0.1087695312500008
102012,8,time750,15600,0.986328125,0.1028906250000007
102012,8,time750,15800,0.982421875,0.1107421875000008
102012,8,time750,16000,0.990234375,0.0991601562500007
102012,8,time750,16200,0.984375,0.1107617187500007
102012,8,time750,16400,0.99609375,0.0943164062500006
102012,8,time750,16600,0.9931640625,0.0994921875000007
102012,8,time750,16800,0.9853515625,0.1061523437500009
102012,8,time750,17000,0.98828125,0.1065039062500008
102012,8,time750,17200,0.986328125,0.1049804687500008
102012,8,time750,17400,0.9873046875,0.1017382812500005
102012,8,time750,17600,0.984375,0.1029296875000007
102012,8,time750,17800,0.990234375,0.1030859375000006
102012,8,time750,18000,0.9892578125,0.1044335937500006
102012,8,time750,18200,0.9912109375,0.0961132812500006
102012,8,time750,18400,0.9931640625,0.1056835937500006
102012,8,time750,18600,0.9853515625,0.1023632812500008
102012,8,time750,18800,0.982421875,0.1068359375000008
102012,8,time750,19000,0.982421875,0.1089257812500009
102012,8,time750,19200,0.9853515625,0.1120312500000008
102012,8,time750,19400,0.98046875,0.1116796875000008
102012,8,time750,19600,0.9892578125,0.1060351562500007
102012,8,time750,19800,0.9912109375,0.1056835937500006
102012,8,time750,20000,0.9912109375,0.1022070312500007
102013,7,continuous,0,0.2470703125,1.0
102013,7,continuous,200,0.4892578125,0.5279101562500009
102013,7,continuous,400,0.5595703125,0.4635351562500015
102013,7,continuous,600,0.814453125,0.2349218750000014
102013,7,continuous,800,0.939453125,0.1223632812500008
102013,7,continuous,1000,0.9814453125,0.0939257812500005
102013,7,continuous,1200,0.9892578125,0.0827148437500005
102013,7,continuous,1400,0.9970703125,0.0836914062500005
102013,7,continuous,1600,0.998046875,0.0797656250000004
102013,7,continuous,1800,0.9970703125,0.0799609375000005
102013,7,continuous,2000,0.9931640625,0.0880273437500007
102013,7,continuous,2200,1.0,0.0825390625000003
102013,7,continuous,2400,0.998046875,0.0841015625000004
102013,7,continuous,2600,0.998046875,0.0820703125000004
102013,7,continuous,2800,0.9990234375,0.0799023437500004
102013,7,continuous,3000,0.998046875,0.0784960937500003
102013,7,continuous,3200,0.9990234375,0.0840820312500006
102013,7,continuous,3400,0.9990234375,0.0855078125000005
102013,7,continuous,3600,0.9990234375,0.0829296875000004
102013,7,continuous,3800,1.0,0.0820507812500005
102013,7,continuous,4000,0.9990234375,0.0806054687500004
102013,7,continuous,4200,0.9970703125,0.0839648437500005
102013,7,continuous,4400,0.998046875,0.0907617187500006
102013,7,continuous,4600,0.9990234375,0.0832421875000004
102013,7,continuous,4800,1.0,0.0872265625000005
102013,7,continuous,5000,0.9990234375,0.0825000000000004
102013,7,continuous,5200,0.998046875,0.0842382812500004
102013,7,continuous,5400,0.998046875,0.0813085937500004
102013,7,continuous,5600,1.0,0.0829492187500004
102013,7,continuous,5800,1.0,0.0800781250000005
102013,7,continuous,6000,1.0,0.0872656250000006
102013,7,continuous,6200,0.998046875,0.0830859375000005
102013,7,continuous,6400,1.0,0.0855273437500005
102013,7,continuous,6600,1.0,0.0822656250000005
102013,7,continuous,6800,0.9990234375,0.0817382812500003
102013,7,continuous,7000,0.998046875,0.0825390625000004
102013,7,continuous,7200,1.0,0.0843359375000005
102013,7,continuous,7400,0.9990234375,0.0831640625000005
102013,7,continuous,7600,1.0,0.0822460937500004
102013,7,continuous,7800,0.998046875,0.0791406250000003
102013,7,continuous,8000,0.998046875,0.0851171875000005
102013,7,continuous,8200,0.9990234375,0.0819531250000004
102013,7,continuous,8400,0.9990234375,0.0850195312500005
102013,7,continuous,8600,1.0,0.0853320312500005
102013,7,continuous,8800,0.9990234375,0.0829687500000005
102013,7,continuous,9000,0.998046875,0.0844335937500005
102013,7,continuous,9200,0.9990234375,0.0844531250000004
102013,7,continuous,9400,0.9990234375,0.0837109375000005
102013,7,continuous,9600,0.9990234375,0.0855273437500004
102013,7,continuous,9800,1.0,0.0821093750000003
102013,7,continuous,10000,0.9990234375,0.0842773437500005
102013,7,continuous,10200,1.0,0.0852539062500005
102013,7,continuous,10400,1.0,0.0830078125000004
102013,7,continuous,10600,1.0,0.0866210937500005
102013,7,continuous,10800,0.9990234375,0.0836328125000005
102013,7,continuous,11000,1.0,0.0839648437500004
102013,7,continuous,11200,0.998046875,0.0819531250000003
102013,7,continuous,11400,0.998046875,0.0842968750000005
102013,7,continuous,11600,1.0,0.0831054687500004
102013,7,continuous,11800,0.9990234375,0.0833398437500004
102013,7,continuous,12000,1.0,0.0836328125000006
102013,7,continuous,12200,1.0,0.0827148437500004
102013,7,continuous,12400,0.9990234375,0.0837109375000005
102013,7,continuous,12600,0.9990234375,0.0842968750000005
102013,7,continuous,12800,0.998046875,0.0816210937500005
102013,7,continuous,13000,1.0,0.0801953125000003
102013,7,continuous,13200,1.0,0.0825976562500004
102013,7,continuous,13400,0.9990234375,0.0839453125000005
102013,7,continuous,13600,0.998046875,0.0827734375000004
102013,7,continuous,13800,0.99609375,0.0817968750000005
102013,7,continuous,14000,0.9990234375,0.0822656250000004
102013,7,continuous,14200,1.0,0.0847656250000005
102013,7,continuous,14400,0.9990234375,0.0804492187500005
102013,7,continuous,14600,1.0,0.0816210937500005
102013,7,continuous,14800,0.9990234375,0.0854882812500006
102013,7,continuous,15000,1.0,0.0804101562500005
102013,7,continuous,15200,0.9990234375,0.0841601562500005
102013,7,continuous,15400,0.9990234375,0.0817382812500004
102013,7,continuous,15600,1.0,0.0842382812500006
102013,7,continuous,15800,0.998046875,0.0837304687500005
102013,7,continuous,16000,0.9990234375,0.0830859375000004
102013,7,continuous,16200,1.0,0.0848046875000005
102013,7,continuous,16400,1.0,0.0855273437500006
102013,7,continuous,16600,1.0,0.0804687500000004
102013,7,continuous,16800,0.9990234375,0.0808984375000004
102013,7,continuous,17000,0.998046875,0.0853125000000005
102013,7,continuous,17200,1.0,0.0824218750000005
102013,7,continuous,17400,0.9990234375,0.0861132812500005
102013,7,continuous,17600,1.0,0.0823437500000005
102013,7,continuous,17800,0.998046875,0.0882226562500006
102013,7,continuous,18000,0.9990234375,0.0770703125000003
102013,7,continuous,18200,0.9990234375,0.0863281250000004
102013,7,continuous,18400,0.9990234375,0.0828320312500005
102013,7,continuous,18600,0.9990234375,0.0811718750000005
102013,7,continuous,18800,0.9990234375,0.0841210937500006
102013,7,continuous,19000,0.9990234375,0.0847070312500005
102013,7,continuous,19200,1.0,0.0838281250000003
102013,7,continuous,19400,0.9990234375,0.0842578125000005
102013,7,continuous,19600,1.0,0.0832812500000005
102013,7,continuous,19800,0.9990234375,0.0854296875000005
102013,7,continuous,20000,1.0,0.0838281250000005
102013,8,continuous,0,0.2470703125,1.0
102013,8,continuous,200,0.1982421875,0.8147265624999988
102013,8,continuous,400,0.1484375,0.8647265624999985
102013,8,continuous,600,0.1611328125,0.8493359374999988
102013,8,continuous,800,0.181640625,0.8355468749999985
102013,8,continuous,1000,0.255859375,0.7700976562499978
102013,8,continuous,1200,0.41015625,0.6223632812499992
102013,8,continuous,1400,0.6318359375,0.4339062500000016
102013,8,continuous,1600,0.83984375,0.2429687500000017
102013,8,continuous,1800,0.9384765625,0.1599023437500012
102013,8,continuous,2000,0.9619140625,0.1464648437500012
102013,8,continuous,2200,0.974609375,0.1279492187500009
102013,8,continuous,2400,0.9814453125,0.133320312500001
102013,8,continuous,2600,0.9794921875,0.1265039062500011
102013,8,continuous,2800,0.9892578125,0.1150585937500009
102013,8,continuous,3000,0.98828125,0.1249414062500008
102013,8,continuous,3200,0.9921875,0.1257617187500009
102013,8,continuous,3400,0.9912109375,0.1273046875000008
102013,8,continuous,3600,0.9921875,0.1209570312500008
102013,8,continuous,3800,0.9970703125,0.1233789062500007
102013,8,continuous,4000,0.9970703125,0.1189062500000009
102013,8,continuous,4200,0.9931640625,0.1199218750000008
102013,8,continuous,4400,0.99609375,0.128242187500001
102013,8,continuous,4600,0.9970703125,0.1152929687500008
102013,8,continuous,4800,0.9970703125,0.1239257812500009
102013,8,continuous,5000,0.994140625,0.1145703125000008
102013,8,continuous,5200,0.99609375,0.1279296875000011
102013,8,continuous,5400,0.998046875,0.124003906250001
102013,8,continuous,5600,0.9970703125,0.1275000000000009
102013,8,continuous,5800,0.99609375,0.1236718750000007
102013,8,continuous,6000,0.9970703125,0.1251953125000008
102013,8,continuous,6200,0.9990234375,0.1259570312500009
102013,8,continuous,6400,0.9970703125,0.1256640625000009
102013,8,continuous,6600,0.9951171875,0.127597656250001
102013,8,continuous,6800,0.99609375,0.128320312500001
102013,8,continuous,7000,0.998046875,0.122988281250001
102013,8,continuous,7200,0.9970703125,0.1283984375000009
102013,8,continuous,7400,0.99609375,0.127597656250001
102013,8,continuous,7600,0.9970703125,0.1292187500000009
102013,8,continuous,7800,0.9970703125,0.1261523437500009
102013,8,continuous,8000,0.9990234375,0.125683593750001
102013,8,continuous,8200,0.9951171875,0.1259960937500008
102013,8,continuous,8400,0.99609375,0.1319140625000009
102013,8,continuous,8600,0.998046875,0.1346484375000009
102013,8,continuous,8800,0.9970703125,0.139101562500001
102013,8,continuous,9000,1.0,0.1324414062500007
102013,8,continuous,9200,1.0,0.128593750000001
102013,8,continuous,9400,0.998046875,0.1336523437500009
102013,8,continuous,9600,0.9990234375,0.126601562500001
102013,8,continuous,9800,0.998046875,0.131933593750001
102013,8,continuous,10000,0.9951171875,0.1315429687500009
102013,8,continuous,10200,1.0,0.130488281250001
102013,8,continuous,10400,0.998046875,0.1294921875000008
102013,8,continuous,10600,0.9970703125,0.138476562500001
102013,8,continuous,10800,0.9990234375,0.134453125000001
102013,8,continuous,11000,0.9990234375,0.1244335937500009
102013,8,continuous,11200,0.9990234375,0.128906250000001
102013,8,continuous,11400,0.994140625,0.1260546875000009
102013,8,continuous,11600,0.9990234375,0.1310351562500011
102013,8,continuous,11800,1.0,0.137480468750001
102013,8,continuous,12000,0.9990234375,0.1300195312500009
102013,8,continuous,12200,0.998046875,0.1304492187500009
102013,8,continuous,12400,0.998046875,0.1367187500000011
102013,8,continuous,12600,0.9990234375,0.1313476562500011
102013,8,continuous,12800,0.998046875,0.1392578125000009
102013,8,continuous,13000,0.99609375,0.1376953125000011
102013,8,continuous,13200,0.9951171875,0.1407421875000011
102013,8,continuous,13400,1.0,0.1318750000000011
102013,8,continuous,13600,1.0,0.1303906250000008
102013,8,continuous,13800,1.0,0.1374023437500011
102013,8,continuous,14000,1.0,0.1466992187500011
102013,8,continuous,14200,0.9970703125,0.1454492187500013
102013,8,continuous,14400,1.0,0.133945312500001
102013,8,continuous,14600,0.99609375,0.1338085937500011
102013,8,continuous,14800,0.998046875,0.1362500000000012
102013,8,continuous,15000,1.0,0.1400000000000011
102013,8,continuous,15200,0.994140625,0.1467187500000011
102013,8,continuous,15400,0.9970703125,0.1403320312500011
102013,8,continuous,15600,0.998046875,0.1446679687500011
102013,8,continuous,15800,0.998046875,0.1379882812500011
102013,8,continuous,16000,0.998046875,0.132167968750001
102013,8,continuous,16200,0.9990234375,0.1323437500000009
102013,8,continuous,16400,0.99609375,0.1416601562500011
102013,8,continuous,16600,0.9970703125,0.1430664062500012
102013,8,continuous,16800,0.9990234375,0.134941406250001
102013,8,continuous,17000,0.99609375,0.138593750000001
102013,8,continuous,17200,0.9970703125,0.1414843750000009
102013,8,continuous,17400,0.998046875,0.1448828125000012
102013,8,continuous,17600,0.998046875,0.135488281250001
102013,8,continuous,17800,0.998046875,0.134863281250001
102013,8,continuous,18000,0.9990234375,0.1395312500000011
102013,8,continuous,18200,0.9970703125,0.1320507812500008
102013,8,continuous,18400,0.998046875,0.1373828125000012
102013,8,continuous,18600,0.9990234375,0.1254687500000007
102013,8,continuous,18800,1.0,0.1297656250000009
102013,8,continuous,19000,0.998046875,0.1365625000000009
102013,8,continuous,19200,1.0,0.131289062500001
102013,8,continuous,19400,1.0,0.126035156250001
102013,8,continuous,19600,0.998046875,0.133593750000001
102013,8,continuous,19800,0.9990234375,0.1346875000000011
102013,8,continuous,20000,1.0,0.1386718750000011
102013,7,count1024,0,0.2470703125,1.0
102013,7,count1024,200,0.458984375,0.552265625
102013,7,count1024,400,0.4775390625,0.540136718750001
102013,7,count1024,600,0.5595703125,0.4651367187500015
102013,7,count1024,800,0.64453125,0.3922656250000017
102013,7,count1024,1000,0.705078125,0.3305273437500015
102013,7,count1024,1200,0.7158203125,0.3141992187500016
102013,7,count1024,1400,0.7294921875,0.2995117187500016
102013,7,count1024,1600,0.732421875,0.3088671875000015
102013,7,count1024,1800,0.7578125,0.2816992187500014
102013,7,count1024,2000,0.712890625,0.3268554687500016
102013,7,count1024,2200,0.7685546875,0.2660156250000015
102013,7,count1024,2400,0.796875,0.2397656250000013
102013,7,count1024,2600,0.748046875,0.2844921875000016
102013,7,count1024,2800,0.833984375,0.2060156250000012
102013,7,count1024,3000,0.80078125,0.2453515625000012
102013,7,count1024,3200,0.8291015625,0.2159765625000015
102013,7,count1024,3400,0.814453125,0.2361132812500013
102013,7,count1024,3600,0.8251953125,0.2131640625000014
102013,7,count1024,3800,0.7900390625,0.2609960937500014
102013,7,count1024,4000,0.8193359375,0.2234960937500014
102013,7,count1024,4200,0.8369140625,0.2023828125000013
102013,7,count1024,4400,0.810546875,0.2232226562500014
102013,7,count1024,4600,0.818359375,0.2225781250000014
102013,7,count1024,4800,0.8330078125,0.2093945312500013
102013,7,count1024,5000,0.8193359375,0.2250000000000012
102013,7,count1024,5200,0.8447265625,0.1981640625000014
102013,7,count1024,5400,0.8154296875,0.2391406250000017
102013,7,count1024,5600,0.8330078125,0.2038476562500013
102013,7,count1024,5800,0.873046875,0.1769726562500013
102013,7,count1024,6000,0.841796875,0.2083789062500013
102013,7,count1024,6200,0.85546875,0.1916601562500012
102013,7,count1024,6400,0.8427734375,0.2070898437500013
102013,7,count1024,6600,0.8173828125,0.2195507812500012
102013,7,count1024,6800,0.841796875,0.1995117187500015
102013,7,count1024,7000,0.83203125,0.2145898437500014
102013,7,count1024,7200,0.8525390625,0.1901562500000015
102013,7,count1024,7400,0.841796875,0.2013281250000013
102013,7,count1024,7600,0.83984375,0.2074804687500015
102013,7,count1024,7800,0.841796875,0.2042382812500017
102013,7,count1024,8000,0.8564453125,0.1885156250000015
102013,7,count1024,8200,0.826171875,0.2174804687500015
102013,7,count1024,8400,0.85546875,0.1858203125000015
102013,7,count1024,8600,0.8681640625,0.1785937500000014
102013,7,count1024,8800,0.8740234375,0.175585937500001
102013,7,count1024,9000,0.8544921875,0.1884375000000013
102013,7,count1024,9200,0.826171875,0.2159375000000014
102013,7,count1024,9400,0.849609375,0.1921289062500012
102013,7,count1024,9600,0.86328125,0.1862109375000014
102013,7,count1024,9800,0.841796875,0.1938085937500012
102013,7,count1024,10000,0.8515625,0.1960937500000014
102013,7,count1024,10200,0.8720703125,0.1896093750000015
102013,7,count1024,10400,0.8955078125,0.1554882812500012
102013,7,count1024,10600,0.904296875,0.1476953125000011
102013,7,count1024,10800,0.8759765625,0.1725000000000013
102013,7,count1024,11000,0.9111328125,0.1455468750000011
102013,7,count1024,11200,0.87890625,0.1674023437500011
102013,7,count1024,11400,0.8359375,0.2111132812500014
102013,7,count1024,11600,0.853515625,0.1922656250000014
102013,7,count1024,11800,0.8671875,0.1803906250000012
102013,7,count1024,12000,0.8671875,0.1785742187500011
102013,7,count1024,12200,0.8935546875,0.1620507812500011
102013,7,count1024,12400,0.876953125,0.1737500000000011
102013,7,count1024,12600,0.8740234375,0.1740039062500013
102013,7,count1024,12800,0.8759765625,0.1678125000000011
102013,7,count1024,13000,0.8828125,0.1728515625000012
102013,7,count1024,13200,0.841796875,0.1857226562500012
102013,7,count1024,13400,0.8427734375,0.2028125000000013
102013,7,count1024,13600,0.8583984375,0.1906054687500015
102013,7,count1024,13800,0.900390625,0.1554882812500011
102013,7,count1024,14000,0.865234375,0.1805078125000013
102013,7,count1024,14200,0.8779296875,0.1740234375000013
102013,7,count1024,14400,0.8759765625,0.1780468750000012
102013,7,count1024,14600,0.84375,0.1990625000000014
102013,7,count1024,14800,0.8603515625,0.1821289062500015
102013,7,count1024,15000,0.865234375,0.1798046875000014
102013,7,count1024,15200,0.8984375,0.152617187500001
102013,7,count1024,15400,0.849609375,0.1937109375000013
102013,7,count1024,15600,0.8798828125,0.1643554687500011
102013,7,count1024,15800,0.873046875,0.1766796875000013
102013,7,count1024,16000,0.88671875,0.1621875000000012
102013,7,count1024,16200,0.83984375,0.2019921875000013
102013,7,count1024,16400,0.8583984375,0.1794140625000015
102013,7,count1024,16600,0.861328125,0.1856250000000013
102013,7,count1024,16800,0.873046875,0.1772265625000012
102013,7,count1024,17000,0.8603515625,0.1831445312500014
102013,7,count1024,17200,0.853515625,0.1955078125000014
102013,7,count1024,17400,0.849609375,0.1925781250000012
102013,7,count1024,17600,0.8515625,0.1929492187500011
102013,7,count1024,17800,0.892578125,0.1541406250000011
102013,7,count1024,18000,0.8623046875,0.1883984375000014
102013,7,count1024,18200,0.8427734375,0.2013281250000014
102013,7,count1024,18400,0.904296875,0.146171875000001
102013,7,count1024,18600,0.865234375,0.1781250000000013
102013,7,count1024,18800,0.8505859375,0.1950195312500012
102013,7,count1024,19000,0.8525390625,0.1993945312500014
102013,7,count1024,19200,0.890625,0.156894531250001
102013,7,count1024,19400,0.8701171875,0.1731054687500013
102013,7,count1024,19600,0.8818359375,0.163789062500001
102013,7,count1024,19800,0.8603515625,0.1909570312500013
102013,7,count1024,20000,0.8720703125,0.1774218750000011
102013,8,count1024,0,0.2470703125,1.0
102013,8,count1024,200,0.1982421875,0.8147265624999988
102013,8,count1024,400,0.1484375,0.8647265624999985
102013,8,count1024,600,0.1611328125,0.8493359374999988
102013,8,count1024,800,0.181640625,0.8355468749999985
102013,8,count1024,1000,0.2568359375,0.7614453124999977
102013,8,count1024,1200,0.3662109375,0.6586132812499979
102013,8,count1024,1400,0.5126953125,0.5294140625000011
102013,8,count1024,1600,0.607421875,0.4419140625000017
102013,8,count1024,1800,0.734375,0.3140625000000016
102013,8,count1024,2000,0.81640625,0.2479296875000016
102013,8,count1024,2200,0.86328125,0.1965234375000014
102013,8,count1024,2400,0.8662109375,0.2027539062500015
102013,8,count1024,2600,0.837890625,0.2244335937500013
102013,8,count1024,2800,0.8759765625,0.2031835937500014
102013,8,count1024,3000,0.890625,0.1894921875000013
102013,8,count1024,3200,0.90234375,0.1698632812500011
102013,8,count1024,3400,0.90625,0.1649023437500009
102013,8,count1024,3600,0.9296875,0.1668945312500012
102013,8,count1024,3800,0.919921875,0.166308593750001
102013,8,count1024,4000,0.9248046875,0.1610742187500013
102013,8,count1024,4200,0.9296875,0.1560156250000011
102013,8,count1024,4400,0.931640625,0.1527539062500009
102013,8,count1024,4600,0.943359375,0.1412304687500012
102013,8,count1024,4800,0.9375,0.1524414062500011
102013,8,count1024,5000,0.9697265625,0.1317578125000009
102013,8,count1024,5200,0.947265625,0.138984375000001
102013,8,count1024,5400,0.96484375,0.135644531250001
102013,8,count1024,5600,0.9716796875,0.1360937500000011
102013,8,count1024,5800,0.9501953125,0.146289062500001
102013,8,count1024,6000,0.9658203125,0.134023437500001
102013,8,count1024,6200,0.9560546875,0.1408789062500011
102013,8,count1024,6400,0.962890625,0.1412500000000011
102013,8,count1024,6600,0.9541015625,0.142812500000001
102013,8,count1024,6800,0.96875,0.1305468750000009
102013,8,count1024,7000,0.9599609375,0.1386523437500011
102013,8,count1024,7200,0.9658203125,0.1358984375000009
102013,8,count1024,7400,0.9609375,0.143476562500001
102013,8,count1024,7600,0.96875,0.1288085937500008
102013,8,count1024,7800,0.97265625,0.1336914062500009
102013,8,count1024,8000,0.9755859375,0.1290625000000009
102013,8,count1024,8200,0.974609375,0.1297851562500009
102013,8,count1024,8400,0.970703125,0.1242578125000007
102013,8,count1024,8600,0.962890625,0.135546875000001
102013,8,count1024,8800,0.9765625,0.1264453125000008
102013,8,count1024,9000,0.9736328125,0.1251367187500009
102013,8,count1024,9200,0.978515625,0.129726562500001
102013,8,count1024,9400,0.9794921875,0.1213671875000007
102013,8,count1024,9600,0.97265625,0.128300781250001
102013,8,count1024,9800,0.9755859375,0.1290039062500008
102013,8,count1024,10000,0.974609375,0.133554687500001
102013,8,count1024,10200,0.982421875,0.1243359375000009
102013,8,count1024,10400,0.9912109375,0.120351562500001
102013,8,count1024,10600,0.98828125,0.1187304687500008
102013,8,count1024,10800,0.9833984375,0.1220898437500008
102013,8,count1024,11000,0.9814453125,0.1248632812500008
102013,8,count1024,11200,0.9814453125,0.1211523437500008
102013,8,count1024,11400,0.984375,0.1223632812500008
102013,8,count1024,11600,0.9853515625,0.1191992187500008
102013,8,count1024,11800,0.986328125,0.1119140625000008
102013,8,count1024,12000,0.9892578125,0.1107812500000007
102013,8,count1024,12200,0.9892578125,0.1097656250000007
102013,8,count1024,12400,0.98046875,0.1206054687500006
102013,8,count1024,12600,0.9873046875,0.1194531250000008
102013,8,count1024,12800,0.9814453125,0.1245703125000009
102013,8,count1024,13000,0.9775390625,0.1216796875000008
102013,8,count1024,13200,0.982421875,0.1273828125000009
102013,8,count1024,13400,0.9853515625,0.1115429687500008
102013,8,count1024,13600,0.9853515625,0.1187304687500009
102013,8,count1024,13800,0.990234375,0.1158984375000008
102013,8,count1024,14000,0.98828125,0.1213085937500009
102013,8,count1024,14200,0.9853515625,0.1206445312500009
102013,8,count1024,14400,0.9833984375,0.1147265625000008
102013,8,count1024,14600,0.978515625,0.1195507812500008
102013,8,count1024,14800,0.9833984375,0.1193164062500008
102013,8,count1024,15000,0.98046875,0.1219726562500007
102013,8,count1024,15200,0.98828125,0.1142382812500008
102013,8,count1024,15400,0.9814453125,0.1178515625000008
102013,8,count1024,15600,0.9873046875,0.1170703125000009
102013,8,count1024,15800,0.9814453125,0.120742187500001
102013,8,count1024,16000,0.98046875,0.1207421875000008
102013,8,count1024,16200,0.986328125,0.1244726562500009
102013,8,count1024,16400,0.9765625,0.122363281250001
102013,8,count1024,16600,0.982421875,0.1237695312500007
102013,8,count1024,16800,0.9853515625,0.1166210937500007
102013,8,count1024,17000,0.9853515625,0.1195898437500008
102013,8,count1024,17200,0.98828125,0.1202734375000007
102013,8,count1024,17400,0.98828125,0.1223828125000009
102013,8,count1024,17600,0.9921875,0.1048046875000006
102013,8,count1024,17800,0.984375,0.1164062500000009
102013,8,count1024,18000,0.9853515625,0.1183007812500009
102013,8,count1024,18200,0.9794921875,0.1180078125000008
102013,8,count1024,18400,0.9892578125,0.1253320312500009
102013,8,count1024,18600,0.98046875,0.122324218750001
102013,8,count1024,18800,0.986328125,0.1165234375000009
102013,8,count1024,19000,0.982421875,0.1216992187500008
102013,8,count1024,19200,0.9853515625,0.1189453125000008
102013,8,count1024,19400,0.9716796875,0.1271484375000008
102013,8,count1024,19600,0.9794921875,0.1251953125000009
102013,8,count1024,19800,0.986328125,0.1149414062500008
102013,8,count1024,20000,0.9775390625,0.1195703125000007
102013,7,time150,0,0.2470703125,1.0
102013,7,time150,200,0.44921875,0.55876953125
102013,7,time150,400,0.4814453125,0.5505078125000004
102013,7,time150,600,0.537109375,0.4956250000000014
102013,7,time150,800,0.6318359375,0.3994921875000014
102013,7,time150,1000,0.603515625,0.4152343750000016
102013,7,time150,1200,0.65625,0.3704687500000017
102013,7,time150,1400,0.7265625,0.3092968750000015
102013,7,time150,1600,0.734375,0.3053320312500014
102013,7,time150,1800,0.748046875,0.2834960937500015
102013,7,time150,2000,0.7490234375,0.2780468750000014
102013,7,time150,2200,0.7607421875,0.2777734375000015
102013,7,time150,2400,0.78515625,0.2595703125000016
102013,7,time150,2600,0.7880859375,0.2529687500000014
102013,7,time150,2800,0.7783203125,0.2671875000000014
102013,7,time150,3000,0.7724609375,0.2629687500000018
102013,7,time150,3200,0.7890625,0.2533984375000015
102013,7,time150,3400,0.732421875,0.3017187500000015
102013,7,time150,3600,0.765625,0.2746484375000014
102013,7,time150,3800,0.7646484375,0.2757031250000017
102013,7,time150,4000,0.771484375,0.2660156250000015
102013,7,time150,4200,0.7705078125,0.2607031250000015
102013,7,time150,4400,0.802734375,0.2334179687500014
102013,7,time150,4600,0.8076171875,0.2307617187500015
102013,7,time150,4800,0.806640625,0.2327929687500013
102013,7,time150,5000,0.8046875,0.2373437500000014
102013,7,time150,5200,0.7919921875,0.2421289062500014
102013,7,time150,5400,0.8115234375,0.2277929687500015
102013,7,time150,5600,0.802734375,0.2383789062500014
102013,7,time150,5800,0.8271484375,0.2093164062500015
102013,7,time150,6000,0.8544921875,0.1959570312500013
102013,7,time150,6200,0.8115234375,0.2263867187500014
102013,7,time150,6400,0.84765625,0.1999414062500014
102013,7,time150,6600,0.8193359375,0.2160351562500013
102013,7,time150,6800,0.8359375,0.2075585937500015
102013,7,time150,7000,0.8564453125,0.1918359375000012
102013,7,time150,7200,0.8408203125,0.2028906250000013
102013,7,time150,7400,0.80859375,0.2354882812500016
102013,7,time150,7600,0.802734375,0.2250781250000014
102013,7,time150,7800,0.7978515625,0.2458398437500015
102013,7,time150,8000,0.783203125,0.2469921875000014
102013,7,time150,8200,0.80859375,0.2296484375000013
102013,7,time150,8400,0.8232421875,0.2131835937500014
102013,7,time150,8600,0.8056640625,0.2387890625000014
102013,7,time150,8800,0.810546875,0.2246875000000014
102013,7,time150,9000,0.818359375,0.2259960937500013
102013,7,time150,9200,0.8291015625,0.2097070312500013
102013,7,time150,9400,0.833984375,0.2121679687500013
102013,7,time150,9600,0.8134765625,0.2237890625000015
102013,7,time150,9800,0.8291015625,0.2161132812500013
102013,7,time150,10000,0.8232421875,0.2140820312500011
102013,7,time150,10200,0.8232421875,0.2192968750000015
102013,7,time150,10400,0.8095703125,0.2291601562500015
102013,7,time150,10600,0.798828125,0.2354296875000017
102013,7,time150,10800,0.822265625,0.2250000000000014
102013,7,time150,11000,0.822265625,0.2309960937500015
102013,7,time150,11200,0.8154296875,0.2265820312500013
102013,7,time150,11400,0.796875,0.2302539062500014
102013,7,time150,11600,0.8173828125,0.2284765625000014
102013,7,time150,11800,0.81640625,0.2309960937500015
102013,7,time150,12000,0.8125,0.2306054687500015
102013,7,time150,12200,0.7919921875,0.2437500000000015
102013,7,time150,12400,0.8046875,0.2370703125000014
102013,7,time150,12600,0.8212890625,0.2198632812500016
102013,7,time150,12800,0.849609375,0.1899414062500013
102013,7,time150,13000,0.8427734375,0.1998828125000013
102013,7,time150,13200,0.8203125,0.2254687500000016
102013,7,time150,13400,0.810546875,0.2375000000000014
102013,7,time150,13600,0.798828125,0.2358007812500013
102013,7,time150,13800,0.802734375,0.2319531250000014
102013,7,time150,14000,0.8271484375,0.2247656250000015
102013,7,time150,14200,0.8251953125,0.2221289062500013
102013,7,time150,14400,0.7978515625,0.2361132812500012
102013,7,time150,14600,0.84375,0.2088085937500013
102013,7,time150,14800,0.8408203125,0.2049804687500013
102013,7,time150,15000,0.86328125,0.1736718750000013
102013,7,time150,15200,0.830078125,0.2141015625000014
102013,7,time150,15400,0.837890625,0.2039648437500012
102013,7,time150,15600,0.814453125,0.2252734375000013
102013,7,time150,15800,0.8515625,0.1923828125000013
102013,7,time150,16000,0.8466796875,0.1913867187500013
102013,7,time150,16200,0.841796875,0.2038671875000012
102013,7,time150,16400,0.8466796875,0.1874414062500014
102013,7,time150,16600,0.83203125,0.2055468750000013
102013,7,time150,16800,0.8291015625,0.2041796875000014
102013,7,time150,17000,0.8271484375,0.2099218750000015
102013,7,time150,17200,0.802734375,0.2322851562500016
102013,7,time150,17400,0.8134765625,0.2310546875000014
102013,7,time150,17600,0.8125,0.2260156250000012
102013,7,time150,17800,0.8095703125,0.2275195312500015
102013,7,time150,18000,0.8232421875,0.2184375000000015
102013,7,time150,18200,0.8134765625,0.2266210937500015
102013,7,time150,18400,0.802734375,0.2399804687500015
102013,7,time150,18600,0.7880859375,0.2551953125000015
102013,7,time150,18800,0.828125,0.2128125000000012
102013,7,time150,19000,0.8486328125,0.1908203125000013
102013,7,time150,19200,0.849609375,0.1959765625000012
102013,7,time150,19400,0.822265625,0.2219335937500014
102013,7,time150,19600,0.8642578125,0.1899804687500012
102013,7,time150,19800,0.8369140625,0.2116015625000013
102013,7,time150,20000,0.81640625,0.2241992187500014
102013,8,time150,0,0.2470703125,1.0
102013,8,time150,200,0.2080078125,0.8049414062499987
102013,8,time150,400,0.1748046875,0.8345117187499987
102013,8,time150,600,0.177734375,0.8297460937499991
102013,8,time150,800,0.13671875,0.8703320312499991
102013,8,time150,1000,0.13671875,0.8724218749999989
102013,8,time150,1200,0.158203125,0.8450976562499983
102013,8,time150,1400,0.1572265625,0.8461328124999989
102013,8,time150,1600,0.173828125,0.8335937499999986
102013,8,time150,1800,0.2041015625,0.8068749999999986
102013,8,time150,2000,0.3251953125,0.6923632812499982
102013,8,time150,2200,0.33203125,0.6828515624999989
102013,8,time150,2400,0.4404296875,0.5709570312500004
102013,8,time150,2600,0.4951171875,0.5284570312500009
102013,8,time150,2800,0.5595703125,0.4727734375000017
102013,8,time150,3000,0.572265625,0.4541406250000014
102013,8,time150,3200,0.6650390625,0.3778125000000016
102013,8,time150,3400,0.6044921875,0.4220312500000015
102013,8,time150,3600,0.650390625,0.3844921875000014
102013,8,time150,3800,0.6875,0.3495703125000015
102013,8,time150,4000,0.6611328125,0.3763867187500019
102013,8,time150,4200,0.662109375,0.3643554687500016
102013,8,time150,4400,0.634765625,0.3899414062500013
102013,8,time150,4600,0.681640625,0.3563281250000014
102013,8,time150,4800,0.64453125,0.3804687500000016
102013,8,time150,5000,0.6572265625,0.3753125000000014
102013,8,time150,5200,0.6826171875,0.3479882812500015
102013,8,time150,5400,0.671875,0.3574023437500015
102013,8,time150,5600,0.6845703125,0.3536914062500016
102013,8,time150,5800,0.6669921875,0.3651757812500015
102013,8,time150,6000,0.7158203125,0.3187695312500014
102013,8,time150,6200,0.7041015625,0.3284375000000016
102013,8,time150,6400,0.708984375,0.3216406250000016
102013,8,time150,6600,0.6826171875,0.3537890625000016
102013,8,time150,6800,0.68359375,0.3545898437500016
102013,8,time150,7000,0.673828125,0.3511718750000014
102013,8,time150,7200,0.6640625,0.3567382812500016
102013,8,time150,7400,0.703125,0.3318750000000015
102013,8,time150,7600,0.7099609375,0.3300781250000018
102013,8,time150,7800,0.73046875,0.3107812500000016
102013,8,time150,8000,0.716796875,0.3159765625000017
102013,8,time150,8200,0.6953125,0.3414453125000014
102013,8,time150,8400,0.673828125,0.3652539062500013
102013,8,time150,8600,0.6943359375,0.3447851562500015
102013,8,time150,8800,0.626953125,0.4053125000000015
102013,8,time150,9000,0.6474609375,0.3840429687500014
102013,8,time150,9200,0.6396484375,0.3882031250000015
102013,8,time150,9400,0.6591796875,0.3722265625000016
102013,8,time150,9600,0.625,0.4048242187500014
102013,8,time150,9800,0.6611328125,0.3731054687500016
102013,8,time150,10000,0.65625,0.3829296875000014
102013,8,time150,10200,0.68359375,0.3458398437500015
102013,8,time150,10400,0.6953125,0.3419531250000014
102013,8,time150,10600,0.6611328125,0.3682421875000014
102013,8,time150,10800,0.625,0.4033398437500013
102013,8,time150,11000,0.7109375,0.3271093750000015
102013,8,time150,11200,0.7373046875,0.2937695312500014
102013,8,time150,11400,0.71484375,0.3181835937500016
102013,8,time150,11600,0.6494140625,0.3827929687500015
102013,8,time150,11800,0.6591796875,0.3735546875000017
102013,8,time150,12000,0.7099609375,0.3311718750000018
102013,8,time150,12200,0.6962890625,0.3399804687500017
102013,8,time150,12400,0.693359375,0.3382031250000018
102013,8,time150,12600,0.708984375,0.3295312500000013
102013,8,time150,12800,0.69921875,0.3433593750000015
102013,8,time150,13000,0.6728515625,0.3565429687500014
102013,8,time150,13200,0.736328125,0.2988085937500015
102013,8,time150,13400,0.6865234375,0.3437890625000018
102013,8,time150,13600,0.7138671875,0.3304101562500014
102013,8,time150,13800,0.7197265625,0.3142187500000015
102013,8,time150,14000,0.705078125,0.3334179687500017
102013,8,time150,14200,0.7060546875,0.3440625000000015
102013,8,time150,14400,0.7021484375,0.3281835937500019
102013,8,time150,14600,0.708984375,0.3195312500000014
102013,8,time150,14800,0.7080078125,0.3277734375000014
102013,8,time150,15000,0.689453125,0.3431054687500015
102013,8,time150,15200,0.716796875,0.3190234375000015
102013,8,time150,15400,0.6669921875,0.3641992187500014
102013,8,time150,15600,0.6865234375,0.3438085937500016
102013,8,time150,15800,0.6611328125,0.3713867187500015
102013,8,time150,16000,0.6533203125,0.3767382812500016
102013,8,time150,16200,0.6357421875,0.3918750000000016
102013,8,time150,16400,0.6708984375,0.3491992187500018
102013,8,time150,16600,0.6923828125,0.3426171875000016
102013,8,time150,16800,0.708984375,0.3372851562500014
102013,8,time150,17000,0.6953125,0.3424414062500017
102013,8,time150,17200,0.7294921875,0.3049414062500017
102013,8,time150,17400,0.705078125,0.3315234375000015
102013,8,time150,17600,0.6845703125,0.3471484375000019
102013,8,time150,17800,0.6962890625,0.3350195312500019
102013,8,time150,18000,0.7265625,0.3151171875000014
102013,8,time150,18200,0.7177734375,0.3240625000000015
102013,8,time150,18400,0.7294921875,0.3111914062500015
102013,8,time150,18600,0.73828125,0.2983984375000015
102013,8,time150,18800,0.703125,0.3327343750000017
102013,8,time150,19000,0.69140625,0.3329296875000016
102013,8,time150,19200,0.662109375,0.3568945312500017
102013,8,time150,19400,0.662109375,0.3607617187500016
102013,8,time150,19600,0.720703125,0.3197265625000015
102013,8,time150,19800,0.736328125,0.3016601562500014
102013,8,time150,20000,0.65234375,0.3833203125000015
102013,7,time750,0,0.2470703125,1.0
102013,7,time750,200,0.4892578125,0.5279101562500009
102013,7,time750,400,0.5595703125,0.4635351562500015
102013,7,time750,600,0.814453125,0.2349218750000014
102013,7,time750,800,0.927734375,0.1284570312500008
102013,7,time750,1000,0.9716796875,0.1049804687500008
102013,7,time750,1200,0.974609375,0.0972851562500007
102013,7,time750,1400,0.986328125,0.0899804687500006
102013,7,time750,1600,0.978515625,0.0967382812500008
102013,7,time750,1800,0.98828125,0.0933203125000006
102013,7,time750,2000,0.990234375,0.0818945312500003
102013,7,time750,2200,0.9892578125,0.0826757812500005
102013,7,time750,2400,0.9921875,0.0853125000000004
102013,7,time750,2600,0.9951171875,0.0793164062500003
102013,7,time750,2800,0.9931640625,0.0849414062500005
102013,7,time750,3000,0.99609375,0.0908007812500005
102013,7,time750,3200,0.9951171875,0.0856250000000006
102013,7,time750,3400,0.998046875,0.0877343750000006
102013,7,time750,3600,0.99609375,0.0843164062500004
102013,7,time750,3800,0.9970703125,0.0858007812500005
102013,7,time750,4000,0.99609375,0.0841015625000004
102013,7,time750,4200,0.99609375,0.0830859375000005
102013,7,time750,4400,0.998046875,0.0812304687500004
102013,7,time750,4600,1.0,0.0818554687500004
102013,7,time750,4800,0.9990234375,0.0841015625000004
102013,7,time750,5000,0.998046875,0.0867773437500005
102013,7,time750,5200,0.99609375,0.0822656250000004
102013,7,time750,5400,0.998046875,0.0836328125000004
102013,7,time750,5600,0.998046875,0.0840429687500005
102013,7,time750,5800,0.9970703125,0.0815820312500003
102013,7,time750,6000,0.9970703125,0.0845312500000005
102013,7,time750,6200,0.9951171875,0.0841406250000005
102013,7,time750,6400,0.9951171875,0.0824023437500005
102013,7,time750,6600,0.998046875,0.0839062500000004
102013,7,time750,6800,0.998046875,0.0830664062500004
102013,7,time750,7000,0.9990234375,0.0815625000000005
102013,7,time750,7200,0.9970703125,0.0840039062500005
102013,7,time750,7400,0.9970703125,0.0825195312500005
102013,7,time750,7600,0.994140625,0.0844726562500004
102013,7,time750,7800,0.9931640625,0.0805273437500004
102013,7,time750,8000,0.9970703125,0.0837890625000004
102013,7,time750,8200,0.9990234375,0.0845507812500004
102013,7,time750,8400,0.9990234375,0.0829101562500005
102013,7,time750,8600,0.9990234375,0.0804882812500003
102013,7,time750,8800,1.0,0.0829101562500005
102013,7,time750,9000,0.998046875,0.0861328125000005
102013,7,time750,9200,0.9990234375,0.0835156250000005
102013,7,time750,9400,0.998046875,0.0862500000000005
102013,7,time750,9600,0.9990234375,0.0831835937500004
102013,7,time750,9800,0.994140625,0.0871093750000006
102013,7,time750,10000,0.9951171875,0.0868554687500005
102013,7,time750,10200,0.9970703125,0.0855273437500005
102013,7,time750,10400,0.9990234375,0.0845898437500004
102013,7,time750,10600,0.9970703125,0.0837500000000005
102013,7,time750,10800,0.998046875,0.0822460937500004
102013,7,time750,11000,0.998046875,0.0843945312500004
102013,7,time750,11200,0.9970703125,0.0854882812500005
102013,7,time750,11400,0.998046875,0.0830859375000004
102013,7,time750,11600,0.9970703125,0.0842187500000005
102013,7,time750,11800,0.998046875,0.0857031250000004
102013,7,time750,12000,0.998046875,0.0791015625000003
102013,7,time750,12200,0.998046875,0.0816992187500004
102013,7,time750,12400,0.9990234375,0.0843750000000003
102013,7,time750,12600,0.9990234375,0.0857617187500006
102013,7,time750,12800,0.9990234375,0.0846289062500004
102013,7,time750,13000,0.99609375,0.0883007812500006
102013,7,time750,13200,0.9990234375,0.0803320312500004
102013,7,time750,13400,0.9970703125,0.0824414062500005
102013,7,time750,13600,0.99609375,0.0857617187500006
102013,7,time750,13800,0.9990234375,0.0820898437500004
102013,7,time750,14000,0.9970703125,0.0870507812500007
102013,7,time750,14200,1.0,0.0809765625000003
102013,7,time750,14400,0.9990234375,0.0839453125000004
102013,7,time750,14600,0.9990234375,0.0809765625000005
102013,7,time750,14800,0.998046875,0.0855078125000005
102013,7,time750,15000,0.9990234375,0.0857031250000005
102013,7,time750,15200,0.998046875,0.0779101562500004
102013,7,time750,15400,0.9990234375,0.0828906250000005
102013,7,time750,15600,0.998046875,0.0827539062500005
102013,7,time750,15800,0.998046875,0.0859570312500005
102013,7,time750,16000,1.0,0.0856250000000006
102013,7,time750,16200,1.0,0.0832421875000006
102013,7,time750,16400,1.0,0.0833398437500005
102013,7,time750,16600,1.0,0.0841210937500004
102013,7,time750,16800,0.998046875,0.0902148437500005
102013,7,time750,17000,0.998046875,0.0844726562500005
102013,7,time750,17200,0.998046875,0.0820703125000004
102013,7,time750,17400,1.0,0.0855664062500005
102013,7,time750,17600,0.998046875,0.0833203125000004
102013,7,time750,17800,0.9990234375,0.0845898437500005
102013,7,time750,18000,0.9970703125,0.0825000000000005
102013,7,time750,18200,0.9990234375,0.0813671875000004
102013,7,time750,18400,1.0,0.0820507812500003
102013,7,time750,18600,0.998046875,0.0845117187500005
102013,7,time750,18800,1.0,0.0820703125000004
102013,7,time750,19000,0.9990234375,0.0826562500000003
102013,7,time750,19200,0.9990234375,0.0836914062500004
102013,7,time750,19400,0.9970703125,0.0882421875000005
102013,7,time750,19600,0.99609375,0.0857812500000005
102013,7,time750,19800,0.998046875,0.0833007812500004
102013,7,time750,20000,0.99609375,0.0881054687500006
102013,8,time750,0,0.2470703125,1.0
102013,8,time750,200,0.1982421875,0.8147265624999988
102013,8,time750,400,0.1484375,0.8647265624999985
102013,8,time750,600,0.1611328125,0.8493359374999988
102013,8,time750,800,0.1689453125,0.8502929687499989
102013,8,time750,1000,0.2412109375,0.7776171874999984
102013,8,time750,1200,0.2900390625,0.7279101562499986
102013,8,time750,1400,0.5078125,0.5189257812500017
102013,8,time750,1600,0.626953125,0.4114257812500016
102013,8,time750,1800,0.75390625,0.2942968750000016
102013,8,time750,2000,0.8330078125,0.2325000000000012
102013,8,time750,2200,0.86328125,0.2007421875000013
102013,8,time750,2400,0.8623046875,0.1987304687500015
102013,8,time750,2600,0.880859375,0.1888281250000013
102013,8,time750,2800,0.8994140625,0.1678906250000013
102013,8,time750,3000,0.9189453125,0.1609960937500012
102013,8,time750,3200,0.919921875,0.1552539062500012
102013,8,time750,3400,0.9384765625,0.147441406250001
102013,8,time750,3600,0.921875,0.154609375000001
102013,8,time750,3800,0.9150390625,0.1607421875000012
102013,8,time750,4000,0.9287109375,0.1503515625000011
102013,8,time750,4200,0.931640625,0.1451367187500007
102013,8,time750,4400,0.9150390625,0.1567382812500011
102013,8,time750,4600,0.939453125,0.1597656250000012
102013,8,time750,4800,0.9306640625,0.1595898437500012
102013,8,time750,5000,0.9287109375,0.1553515625000012
102013,8,time750,5200,0.94921875,0.1484179687500011
102013,8,time750,5400,0.9404296875,0.1426171875000009
102013,8,time750,5600,0.9443359375,0.1462500000000012
102013,8,time750,5800,0.9609375,0.1317382812500007
102013,8,time750,6000,0.9736328125,0.1268164062500009
102013,8,time750,6200,0.9716796875,0.1244921875000009
102013,8,time750,6400,0.9599609375,0.140078125000001
102013,8,time750,6600,0.98046875,0.1164453125000007
102013,8,time750,6800,0.9814453125,0.1184960937500008
102013,8,time750,7000,0.9765625,0.1333984375000011
102013,8,time750,7200,0.9833984375,0.1147070312500009
102013,8,time750,7400,0.9736328125,0.1222851562500008
102013,8,time750,7600,0.9736328125,0.1271484375000009
102013,8,time750,7800,0.9716796875,0.1274023437500009
102013,8,time750,8000,0.9833984375,0.1174414062500011
102013,8,time750,8200,0.98046875,0.1270507812500007
102013,8,time750,8400,0.9853515625,0.1156250000000008
102013,8,time750,8600,0.9775390625,0.1233398437500009
102013,8,time750,8800,0.978515625,0.1248046875000008
102013,8,time750,9000,0.990234375,0.1194335937500007
102013,8,time750,9200,0.9873046875,0.1173046875000007
102013,8,time750,9400,0.9775390625,0.1137304687500008
102013,8,time750,9600,0.9853515625,0.1167578125000008
102013,8,time750,9800,0.98828125,0.1133984375000007
102013,8,time750,10000,0.9794921875,0.1234570312500009
102013,8,time750,10200,0.9912109375,0.1140625000000009
102013,8,time750,10400,0.990234375,0.1142968750000009
102013,8,time750,10600,0.978515625,0.1178906250000008
102013,8,time750,10800,0.98828125,0.1177929687500009
102013,8,time750,11000,0.990234375,0.1145117187500008
102013,8,time750,11200,0.9853515625,0.1190820312500008
102013,8,time750,11400,0.9814453125,0.1185351562500009
102013,8,time750,11600,0.98046875,0.1214257812500008
102013,8,time750,11800,0.984375,0.1059570312500007
102013,8,time750,12000,0.990234375,0.1104101562500005
102013,8,time750,12200,0.9775390625,0.1252539062500009
102013,8,time750,12400,0.9814453125,0.122949218750001
102013,8,time750,12600,0.98046875,0.1158398437500009
102013,8,time750,12800,0.982421875,0.1232421875000008
102013,8,time750,13000,0.98828125,0.1181445312500011
102013,8,time750,13200,0.9853515625,0.1073632812500007
102013,8,time750,13400,0.9892578125,0.1142773437500008
102013,8,time750,13600,0.9833984375,0.1245898437500008
102013,8,time750,13800,0.9853515625,0.1166601562500007
102013,8,time750,14000,0.984375,0.1220507812500008
102013,8,time750,14200,0.986328125,0.1220312500000009
102013,8,time750,14400,0.9833984375,0.1214843750000009
102013,8,time750,14600,0.9912109375,0.1188281250000008
102013,8,time750,14800,0.98828125,0.1096875000000008
102013,8,time750,15000,0.9873046875,0.1133984375000007
102013,8,time750,15200,0.98828125,0.1181835937500009
102013,8,time750,15400,0.9951171875,0.1099804687500007
102013,8,time750,15600,0.984375,0.1128320312500008
102013,8,time750,15800,0.98828125,0.1153320312500009
102013,8,time750,16000,0.9873046875,0.1174414062500008
102013,8,time750,16200,0.9833984375,0.1161718750000007
102013,8,time750,16400,0.984375,0.1106445312500008
102013,8,time750,16600,0.9892578125,0.1154687500000008
102013,8,time750,16800,0.9853515625,0.1166796875000007
102013,8,time750,17000,0.9833984375,0.120800781250001
102013,8,time750,17200,0.9921875,0.1104492187500008
102013,8,time750,17400,0.9912109375,0.1134765625000008
102013,8,time750,17600,0.9892578125,0.1106835937500008
102013,8,time750,17800,0.9873046875,0.119980468750001
102013,8,time750,18000,0.98828125,0.1162890625000009
102013,8,time750,18200,0.9892578125,0.1169335937500008
102013,8,time750,18400,0.984375,0.1156054687500009
102013,8,time750,18600,0.984375,0.1220507812500008
102013,8,time750,18800,0.984375,0.1223242187500008
102013,8,time750,19000,0.9853515625,0.1180859375000007
102013,8,time750,19200,0.984375,0.1155078125000007
102013,8,time750,19400,0.9892578125,0.1206835937500008
102013,8,time750,19600,0.9833984375,0.1152343750000007
102013,8,time750,19800,0.98046875,0.1265625000000009
102013,8,time750,20000,0.98046875,0.1148046875000009
102014,7,continuous,0,0.263671875,1.0
102014,7,continuous,200,0.478515625,0.5400976562500002
102014,7,continuous,400,0.587890625,0.4427148437500015
102014,7,continuous,600,0.744140625,0.2924804687500013
102014,7,continuous,800,0.9228515625,0.142714843750001
102014,7,continuous,1000,0.9755859375,0.0998242187500008
102014,7,continuous,1200,0.99609375,0.0804296875000005
102014,7,continuous,1400,0.9951171875,0.0832031250000005
102014,7,continuous,1600,0.99609375,0.0835546875000005
102014,7,continuous,1800,0.99609375,0.0831054687500004
102014,7,continuous,2000,0.998046875,0.0816601562500004
102014,7,continuous,2200,0.9990234375,0.0900585937500006
102014,7,continuous,2400,0.9970703125,0.0860351562500005
102014,7,continuous,2600,0.9970703125,0.0876757812500006
102014,7,continuous,2800,0.9990234375,0.0838671875000004
102014,7,continuous,3000,0.998046875,0.0806835937500004
102014,7,continuous,3200,0.998046875,0.0842187500000005
102014,7,continuous,3400,0.998046875,0.0830859375000004
102014,7,continuous,3600,0.9990234375,0.0848632812500004
102014,7,continuous,3800,0.9990234375,0.0833984375000005
102014,7,continuous,4000,1.0,0.0818359375000004
102014,7,continuous,4200,1.0,0.0825585937500005
102014,7,continuous,4400,0.998046875,0.0842382812500005
102014,7,continuous,4600,0.9990234375,0.0783398437500004
102014,7,continuous,4800,0.9990234375,0.0831445312500005
102014,7,continuous,5000,1.0,0.0850195312500006
102014,7,continuous,5200,1.0,0.0860351562500004
102014,7,continuous,5400,0.998046875,0.0834570312500005
102014,7,continuous,5600,0.998046875,0.0829492187500004
102014,7,continuous,5800,0.9990234375,0.0828515625000005
102014,7,continuous,6000,0.998046875,0.0791796875000004
102014,7,continuous,6200,0.9990234375,0.0843359375000004
102014,7,continuous,6400,0.9970703125,0.0815820312500004
102014,7,continuous,6600,0.9990234375,0.0855664062500004
102014,7,continuous,6800,1.0,0.0821875000000004
102014,7,continuous,7000,0.9990234375,0.0843945312500006
102014,7,continuous,7200,1.0,0.0826562500000005
102014,7,continuous,7400,1.0,0.0870312500000005
102014,7,continuous,7600,0.9990234375,0.0854882812500004
102014,7,continuous,7800,1.0,0.0842578125000005
102014,7,continuous,8000,0.998046875,0.0858007812500005
102014,7,continuous,8200,1.0,0.0830468750000005
102014,7,continuous,8400,0.998046875,0.0825000000000005
102014,7,continuous,8600,1.0,0.0835937500000004
102014,7,continuous,8800,0.998046875,0.0831835937500005
102014,7,continuous,9000,1.0,0.0829492187500005
102014,7,continuous,9200,0.998046875,0.0851953125000005
102014,7,continuous,9400,0.9990234375,0.0866210937500004
102014,7,continuous,9600,0.998046875,0.0847460937500005
102014,7,continuous,9800,0.9990234375,0.0780078125000003
102014,7,continuous,10000,1.0,0.0844140625000005
102014,7,continuous,10200,1.0,0.0793554687500003
102014,7,continuous,10400,0.9970703125,0.0823828125000004
102014,7,continuous,10600,0.9990234375,0.0800781250000004
102014,7,continuous,10800,0.9990234375,0.0849609375000005
102014,7,continuous,11000,1.0,0.0845507812500005
102014,7,continuous,11200,0.9970703125,0.0838476562500004
102014,7,continuous,11400,1.0,0.0803125000000003
102014,7,continuous,11600,0.998046875,0.0791992187500003
102014,7,continuous,11800,1.0,0.0813867187500005
102014,7,continuous,12000,0.9990234375,0.0841601562500005
102014,7,continuous,12200,0.9990234375,0.0838476562500005
102014,7,continuous,12400,0.9990234375,0.0828515625000005
102014,7,continuous,12600,1.0,0.0835351562500005
102014,7,continuous,12800,1.0,0.0805664062500004
102014,7,continuous,13000,1.0,0.0818359375000004
102014,7,continuous,13200,1.0,0.0829882812500005
102014,7,continuous,13400,0.99609375,0.0874804687500005
102014,7,continuous,13600,1.0,0.0811718750000006
102014,7,continuous,13800,1.0,0.0817773437500004
102014,7,continuous,14000,1.0,0.0821289062500005
102014,7,continuous,14200,1.0,0.0831250000000005
102014,7,continuous,14400,0.9970703125,0.0852343750000005
102014,7,continuous,14600,1.0,0.0838671875000005
102014,7,continuous,14800,0.9990234375,0.0834570312500005
102014,7,continuous,15000,0.9990234375,0.0824609375000004
102014,7,continuous,15200,1.0,0.0841992187500004
102014,7,continuous,15400,1.0,0.0825976562500004
102014,7,continuous,15600,0.9990234375,0.0866796875000005
102014,7,continuous,15800,1.0,0.0823242187500005
102014,7,continuous,16000,0.9990234375,0.0775585937500004
102014,7,continuous,16200,1.0,0.0833203125000005
102014,7,continuous,16400,0.9970703125,0.0841210937500004
102014,7,continuous,16600,1.0,0.0831640625000004
102014,7,continuous,16800,1.0,0.0827148437500004
102014,7,continuous,17000,0.9990234375,0.0842578125000005
102014,7,continuous,17200,1.0,0.0842968750000005
102014,7,continuous,17400,0.9990234375,0.0832812500000005
102014,7,continuous,17600,0.998046875,0.0844921875000006
102014,7,continuous,17800,1.0,0.0849414062500005
102014,7,continuous,18000,0.9990234375,0.0825000000000004
102014,7,continuous,18200,1.0,0.0834960937500005
102014,7,continuous,18400,1.0,0.0839453125000006
102014,7,continuous,18600,1.0,0.0813867187500005
102014,7,continuous,18800,1.0,0.0841015625000004
102014,7,continuous,19000,0.9990234375,0.0847656250000005
102014,7,continuous,19200,0.998046875,0.0849023437500006
102014,7,continuous,19400,0.9990234375,0.0834960937500004
102014,7,continuous,19600,1.0,0.0833007812500005
102014,7,continuous,19800,1.0,0.0843750000000005
102014,7,continuous,20000,0.9990234375,0.0838085937500005
102014,8,continuous,0,0.263671875,1.0
102014,8,continuous,200,0.234375,0.778183593749999
102014,8,continuous,400,0.1982421875,0.817832031249999
102014,8,continuous,600,0.169921875,0.8415039062499992
102014,8,continuous,800,0.22265625,0.7948632812499992
102014,8,continuous,1000,0.3447265625,0.6885937499999998
102014,8,continuous,1200,0.5126953125,0.5221679687500017
102014,8,continuous,1400,0.6845703125,0.3722656250000019
102014,8,continuous,1600,0.83984375,0.2319921875000017
102014,8,continuous,1800,0.90625,0.1823828125000015
102014,8,continuous,2000,0.96875,0.1352734375000011
102014,8,continuous,2200,0.9814453125,0.1224218750000009
102014,8,continuous,2400,0.978515625,0.125058593750001
102014,8,continuous,2600,0.986328125,0.1140820312500007
102014,8,continuous,2800,0.9873046875,0.1198437500000009
102014,8,continuous,3000,0.9892578125,0.1161914062500008
102014,8,continuous,3200,0.9912109375,0.1087304687500008
102014,8,continuous,3400,0.994140625,0.1080078125000007
102014,8,continuous,3600,0.9873046875,0.1238085937500009
102014,8,continuous,3800,0.9892578125,0.1162695312500008
102014,8,continuous,4000,0.9921875,0.1150000000000007
102014,8,continuous,4200,0.9931640625,0.1200390625000009
102014,8,continuous,4400,0.9970703125,0.1223242187500008
102014,8,continuous,4600,0.9931640625,0.1213085937500007
102014,8,continuous,4800,0.9970703125,0.1223242187500007
102014,8,continuous,5000,0.9912109375,0.1248242187500008
102014,8,continuous,5200,0.9970703125,0.1275390625000008
102014,8,continuous,5400,0.998046875,0.1213085937500008
102014,8,continuous,5600,0.9951171875,0.1306835937500009
102014,8,continuous,5800,0.99609375,0.1248046875000008
102014,8,continuous,6000,0.9990234375,0.1245703125000008
102014,8,continuous,6200,0.9951171875,0.119980468750001
102014,8,continuous,6400,0.9990234375,0.1237890625000009
102014,8,continuous,6600,0.998046875,0.1246093750000007
102014,8,continuous,6800,0.9990234375,0.1199023437500007
102014,8,continuous,7000,0.998046875,0.1215234375000008
102014,8,continuous,7200,0.99609375,0.129453125000001
102014,8,continuous,7400,1.0,0.1367773437500013
102014,8,continuous,7600,0.998046875,0.1248828125000008
102014,8,continuous,7800,0.998046875,0.1264453125000008
102014,8,continuous,8000,0.9951171875,0.1214062500000008
102014,8,continuous,8200,1.0,0.1248632812500008
102014,8,continuous,8400,0.9970703125,0.1267382812500008
102014,8,continuous,8600,0.998046875,0.129023437500001
102014,8,continuous,8800,0.9970703125,0.1263671875000008
102014,8,continuous,9000,0.9970703125,0.1337500000000011
102014,8,continuous,9200,0.998046875,0.1275976562500009
102014,8,continuous,9400,0.9990234375,0.1287695312500009
102014,8,continuous,9600,0.9990234375,0.1324218750000008
102014,8,continuous,9800,0.9990234375,0.1272851562500007
102014,8,continuous,10000,1.0,0.1346093750000011
102014,8,continuous,10200,0.998046875,0.1226757812500009
102014,8,continuous,10400,0.99609375,0.1266796875000008
102014,8,continuous,10600,0.9970703125,0.1380664062500012
102014,8,continuous,10800,0.998046875,0.1279687500000009
102014,8,continuous,11000,0.9990234375,0.134902343750001
102014,8,continuous,11200,1.0,0.1282812500000009
102014,8,continuous,11400,0.9990234375,0.128925781250001
102014,8,continuous,11600,0.9990234375,0.1363085937500009
102014,8,continuous,11800,0.9990234375,0.1377343750000012
102014,8,continuous,12000,0.9970703125,0.126796875000001
102014,8,continuous,12200,0.9970703125,0.1198046875000009
102014,8,continuous,12400,0.998046875,0.1360546875000012
102014,8,continuous,12600,0.998046875,0.137851562500001
102014,8,continuous,12800,0.9951171875,0.141269531250001
102014,8,continuous,13000,0.998046875,0.141171875000001
102014,8,continuous,13200,0.998046875,0.1424804687500013
102014,8,continuous,13400,0.998046875,0.1411914062500012
102014,8,continuous,13600,1.0,0.1335351562500009
102014,8,continuous,13800,0.9970703125,0.1279687500000008
102014,8,continuous,14000,0.998046875,0.1349023437500011
102014,8,continuous,14200,0.998046875,0.1262695312500008
102014,8,continuous,14400,1.0,0.1412500000000013
102014,8,continuous,14600,0.9990234375,0.1229492187500009
102014,8,continuous,14800,0.9990234375,0.130957031250001
102014,8,continuous,15000,0.998046875,0.1260156250000009
102014,8,continuous,15200,0.9990234375,0.1262304687500009
102014,8,continuous,15400,0.99609375,0.1318164062500009
102014,8,continuous,15600,0.9990234375,0.1299414062500011
102014,8,continuous,15800,0.9990234375,0.1333789062500012
102014,8,continuous,16000,0.998046875,0.1339062500000009
102014,8,continuous,16200,1.0,0.1284570312500009
102014,8,continuous,16400,0.9970703125,0.1198046875000008
102014,8,continuous,16600,0.998046875,0.135917968750001
102014,8,continuous,16800,1.0,0.1206835937500008
102014,8,continuous,17000,1.0,0.1283593750000008
102014,8,continuous,17200,0.9990234375,0.131054687500001
102014,8,continuous,17400,0.9970703125,0.1270117187500009
102014,8,continuous,17600,0.998046875,0.1246875000000008
102014,8,continuous,17800,1.0,0.1304882812500009
102014,8,continuous,18000,1.0,0.1307226562500009
102014,8,continuous,18200,0.9990234375,0.1277734375000008
102014,8,continuous,18400,0.9990234375,0.1260351562500008
102014,8,continuous,18600,1.0,0.128808593750001
102014,8,continuous,18800,1.0,0.131093750000001
102014,8,continuous,19000,1.0,0.1214257812500007
102014,8,continuous,19200,0.998046875,0.1314648437500009
102014,8,continuous,19400,1.0,0.125957031250001
102014,8,continuous,19600,0.9990234375,0.133476562500001
102014,8,continuous,19800,0.9970703125,0.1238867187500008
102014,8,continuous,20000,0.9990234375,0.1280273437500008
102014,7,count1024,0,0.263671875,1.0
102014,7,count1024,200,0.44140625,0.5758789062499998
102014,7,count1024,400,0.4267578125,0.5916015624999998
102014,7,count1024,600,0.505859375,0.517363281250001
102014,7,count1024,800,0.5771484375,0.4538476562500011
102014,7,count1024,1000,0.65625,0.3823046875000017
102014,7,count1024,1200,0.6650390625,0.3663085937500018
102014,7,count1024,1400,0.6826171875,0.3542968750000015
102014,7,count1024,1600,0.7451171875,0.2887890625000015
102014,7,count1024,1800,0.736328125,0.3032421875000014
102014,7,count1024,2000,0.7587890625,0.2847265625000017
102014,7,count1024,2200,0.794921875,0.2428710937500015
102014,7,count1024,2400,0.8232421875,0.2137500000000013
102014,7,count1024,2600,0.759765625,0.2766992187500014
102014,7,count1024,2800,0.818359375,0.2297851562500014
102014,7,count1024,3000,0.828125,0.2082031250000014
102014,7,count1024,3200,0.8193359375,0.2171484375000016
102014,7,count1024,3400,0.85546875,0.1857812500000014
102014,7,count1024,3600,0.81640625,0.2246875000000015
102014,7,count1024,3800,0.806640625,0.2284375000000012
102014,7,count1024,4000,0.7763671875,0.2530078125000013
102014,7,count1024,4200,0.8310546875,0.2121875000000014
102014,7,count1024,4400,0.84765625,0.1958203125000014
102014,7,count1024,4600,0.84375,0.2029296875000014
102014,7,count1024,4800,0.8544921875,0.1848828125000014
102014,7,count1024,5000,0.85546875,0.1831250000000014
102014,7,count1024,5200,0.8193359375,0.2288085937500015
102014,7,count1024,5400,0.8720703125,0.1748242187500012
102014,7,count1024,5600,0.8515625,0.1913085937500015
102014,7,count1024,5800,0.8720703125,0.1777148437500012
102014,7,count1024,6000,0.8720703125,0.1756640625000015
102014,7,count1024,6200,0.8662109375,0.1779882812500014
102014,7,count1024,6400,0.8359375,0.2133398437500015
102014,7,count1024,6600,0.8603515625,0.1806640625000013
102014,7,count1024,6800,0.865234375,0.1846289062500014
102014,7,count1024,7000,0.8505859375,0.2036718750000013
102014,7,count1024,7200,0.859375,0.1834179687500014
102014,7,count1024,7400,0.865234375,0.1841015625000015
102014,7,count1024,7600,0.861328125,0.1927929687500014
102014,7,count1024,7800,0.880859375,0.1755468750000012
102014,7,count1024,8000,0.8388671875,0.2046093750000014
102014,7,count1024,8200,0.8671875,0.1799414062500013
102014,7,count1024,8400,0.8779296875,0.1734570312500013
102014,7,count1024,8600,0.87890625,0.1660351562500015
102014,7,count1024,8800,0.869140625,0.1780859375000014
102014,7,count1024,9000,0.873046875,0.1757031250000012
102014,7,count1024,9200,0.8681640625,0.1741992187500013
102014,7,count1024,9400,0.8623046875,0.1776757812500014
102014,7,count1024,9600,0.857421875,0.1770507812500014
102014,7,count1024,9800,0.876953125,0.1733007812500012
102014,7,count1024,10000,0.849609375,0.1968750000000014
102014,7,count1024,10200,0.8642578125,0.1758007812500014
102014,7,count1024,10400,0.8828125,0.1716406250000012
102014,7,count1024,10600,0.91015625,0.139843750000001
102014,7,count1024,10800,0.8583984375,0.1864843750000016
102014,7,count1024,11000,0.8857421875,0.1634765625000012
102014,7,count1024,11200,0.88671875,0.155390625000001
102014,7,count1024,11400,0.8642578125,0.179140625000001
102014,7,count1024,11600,0.884765625,0.1774804687500014
102014,7,count1024,11800,0.8583984375,0.1903906250000014
102014,7,count1024,12000,0.8701171875,0.1752539062500013
102014,7,count1024,12200,0.8720703125,0.1805859375000012
102014,7,count1024,12400,0.859375,0.1852539062500014
102014,7,count1024,12600,0.8798828125,0.1739062500000011
102014,7,count1024,12800,0.865234375,0.1791015625000013
102014,7,count1024,13000,0.8818359375,0.162558593750001
102014,7,count1024,13200,0.8857421875,0.1607421875000012
102014,7,count1024,13400,0.87109375,0.1635156250000011
102014,7,count1024,13600,0.8681640625,0.1776757812500016
102014,7,count1024,13800,0.8564453125,0.1924804687500016
102014,7,count1024,14000,0.8681640625,0.1790625000000013
102014,7,count1024,14200,0.873046875,0.1778710937500012
102014,7,count1024,14400,0.8515625,0.1871289062500015
102014,7,count1024,14600,0.83984375,0.2036914062500011
102014,7,count1024,14800,0.8486328125,0.1992187500000015
102014,7,count1024,15000,0.876953125,0.1686523437500013
102014,7,count1024,15200,0.8623046875,0.1819726562500013
102014,7,count1024,15400,0.90625,0.1496679687500014
102014,7,count1024,15600,0.876953125,0.1735156250000014
102014,7,count1024,15800,0.8974609375,0.1608789062500012
102014,7,count1024,16000,0.880859375,0.1655859375000012
102014,7,count1024,16200,0.8828125,0.1761914062500013
102014,7,count1024,16400,0.8759765625,0.1783593750000013
102014,7,count1024,16600,0.8642578125,0.1751757812500013
102014,7,count1024,16800,0.861328125,0.1826562500000015
102014,7,count1024,17000,0.876953125,0.1719921875000011
102014,7,count1024,17200,0.896484375,0.1641796875000011
102014,7,count1024,17400,0.8544921875,0.1973046875000016
102014,7,count1024,17600,0.8740234375,0.1863671875000015
102014,7,count1024,17800,0.8779296875,0.1691406250000013
102014,7,count1024,18000,0.8779296875,0.1753515625000013
102014,7,count1024,18200,0.8720703125,0.1744531250000012
102014,7,count1024,18400,0.8818359375,0.1721875000000014
102014,7,count1024,18600,0.8720703125,0.1834960937500011
102014,7,count1024,18800,0.8837890625,0.1674609375000014
102014,7,count1024,19000,0.87890625,0.1655078125000012
102014,7,count1024,19200,0.892578125,0.1600390625000013
102014,7,count1024,19400,0.86328125,0.1817968750000012
102014,7,count1024,19600,0.8798828125,0.1775390625000013
102014,7,count1024,19800,0.8994140625,0.1603906250000011
102014,7,count1024,20000,0.9072265625,0.1501757812500013
102014,8,count1024,0,0.263671875,1.0
102014,8,count1024,200,0.234375,0.778183593749999
102014,8,count1024,400,0.1982421875,0.817832031249999
102014,8,count1024,600,0.169921875,0.8415039062499992
102014,8,count1024,800,0.21875,0.7931835937499992
102014,8,count1024,1000,0.3232421875,0.698183593749999
102014,8,count1024,1200,0.333984375,0.6886914062499995
102014,8,count1024,1400,0.4326171875,0.5941015624999999
102014,8,count1024,1600,0.5888671875,0.4513085937500019
102014,8,count1024,1800,0.6884765625,0.3543359375000017
102014,8,count1024,2000,0.7529296875,0.3034179687500017
102014,8,count1024,2200,0.85546875,0.2071289062500017
102014,8,count1024,2400,0.8896484375,0.1771679687500013
102014,8,count1024,2600,0.9052734375,0.1606250000000012
102014,8,count1024,2800,0.923828125,0.147343750000001
102014,8,count1024,3000,0.9208984375,0.1522070312500012
102014,8,count1024,3200,0.93359375,0.135371093750001
102014,8,count1024,3400,0.939453125,0.1384765625000011
102014,8,count1024,3600,0.9296875,0.1349609375000011
102014,8,count1024,3800,0.931640625,0.1402148437500011
102014,8,count1024,4000,0.935546875,0.1469921875000011
102014,8,count1024,4200,0.9443359375,0.1308984375000009
102014,8,count1024,4400,0.9296875,0.1464843750000011
102014,8,count1024,4600,0.9375,0.1366406250000008
102014,8,count1024,4800,0.9404296875,0.1306640625000009
102014,8,count1024,5000,0.9599609375,0.1142382812500007
102014,8,count1024,5200,0.9541015625,0.1154296875000009
102014,8,count1024,5400,0.962890625,0.1227539062500007
102014,8,count1024,5600,0.9482421875,0.1217382812500009
102014,8,count1024,5800,0.9599609375,0.1249218750000009
102014,8,count1024,6000,0.9599609375,0.1183398437500009
102014,8,count1024,6200,0.9755859375,0.1071679687500008
102014,8,count1024,6400,0.970703125,0.1091210937500007
102014,8,count1024,6600,0.96484375,0.1169531250000008
102014,8,count1024,6800,0.9609375,0.112832031250001
102014,8,count1024,7000,0.9794921875,0.1101367187500006
102014,8,count1024,7200,0.9833984375,0.1057226562500008
102014,8,count1024,7400,0.962890625,0.1271484375000009
102014,8,count1024,7600,0.9716796875,0.1147851562500007
102014,8,count1024,7800,0.974609375,0.1162500000000007
102014,8,count1024,8000,0.9599609375,0.1202734375000007
102014,8,count1024,8200,0.97265625,0.1123828125000008
102014,8,count1024,8400,0.98046875,0.1058398437500008
102014,8,count1024,8600,0.9765625,0.1102539062500007
102014,8,count1024,8800,0.9794921875,0.1119921875000007
102014,8,count1024,9000,0.970703125,0.1182617187500008
102014,8,count1024,9200,0.9794921875,0.1068945312500008
102014,8,count1024,9400,0.958984375,0.1253125000000009
102014,8,count1024,9600,0.9638671875,0.1202929687500008
102014,8,count1024,9800,0.98046875,0.1154101562500007
102014,8,count1024,10000,0.9873046875,0.0999804687500006
102014,8,count1024,10200,0.9755859375,0.1076953125000007
102014,8,count1024,10400,0.9765625,0.1095898437500007
102014,8,count1024,10600,0.982421875,0.1094726562500007
102014,8,count1024,10800,0.9716796875,0.1161914062500008
102014,8,count1024,11000,0.978515625,0.1070117187500007
102014,8,count1024,11200,0.9736328125,0.1084570312500008
102014,8,count1024,11400,0.978515625,0.1056835937500007
102014,8,count1024,11600,0.9765625,0.1085156250000008
102014,8,count1024,11800,0.97265625,0.1049218750000007
102014,8,count1024,12000,0.9833984375,0.1065625000000006
102014,8,count1024,12200,0.97265625,0.1180078125000006
102014,8,count1024,12400,0.9853515625,0.1037109375000006
102014,8,count1024,12600,0.9765625,0.1070312500000008
102014,8,count1024,12800,0.982421875,0.1032617187500006
102014,8,count1024,13000,0.9833984375,0.1035937500000008
102014,8,count1024,13200,0.978515625,0.1043750000000008
102014,8,count1024,13400,0.982421875,0.1056445312500007
102014,8,count1024,13600,0.970703125,0.109667968750001
102014,8,count1024,13800,0.9765625,0.1086132812500008
102014,8,count1024,14000,0.9794921875,0.1052148437500006
102014,8,count1024,14200,0.9775390625,0.1139843750000009
102014,8,count1024,14400,0.9775390625,0.1015234375000006
102014,8,count1024,14600,0.97265625,0.1127539062500008
102014,8,count1024,14800,0.986328125,0.0989843750000006
102014,8,count1024,15000,0.974609375,0.1076367187500007
102014,8,count1024,15200,0.9736328125,0.1034375000000007
102014,8,count1024,15400,0.9599609375,0.1207617187500007
102014,8,count1024,15600,0.9765625,0.1097851562500008
102014,8,count1024,15800,0.974609375,0.1102148437500008
102014,8,count1024,16000,0.9765625,0.1139062500000008
102014,8,count1024,16200,0.982421875,0.1150390625000007
102014,8,count1024,16400,0.986328125,0.1047265625000007
102014,8,count1024,16600,0.9814453125,0.1050195312500007
102014,8,count1024,16800,0.98828125,0.0960546875000007
102014,8,count1024,17000,0.9765625,0.1076562500000007
102014,8,count1024,17200,0.98046875,0.1056054687500006
102014,8,count1024,17400,0.9697265625,0.1118945312500007
102014,8,count1024,17600,0.9677734375,0.1169335937500009
102014,8,count1024,17800,0.96875,0.1146679687500007
102014,8,count1024,18000,0.9736328125,0.1077734375000007
102014,8,count1024,18200,0.9677734375,0.1111523437500007
102014,8,count1024,18400,0.982421875,0.1033593750000006
102014,8,count1024,18600,0.9736328125,0.1060937500000008
102014,8,count1024,18800,0.98046875,0.1028710937500008
102014,8,count1024,19000,0.9833984375,0.1044140625000006
102014,8,count1024,19200,0.9716796875,0.1095507812500008
102014,8,count1024,19400,0.9765625,0.1114062500000009
102014,8,count1024,19600,0.9658203125,0.1120117187500009
102014,8,count1024,19800,0.98046875,0.110644531250001
102014,8,count1024,20000,0.9677734375,0.1102148437500009
102014,7,time150,0,0.263671875,1.0
102014,7,time150,200,0.451171875,0.5683007812499998
102014,7,time150,400,0.4755859375,0.5393554687499998
102014,7,time150,600,0.55859375,0.4596093750000013
102014,7,time150,800,0.6103515625,0.4139843750000018
102014,7,time150,1000,0.67578125,0.3585156250000014
102014,7,time150,1200,0.6943359375,0.3263867187500015
102014,7,time150,1400,0.716796875,0.3165625000000015
102014,7,time150,1600,0.7392578125,0.2878710937500015
102014,7,time150,1800,0.767578125,0.2681445312500015
102014,7,time150,2000,0.755859375,0.2878320312500016
102014,7,time150,2200,0.7890625,0.2607226562500015
102014,7,time150,2400,0.7998046875,0.2472265625000013
102014,7,time150,2600,0.8251953125,0.2213281250000014
102014,7,time150,2800,0.8369140625,0.2083203125000013
102014,7,time150,3000,0.8125,0.2208789062500012
102014,7,time150,3200,0.80859375,0.2223242187500013
102014,7,time150,3400,0.8486328125,0.1963085937500016
102014,7,time150,3600,0.802734375,0.2346289062500015
102014,7,time150,3800,0.8193359375,0.2267578125000012
102014,7,time150,4000,0.783203125,0.2488867187500015
102014,7,time150,4200,0.828125,0.2158203125000013
102014,7,time150,4400,0.8251953125,0.2139062500000014
102014,7,time150,4600,0.833984375,0.2133593750000012
102014,7,time150,4800,0.8447265625,0.1994335937500013
102014,7,time150,5000,0.8447265625,0.2053320312500013
102014,7,time150,5200,0.82421875,0.2210546875000014
102014,7,time150,5400,0.8974609375,0.1594335937500012
102014,7,time150,5600,0.849609375,0.1968554687500012
102014,7,time150,5800,0.8759765625,0.1798437500000011
102014,7,time150,6000,0.876953125,0.1845703125000012
102014,7,time150,6200,0.865234375,0.1851953125000013
102014,7,time150,6400,0.904296875,0.152675781250001
102014,7,time150,6600,0.9013671875,0.1577343750000011
102014,7,time150,6800,0.884765625,0.162617187500001
102014,7,time150,7000,0.8779296875,0.1683398437500013
102014,7,time150,7200,0.88671875,0.1664257812500014
102014,7,time150,7400,0.9111328125,0.1501757812500011
102014,7,time150,7600,0.875,0.1807031250000013
102014,7,time150,7800,0.8603515625,0.1945898437500013
102014,7,time150,8000,0.8623046875,0.183300781250001
102014,7,time150,8200,0.9013671875,0.153984375000001
102014,7,time150,8400,0.8681640625,0.1798242187500012
102014,7,time150,8600,0.875,0.1676562500000012
102014,7,time150,8800,0.875,0.1811132812500012
102014,7,time150,9000,0.8828125,0.1759375000000013
102014,7,time150,9200,0.8916015625,0.1618750000000012
102014,7,time150,9400,0.8701171875,0.1805078125000013
102014,7,time150,9600,0.86328125,0.1871484375000011
102014,7,time150,9800,0.861328125,0.1798242187500012
102014,7,time150,10000,0.884765625,0.1613281250000013
102014,7,time150,10200,0.8828125,0.1614453125000014
102014,7,time150,10400,0.8720703125,0.1804492187500014
102014,7,time150,10600,0.8818359375,0.1677148437500013
102014,7,time150,10800,0.880859375,0.1621093750000011
102014,7,time150,11000,0.8759765625,0.1702539062500011
102014,7,time150,11200,0.890625,0.1578710937500011
102014,7,time150,11400,0.8955078125,0.1636718750000012
102014,7,time150,11600,0.890625,0.1661718750000013
102014,7,time150,11800,0.892578125,0.1652148437500012
102014,7,time150,12000,0.9072265625,0.146464843750001
102014,7,time150,12200,0.91015625,0.1461523437500011
102014,7,time150,12400,0.875,0.1718164062500013
102014,7,time150,12600,0.8828125,0.1769335937500013
102014,7,time150,12800,0.8798828125,0.1730664062500016
102014,7,time150,13000,0.8818359375,0.1723632812500011
102014,7,time150,13200,0.87109375,0.1830468750000013
102014,7,time150,13400,0.869140625,0.1747265625000014
102014,7,time150,13600,0.8447265625,0.1995117187500015
102014,7,time150,13800,0.83984375,0.2121679687500016
102014,7,time150,14000,0.8291015625,0.2026562500000015
102014,7,time150,14200,0.8623046875,0.1764257812500012
102014,7,time150,14400,0.875,0.1698046875000012
102014,7,time150,14600,0.890625,0.1551757812500012
102014,7,time150,14800,0.91015625,0.1506054687500011
102014,7,time150,15000,0.9189453125,0.1435351562500011
102014,7,time150,15200,0.8994140625,0.1619531250000013
102014,7,time150,15400,0.8935546875,0.1622656250000013
102014,7,time150,15600,0.8828125,0.1651562500000011
102014,7,time150,15800,0.888671875,0.1703515625000013
102014,7,time150,16000,0.8984375,0.1543554687500012
102014,7,time150,16200,0.89453125,0.1602148437500014
102014,7,time150,16400,0.8916015625,0.1683984375000011
102014,7,time150,16600,0.8974609375,0.1568164062500011
102014,7,time150,16800,0.8662109375,0.1762500000000013
102014,7,time150,17000,0.88671875,0.1650585937500014
102014,7,time150,17200,0.8818359375,0.1714062500000012
102014,7,time150,17400,0.904296875,0.1503320312500011
102014,7,time150,17600,0.8828125,0.1641015625000013
102014,7,time150,17800,0.8740234375,0.175585937500001
102014,7,time150,18000,0.8857421875,0.1554687500000012
102014,7,time150,18200,0.8818359375,0.1651367187500011
102014,7,time150,18400,0.8642578125,0.180839843750001
102014,7,time150,18600,0.8857421875,0.1716406250000013
102014,7,time150,18800,0.8466796875,0.2090039062500015
102014,7,time150,19000,0.89453125,0.1582812500000012
102014,7,time150,19200,0.8740234375,0.1778125000000012
102014,7,time150,19400,0.8701171875,0.1812109375000011
102014,7,time150,19600,0.880859375,0.1644335937500011
102014,7,time150,19800,0.8671875,0.1853710937500011
102014,7,time150,20000,0.880859375,0.1796093750000011
102014,8,time150,0,0.263671875,1.0
102014,8,time150,200,0.232421875,0.7784765624999986
102014,8,time150,400,0.1875,0.8196289062499987
102014,8,time150,600,0.1796875,0.8327148437499987
102014,8,time150,800,0.201171875,0.8197070312499982
102014,8,time150,1000,0.1904296875,0.8203515624999989
102014,8,time150,1200,0.162109375,0.848085937499999
102014,8,time150,1400,0.21875,0.7890039062499989
102014,8,time150,1600,0.1943359375,0.814902343749999
102014,8,time150,1800,0.26171875,0.7486523437499987
102014,8,time150,2000,0.3740234375,0.6483593749999998
102014,8,time150,2200,0.3876953125,0.6336914062500004
102014,8,time150,2400,0.4931640625,0.5376171875000006
102014,8,time150,2600,0.572265625,0.4506835937500015
102014,8,time150,2800,0.625,0.4033984375000015
102014,8,time150,3000,0.6162109375,0.4076953125000016
102014,8,time150,3200,0.689453125,0.3439257812500013
102014,8,time150,3400,0.7021484375,0.3427343750000014
102014,8,time150,3600,0.755859375,0.2865234375000015
102014,8,time150,3800,0.7333984375,0.3052929687500014
102014,8,time150,4000,0.76171875,0.2650000000000014
102014,8,time150,4200,0.740234375,0.2998828125000016
102014,8,time150,4400,0.7568359375,0.2735156250000013
102014,8,time150,4600,0.7236328125,0.3083984375000016
102014,8,time150,4800,0.7197265625,0.3235351562500015
102014,8,time150,5000,0.712890625,0.3246679687500013
102014,8,time150,5200,0.69921875,0.3312109375000015
102014,8,time150,5400,0.7470703125,0.3006835937500016
102014,8,time150,5600,0.75390625,0.2792382812500013
102014,8,time150,5800,0.7509765625,0.2828906250000015
102014,8,time150,6000,0.759765625,0.2839843750000015
102014,8,time150,6200,0.7314453125,0.2969335937500013
102014,8,time150,6400,0.759765625,0.2814648437500015
102014,8,time150,6600,0.7490234375,0.2887890625000016
102014,8,time150,6800,0.818359375,0.2311132812500014
102014,8,time150,7000,0.81640625,0.2330273437500015
102014,8,time150,7200,0.814453125,0.2306250000000015
102014,8,time150,7400,0.7939453125,0.2592968750000017
102014,8,time150,7600,0.7763671875,0.2601171875000017
102014,8,time150,7800,0.806640625,0.2467187500000015
102014,8,time150,8000,0.7783203125,0.2674609375000014
102014,8,time150,8200,0.751953125,0.2865820312500014
102014,8,time150,8400,0.7666015625,0.2767578125000015
102014,8,time150,8600,0.7939453125,0.2392773437500015
102014,8,time150,8800,0.7724609375,0.2699609375000017
102014,8,time150,9000,0.7666015625,0.2715039062500017
102014,8,time150,9200,0.7529296875,0.2874218750000016
102014,8,time150,9400,0.763671875,0.2774804687500014
102014,8,time150,9600,0.79296875,0.2452539062500012
102014,8,time150,9800,0.7958984375,0.2430468750000016
102014,8,time150,10000,0.8154296875,0.2306640625000013
102014,8,time150,10200,0.7421875,0.2922460937500017
102014,8,time150,10400,0.7255859375,0.2967382812500017
102014,8,time150,10600,0.7705078125,0.2725976562500013
102014,8,time150,10800,0.775390625,0.2549609375000013
102014,8,time150,11000,0.7822265625,0.2637304687500013
102014,8,time150,11200,0.78125,0.2692773437500014
102014,8,time150,11400,0.7626953125,0.2849023437500015
102014,8,time150,11600,0.7353515625,0.2995507812500016
102014,8,time150,11800,0.73828125,0.3040234375000014
102014,8,time150,12000,0.8037109375,0.2437890625000013
102014,8,time150,12200,0.7666015625,0.2722656250000012
102014,8,time150,12400,0.7587890625,0.2857812500000017
102014,8,time150,12600,0.76953125,0.2626171875000012
102014,8,time150,12800,0.7314453125,0.2973242187500015
102014,8,time150,13000,0.7822265625,0.2558007812500015
102014,8,time150,13200,0.763671875,0.2782812500000016
102014,8,time150,13400,0.7900390625,0.2589062500000013
102014,8,time150,13600,0.75390625,0.2793945312500014
102014,8,time150,13800,0.78125,0.2672460937500017
102014,8,time150,14000,0.7998046875,0.2481835937500013
102014,8,time150,14200,0.7841796875,0.2594531250000013
102014,8,time150,14400,0.759765625,0.2794531250000015
102014,8,time150,14600,0.767578125,0.2751171875000015
102014,8,time150,14800,0.76171875,0.2769140625000016
102014,8,time150,15000,0.7900390625,0.2500976562500015
102014,8,time150,15200,0.80078125,0.2431054687500015
102014,8,time150,15400,0.7802734375,0.2695117187500016
102014,8,time150,15600,0.771484375,0.2707226562500017
102014,8,time150,15800,0.7626953125,0.2761523437500014
102014,8,time150,16000,0.775390625,0.2636718750000014
102014,8,time150,16200,0.7646484375,0.2716796875000014
102014,8,time150,16400,0.8017578125,0.2475781250000014
102014,8,time150,16600,0.765625,0.2767578125000017
102014,8,time150,16800,0.78515625,0.2661523437500018
102014,8,time150,17000,0.7734375,0.2668554687500016
102014,8,time150,17200,0.802734375,0.2462890625000014
102014,8,time150,17400,0.7587890625,0.2784375000000015
102014,8,time150,17600,0.7978515625,0.2550000000000014
102014,8,time150,17800,0.7724609375,0.2643945312500013
102014,8,time150,18000,0.7607421875,0.2795898437500016
102014,8,time150,18200,0.732421875,0.3021484375000015
102014,8,time150,18400,0.73046875,0.3076953125000016
102014,8,time150,18600,0.7958984375,0.2539648437500016
102014,8,time150,18800,0.7802734375,0.2655273437500016
102014,8,time150,19000,0.7802734375,0.2577148437500017
102014,8,time150,19200,0.7978515625,0.2445507812500016
102014,8,time150,19400,0.78125,0.2586718750000015
102014,8,time150,19600,0.724609375,0.3148828125000015
102014,8,time150,19800,0.7607421875,0.2733789062500014
102014,8,time150,20000,0.759765625,0.2707421875000016
102014,7,time750,0,0.263671875,1.0
102014,7,time750,200,0.478515625,0.5400976562500002
102014,7,time750,400,0.587890625,0.4427148437500015
102014,7,time750,600,0.744140625,0.2924804687500013
102014,7,time750,800,0.916015625,0.144765625000001
102014,7,time750,1000,0.970703125,0.0961718750000006
102014,7,time750,1200,0.9736328125,0.0985742187500006
102014,7,time750,1400,0.984375,0.0883203125000006
102014,7,time750,1600,0.9892578125,0.0908593750000005
102014,7,time750,1800,0.9951171875,0.0849804687500004
102014,7,time750,2000,0.9931640625,0.0889257812500005
102014,7,time750,2200,0.986328125,0.0874609375000005
102014,7,time750,2400,0.9912109375,0.0866406250000005
102014,7,time750,2600,0.99609375,0.0842187500000005
102014,7,time750,2800,0.9912109375,0.0836718750000005
102014,7,time750,3000,0.9970703125,0.0830664062500003
102014,7,time750,3200,0.9931640625,0.0825781250000004
102014,7,time750,3400,0.9931640625,0.0877539062500006
102014,7,time750,3600,0.9951171875,0.0824414062500004
102014,7,time750,3800,0.9921875,0.0845703125000005
102014,7,time750,4000,0.9970703125,0.0880468750000005
102014,7,time750,4200,0.9951171875,0.0848828125000005
102014,7,time750,4400,0.9931640625,0.0812304687500004
102014,7,time750,4600,0.998046875,0.0850585937500004
102014,7,time750,4800,0.9990234375,0.0855664062500005
102014,7,time750,5000,0.99609375,0.0817578125000004
102014,7,time750,5200,0.998046875,0.0853710937500005
102014,7,time750,5400,0.994140625,0.0895312500000005
102014,7,time750,5600,0.9990234375,0.0843164062500005
102014,7,time750,5800,0.9931640625,0.0863476562500005
102014,7,time750,6000,0.998046875,0.0850195312500004
102014,7,time750,6200,0.9951171875,0.0849804687500005
102014,7,time750,6400,0.9931640625,0.0816796875000004
102014,7,time750,6600,0.9931640625,0.0881054687500005
102014,7,time750,6800,0.9951171875,0.0853710937500004
102014,7,time750,7000,0.998046875,0.0805468750000004
102014,7,time750,7200,1.0,0.0827343750000004
102014,7,time750,7400,0.9970703125,0.0834960937500004
102014,7,time750,7600,0.9951171875,0.0836523437500004
102014,7,time750,7800,0.998046875,0.0817187500000005
102014,7,time750,8000,0.998046875,0.0844531250000004
102014,7,time750,8200,0.99609375,0.0876367187500006
102014,7,time750,8400,0.998046875,0.0848437500000004
102014,7,time750,8600,0.99609375,0.0855468750000005
102014,7,time750,8800,0.9970703125,0.0825976562500005
102014,7,time750,9000,0.9970703125,0.0804296875000003
102014,7,time750,9200,0.9990234375,0.0858789062500005
102014,7,time750,9400,0.99609375,0.0825976562500004
102014,7,time750,9600,0.99609375,0.0846093750000005
102014,7,time750,9800,1.0,0.0829687500000004
102014,7,time750,10000,0.9951171875,0.0836914062500003
102014,7,time750,10200,0.9951171875,0.0876562500000005
102014,7,time750,10400,1.0,0.0837304687500005
102014,7,time750,10600,0.9990234375,0.0825390625000006
102014,7,time750,10800,0.9970703125,0.0862890625000006
102014,7,time750,11000,0.9990234375,0.0847070312500005
102014,7,time750,11200,0.998046875,0.0840625000000004
102014,7,time750,11400,0.99609375,0.0865039062500006
102014,7,time750,11600,0.9970703125,0.0841015625000005
102014,7,time750,11800,0.998046875,0.0834960937500005
102014,7,time750,12000,0.9990234375,0.0819726562500004
102014,7,time750,12200,0.99609375,0.0918750000000007
102014,7,time750,12400,0.9990234375,0.0826562500000005
102014,7,time750,12600,0.998046875,0.0851757812500005
102014,7,time750,12800,0.9990234375,0.0869726562500005
102014,7,time750,13000,1.0,0.0852148437500005
102014,7,time750,13200,0.998046875,0.0831054687500004
102014,7,time750,13400,0.998046875,0.0809960937500004
102014,7,time750,13600,0.9951171875,0.0881445312500005
102014,7,time750,13800,0.9990234375,0.0851171875000005
102014,7,time750,14000,0.9951171875,0.0843554687500004
102014,7,time750,14200,0.998046875,0.0833789062500004
102014,7,time750,14400,0.9990234375,0.0844921875000004
102014,7,time750,14600,0.9990234375,0.0841210937500005
102014,7,time750,14800,0.998046875,0.0845703125000005
102014,7,time750,15000,0.994140625,0.0896875000000006
102014,7,time750,15200,0.9951171875,0.0856054687500004
102014,7,time750,15400,0.9970703125,0.0823828125000004
102014,7,time750,15600,0.998046875,0.0830859375000004
102014,7,time750,15800,0.9990234375,0.0792382812500003
102014,7,time750,16000,0.9951171875,0.0856835937500005
102014,7,time750,16200,0.99609375,0.0889062500000005
102014,7,time750,16400,0.9970703125,0.0876953125000006
102014,7,time750,16600,0.99609375,0.0853906250000004
102014,7,time750,16800,0.9990234375,0.0837109375000004
102014,7,time750,17000,0.9990234375,0.0828906250000004
102014,7,time750,17200,0.998046875,0.0831054687500005
102014,7,time750,17400,0.9970703125,0.0843945312500005
102014,7,time750,17600,0.99609375,0.0825390625000004
102014,7,time750,17800,1.0,0.0836718750000006
102014,7,time750,18000,0.99609375,0.0838867187500005
102014,7,time750,18200,0.9970703125,0.0846679687500006
102014,7,time750,18400,0.9970703125,0.0843164062500004
102014,7,time750,18600,0.9990234375,0.0827929687500005
102014,7,time750,18800,0.9990234375,0.0847656250000004
102014,7,time750,19000,0.9970703125,0.0821875000000005
102014,7,time750,19200,0.998046875,0.0871875000000006
102014,7,time750,19400,0.99609375,0.0851953125000005
102014,7,time750,19600,0.9970703125,0.0885742187500005
102014,7,time750,19800,0.9970703125,0.0842968750000005
102014,7,time750,20000,0.998046875,0.0834375000000006
102014,8,time750,0,0.263671875,1.0
102014,8,time750,200,0.234375,0.778183593749999
102014,8,time750,400,0.1982421875,0.817832031249999
102014,8,time750,600,0.169921875,0.8415039062499992
102014,8,time750,800,0.21875,0.7970703124999992
102014,8,time750,1000,0.29296875,0.7189843750000005
102014,8,time750,1200,0.3779296875,0.6411328125000002
102014,8,time750,1400,0.5009765625,0.5252929687500014
102014,8,time750,1600,0.6171875,0.4278320312500017
102014,8,time750,1800,0.732421875,0.320781250000002
102014,8,time750,2000,0.81640625,0.2392578125000018
102014,8,time750,2200,0.87109375,0.1950585937500015
102014,8,time750,2400,0.8916015625,0.1685351562500016
102014,8,time750,2600,0.90234375,0.1658984375000013
102014,8,time750,2800,0.896484375,0.1705273437500014
102014,8,time750,3000,0.9306640625,0.1437304687500011
102014,8,time750,3200,0.916015625,0.1622265625000012
102014,8,time750,3400,0.904296875,0.1667968750000013
102014,8,time750,3600,0.8955078125,0.1664453125000014
102014,8,time750,3800,0.9130859375,0.1586523437500014
102014,8,time750,4000,0.9169921875,0.1555078125000011
102014,8,time750,4200,0.9306640625,0.1450781250000012
102014,8,time750,4400,0.9326171875,0.1511718750000014
102014,8,time750,4600,0.9638671875,0.1184765625000009
102014,8,time750,4800,0.939453125,0.1308203125000011
102014,8,time750,5000,0.9501953125,0.135234375000001
102014,8,time750,5200,0.9599609375,0.1122656250000007
102014,8,time750,5400,0.958984375,0.1222265625000007
102014,8,time750,5600,0.96484375,0.1114257812500008
102014,8,time750,5800,0.9775390625,0.1159179687500009
102014,8,time750,6000,0.95703125,0.128242187500001
102014,8,time750,6200,0.9619140625,0.1159570312500008
102014,8,time750,6400,0.9658203125,0.1159960937500011
102014,8,time750,6600,0.9619140625,0.1221484375000008
102014,8,time750,6800,0.9501953125,0.1341992187500011
102014,8,time750,7000,0.9560546875,0.1263476562500011
102014,8,time750,7200,0.9560546875,0.134062500000001
102014,8,time750,7400,0.9599609375,0.120136718750001
102014,8,time750,7600,0.970703125,0.1216210937500008
102014,8,time750,7800,0.96875,0.1263281250000008
102014,8,time750,8000,0.9677734375,0.1273632812500009
102014,8,time750,8200,0.9736328125,0.1159179687500008
102014,8,time750,8400,0.962890625,0.1195507812500008
102014,8,time750,8600,0.962890625,0.1189843750000008
102014,8,time750,8800,0.974609375,0.117324218750001
102014,8,time750,9000,0.970703125,0.1231835937500009
102014,8,time750,9200,0.96484375,0.1177343750000007
102014,8,time750,9400,0.96875,0.1081640625000007
102014,8,time750,9600,0.96484375,0.1234570312500007
102014,8,time750,9800,0.9716796875,0.1192968750000009
102014,8,time750,10000,0.9755859375,0.1175781250000009
102014,8,time750,10200,0.9755859375,0.1189843750000007
102014,8,time750,10400,0.984375,0.1108203125000008
102014,8,time750,10600,0.98828125,0.1069140625000007
102014,8,time750,10800,0.9912109375,0.1034765625000007
102014,8,time750,11000,0.9833984375,0.1144335937500008
102014,8,time750,11200,0.9697265625,0.1133007812500007
102014,8,time750,11400,0.9794921875,0.1176367187500008
102014,8,time750,11600,0.9794921875,0.1104687500000008
102014,8,time750,11800,0.9755859375,0.1153125000000008
102014,8,time750,12000,0.9775390625,0.1143554687500007
102014,8,time750,12200,0.97265625,0.1245507812500008
102014,8,time750,12400,0.9794921875,0.1175390625000007
102014,8,time750,12600,0.978515625,0.1102148437500008
102014,8,time750,12800,0.9775390625,0.1148828125000006
102014,8,time750,13000,0.98046875,0.1137500000000008
102014,8,time750,13200,0.9755859375,0.1184179687500006
102014,8,time750,13400,0.9658203125,0.1195898437500009
102014,8,time750,13600,0.9658203125,0.1286523437500009
102014,8,time750,13800,0.9833984375,0.1123828125000009
102014,8,time750,14000,0.9716796875,0.1230468750000007
102014,8,time750,14200,0.9736328125,0.1105273437500008
102014,8,time750,14400,0.970703125,0.1199218750000009
102014,8,time750,14600,0.9775390625,0.1148828125000009
102014,8,time750,14800,0.9833984375,0.1165820312500007
102014,8,time750,15000,0.9736328125,0.1176367187500009
102014,8,time750,15200,0.982421875,0.1150000000000007
102014,8,time750,15400,0.98046875,0.1106640625000007
102014,8,time750,15600,0.9892578125,0.1112304687500008
102014,8,time750,15800,0.9814453125,0.110859375000001
102014,8,time750,16000,0.9853515625,0.1118359375000009
102014,8,time750,16200,0.97265625,0.1184375000000009
102014,8,time750,16400,0.97265625,0.116953125000001
102014,8,time750,16600,0.970703125,0.1194335937500008
102014,8,time750,16800,0.9833984375,0.1142968750000009
102014,8,time750,17000,0.9853515625,0.1189062500000007
102014,8,time750,17200,0.9814453125,0.1140039062500007
102014,8,time750,17400,0.978515625,0.1099609375000007
102014,8,time750,17600,0.96875,0.126367187500001
102014,8,time750,17800,0.9794921875,0.1120117187500007
102014,8,time750,18000,0.9765625,0.1219726562500008
102014,8,time750,18200,0.978515625,0.1133203125000007
102014,8,time750,18400,0.9794921875,0.1170312500000008
102014,8,time750,18600,0.9755859375,0.1156054687500008
102014,8,time750,18800,0.98046875,0.1167773437500008
102014,8,time750,19000,0.970703125,0.1169335937500008
102014,8,time750,19200,0.9814453125,0.1065039062500006
102014,8,time750,19400,0.970703125,0.1256250000000009
102014,8,time750,19600,0.978515625,0.1091601562500006
102014,8,time750,19800,0.98046875,0.1139648437500007
102014,8,time750,20000,0.990234375,0.1101562500000008
102015,7,continuous,0,0.234375,1.0
102015,7,continuous,200,0.431640625,0.5886718749999995
102015,7,continuous,400,0.552734375,0.4661914062500016
102015,7,continuous,600,0.775390625,0.2657031250000017
102015,7,continuous,800,0.9287109375,0.134628906250001
102015,7,continuous,1000,0.98046875,0.0880468750000006
102015,7,continuous,1200,0.984375,0.0887304687500004
102015,7,continuous,1400,0.9970703125,0.0850000000000005
102015,7,continuous,1600,0.99609375,0.0814257812500004
102015,7,continuous,1800,0.9990234375,0.0831640625000005
102015,7,continuous,2000,1.0,0.0840234375000005
102015,7,continuous,2200,0.998046875,0.0823046875000005
102015,7,continuous,2400,0.99609375,0.0825390625000004
102015,7,continuous,2600,0.9951171875,0.0836523437500006
102015,7,continuous,2800,0.99609375,0.0840234375000004
102015,7,continuous,3000,1.0,0.0815820312500004
102015,7,continuous,3200,1.0,0.0875976562500005
102015,7,continuous,3400,0.9990234375,0.0824414062500004
102015,7,continuous,3600,0.9990234375,0.0819726562500004
102015,7,continuous,3800,0.998046875,0.0857421875000004
102015,7,continuous,4000,0.9990234375,0.0845312500000005
102015,7,continuous,4200,0.9990234375,0.0826562500000005
102015,7,continuous,4400,1.0,0.0868554687500004
102015,7,continuous,4600,0.998046875,0.0828710937500003
102015,7,continuous,4800,0.998046875,0.0803710937500004
102015,7,continuous,5000,0.9990234375,0.0842187500000005
102015,7,continuous,5200,1.0,0.0830664062500006
102015,7,continuous,5400,0.998046875,0.0823242187500005
102015,7,continuous,5600,0.9990234375,0.0834765625000005
102015,7,continuous,5800,0.998046875,0.0822070312500004
102015,7,continuous,6000,0.9990234375,0.0841015625000004
102015,7,continuous,6200,0.9990234375,0.0805078125000004
102015,7,continuous,6400,0.9990234375,0.0829101562500005
102015,7,continuous,6600,0.9990234375,0.0857617187500005
102015,7,continuous,6800,1.0,0.0830859375000004
102015,7,continuous,7000,0.99609375,0.0834765625000004
102015,7,continuous,7200,0.998046875,0.0861523437500006
102015,7,continuous,7400,0.9990234375,0.0778125000000004
102015,7,continuous,7600,0.998046875,0.0814648437500004
102015,7,continuous,7800,0.9990234375,0.0853515625000004
102015,7,continuous,8000,0.998046875,0.0853125000000005
102015,7,continuous,8200,0.998046875,0.0840234375000004
102015,7,continuous,8400,0.9990234375,0.0835546875000005
102015,7,continuous,8600,1.0,0.0845898437500005
102015,7,continuous,8800,1.0,0.0877148437500006
102015,7,continuous,9000,0.998046875,0.0818554687500004
102015,7,continuous,9200,0.9990234375,0.0815625000000004
102015,7,continuous,9400,1.0,0.0805078125000004
102015,7,continuous,9600,1.0,0.0838476562500005
102015,7,continuous,9800,0.9990234375,0.0840429687500005
102015,7,continuous,10000,0.9990234375,0.0857421875000006
102015,7,continuous,10200,0.998046875,0.0839453125000005
102015,7,continuous,10400,1.0,0.0814062500000004
102015,7,continuous,10600,0.998046875,0.0846289062500006
102015,7,continuous,10800,1.0,0.0838671875000005
102015,7,continuous,11000,1.0,0.0842578125000005
102015,7,continuous,11200,1.0,0.0821093750000005
102015,7,continuous,11400,0.9990234375,0.0850195312500004
102015,7,continuous,11600,1.0,0.0849023437500005
102015,7,continuous,11800,1.0,0.0858398437500005
102015,7,continuous,12000,0.9990234375,0.0814257812500004
102015,7,continuous,12200,0.998046875,0.0833593750000005
102015,7,continuous,12400,1.0,0.0817382812500004
102015,7,continuous,12600,0.9990234375,0.0848046875000005
102015,7,continuous,12800,0.9990234375,0.0862695312500005
102015,7,continuous,13000,1.0,0.0852734375000005
102015,7,continuous,13200,1.0,0.0845312500000005
102015,7,continuous,13400,0.9970703125,0.0822656250000005
102015,7,continuous,13600,1.0,0.0802929687500005
102015,7,continuous,13800,0.998046875,0.0839843750000005
102015,7,continuous,14000,0.9990234375,0.0844140625000005
102015,7,continuous,14200,1.0,0.0794140625000004
102015,7,continuous,14400,0.9990234375,0.0848046875000004
102015,7,continuous,14600,0.998046875,0.0855078125000006
102015,7,continuous,14800,1.0,0.0869531250000005
102015,7,continuous,15000,1.0,0.0830468750000005
102015,7,continuous,15200,0.9970703125,0.0814257812500004
102015,7,continuous,15400,0.9990234375,0.0848828125000005
102015,7,continuous,15600,0.9990234375,0.0844921875000005
102015,7,continuous,15800,1.0,0.0860156250000006
102015,7,continuous,16000,0.9990234375,0.0837890625000004
102015,7,continuous,16200,0.998046875,0.0858984375000005
102015,7,continuous,16400,0.998046875,0.0839648437500004
102015,7,continuous,16600,1.0,0.0810937500000004
102015,7,continuous,16800,0.9990234375,0.0801367187500004
102015,7,continuous,17000,0.998046875,0.0815039062500004
102015,7,continuous,17200,0.9990234375,0.0867773437500004
102015,7,continuous,17400,0.9990234375,0.0824218750000004
102015,7,continuous,17600,1.0,0.0842968750000004
102015,7,continuous,17800,1.0,0.0825390625000005
102015,7,continuous,18000,0.9990234375,0.0816601562500004
102015,7,continuous,18200,0.998046875,0.0815429687500005
102015,7,continuous,18400,1.0,0.0819140625000005
102015,7,continuous,18600,0.9990234375,0.0849218750000006
102015,7,continuous,18800,1.0,0.0846679687500005
102015,7,continuous,19000,1.0,0.0832421875000004
102015,7,continuous,19200,0.998046875,0.0835546875000004
102015,7,continuous,19400,1.0,0.0822460937500004
102015,7,continuous,19600,0.9990234375,0.0814062500000004
102015,7,continuous,19800,1.0,0.0854492187500005
102015,7,continuous,20000,0.9990234375,0.0842578125000006
102015,8,continuous,0,0.234375,1.0
102015,8,continuous,200,0.228515625,0.7840820312499984
102015,8,continuous,400,0.169921875,0.8432617187499988
102015,8,continuous,600,0.1943359375,0.8168945312499987
102015,8,continuous,800,0.2548828125,0.7608203124999984
102015,8,continuous,1000,0.396484375,0.6381835937499987
102015,8,continuous,1200,0.7314453125,0.3302929687500015
102015,8,continuous,1400,0.916015625,0.1746484375000013
102015,8,continuous,1600,0.970703125,0.1315234375000011
102015,8,continuous,1800,0.98046875,0.1217382812500007
102015,8,continuous,2000,0.986328125,0.1178320312500008
102015,8,continuous,2200,0.98828125,0.1235351562500009
102015,8,continuous,2400,0.984375,0.1183789062500008
102015,8,continuous,2600,0.9951171875,0.1130664062500009
102015,8,continuous,2800,0.9931640625,0.1236718750000007
102015,8,continuous,3000,0.9931640625,0.1197851562500008
102015,8,continuous,3200,0.99609375,0.1220117187500007
102015,8,continuous,3400,0.99609375,0.1192968750000006
102015,8,continuous,3600,0.99609375,0.1222851562500008
102015,8,continuous,3800,0.9912109375,0.1197851562500007
102015,8,continuous,4000,0.9951171875,0.1205664062500008
102015,8,continuous,4200,0.9951171875,0.125742187500001
102015,8,continuous,4400,0.9970703125,0.1256640625000008
102015,8,continuous,4600,0.998046875,0.123164062500001
102015,8,continuous,4800,0.994140625,0.1259960937500009
102015,8,continuous,5000,0.9990234375,0.1299023437500009
102015,8,continuous,5200,0.998046875,0.1222265625000008
102015,8,continuous,5400,0.9990234375,0.126269531250001
102015,8,continuous,5600,0.9951171875,0.1283789062500008
102015,8,continuous,5800,0.9970703125,0.1338281250000009
102015,8,continuous,6000,0.9970703125,0.132148437500001
102015,8,continuous,6200,0.998046875,0.1239843750000009
102015,8,continuous,6400,0.9970703125,0.132324218750001
102015,8,continuous,6600,1.0,0.1262304687500009
102015,8,continuous,6800,0.9990234375,0.1272851562500008
102015,8,continuous,7000,0.9990234375,0.1304296875000011
102015,8,continuous,7200,1.0,0.127734375000001
102015,8,continuous,7400,0.99609375,0.128984375000001
102015,8,continuous,7600,0.9990234375,0.1254687500000009
102015,8,continuous,7800,1.0,0.1354101562500008
102015,8,continuous,8000,0.9990234375,0.1229882812500008
102015,8,continuous,8200,0.998046875,0.135585937500001
102015,8,continuous,8400,0.998046875,0.1289843750000011
102015,8,continuous,8600,0.9951171875,0.1333398437500009
102015,8,continuous,8800,0.998046875,0.1324609375000012
102015,8,continuous,9000,0.9970703125,0.1338867187500011
102015,8,continuous,9200,0.9990234375,0.1390429687500011
102015,8,continuous,9400,0.998046875,0.137324218750001
102015,8,continuous,9600,1.0,0.1330273437500009
102015,8,continuous,9800,0.9990234375,0.1312109375000009
102015,8,continuous,10000,1.0,0.1325585937500009
102015,8,continuous,10200,0.9990234375,0.1381445312500011
102015,8,continuous,10400,0.9990234375,0.1303320312500008
102015,8,continuous,10600,1.0,0.133359375000001
102015,8,continuous,10800,0.9970703125,0.1358984375000011
102015,8,continuous,11000,1.0,0.1358398437500009
102015,8,continuous,11200,1.0,0.1313867187500009
102015,8,continuous,11400,0.9990234375,0.1235546875000009
102015,8,continuous,11600,0.998046875,0.1313867187500009
102015,8,continuous,11800,0.9990234375,0.139375000000001
102015,8,continuous,12000,0.998046875,0.1286132812500008
102015,8,continuous,12200,0.9990234375,0.139316406250001
102015,8,continuous,12400,0.998046875,0.1414843750000009
102015,8,continuous,12600,0.998046875,0.1415234375000011
102015,8,continuous,12800,0.9990234375,0.137148437500001
102015,8,continuous,13000,0.998046875,0.1288671875000009
102015,8,continuous,13200,0.998046875,0.135000000000001
102015,8,continuous,13400,0.9990234375,0.1366796875000008
102015,8,continuous,13600,0.998046875,0.1374218750000012
102015,8,continuous,13800,0.9970703125,0.1447851562500012
102015,8,continuous,14000,0.9990234375,0.1400976562500012
102015,8,continuous,14200,0.9990234375,0.138847656250001
102015,8,continuous,14400,1.0,0.1349218750000008
102015,8,continuous,14600,0.9990234375,0.127832031250001
102015,8,continuous,14800,0.998046875,0.138964843750001
102015,8,continuous,15000,0.99609375,0.142207031250001
102015,8,continuous,15200,0.99609375,0.1393554687500009
102015,8,continuous,15400,0.9990234375,0.1423632812500011
102015,8,continuous,15600,1.0,0.1348828125000009
102015,8,continuous,15800,0.998046875,0.137460937500001
102015,8,continuous,16000,0.9990234375,0.1418945312500012
102015,8,continuous,16200,1.0,0.136757812500001
102015,8,continuous,16400,0.99609375,0.139863281250001
102015,8,continuous,16600,0.998046875,0.1398828125000012
102015,8,continuous,16800,0.9990234375,0.133242187500001
102015,8,continuous,17000,0.998046875,0.141542968750001
102015,8,continuous,17200,0.998046875,0.139414062500001
102015,8,continuous,17400,0.9951171875,0.1423632812500009
102015,8,continuous,17600,0.9990234375,0.144472656250001
102015,8,continuous,17800,0.9970703125,0.1436523437500009
102015,8,continuous,18000,0.99609375,0.1478320312500011
102015,8,continuous,18200,0.9990234375,0.1440820312500011
102015,8,continuous,18400,1.0,0.1471679687500012
102015,8,continuous,18600,1.0,0.1419140625000011
102015,8,continuous,18800,1.0,0.140859375000001
102015,8,continuous,19000,1.0,0.1363671875000012
102015,8,continuous,19200,0.9990234375,0.1426757812500009
102015,8,continuous,19400,0.998046875,0.144394531250001
102015,8,continuous,19600,0.998046875,0.141406250000001
102015,8,continuous,19800,0.9990234375,0.141660156250001
102015,8,continuous,20000,1.0,0.1433398437500011
102015,7,count1024,0,0.234375,1.0
102015,7,count1024,200,0.3935546875,0.6217773437499999
102015,7,count1024,400,0.3984375,0.6182031249999995
102015,7,count1024,600,0.51953125,0.5055273437500009
102015,7,count1024,800,0.529296875,0.4894335937500016
102015,7,count1024,1000,0.650390625,0.3606640625000016
102015,7,count1024,1200,0.6533203125,0.3670117187500017
102015,7,count1024,1400,0.6923828125,0.3411328125000016
102015,7,count1024,1600,0.66015625,0.3711132812500015
102015,7,count1024,1800,0.7138671875,0.3198632812500014
102015,7,count1024,2000,0.6904296875,0.3391015625000016
102015,7,count1024,2200,0.7353515625,0.2969140625000016
102015,7,count1024,2400,0.771484375,0.2753515625000015
102015,7,count1024,2600,0.7958984375,0.2444335937500014
102015,7,count1024,2800,0.763671875,0.2710351562500015
102015,7,count1024,3000,0.7421875,0.2857617187500015
102015,7,count1024,3200,0.76171875,0.2715625000000014
102015,7,count1024,3400,0.7900390625,0.2512500000000015
102015,7,count1024,3600,0.8115234375,0.2433398437500012
102015,7,count1024,3800,0.7939453125,0.2530273437500013
102015,7,count1024,4000,0.8271484375,0.2265625000000015
102015,7,count1024,4200,0.779296875,0.2585351562500015
102015,7,count1024,4400,0.7978515625,0.2478125000000016
102015,7,count1024,4600,0.802734375,0.2360156250000015
102015,7,count1024,4800,0.8193359375,0.2246875000000014
102015,7,count1024,5000,0.7490234375,0.2833789062500013
102015,7,count1024,5200,0.7578125,0.2666796875000014
102015,7,count1024,5400,0.802734375,0.2325976562500015
102015,7,count1024,5600,0.7861328125,0.2544726562500015
102015,7,count1024,5800,0.806640625,0.2438671875000013
102015,7,count1024,6000,0.798828125,0.2358007812500014
102015,7,count1024,6200,0.7958984375,0.2464453125000014
102015,7,count1024,6400,0.7861328125,0.2514843750000013
102015,7,count1024,6600,0.8251953125,0.2185742187500014
102015,7,count1024,6800,0.81640625,0.2326562500000014
102015,7,count1024,7000,0.861328125,0.1890039062500013
102015,7,count1024,7200,0.8203125,0.2215625000000014
102015,7,count1024,7400,0.814453125,0.2218164062500014
102015,7,count1024,7600,0.8203125,0.2226757812500014
102015,7,count1024,7800,0.8427734375,0.2014062500000014
102015,7,count1024,8000,0.8173828125,0.2314648437500016
102015,7,count1024,8200,0.84375,0.2012890625000012
102015,7,count1024,8400,0.828125,0.2159375000000016
102015,7,count1024,8600,0.8095703125,0.2341210937500014
102015,7,count1024,8800,0.80859375,0.2275000000000015
102015,7,count1024,9000,0.8115234375,0.2300195312500015
102015,7,count1024,9200,0.76953125,0.2651953125000016
102015,7,count1024,9400,0.798828125,0.2427343750000015
102015,7,count1024,9600,0.8125,0.2291406250000014
102015,7,count1024,9800,0.837890625,0.2052929687500014
102015,7,count1024,10000,0.8203125,0.2277539062500016
102015,7,count1024,10200,0.8212890625,0.2221093750000015
102015,7,count1024,10400,0.814453125,0.2258593750000012
102015,7,count1024,10600,0.810546875,0.2340039062500015
102015,7,count1024,10800,0.7841796875,0.2525390625000014
102015,7,count1024,11000,0.8115234375,0.2302539062500015
102015,7,count1024,11200,0.818359375,0.2258593750000015
102015,7,count1024,11400,0.814453125,0.2245117187500015
102015,7,count1024,11600,0.8408203125,0.2035351562500012
102015,7,count1024,11800,0.8388671875,0.1990234375000011
102015,7,count1024,12000,0.8232421875,0.2125976562500014
102015,7,count1024,12200,0.810546875,0.2349218750000013
102015,7,count1024,12400,0.8271484375,0.2192382812500014
102015,7,count1024,12600,0.8525390625,0.1953710937500013
102015,7,count1024,12800,0.8720703125,0.1696875000000013
102015,7,count1024,13000,0.8173828125,0.2285937500000013
102015,7,count1024,13200,0.8125,0.2358007812500013
102015,7,count1024,13400,0.8134765625,0.2308007812500015
102015,7,count1024,13600,0.8193359375,0.2279687500000014
102015,7,count1024,13800,0.7607421875,0.2772656250000015
102015,7,count1024,14000,0.8349609375,0.2083398437500013
102015,7,count1024,14200,0.7998046875,0.2412500000000013
102015,7,count1024,14400,0.8408203125,0.2024218750000014
102015,7,count1024,14600,0.8046875,0.2389062500000015
102015,7,count1024,14800,0.8046875,0.2271289062500015
102015,7,count1024,15000,0.83984375,0.2147070312500016
102015,7,count1024,15200,0.8349609375,0.2098632812500012
102015,7,count1024,15400,0.8447265625,0.1959570312500011
102015,7,count1024,15600,0.85546875,0.198085937500001
102015,7,count1024,15800,0.845703125,0.2089648437500015
102015,7,count1024,16000,0.8154296875,0.2230273437500013
102015,7,count1024,16200,0.80859375,0.2262500000000013
102015,7,count1024,16400,0.8369140625,0.2018554687500012
102015,7,count1024,16600,0.8359375,0.2032812500000014
102015,7,count1024,16800,0.8125,0.2303906250000014
102015,7,count1024,17000,0.81640625,0.2170312500000013
102015,7,count1024,17200,0.83203125,0.2089062500000014
102015,7,count1024,17400,0.822265625,0.2304492187500012
102015,7,count1024,17600,0.8427734375,0.2127539062500014
102015,7,count1024,17800,0.833984375,0.2100195312500016
102015,7,count1024,18000,0.8154296875,0.2285156250000013
102015,7,count1024,18200,0.8330078125,0.2159765625000012
102015,7,count1024,18400,0.84375,0.2050976562500014
102015,7,count1024,18600,0.83984375,0.2070117187500015
102015,7,count1024,18800,0.81640625,0.2339648437500016
102015,7,count1024,19000,0.8203125,0.2240039062500014
102015,7,count1024,19200,0.85546875,0.1882617187500012
102015,7,count1024,19400,0.84765625,0.2036132812500016
102015,7,count1024,19600,0.841796875,0.1981250000000014
102015,7,count1024,19800,0.8203125,0.2163476562500012
102015,7,count1024,20000,0.8251953125,0.2265625000000014
102015,8,count1024,0,0.234375,1.0
102015,8,count1024,200,0.228515625,0.7840820312499984
102015,8,count1024,400,0.169921875,0.8432617187499988
102015,8,count1024,600,0.1943359375,0.8168945312499987
102015,8,count1024,800,0.2265625,0.785097656249999
102015,8,count1024,1000,0.3095703125,0.7100781249999993
102015,8,count1024,1200,0.4365234375,0.6009179687499975
102015,8,count1024,1400,0.650390625,0.3990429687500017
102015,8,count1024,1600,0.7666015625,0.2815234375000015
102015,8,count1024,1800,0.8603515625,0.2086718750000016
102015,8,count1024,2000,0.9287109375,0.1525781250000011
102015,8,count1024,2200,0.9267578125,0.1488476562500011
102015,8,count1024,2400,0.9228515625,0.160585937500001
102015,8,count1024,2600,0.935546875,0.1428125000000009
102015,8,count1024,2800,0.91796875,0.1607812500000011
102015,8,count1024,3000,0.9306640625,0.1493359375000011
102015,8,count1024,3200,0.939453125,0.140605468750001
102015,8,count1024,3400,0.94921875,0.138046875000001
102015,8,count1024,3600,0.9521484375,0.1345898437500009
102015,8,count1024,3800,0.958984375,0.1277929687500009
102015,8,count1024,4000,0.955078125,0.1343164062500008
102015,8,count1024,4200,0.9443359375,0.143027343750001
102015,8,count1024,4400,0.939453125,0.1466015625000011
102015,8,count1024,4600,0.9541015625,0.1323437500000011
102015,8,count1024,4800,0.939453125,0.1423437500000009
102015,8,count1024,5000,0.947265625,0.1455273437500009
102015,8,count1024,5200,0.9423828125,0.1394140625000011
102015,8,count1024,5400,0.9560546875,0.1326757812500011
102015,8,count1024,5600,0.943359375,0.1382421875000012
102015,8,count1024,5800,0.9462890625,0.1392187500000011
102015,8,count1024,6000,0.9560546875,0.1383593750000008
102015,8,count1024,6200,0.9560546875,0.1292773437500008
102015,8,count1024,6400,0.958984375,0.1324023437500008
102015,8,count1024,6600,0.951171875,0.1439648437500012
102015,8,count1024,6800,0.9580078125,0.134257812500001
102015,8,count1024,7000,0.94921875,0.1390625000000009
102015,8,count1024,7200,0.958984375,0.135371093750001
102015,8,count1024,7400,0.951171875,0.1347070312500008
102015,8,count1024,7600,0.9599609375,0.1368945312500007
102015,8,count1024,7800,0.9609375,0.1297070312500009
102015,8,count1024,8000,0.951171875,0.1465820312500013
102015,8,count1024,8200,0.939453125,0.1412695312500012
102015,8,count1024,8400,0.9638671875,0.1279687500000009
102015,8,count1024,8600,0.95703125,0.133691406250001
102015,8,count1024,8800,0.9501953125,0.1333398437500009
102015,8,count1024,9000,0.958984375,0.1287890625000009
102015,8,count1024,9200,0.962890625,0.1272070312500008
102015,8,count1024,9400,0.943359375,0.139511718750001
102015,8,count1024,9600,0.9404296875,0.1373828125000009
102015,8,count1024,9800,0.939453125,0.1444726562500011
102015,8,count1024,10000,0.951171875,0.1367578125000009
102015,8,count1024,10200,0.947265625,0.1390625000000011
102015,8,count1024,10400,0.951171875,0.1386914062500009
102015,8,count1024,10600,0.9345703125,0.1507617187500011
102015,8,count1024,10800,0.9462890625,0.1309375000000008
102015,8,count1024,11000,0.951171875,0.1342382812500009
102015,8,count1024,11200,0.9462890625,0.144003906250001
102015,8,count1024,11400,0.9609375,0.1358398437500009
102015,8,count1024,11600,0.955078125,0.134121093750001
102015,8,count1024,11800,0.955078125,0.1359570312500009
102015,8,count1024,12000,0.96484375,0.1247460937500006
102015,8,count1024,12200,0.96484375,0.1268750000000008
102015,8,count1024,12400,0.9404296875,0.1481250000000011
102015,8,count1024,12600,0.9521484375,0.1336523437500009
102015,8,count1024,12800,0.9443359375,0.1400585937500011
102015,8,count1024,13000,0.953125,0.1381445312500012
102015,8,count1024,13200,0.95703125,0.1289843750000009
102015,8,count1024,13400,0.955078125,0.1306445312500008
102015,8,count1024,13600,0.9453125,0.137304687500001
102015,8,count1024,13800,0.974609375,0.1288671875000009
102015,8,count1024,14000,0.9658203125,0.1276367187500009
102015,8,count1024,14200,0.9560546875,0.1301757812500009
102015,8,count1024,14400,0.9541015625,0.135449218750001
102015,8,count1024,14600,0.94921875,0.1383789062500011
102015,8,count1024,14800,0.9599609375,0.132070312500001
102015,8,count1024,15000,0.9580078125,0.134433593750001
102015,8,count1024,15200,0.9599609375,0.1260546875000008
102015,8,count1024,15400,0.9609375,0.1250000000000007
102015,8,count1024,15600,0.9365234375,0.1523242187500012
102015,8,count1024,15800,0.953125,0.134023437500001
102015,8,count1024,16000,0.9521484375,0.1409179687500011
102015,8,count1024,16200,0.951171875,0.131953125000001
102015,8,count1024,16400,0.96484375,0.126640625000001
102015,8,count1024,16600,0.9619140625,0.134492187500001
102015,8,count1024,16800,0.9482421875,0.141054687500001
102015,8,count1024,17000,0.9521484375,0.1366406250000011
102015,8,count1024,17200,0.9541015625,0.1436132812500011
102015,8,count1024,17400,0.9423828125,0.136601562500001
102015,8,count1024,17600,0.970703125,0.1225000000000007
102015,8,count1024,17800,0.9599609375,0.131914062500001
102015,8,count1024,18000,0.966796875,0.1249023437500008
102015,8,count1024,18200,0.958984375,0.1306445312500009
102015,8,count1024,18400,0.95703125,0.1280664062500009
102015,8,count1024,18600,0.962890625,0.1241015625000009
102015,8,count1024,18800,0.9638671875,0.1226367187500008
102015,8,count1024,19000,0.955078125,0.134628906250001
102015,8,count1024,19200,0.9482421875,0.1375195312500009
102015,8,count1024,19400,0.9541015625,0.1415625000000009
102015,8,count1024,19600,0.95703125,0.1350585937500008
102015,8,count1024,19800,0.9658203125,0.1219140625000007
102015,8,count1024,20000,0.9521484375,0.1357421875000008
102015,7,time150,0,0.234375,1.0
102015,7,time150,200,0.4052734375,0.6126171874999997
102015,7,time150,400,0.42578125,0.5888476562500002
102015,7,time150,600,0.5166015625,0.5032031250000014
102015,7,time150,800,0.55078125,0.4660742187500013
102015,7,time150,1000,0.609375,0.4084179687500015
102015,7,time150,1200,0.638671875,0.3834960937500014
102015,7,time150,1400,0.6103515625,0.4095507812500014
102015,7,time150,1600,0.6767578125,0.3554882812500016
102015,7,time150,1800,0.6630859375,0.3737500000000017
102015,7,time150,2000,0.751953125,0.2850195312500016
102015,7,time150,2200,0.7236328125,0.3061914062500014
102015,7,time150,2400,0.73046875,0.3094335937500014
102015,7,time150,2600,0.7333984375,0.3014062500000017
102015,7,time150,2800,0.7529296875,0.2806250000000015
102015,7,time150,3000,0.7353515625,0.3061718750000015
102015,7,time150,3200,0.78515625,0.2570312500000012
102015,7,time150,3400,0.779296875,0.2668554687500014
102015,7,time150,3600,0.7958984375,0.2391015625000016
102015,7,time150,3800,0.8056640625,0.2442578125000014
102015,7,time150,4000,0.7919921875,0.2521289062500016
102015,7,time150,4200,0.740234375,0.2873242187500015
102015,7,time150,4400,0.802734375,0.2373242187500016
102015,7,time150,4600,0.79296875,0.2393164062500013
102015,7,time150,4800,0.8203125,0.2295117187500016
102015,7,time150,5000,0.810546875,0.2304296875000015
102015,7,time150,5200,0.82421875,0.2181640625000015
102015,7,time150,5400,0.8125,0.2343945312500015
102015,7,time150,5600,0.80859375,0.2273242187500012
102015,7,time150,5800,0.8447265625,0.2026367187500013
102015,7,time150,6000,0.794921875,0.2468164062500015
102015,7,time150,6200,0.8369140625,0.2092968750000014
102015,7,time150,6400,0.8134765625,0.2261523437500015
102015,7,time150,6600,0.80078125,0.2287500000000013
102015,7,time150,6800,0.8212890625,0.2308007812500015
102015,7,time150,7000,0.8330078125,0.2150195312500014
102015,7,time150,7200,0.8466796875,0.1993164062500014
102015,7,time150,7400,0.7861328125,0.2557812500000017
102015,7,time150,7600,0.830078125,0.2153515625000014
102015,7,time150,7800,0.806640625,0.2241406250000016
102015,7,time150,8000,0.8193359375,0.2220703125000013
102015,7,time150,8200,0.833984375,0.2061328125000014
102015,7,time150,8400,0.8447265625,0.1990625000000015
102015,7,time150,8600,0.8359375,0.1968945312500012
102015,7,time150,8800,0.7861328125,0.2520703125000017
102015,7,time150,9000,0.8037109375,0.2390234375000014
102015,7,time150,9200,0.791015625,0.2440039062500016
102015,7,time150,9400,0.8291015625,0.2132617187500016
102015,7,time150,9600,0.814453125,0.2329101562500013
102015,7,time150,9800,0.830078125,0.2144140625000014
102015,7,time150,10000,0.8515625,0.1898437500000012
102015,7,time150,10200,0.84375,0.1999804687500013
102015,7,time150,10400,0.869140625,0.1748242187500013
102015,7,time150,10600,0.8671875,0.1770312500000013
102015,7,time150,10800,0.8408203125,0.1966406250000012
102015,7,time150,11000,0.8046875,0.2309179687500014
102015,7,time150,11200,0.8330078125,0.2144140625000013
102015,7,time150,11400,0.8310546875,0.2138281250000016
102015,7,time150,11600,0.8388671875,0.2058593750000014
102015,7,time150,11800,0.7998046875,0.2427148437500012
102015,7,time150,12000,0.8203125,0.2132812500000013
102015,7,time150,12200,0.8125,0.2252148437500013
102015,7,time150,12400,0.828125,0.2173632812500012
102015,7,time150,12600,0.826171875,0.2191210937500013
102015,7,time150,12800,0.8525390625,0.1928125000000013
102015,7,time150,13000,0.8310546875,0.2145703125000012
102015,7,time150,13200,0.8232421875,0.2190039062500014
102015,7,time150,13400,0.8447265625,0.2054492187500015
102015,7,time150,13600,0.8349609375,0.2082421875000015
102015,7,time150,13800,0.8369140625,0.1980078125000015
102015,7,time150,14000,0.830078125,0.2033007812500012
102015,7,time150,14200,0.8662109375,0.1821875000000012
102015,7,time150,14400,0.8466796875,0.1943750000000015
102015,7,time150,14600,0.828125,0.2066992187500013
102015,7,time150,14800,0.83984375,0.2023828125000014
102015,7,time150,15000,0.8369140625,0.2098828125000013
102015,7,time150,15200,0.8310546875,0.2083984375000014
102015,7,time150,15400,0.814453125,0.2312109375000013
102015,7,time150,15600,0.8349609375,0.1978515625000014
102015,7,time150,15800,0.8359375,0.2149609375000014
102015,7,time150,16000,0.8505859375,0.1975390625000017
102015,7,time150,16200,0.8740234375,0.1766210937500011
102015,7,time150,16400,0.841796875,0.1948242187500012
102015,7,time150,16600,0.86328125,0.1761523437500012
102015,7,time150,16800,0.88671875,0.1690625000000011
102015,7,time150,17000,0.85546875,0.1869726562500015
102015,7,time150,17200,0.880859375,0.1726171875000013
102015,7,time150,17400,0.853515625,0.1887304687500014
102015,7,time150,17600,0.8583984375,0.1963867187500013
102015,7,time150,17800,0.8330078125,0.2082031250000014
102015,7,time150,18000,0.8330078125,0.2088085937500014
102015,7,time150,18200,0.80859375,0.2249218750000014
102015,7,time150,18400,0.85546875,0.1995312500000013
102015,7,time150,18600,0.833984375,0.2137695312500013
102015,7,time150,18800,0.8251953125,0.2240820312500014
102015,7,time150,19000,0.84375,0.2021289062500013
102015,7,time150,19200,0.859375,0.1788085937500014
102015,7,time150,19400,0.8740234375,0.1807226562500013
102015,7,time150,19600,0.8388671875,0.1990039062500014
102015,7,time150,19800,0.822265625,0.2246875000000016
102015,7,time150,20000,0.8544921875,0.1820117187500012
102015,8,time150,0,0.234375,1.0
102015,8,time150,200,0.236328125,0.7826562499999985
102015,8,time150,400,0.197265625,0.8154101562499989
102015,8,time150,600,0.1826171875,0.8222265624999987
102015,8,time150,800,0.251953125,0.757070312499999
102015,8,time150,1000,0.294921875,0.7226171874999991
102015,8,time150,1200,0.4111328125,0.6073437499999995
102015,8,time150,1400,0.4990234375,0.5154882812500009
102015,8,time150,1600,0.623046875,0.4118164062500017
102015,8,time150,1800,0.6240234375,0.4057031250000015
102015,8,time150,2000,0.6845703125,0.3437500000000014
102015,8,time150,2200,0.7060546875,0.3251171875000013
102015,8,time150,2400,0.75390625,0.2870898437500015
102015,8,time150,2600,0.787109375,0.2494335937500013
102015,8,time150,2800,0.76953125,0.2690429687500013
102015,8,time150,3000,0.7802734375,0.2577734375000015
102015,8,time150,3200,0.763671875,0.2725000000000014
102015,8,time150,3400,0.767578125,0.2678320312500016
102015,8,time150,3600,0.7431640625,0.3001562500000014
102015,8,time150,3800,0.7412109375,0.2980078125000014
102015,8,time150,4000,0.759765625,0.2650390625000013
102015,8,time150,4200,0.7900390625,0.2422851562500014
102015,8,time150,4400,0.7666015625,0.2715039062500013
102015,8,time150,4600,0.7724609375,0.2742773437500018
102015,8,time150,4800,0.7421875,0.2969140625000015
102015,8,time150,5000,0.771484375,0.2675585937500016
102015,8,time150,5200,0.76171875,0.2723632812500017
102015,8,time150,5400,0.7392578125,0.3023828125000016
102015,8,time150,5600,0.76953125,0.2682812500000016
102015,8,time150,5800,0.7548828125,0.2907812500000015
102015,8,time150,6000,0.8095703125,0.2352148437500014
102015,8,time150,6200,0.77734375,0.2614062500000012
102015,8,time150,6400,0.78515625,0.2570703125000015
102015,8,time150,6600,0.79296875,0.2580273437500014
102015,8,time150,6800,0.7451171875,0.2954687500000015
102015,8,time150,7000,0.8017578125,0.2389453125000014
102015,8,time150,7200,0.775390625,0.2706640625000014
102015,8,time150,7400,0.80078125,0.2360156250000013
102015,8,time150,7600,0.76171875,0.2850000000000016
102015,8,time150,7800,0.7919921875,0.2481445312500014
102015,8,time150,8000,0.8095703125,0.2314648437500014
102015,8,time150,8200,0.7724609375,0.2545507812500014
102015,8,time150,8400,0.728515625,0.3147656250000017
102015,8,time150,8600,0.7763671875,0.2707226562500015
102015,8,time150,8800,0.7685546875,0.2774804687500014
102015,8,time150,9000,0.7861328125,0.2559375000000014
102015,8,time150,9200,0.7880859375,0.2564257812500015
102015,8,time150,9400,0.7939453125,0.2457226562500015
102015,8,time150,9600,0.767578125,0.2687304687500015
102015,8,time150,9800,0.7548828125,0.2776367187500016
102015,8,time150,10000,0.783203125,0.2562304687500014
102015,8,time150,10200,0.802734375,0.2320117187500015
102015,8,time150,10400,0.78125,0.2633007812500015
102015,8,time150,10600,0.720703125,0.3117968750000015
102015,8,time150,10800,0.7509765625,0.2904882812500015
102015,8,time150,11000,0.7607421875,0.2813671875000015
102015,8,time150,11200,0.7578125,0.2853320312500015
102015,8,time150,11400,0.7578125,0.2766796875000013
102015,8,time150,11600,0.7841796875,0.2504101562500013
102015,8,time150,11800,0.779296875,0.2622656250000014
102015,8,time150,12000,0.765625,0.2730859375000014
102015,8,time150,12200,0.755859375,0.2760937500000016
102015,8,time150,12400,0.7724609375,0.2674609375000016
102015,8,time150,12600,0.76953125,0.2646484375000015
102015,8,time150,12800,0.7734375,0.2618359375000015
102015,8,time150,13000,0.8154296875,0.2303515625000013
102015,8,time150,13200,0.8115234375,0.2355078125000013
102015,8,time150,13400,0.7861328125,0.2555468750000013
102015,8,time150,13600,0.8076171875,0.2322656250000012
102015,8,time150,13800,0.8076171875,0.2397265625000012
102015,8,time150,14000,0.7958984375,0.2458593750000015
102015,8,time150,14200,0.78515625,0.2449414062500016
102015,8,time150,14400,0.77734375,0.2652929687500014
102015,8,time150,14600,0.8115234375,0.2272460937500014
102015,8,time150,14800,0.78125,0.2531445312500013
102015,8,time150,15000,0.763671875,0.2715234375000015
102015,8,time150,15200,0.7783203125,0.2672656250000015
102015,8,time150,15400,0.7900390625,0.2489062500000013
102015,8,time150,15600,0.791015625,0.2481640625000014
102015,8,time150,15800,0.8046875,0.2512500000000014
102015,8,time150,16000,0.798828125,0.2404687500000015
102015,8,time150,16200,0.7822265625,0.2542773437500014
102015,8,time150,16400,0.771484375,0.2755664062500016
102015,8,time150,16600,0.7685546875,0.2720507812500015
102015,8,time150,16800,0.8017578125,0.2418359375000014
102015,8,time150,17000,0.775390625,0.2758398437500018
102015,8,time150,17200,0.77734375,0.2679101562500016
102015,8,time150,17400,0.7919921875,0.2444531250000014
102015,8,time150,17600,0.7646484375,0.2792187500000015
102015,8,time150,17800,0.7548828125,0.2823242187500016
102015,8,time150,18000,0.7734375,0.2730273437500015
102015,8,time150,18200,0.8017578125,0.2469140625000015
102015,8,time150,18400,0.748046875,0.2903515625000013
102015,8,time150,18600,0.7470703125,0.2851953125000015
102015,8,time150,18800,0.7646484375,0.2750000000000015
102015,8,time150,19000,0.798828125,0.2454296875000013
102015,8,time150,19200,0.7822265625,0.2596875000000014
102015,8,time150,19400,0.8134765625,0.2403125000000014
102015,8,time150,19600,0.7841796875,0.2586132812500012
102015,8,time150,19800,0.8134765625,0.2326757812500012
102015,8,time150,20000,0.75390625,0.2890234375000017
102015,7,time750,0,0.234375,1.0
102015,7,time750,200,0.431640625,0.5886718749999995
102015,7,time750,400,0.552734375,0.4661914062500016
102015,7,time750,600,0.775390625,0.2657031250000017
102015,7,time750,800,0.921875,0.1388085937500011
102015,7,time750,1000,0.94921875,0.1140234375000008
102015,7,time750,1200,0.958984375,0.1088085937500007
102015,7,time750,1400,0.9755859375,0.0987890625000007
102015,7,time750,1600,0.9716796875,0.1017382812500007
102015,7,time750,1800,0.9814453125,0.0920507812500006
102015,7,time750,2000,0.982421875,0.0910742187500005
102015,7,time750,2200,0.98828125,0.0845312500000004
102015,7,time750,2400,0.986328125,0.0867968750000004
102015,7,time750,2600,0.9892578125,0.0905468750000007
102015,7,time750,2800,0.9892578125,0.0865234375000005
102015,7,time750,3000,0.9970703125,0.0878515625000005
102015,7,time750,3200,0.9990234375,0.0847265625000005
102015,7,time750,3400,0.99609375,0.0795507812500005
102015,7,time750,3600,0.9921875,0.0826953125000004
102015,7,time750,3800,0.9931640625,0.0844531250000006
102015,7,time750,4000,0.99609375,0.0849414062500004
102015,7,time750,4200,0.998046875,0.0871289062500005
102015,7,time750,4400,0.9970703125,0.0838085937500005
102015,7,time750,4600,0.9951171875,0.0839257812500003
102015,7,time750,4800,0.9931640625,0.0891406250000005
102015,7,time750,5000,0.994140625,0.0838671875000004
102015,7,time750,5200,0.99609375,0.0893554687500006
102015,7,time750,5400,0.9990234375,0.0794335937500004
102015,7,time750,5600,0.9990234375,0.0817187500000004
102015,7,time750,5800,0.99609375,0.0892968750000005
102015,7,time750,6000,1.0,0.0823437500000005
102015,7,time750,6200,0.9970703125,0.0869531250000005
102015,7,time750,6400,0.9970703125,0.0787304687500003
102015,7,time750,6600,0.9951171875,0.0818164062500003
102015,7,time750,6800,1.0,0.0843554687500006
102015,7,time750,7000,0.9951171875,0.0869531250000006
102015,7,time750,7200,0.998046875,0.0831250000000004
102015,7,time750,7400,0.9931640625,0.0881835937500005
102015,7,time750,7600,0.99609375,0.0861523437500005
102015,7,time750,7800,0.9970703125,0.0850585937500005
102015,7,time750,8000,0.998046875,0.0774414062500004
102015,7,time750,8200,0.9990234375,0.0874414062500005
102015,7,time750,8400,0.998046875,0.0794335937500004
102015,7,time750,8600,1.0,0.0811132812500004
102015,7,time750,8800,0.9970703125,0.0779296875000003
102015,7,time750,9000,0.9990234375,0.0868164062500005
102015,7,time750,9200,0.9951171875,0.0853515625000005
102015,7,time750,9400,0.9951171875,0.0824804687500004
102015,7,time750,9600,0.998046875,0.0846484375000005
102015,7,time750,9800,0.9970703125,0.0872460937500005
102015,7,time750,10000,0.998046875,0.0865429687500005
102015,7,time750,10200,1.0,0.0832031250000003
102015,7,time750,10400,0.998046875,0.0839453125000004
102015,7,time750,10600,0.998046875,0.0850195312500004
102015,7,time750,10800,0.998046875,0.0861523437500005
102015,7,time750,11000,0.9990234375,0.0787890625000005
102015,7,time750,11200,0.9990234375,0.0842968750000006
102015,7,time750,11400,0.9990234375,0.0851757812500005
102015,7,time750,11600,0.99609375,0.0861914062500004
102015,7,time750,11800,0.998046875,0.0843554687500004
102015,7,time750,12000,1.0,0.0826367187500003
102015,7,time750,12200,0.9970703125,0.0852734375000006
102015,7,time750,12400,0.99609375,0.0865429687500006
102015,7,time750,12600,0.99609375,0.0845898437500005
102015,7,time750,12800,0.998046875,0.0834375000000004
102015,7,time750,13000,0.998046875,0.0802343750000003
102015,7,time750,13200,0.998046875,0.0800585937500003
102015,7,time750,13400,0.9951171875,0.0814062500000004
102015,7,time750,13600,0.998046875,0.0811914062500002
102015,7,time750,13800,0.998046875,0.0834179687500004
102015,7,time750,14000,0.998046875,0.0848828125000005
102015,7,time750,14200,0.9990234375,0.0814257812500004
102015,7,time750,14400,0.9990234375,0.0871679687500005
102015,7,time750,14600,0.9970703125,0.0815820312500004
102015,7,time750,14800,0.998046875,0.0818359375000003
102015,7,time750,15000,0.998046875,0.0835742187500004
102015,7,time750,15200,0.998046875,0.0857421875000004
102015,7,time750,15400,0.9970703125,0.0815820312500005
102015,7,time750,15600,0.998046875,0.0821289062500004
102015,7,time750,15800,0.994140625,0.0894335937500006
102015,7,time750,16000,0.998046875,0.0824804687500004
102015,7,time750,16200,0.998046875,0.0865039062500007
102015,7,time750,16400,0.998046875,0.0877929687500005
102015,7,time750,16600,0.9990234375,0.0840429687500005
102015,7,time750,16800,0.9990234375,0.0817382812500005
102015,7,time750,17000,0.9970703125,0.0852929687500005
102015,7,time750,17200,0.9990234375,0.0854687500000004
102015,7,time750,17400,0.998046875,0.0833984375000005
102015,7,time750,17600,0.9951171875,0.0837500000000004
102015,7,time750,17800,0.9970703125,0.0848437500000005
102015,7,time750,18000,0.9990234375,0.0884179687500006
102015,7,time750,18200,0.998046875,0.0805859375000005
102015,7,time750,18400,1.0,0.0824218750000003
102015,7,time750,18600,0.9990234375,0.0782226562500004
102015,7,time750,18800,0.998046875,0.0852539062500005
102015,7,time750,19000,0.998046875,0.0854492187500005
102015,7,time750,19200,0.9990234375,0.0820312500000005
102015,7,time750,19400,0.9990234375,0.0849804687500005
102015,7,time750,19600,0.998046875,0.0883789062500005
102015,7,time750,19800,0.998046875,0.0884765625000005
102015,7,time750,20000,0.9990234375,0.0882226562500006
102015,8,time750,0,0.234375,1.0
102015,8,time750,200,0.228515625,0.7840820312499984
102015,8,time750,400,0.169921875,0.8432617187499988
102015,8,time750,600,0.1943359375,0.8168945312499987
102015,8,time750,800,0.2685546875,0.7555664062499987
102015,8,time750,1000,0.3662109375,0.6540820312499979
102015,8,time750,1200,0.5849609375,0.4434570312500017
102015,8,time750,1400,0.7138671875,0.3367578125000019
102015,8,time750,1600,0.84765625,0.2209375000000015
102015,8,time750,1800,0.8896484375,0.1808203125000014
102015,8,time750,2000,0.9150390625,0.1590234375000012
102015,8,time750,2200,0.93359375,0.1469335937500009
102015,8,time750,2400,0.9189453125,0.155605468750001
102015,8,time750,2600,0.93359375,0.1426562500000011
102015,8,time750,2800,0.9541015625,0.1304296875000008
102015,8,time750,3000,0.94140625,0.139003906250001
102015,8,time750,3200,0.931640625,0.1518554687500011
102015,8,time750,3400,0.939453125,0.141601562500001
102015,8,time750,3600,0.9443359375,0.1379687500000009
102015,8,time750,3800,0.96875,0.1187695312500008
102015,8,time750,4000,0.9443359375,0.1460742187500012
102015,8,time750,4200,0.951171875,0.1300976562500009
102015,8,time750,4400,0.951171875,0.137070312500001
102015,8,time750,4600,0.9599609375,0.1274414062500009
102015,8,time750,4800,0.953125,0.1338671875000009
102015,8,time750,5000,0.9287109375,0.1514453125000013
102015,8,time750,5200,0.9521484375,0.131679687500001
102015,8,time750,5400,0.9541015625,0.1379296875000011
102015,8,time750,5600,0.953125,0.1322070312500011
102015,8,time750,5800,0.958984375,0.1275000000000009
102015,8,time750,6000,0.947265625,0.135292968750001
102015,8,time750,6200,0.9482421875,0.142363281250001
102015,8,time750,6400,0.9453125,0.1381054687500009
102015,8,time750,6600,0.9453125,0.1383398437500008
102015,8,time750,6800,0.9443359375,0.140351562500001
102015,8,time750,7000,0.970703125,0.1157617187500007
102015,8,time750,7200,0.9560546875,0.1292187500000008
102015,8,time750,7400,0.958984375,0.1241406250000006
102015,8,time750,7600,0.9521484375,0.1286914062500007
102015,8,time750,7800,0.95703125,0.1264453125000007
102015,8,time750,8000,0.9609375,0.127050781250001
102015,8,time750,8200,0.9501953125,0.129414062500001
102015,8,time750,8400,0.9560546875,0.1288671875000009
102015,8,time750,8600,0.9482421875,0.137089843750001
102015,8,time750,8800,0.953125,0.1290625000000008
102015,8,time750,9000,0.9697265625,0.1098242187500008
102015,8,time750,9200,0.9677734375,0.1238085937500009
102015,8,time750,9400,0.953125,0.1321679687500011
102015,8,time750,9600,0.95703125,0.1285351562500009
102015,8,time750,9800,0.9580078125,0.123046875000001
102015,8,time750,10000,0.953125,0.1263085937500009
102015,8,time750,10200,0.951171875,0.133808593750001
102015,8,time750,10400,0.9404296875,0.1330468750000009
102015,8,time750,10600,0.943359375,0.140488281250001
102015,8,time750,10800,0.9443359375,0.1435546875000012
102015,8,time750,11000,0.93359375,0.1455468750000012
102015,8,time750,11200,0.9599609375,0.1285742187500008
102015,8,time750,11400,0.955078125,0.1298046875000008
102015,8,time750,11600,0.962890625,0.1199609375000008
102015,8,time750,11800,0.9638671875,0.1237695312500008
102015,8,time750,12000,0.9609375,0.133144531250001
102015,8,time750,12200,0.96875,0.1197070312500007
102015,8,time750,12400,0.9599609375,0.1264843750000009
102015,8,time750,12600,0.9560546875,0.1300195312500009
102015,8,time750,12800,0.9501953125,0.1362695312500009
102015,8,time750,13000,0.9462890625,0.1344140625000011
102015,8,time750,13200,0.962890625,0.1257421875000008
102015,8,time750,13400,0.939453125,0.139589843750001
102015,8,time750,13600,0.9541015625,0.1278515625000009
102015,8,time750,13800,0.966796875,0.1228515625000009
102015,8,time750,14000,0.95703125,0.1284179687500011
102015,8,time750,14200,0.9580078125,0.1281835937500009
102015,8,time750,14400,0.9482421875,0.1368554687500009
102015,8,time750,14600,0.951171875,0.1309765625000009
102015,8,time750,14800,0.9521484375,0.133496093750001
102015,8,time750,15000,0.9560546875,0.1296875000000009
102015,8,time750,15200,0.9541015625,0.1320312500000009
102015,8,time750,15400,0.9599609375,0.1296875000000009
102015,8,time750,15600,0.95703125,0.1273828125000009
102015,8,time750,15800,0.9443359375,0.1328710937500008
102015,8,time750,16000,0.9560546875,0.129335937500001
102015,8,time750,16200,0.962890625,0.1234375000000008
102015,8,time750,16400,0.958984375,0.124648437500001
102015,8,time750,16600,0.951171875,0.1274023437500009
102015,8,time750,16800,0.9453125,0.142324218750001
102015,8,time750,17000,0.96875,0.1246289062500009
102015,8,time750,17200,0.9638671875,0.1198046875000009
102015,8,time750,17400,0.95703125,0.1308789062500009
102015,8,time750,17600,0.966796875,0.1259375000000008
102015,8,time750,17800,0.9833984375,0.1104296875000007
102015,8,time750,18000,0.95703125,0.137539062500001
102015,8,time750,18200,0.9541015625,0.1247265625000008
102015,8,time750,18400,0.9609375,0.1247656250000008
102015,8,time750,18600,0.9736328125,0.1173046875000009
102015,8,time750,18800,0.9697265625,0.124648437500001
102015,8,time750,19000,0.951171875,0.1297656250000009
102015,8,time750,19200,0.9560546875,0.130390625000001
102015,8,time750,19400,0.94921875,0.1329687500000009
102015,8,time750,19600,0.9453125,0.141972656250001
102015,8,time750,19800,0.9658203125,0.1263867187500008
102015,8,time750,20000,0.9580078125,0.1239062500000007
102016,7,continuous,0,0.2451171875,1.0
102016,7,continuous,200,0.392578125,0.6263867187499994
102016,7,continuous,400,0.5400390625,0.4775585937500017
102016,7,continuous,600,0.73046875,0.3105273437500016
102016,7,continuous,800,0.9208984375,0.1365429687500012
102016,7,continuous,1000,0.984375,0.0910351562500008
102016,7,continuous,1200,0.9892578125,0.0857812500000004
102016,7,continuous,1400,0.9931640625,0.0862500000000006
102016,7,continuous,1600,0.99609375,0.0833203125000005
102016,7,continuous,1800,0.994140625,0.0849023437500005
102016,7,continuous,2000,0.9970703125,0.0859765625000005
102016,7,continuous,2200,0.9951171875,0.0850585937500005
102016,7,continuous,2400,0.9951171875,0.0858007812500006
102016,7,continuous,2600,0.998046875,0.0842187500000004
102016,7,continuous,2800,0.9990234375,0.0875976562500006
102016,7,continuous,3000,1.0,0.0841210937500005
102016,7,continuous,3200,0.998046875,0.0833203125000004
102016,7,continuous,3400,0.9990234375,0.0833398437500004
102016,7,continuous,3600,0.9990234375,0.0858984375000005
102016,7,continuous,3800,1.0,0.0799414062500005
102016,7,continuous,4000,1.0,0.0815234375000004
102016,7,continuous,4200,0.998046875,0.0846289062500006
102016,7,continuous,4400,1.0,0.0820117187500004
102016,7,continuous,4600,1.0,0.0834375000000005
102016,7,continuous,4800,1.0,0.0834960937500005
102016,7,continuous,5000,0.998046875,0.0845507812500004
102016,7,continuous,5200,0.998046875,0.0870117187500004
102016,7,continuous,5400,1.0,0.0842773437500005
102016,7,continuous,5600,0.9990234375,0.0847265625000005
102016,7,continuous,5800,1.0,0.0868164062500005
102016,7,continuous,6000,1.0,0.0860742187500006
102016,7,continuous,6200,0.9990234375,0.0834179687500004
102016,7,continuous,6400,1.0,0.0858789062500005
102016,7,continuous,6600,0.9990234375,0.0866015625000006
102016,7,continuous,6800,0.9990234375,0.0828515625000004
102016,7,continuous,7000,1.0,0.0823242187500004
102016,7,continuous,7200,0.99609375,0.0819921875000005
102016,7,continuous,7400,1.0,0.0825195312500005
102016,7,continuous,7600,1.0,0.0843750000000004
102016,7,continuous,7800,0.998046875,0.0828515625000004
102016,7,continuous,8000,0.998046875,0.0849218750000006
102016,7,continuous,8200,1.0,0.0795703125000003
102016,7,continuous,8400,1.0,0.0821875000000004
102016,7,continuous,8600,1.0,0.0845898437500004
102016,7,continuous,8800,1.0,0.0855859375000005
102016,7,continuous,9000,0.9990234375,0.0840039062500004
102016,7,continuous,9200,1.0,0.0839648437500005
102016,7,continuous,9400,1.0,0.0817187500000005
102016,7,continuous,9600,1.0,0.0836914062500004
102016,7,continuous,9800,1.0,0.0836718750000004
102016,7,continuous,10000,0.9990234375,0.0867382812500006
102016,7,continuous,10200,1.0,0.0809570312500004
102016,7,continuous,10400,0.9970703125,0.0896679687500006
102016,7,continuous,10600,0.9990234375,0.0836132812500006
102016,7,continuous,10800,1.0,0.0837500000000005
102016,7,continuous,11000,0.9990234375,0.0812890625000003
102016,7,continuous,11200,0.9990234375,0.0833398437500006
102016,7,continuous,11400,0.998046875,0.0825195312500004
102016,7,continuous,11600,1.0,0.0797265625000004
102016,7,continuous,11800,1.0,0.0816210937500004
102016,7,continuous,12000,0.9990234375,0.0832812500000004
102016,7,continuous,12200,0.99609375,0.0821875000000004
102016,7,continuous,12400,1.0,0.0835742187500004
102016,7,continuous,12600,1.0,0.0863671875000006
102016,7,continuous,12800,0.9990234375,0.0845507812500005
102016,7,continuous,13000,0.9990234375,0.0861718750000006
102016,7,continuous,13200,1.0,0.0763281250000002
102016,7,continuous,13400,1.0,0.0852343750000006
102016,7,continuous,13600,1.0,0.0805078125000003
102016,7,continuous,13800,0.9970703125,0.0834375000000004
102016,7,continuous,14000,0.998046875,0.0846679687500005
102016,7,continuous,14200,0.9990234375,0.0846679687500004
102016,7,continuous,14400,1.0,0.0832617187500005
102016,7,continuous,14600,0.998046875,0.0836328125000005
102016,7,continuous,14800,0.9970703125,0.0828906250000004
102016,7,continuous,15000,1.0,0.0830664062500004
102016,7,continuous,15200,1.0,0.0818359375000005
102016,7,continuous,15400,0.9990234375,0.0831054687500005
102016,7,continuous,15600,0.9990234375,0.0836328125000004
102016,7,continuous,15800,1.0,0.0885937500000005
102016,7,continuous,16000,0.998046875,0.0833203125000005
102016,7,continuous,16200,0.9990234375,0.0823046875000005
102016,7,continuous,16400,0.9990234375,0.0828906250000004
102016,7,continuous,16600,0.998046875,0.0891210937500006
102016,7,continuous,16800,0.9990234375,0.0801953125000003
102016,7,continuous,17000,1.0,0.0916015625000007
102016,7,continuous,17200,1.0,0.0808593750000004
102016,7,continuous,17400,0.9990234375,0.0809570312500003
102016,7,continuous,17600,1.0,0.0838476562500004
102016,7,continuous,17800,1.0,0.0828125000000006
102016,7,continuous,18000,1.0,0.0829101562500004
102016,7,continuous,18200,0.9990234375,0.0828125000000004
102016,7,continuous,18400,1.0,0.0858007812500005
102016,7,continuous,18600,0.998046875,0.0843750000000005
102016,7,continuous,18800,1.0,0.0893945312500006
102016,7,continuous,19000,0.998046875,0.0866406250000006
102016,7,continuous,19200,0.9970703125,0.0816992187500004
102016,7,continuous,19400,1.0,0.0820117187500004
102016,7,continuous,19600,0.9990234375,0.0817578125000004
102016,7,continuous,19800,1.0,0.0856054687500005
102016,7,continuous,20000,0.9990234375,0.0816015625000004
102016,8,continuous,0,0.2451171875,1.0
102016,8,continuous,200,0.23046875,0.7873632812499988
102016,8,continuous,400,0.18359375,0.829628906249999
102016,8,continuous,600,0.220703125,0.798652343749999
102016,8,continuous,800,0.310546875,0.7116992187499983
102016,8,continuous,1000,0.4404296875,0.5917773437499995
102016,8,continuous,1200,0.6943359375,0.3739648437500018
102016,8,continuous,1400,0.8564453125,0.2335937500000014
102016,8,continuous,1600,0.9580078125,0.1553125000000011
102016,8,continuous,1800,0.9560546875,0.143359375000001
102016,8,continuous,2000,0.970703125,0.1415234375000009
102016,8,continuous,2200,0.9580078125,0.147968750000001
102016,8,continuous,2400,0.9765625,0.1397851562500011
102016,8,continuous,2600,0.982421875,0.1328320312500008
102016,8,continuous,2800,0.98046875,0.1329101562500009
102016,8,continuous,3000,0.9833984375,0.127851562500001
102016,8,continuous,3200,0.990234375,0.1226367187500008
102016,8,continuous,3400,0.9931640625,0.1262890625000009
102016,8,continuous,3600,0.9892578125,0.1322460937500009
102016,8,continuous,3800,0.990234375,0.1254101562500007
102016,8,continuous,4000,0.9931640625,0.1192968750000008
102016,8,continuous,4200,0.9921875,0.1303906250000011
102016,8,continuous,4400,0.99609375,0.1287890625000009
102016,8,continuous,4600,0.998046875,0.1258789062500008
102016,8,continuous,4800,0.99609375,0.1272265625000009
102016,8,continuous,5000,0.99609375,0.132753906250001
102016,8,continuous,5200,0.99609375,0.1273242187500009
102016,8,continuous,5400,0.9970703125,0.1272070312500009
102016,8,continuous,5600,0.9970703125,0.1243359375000009
102016,8,continuous,5800,0.99609375,0.1199023437500008
102016,8,continuous,6000,0.9990234375,0.1238867187500008
102016,8,continuous,6200,0.9990234375,0.1227929687500008
102016,8,continuous,6400,0.9970703125,0.1235937500000008
102016,8,continuous,6600,0.998046875,0.1297070312500008
102016,8,continuous,6800,0.9951171875,0.1285351562500009
102016,8,continuous,7000,0.998046875,0.1336132812500008
102016,8,continuous,7200,0.99609375,0.1361132812500009
102016,8,continuous,7400,0.9990234375,0.1279492187500008
102016,8,continuous,7600,0.9970703125,0.1307421875000008
102016,8,continuous,7800,0.9970703125,0.1347460937500011
102016,8,continuous,8000,1.0,0.130644531250001
102016,8,continuous,8200,0.9970703125,0.1312500000000009
102016,8,continuous,8400,0.9970703125,0.1233593750000008
102016,8,continuous,8600,0.998046875,0.1375000000000009
102016,8,continuous,8800,0.9990234375,0.1334179687500008
102016,8,continuous,9000,0.9970703125,0.133906250000001
102016,8,continuous,9200,0.998046875,0.132968750000001
102016,8,continuous,9400,0.9990234375,0.1259765625000008
102016,8,continuous,9600,0.9990234375,0.1398828125000011
102016,8,continuous,9800,0.998046875,0.1372070312500009
102016,8,continuous,10000,1.0,0.1404882812500011
102016,8,continuous,10200,1.0,0.1293164062500011
102016,8,continuous,10400,0.9990234375,0.1345117187500009
102016,8,continuous,10600,0.9970703125,0.1305078125000008
102016,8,continuous,10800,0.9970703125,0.133769531250001
102016,8,continuous,11000,0.99609375,0.137246093750001
102016,8,continuous,11200,0.99609375,0.134453125000001
102016,8,continuous,11400,0.9970703125,0.1349804687500009
102016,8,continuous,11600,0.9990234375,0.1365625000000008
102016,8,continuous,11800,0.9990234375,0.1406054687500009
102016,8,continuous,12000,0.9990234375,0.134824218750001
102016,8,continuous,12200,0.998046875,0.132734375000001
102016,8,continuous,12400,0.9970703125,0.1304687500000008
102016,8,continuous,12600,0.998046875,0.127792968750001
102016,8,continuous,12800,0.9990234375,0.1386523437500011
102016,8,continuous,13000,0.9990234375,0.1405468750000008
102016,8,continuous,13200,1.0,0.1303710937500009
102016,8,continuous,13400,0.998046875,0.1310937500000008
102016,8,continuous,13600,0.9970703125,0.1386523437500011
102016,8,continuous,13800,1.0,0.130566406250001
102016,8,continuous,14000,0.998046875,0.136542968750001
102016,8,continuous,14200,0.998046875,0.1269531250000008
102016,8,continuous,14400,1.0,0.1306445312500008
102016,8,continuous,14600,0.9990234375,0.1277539062500009
102016,8,continuous,14800,0.9990234375,0.1364648437500012
102016,8,continuous,15000,0.9990234375,0.1277539062500008
102016,8,continuous,15200,0.9990234375,0.1269335937500007
102016,8,continuous,15400,0.998046875,0.137109375000001
102016,8,continuous,15600,0.99609375,0.1347656250000009
102016,8,continuous,15800,0.9970703125,0.1298242187500009
102016,8,continuous,16000,0.9990234375,0.132753906250001
102016,8,continuous,16200,1.0,0.1268945312500008
102016,8,continuous,16400,0.998046875,0.1324804687500008
102016,8,continuous,16600,0.998046875,0.135957031250001
102016,8,continuous,16800,0.9990234375,0.1369335937500012
102016,8,continuous,17000,0.9970703125,0.137070312500001
102016,8,continuous,17200,0.9990234375,0.132070312500001
102016,8,continuous,17400,0.9990234375,0.1304687500000008
102016,8,continuous,17600,0.9990234375,0.136464843750001
102016,8,continuous,17800,0.9990234375,0.1332226562500011
102016,8,continuous,18000,0.998046875,0.1365234375000011
102016,8,continuous,18200,0.9990234375,0.1339453125000009
102016,8,continuous,18400,0.9970703125,0.1406445312500012
102016,8,continuous,18600,0.9990234375,0.1309375000000009
102016,8,continuous,18800,1.0,0.1317187500000009
102016,8,continuous,19000,0.9990234375,0.137285156250001
102016,8,continuous,19200,0.998046875,0.1352148437500009
102016,8,continuous,19400,0.9990234375,0.1328906250000009
102016,8,continuous,19600,1.0,0.1363671875000009
102016,8,continuous,19800,0.998046875,0.1373632812500011
102016,8,continuous,20000,0.9990234375,0.1399609375000012
102016,7,count1024,0,0.2451171875,1.0
102016,7,count1024,200,0.353515625,0.6498242187499997
102016,7,count1024,400,0.4560546875,0.5609375000000004
102016,7,count1024,600,0.484375,0.5205273437500006
102016,7,count1024,800,0.5087890625,0.5110156250000011
102016,7,count1024,1000,0.6083984375,0.4166015625000013
102016,7,count1024,1200,0.6142578125,0.4107031250000015
102016,7,count1024,1400,0.673828125,0.3487109375000015
102016,7,count1024,1600,0.66015625,0.3606835937500015
102016,7,count1024,1800,0.66015625,0.3701171875000017
102016,7,count1024,2000,0.720703125,0.3177929687500015
102016,7,count1024,2200,0.6904296875,0.3398242187500015
102016,7,count1024,2400,0.7021484375,0.3207617187500013
102016,7,count1024,2600,0.73828125,0.2979492187500018
102016,7,count1024,2800,0.7109375,0.3191210937500014
102016,7,count1024,3000,0.7412109375,0.2928320312500016
102016,7,count1024,3200,0.734375,0.3016992187500014
102016,7,count1024,3400,0.7548828125,0.2802343750000013
102016,7,count1024,3600,0.76953125,0.2783398437500014
102016,7,count1024,3800,0.779296875,0.2630664062500015
102016,7,count1024,4000,0.7587890625,0.2822656250000016
102016,7,count1024,4200,0.7470703125,0.2765039062500013
102016,7,count1024,4400,0.76953125,0.2615039062500015
102016,7,count1024,4600,0.7919921875,0.2480859375000015
102016,7,count1024,4800,0.7861328125,0.2593945312500015
102016,7,count1024,5000,0.751953125,0.2827148437500016
102016,7,count1024,5200,0.7265625,0.3121679687500016
102016,7,count1024,5400,0.75390625,0.2811523437500016
102016,7,count1024,5600,0.76171875,0.2676562500000013
102016,7,count1024,5800,0.7529296875,0.2809375000000014
102016,7,count1024,6000,0.7587890625,0.2783007812500014
102016,7,count1024,6200,0.763671875,0.2752148437500016
102016,7,count1024,6400,0.7412109375,0.3008203125000016
102016,7,count1024,6600,0.740234375,0.2930664062500014
102016,7,count1024,6800,0.7919921875,0.2496679687500015
102016,7,count1024,7000,0.78515625,0.2545312500000017
102016,7,count1024,7200,0.779296875,0.2661523437500016
102016,7,count1024,7400,0.7958984375,0.2405468750000014
102016,7,count1024,7600,0.7919921875,0.2449023437500012
102016,7,count1024,7800,0.791015625,0.2492382812500013
102016,7,count1024,8000,0.8310546875,0.2069140625000011
102016,7,count1024,8200,0.765625,0.2755273437500017
102016,7,count1024,8400,0.77734375,0.2602148437500015
102016,7,count1024,8600,0.796875,0.2442187500000013
102016,7,count1024,8800,0.83984375,0.2037500000000013
102016,7,count1024,9000,0.841796875,0.1920117187500017
102016,7,count1024,9200,0.7890625,0.2491406250000013
102016,7,count1024,9400,0.7861328125,0.2574023437500013
102016,7,count1024,9600,0.8134765625,0.2361523437500016
102016,7,count1024,9800,0.82421875,0.2139453125000014
102016,7,count1024,10000,0.8212890625,0.2128320312500014
102016,7,count1024,10200,0.7744140625,0.2516015625000013
102016,7,count1024,10400,0.7919921875,0.2389648437500014
102016,7,count1024,10600,0.8076171875,0.2300195312500013
102016,7,count1024,10800,0.7763671875,0.2587890625000015
102016,7,count1024,11000,0.806640625,0.2339257812500014
102016,7,count1024,11200,0.77734375,0.2602539062500012
102016,7,count1024,11400,0.8115234375,0.2319726562500013
102016,7,count1024,11600,0.8232421875,0.2161523437500012
102016,7,count1024,11800,0.828125,0.2229296875000013
102016,7,count1024,12000,0.8291015625,0.2085156250000014
102016,7,count1024,12200,0.82421875,0.2224804687500014
102016,7,count1024,12400,0.783203125,0.2507031250000014
102016,7,count1024,12600,0.806640625,0.2403320312500013
102016,7,count1024,12800,0.8271484375,0.2160351562500016
102016,7,count1024,13000,0.8076171875,0.2293359375000013
102016,7,count1024,13200,0.787109375,0.2611328125000014
102016,7,count1024,13400,0.8046875,0.2237890625000013
102016,7,count1024,13600,0.8251953125,0.2124023437500014
102016,7,count1024,13800,0.8046875,0.2286523437500014
102016,7,count1024,14000,0.7939453125,0.2394531250000015
102016,7,count1024,14200,0.84375,0.211113281250001
102016,7,count1024,14400,0.7822265625,0.2394531250000014
102016,7,count1024,14600,0.83203125,0.2099218750000013
102016,7,count1024,14800,0.8017578125,0.2369726562500015
102016,7,count1024,15000,0.8193359375,0.2191992187500015
102016,7,count1024,15200,0.8310546875,0.2124218750000013
102016,7,count1024,15400,0.8515625,0.1957812500000013
102016,7,count1024,15600,0.796875,0.2390820312500016
102016,7,count1024,15800,0.791015625,0.2447460937500015
102016,7,count1024,16000,0.796875,0.2395507812500014
102016,7,count1024,16200,0.8115234375,0.2271289062500014
102016,7,count1024,16400,0.8251953125,0.2138476562500014
102016,7,count1024,16600,0.794921875,0.2424218750000016
102016,7,count1024,16800,0.8056640625,0.2396875000000015
102016,7,count1024,17000,0.8349609375,0.2080664062500015
102016,7,count1024,17200,0.796875,0.2418359375000013
102016,7,count1024,17400,0.8349609375,0.2036328125000014
102016,7,count1024,17600,0.8251953125,0.2149414062500013
102016,7,count1024,17800,0.86328125,0.178476562500001
102016,7,count1024,18000,0.8740234375,0.174550781250001
102016,7,count1024,18200,0.853515625,0.1877343750000012
102016,7,count1024,18400,0.830078125,0.2082812500000014
102016,7,count1024,18600,0.8291015625,0.2056835937500012
102016,7,count1024,18800,0.830078125,0.2103125000000015
102016,7,count1024,19000,0.8291015625,0.2191015625000014
102016,7,count1024,19200,0.83984375,0.2077539062500015
102016,7,count1024,19400,0.8251953125,0.2182421875000015
102016,7,count1024,19600,0.8291015625,0.2105468750000013
102016,7,count1024,19800,0.8203125,0.2127343750000013
102016,7,count1024,20000,0.796875,0.2406835937500016
102016,8,count1024,0,0.2451171875,1.0
102016,8,count1024,200,0.23046875,0.7873632812499988
102016,8,count1024,400,0.18359375,0.829628906249999
102016,8,count1024,600,0.220703125,0.798652343749999
102016,8,count1024,800,0.34375,0.6766796874999987
102016,8,count1024,1000,0.53125,0.5066210937500013
102016,8,count1024,1200,0.5888671875,0.4519335937500016
102016,8,count1024,1400,0.7314453125,0.3344921875000017
102016,8,count1024,1600,0.74609375,0.3088476562500018
102016,8,count1024,1800,0.8408203125,0.2258203125000016
102016,8,count1024,2000,0.873046875,0.1993945312500013
102016,8,count1024,2200,0.8701171875,0.1949218750000014
102016,8,count1024,2400,0.841796875,0.2161523437500014
102016,8,count1024,2600,0.83984375,0.2275781250000017
102016,8,count1024,2800,0.888671875,0.1848242187500014
102016,8,count1024,3000,0.8583984375,0.2147070312500015
102016,8,count1024,3200,0.88671875,0.1965429687500014
102016,8,count1024,3400,0.8984375,0.1801367187500012
102016,8,count1024,3600,0.912109375,0.1666210937500012
102016,8,count1024,3800,0.8779296875,0.1921289062500012
102016,8,count1024,4000,0.9150390625,0.1609765625000011
102016,8,count1024,4200,0.9091796875,0.1769140625000015
102016,8,count1024,4400,0.88671875,0.1876367187500016
102016,8,count1024,4600,0.9072265625,0.1693750000000013
102016,8,count1024,4800,0.888671875,0.1904492187500017
102016,8,count1024,5000,0.8798828125,0.1974218750000016
102016,8,count1024,5200,0.8974609375,0.1815039062500015
102016,8,count1024,5400,0.8974609375,0.1772070312500015
102016,8,count1024,5600,0.8876953125,0.1878515625000012
102016,8,count1024,5800,0.892578125,0.1745312500000013
102016,8,count1024,6000,0.8984375,0.1709375000000015
102016,8,count1024,6200,0.8984375,0.1791015625000013
102016,8,count1024,6400,0.908203125,0.1720117187500013
102016,8,count1024,6600,0.931640625,0.155175781250001
102016,8,count1024,6800,0.8896484375,0.1841015625000013
102016,8,count1024,7000,0.8935546875,0.1770117187500015
102016,8,count1024,7200,0.900390625,0.1810156250000014
102016,8,count1024,7400,0.9111328125,0.1721679687500012
102016,8,count1024,7600,0.8974609375,0.1827539062500013
102016,8,count1024,7800,0.9013671875,0.1866210937500016
102016,8,count1024,8000,0.8828125,0.1852929687500015
102016,8,count1024,8200,0.9111328125,0.1718554687500013
102016,8,count1024,8400,0.8828125,0.1951171875000015
102016,8,count1024,8600,0.9111328125,0.1628710937500013
102016,8,count1024,8800,0.904296875,0.1790625000000014
102016,8,count1024,9000,0.896484375,0.1838671875000013
102016,8,count1024,9200,0.90625,0.1716015625000013
102016,8,count1024,9400,0.904296875,0.1846679687500015
102016,8,count1024,9600,0.91015625,0.1694921875000012
102016,8,count1024,9800,0.9013671875,0.1759375000000012
102016,8,count1024,10000,0.919921875,0.1638085937500012
102016,8,count1024,10200,0.91796875,0.1674023437500014
102016,8,count1024,10400,0.931640625,0.1584570312500012
102016,8,count1024,10600,0.904296875,0.1700000000000012
102016,8,count1024,10800,0.916015625,0.1660351562500012
102016,8,count1024,11000,0.8994140625,0.1799804687500012
102016,8,count1024,11200,0.9189453125,0.1572460937500012
102016,8,count1024,11400,0.9189453125,0.1591015625000011
102016,8,count1024,11600,0.90625,0.1741601562500011
102016,8,count1024,11800,0.9248046875,0.1629687500000012
102016,8,count1024,12000,0.92578125,0.1608593750000013
102016,8,count1024,12200,0.9150390625,0.1722460937500012
102016,8,count1024,12400,0.900390625,0.1744335937500012
102016,8,count1024,12600,0.916015625,0.1674804687500015
102016,8,count1024,12800,0.9287109375,0.1595117187500011
102016,8,count1024,13000,0.9384765625,0.157988281250001
102016,8,count1024,13200,0.9345703125,0.1568359375000011
102016,8,count1024,13400,0.916015625,0.1739453125000013
102016,8,count1024,13600,0.90625,0.1666210937500012
102016,8,count1024,13800,0.90625,0.1802734375000015
102016,8,count1024,14000,0.8955078125,0.1864453125000013
102016,8,count1024,14200,0.91796875,0.1651171875000014
102016,8,count1024,14400,0.9169921875,0.1713671875000014
102016,8,count1024,14600,0.90234375,0.1875195312500012
102016,8,count1024,14800,0.9111328125,0.1744335937500014
102016,8,count1024,15000,0.90234375,0.1855859375000015
102016,8,count1024,15200,0.9228515625,0.1586328125000012
102016,8,count1024,15400,0.9208984375,0.1687500000000012
102016,8,count1024,15600,0.919921875,0.1645117187500011
102016,8,count1024,15800,0.9013671875,0.1808398437500013
102016,8,count1024,16000,0.919921875,0.1668164062500013
102016,8,count1024,16200,0.8994140625,0.1810351562500014
102016,8,count1024,16400,0.91015625,0.179941406250001
102016,8,count1024,16600,0.9111328125,0.1710937500000014
102016,8,count1024,16800,0.9169921875,0.1643750000000011
102016,8,count1024,17000,0.9296875,0.1584960937500012
102016,8,count1024,17200,0.9443359375,0.1485937500000012
102016,8,count1024,17400,0.9091796875,0.1723242187500013
102016,8,count1024,17600,0.9169921875,0.162460937500001
102016,8,count1024,17800,0.9453125,0.1395507812500011
102016,8,count1024,18000,0.9091796875,0.1752539062500013
102016,8,count1024,18200,0.9111328125,0.1784179687500013
102016,8,count1024,18400,0.9150390625,0.1619335937500012
102016,8,count1024,18600,0.9052734375,0.1828320312500013
102016,8,count1024,18800,0.931640625,0.1666992187500011
102016,8,count1024,19000,0.931640625,0.1592382812500012
102016,8,count1024,19200,0.91015625,0.1756640625000013
102016,8,count1024,19400,0.919921875,0.1660156250000012
102016,8,count1024,19600,0.9169921875,0.1785546875000013
102016,8,count1024,19800,0.93359375,0.1548046875000011
102016,8,count1024,20000,0.9287109375,0.1528710937500011
102016,7,time150,0,0.2451171875,1.0
102016,7,time150,200,0.376953125,0.630546875
102016,7,time150,400,0.39453125,0.6031054687499989
102016,7,time150,600,0.4755859375,0.5455078125000008
102016,7,time150,800,0.5966796875,0.4196679687500013
102016,7,time150,1000,0.666015625,0.3737109375000012
102016,7,time150,1200,0.6728515625,0.3658789062500014
102016,7,time150,1400,0.720703125,0.3170507812500016
102016,7,time150,1600,0.765625,0.2719921875000014
102016,7,time150,1800,0.7587890625,0.2752148437500014
102016,7,time150,2000,0.7578125,0.2772656250000015
102016,7,time150,2200,0.8037109375,0.2357226562500014
102016,7,time150,2400,0.76953125,0.2678906250000016
102016,7,time150,2600,0.8046875,0.2417382812500015
102016,7,time150,2800,0.7666015625,0.2638281250000015
102016,7,time150,3000,0.7646484375,0.2706835937500015
102016,7,time150,3200,0.7509765625,0.2832421875000014
102016,7,time150,3400,0.7421875,0.2904296875000014
102016,7,time150,3600,0.796875,0.2467773437500014
102016,7,time150,3800,0.787109375,0.2534375000000014
102016,7,time150,4000,0.8056640625,0.2348242187500013
102016,7,time150,4200,0.826171875,0.2100781250000014
102016,7,time150,4400,0.8232421875,0.2117187500000014
102016,7,time150,4600,0.7978515625,0.2383398437500015
102016,7,time150,4800,0.8134765625,0.2232617187500013
102016,7,time150,5000,0.7978515625,0.2373046875000013
102016,7,time150,5200,0.8203125,0.2226953125000014
102016,7,time150,5400,0.8369140625,0.2085351562500014
102016,7,time150,5600,0.830078125,0.2097070312500015
102016,7,time150,5800,0.82421875,0.2249414062500015
102016,7,time150,6000,0.8017578125,0.2317382812500014
102016,7,time150,6200,0.828125,0.2120703125000012
102016,7,time150,6400,0.841796875,0.2050000000000013
102016,7,time150,6600,0.8408203125,0.1986132812500011
102016,7,time150,6800,0.8291015625,0.2092187500000014
102016,7,time150,7000,0.83203125,0.2134179687500015
102016,7,time150,7200,0.830078125,0.2094726562500012
102016,7,time150,7400,0.8212890625,0.2196484375000011
102016,7,time150,7600,0.8134765625,0.2332226562500015
102016,7,time150,7800,0.8369140625,0.2114453125000014
102016,7,time150,8000,0.828125,0.2183789062500014
102016,7,time150,8200,0.826171875,0.2179492187500013
102016,7,time150,8400,0.8349609375,0.2100585937500013
102016,7,time150,8600,0.8515625,0.1959765625000013
102016,7,time150,8800,0.8466796875,0.2014648437500016
102016,7,time150,9000,0.8154296875,0.2164648437500014
102016,7,time150,9200,0.8173828125,0.2239453125000016
102016,7,time150,9400,0.833984375,0.2169726562500015
102016,7,time150,9600,0.8330078125,0.2038671875000014
102016,7,time150,9800,0.8291015625,0.2121093750000014
102016,7,time150,10000,0.828125,0.2113671875000012
102016,7,time150,10200,0.8349609375,0.2055078125000014
102016,7,time150,10400,0.8310546875,0.2084765625000014
102016,7,time150,10600,0.8447265625,0.1974023437500012
102016,7,time150,10800,0.89453125,0.160234375000001
102016,7,time150,11000,0.8505859375,0.1946875000000012
102016,7,time150,11200,0.85546875,0.1908398437500009
102016,7,time150,11400,0.861328125,0.1900390625000013
102016,7,time150,11600,0.87109375,0.178906250000001
102016,7,time150,11800,0.833984375,0.2136328125000013
102016,7,time150,12000,0.8515625,0.1956250000000013
102016,7,time150,12200,0.8564453125,0.1854687500000013
102016,7,time150,12400,0.8408203125,0.2072851562500015
102016,7,time150,12600,0.8759765625,0.1749804687500012
102016,7,time150,12800,0.8603515625,0.1846289062500014
102016,7,time150,13000,0.8623046875,0.1849609375000013
102016,7,time150,13200,0.8564453125,0.2006054687500015
102016,7,time150,13400,0.87109375,0.1815429687500012
102016,7,time150,13600,0.8505859375,0.1938867187500013
102016,7,time150,13800,0.8447265625,0.2012109375000014
102016,7,time150,14000,0.8427734375,0.1992773437500014
102016,7,time150,14200,0.822265625,0.2186132812500014
102016,7,time150,14400,0.8662109375,0.1778710937500012
102016,7,time150,14600,0.845703125,0.1979687500000012
102016,7,time150,14800,0.8427734375,0.1978906250000015
102016,7,time150,15000,0.859375,0.1908398437500015
102016,7,time150,15200,0.8349609375,0.2052148437500016
102016,7,time150,15400,0.83984375,0.2046484375000014
102016,7,time150,15600,0.8525390625,0.1902343750000013
102016,7,time150,15800,0.84375,0.1945507812500014
102016,7,time150,16000,0.8642578125,0.1902539062500013
102016,7,time150,16200,0.8642578125,0.1853320312500012
102016,7,time150,16400,0.8388671875,0.2147460937500013
102016,7,time150,16600,0.8720703125,0.1765625000000013
102016,7,time150,16800,0.8583984375,0.1926953125000013
102016,7,time150,17000,0.84375,0.1944921875000013
102016,7,time150,17200,0.837890625,0.2041015625000015
102016,7,time150,17400,0.8193359375,0.2215429687500011
102016,7,time150,17600,0.869140625,0.1771484375000013
102016,7,time150,17800,0.83984375,0.2082031250000012
102016,7,time150,18000,0.8388671875,0.2070703125000012
102016,7,time150,18200,0.849609375,0.1958984375000012
102016,7,time150,18400,0.853515625,0.1933984375000014
102016,7,time150,18600,0.87109375,0.1851953125000013
102016,7,time150,18800,0.8427734375,0.2045898437500015
102016,7,time150,19000,0.837890625,0.2074023437500013
102016,7,time150,19200,0.876953125,0.1841210937500013
102016,7,time150,19400,0.8701171875,0.1835937500000011
102016,7,time150,19600,0.890625,0.1616210937500013
102016,7,time150,19800,0.845703125,0.1979882812500014
102016,7,time150,20000,0.8603515625,0.1851562500000012
102016,8,time150,0,0.2451171875,1.0
102016,8,time150,200,0.2294921875,0.7814453124999986
102016,8,time150,400,0.1865234375,0.8311132812499988
102016,8,time150,600,0.19921875,0.8127734374999988
102016,8,time150,800,0.2490234375,0.7698632812499985
102016,8,time150,1000,0.2822265625,0.734687499999998
102016,8,time150,1200,0.357421875,0.663613281249998
102016,8,time150,1400,0.4775390625,0.5489843750000005
102016,8,time150,1600,0.52734375,0.5006054687500014
102016,8,time150,1800,0.58984375,0.4501757812500017
102016,8,time150,2000,0.6298828125,0.404843750000002
102016,8,time150,2200,0.6767578125,0.3639062500000015
102016,8,time150,2400,0.734375,0.3147265625000014
102016,8,time150,2600,0.734375,0.3130664062500015
102016,8,time150,2800,0.73046875,0.3206054687500017
102016,8,time150,3000,0.7509765625,0.3043359375000015
102016,8,time150,3200,0.771484375,0.2660742187500015
102016,8,time150,3400,0.7119140625,0.3281640625000015
102016,8,time150,3600,0.7490234375,0.2913867187500014
102016,8,time150,3800,0.7705078125,0.2732031250000016
102016,8,time150,4000,0.78515625,0.2706640625000016
102016,8,time150,4200,0.7861328125,0.2569140625000013
102016,8,time150,4400,0.8037109375,0.2490234375000015
102016,8,time150,4600,0.7724609375,0.2709179687500016
102016,8,time150,4800,0.7783203125,0.2778125000000016
102016,8,time150,5000,0.7958984375,0.2587304687500016
102016,8,time150,5200,0.744140625,0.3040625000000017
102016,8,time150,5400,0.7802734375,0.2754492187500018
102016,8,time150,5600,0.7939453125,0.2589257812500015
102016,8,time150,5800,0.7890625,0.2629687500000015
102016,8,time150,6000,0.76171875,0.2822656250000016
102016,8,time150,6200,0.78125,0.2738867187500016
102016,8,time150,6400,0.787109375,0.2708398437500016
102016,8,time150,6600,0.80078125,0.2516210937500015
102016,8,time150,6800,0.7978515625,0.2631445312500017
102016,8,time150,7000,0.80078125,0.2541015625000017
102016,8,time150,7200,0.76171875,0.2900195312500018
102016,8,time150,7400,0.8173828125,0.2399804687500017
102016,8,time150,7600,0.771484375,0.2879296875000018
102016,8,time150,7800,0.75390625,0.2904492187500017
102016,8,time150,8000,0.8115234375,0.2410742187500017
102016,8,time150,8200,0.748046875,0.2957421875000018
102016,8,time150,8400,0.8251953125,0.2263671875000016
102016,8,time150,8600,0.794921875,0.2559960937500015
102016,8,time150,8800,0.77734375,0.2744921875000016
102016,8,time150,9000,0.7734375,0.2804882812500016
102016,8,time150,9200,0.798828125,0.2575390625000016
102016,8,time150,9400,0.8271484375,0.2210156250000013
102016,8,time150,9600,0.7919921875,0.2555078125000018
102016,8,time150,9800,0.80078125,0.2461914062500016
102016,8,time150,10000,0.7822265625,0.2621679687500015
102016,8,time150,10200,0.810546875,0.2285351562500016
102016,8,time150,10400,0.79296875,0.2585351562500017
102016,8,time150,10600,0.8134765625,0.2358789062500015
102016,8,time150,10800,0.8046875,0.2460742187500017
102016,8,time150,11000,0.8212890625,0.2366015625000015
102016,8,time150,11200,0.7275390625,0.3062304687500015
102016,8,time150,11400,0.775390625,0.2678906250000014
102016,8,time150,11600,0.806640625,0.2486914062500013
102016,8,time150,11800,0.7578125,0.2854296875000016
102016,8,time150,12000,0.7861328125,0.2729101562500017
102016,8,time150,12200,0.7724609375,0.2672070312500015
102016,8,time150,12400,0.7705078125,0.2738281250000015
102016,8,time150,12600,0.7802734375,0.2701367187500017
102016,8,time150,12800,0.798828125,0.2562695312500018
102016,8,time150,13000,0.80078125,0.2537890625000015
102016,8,time150,13200,0.78515625,0.2666992187500017
102016,8,time150,13400,0.78515625,0.2622656250000014
102016,8,time150,13600,0.8076171875,0.2383203125000015
102016,8,time150,13800,0.7685546875,0.2869531250000017
102016,8,time150,14000,0.8232421875,0.2343750000000014
102016,8,time150,14200,0.7724609375,0.2796289062500016
102016,8,time150,14400,0.802734375,0.2452148437500014
102016,8,time150,14600,0.8076171875,0.2473046875000014
102016,8,time150,14800,0.7841796875,0.2680468750000016
102016,8,time150,15000,0.79296875,0.2453710937500014
102016,8,time150,15200,0.7890625,0.2605664062500016
102016,8,time150,15400,0.80859375,0.2406054687500015
102016,8,time150,15600,0.734375,0.2910546875000016
102016,8,time150,15800,0.8369140625,0.2100390625000013
102016,8,time150,16000,0.8037109375,0.2435546875000014
102016,8,time150,16200,0.8056640625,0.2437695312500017
102016,8,time150,16400,0.8037109375,0.2473046875000017
102016,8,time150,16600,0.833984375,0.2254101562500017
102016,8,time150,16800,0.810546875,0.2505859375000018
102016,8,time150,17000,0.7919921875,0.2558593750000017
102016,8,time150,17200,0.7880859375,0.2635351562500016
102016,8,time150,17400,0.7978515625,0.2593750000000016
102016,8,time150,17600,0.8173828125,0.2329101562500011
102016,8,time150,17800,0.802734375,0.2549804687500016
102016,8,time150,18000,0.8046875,0.2511914062500014
102016,8,time150,18200,0.8076171875,0.2452343750000015
102016,8,time150,18400,0.7802734375,0.2693164062500016
102016,8,time150,18600,0.8291015625,0.2259570312500016
102016,8,time150,18800,0.7978515625,0.2492578125000015
102016,8,time150,19000,0.7861328125,0.2623242187500013
102016,8,time150,19200,0.7822265625,0.2648828125000016
102016,8,time150,19400,0.7880859375,0.2556250000000016
102016,8,time150,19600,0.7978515625,0.2499804687500016
102016,8,time150,19800,0.7724609375,0.2834375000000015
102016,8,time150,20000,0.7978515625,0.2577148437500017
102016,7,time750,0,0.2451171875,1.0
102016,7,time750,200,0.392578125,0.6263867187499994
102016,7,time750,400,0.5400390625,0.4775585937500017
102016,7,time750,600,0.73046875,0.3105273437500016
102016,7,time750,800,0.9248046875,0.1331640625000011
102016,7,time750,1000,0.9580078125,0.1073632812500009
102016,7,time750,1200,0.9609375,0.1051757812500009
102016,7,time750,1400,0.982421875,0.0876367187500006
102016,7,time750,1600,0.9814453125,0.0885937500000005
102016,7,time750,1800,0.990234375,0.0846484375000005
102016,7,time750,2000,0.990234375,0.0919726562500007
102016,7,time750,2200,0.986328125,0.0970117187500007
102016,7,time750,2400,0.9912109375,0.0885351562500006
102016,7,time750,2600,0.9931640625,0.0868164062500006
102016,7,time750,2800,0.998046875,0.0858007812500005
102016,7,time750,3000,0.9951171875,0.0857031250000005
102016,7,time750,3200,0.99609375,0.0842187500000005
102016,7,time750,3400,0.9970703125,0.0801562500000004
102016,7,time750,3600,0.99609375,0.0865429687500005
102016,7,time750,3800,0.9931640625,0.0890039062500007
102016,7,time750,4000,0.9970703125,0.0815429687500004
102016,7,time750,4200,0.9951171875,0.0846484375000004
102016,7,time750,4400,0.998046875,0.0796679687500004
102016,7,time750,4600,0.9970703125,0.0852734375000004
102016,7,time750,4800,0.99609375,0.0827539062500005
102016,7,time750,5000,0.998046875,0.0864648437500006
102016,7,time750,5200,0.998046875,0.0872460937500005
102016,7,time750,5400,0.994140625,0.0810546875000003
102016,7,time750,5600,0.9912109375,0.0869531250000005
102016,7,time750,5800,0.99609375,0.0825781250000004
102016,7,time750,6000,0.994140625,0.0825195312500004
102016,7,time750,6200,0.9970703125,0.0854492187500005
102016,7,time750,6400,0.9970703125,0.0885546875000005
102016,7,time750,6600,0.994140625,0.0803906250000005
102016,7,time750,6800,0.994140625,0.0854492187500004
102016,7,time750,7000,0.998046875,0.0828320312500004
102016,7,time750,7200,0.99609375,0.0863671875000005
102016,7,time750,7400,0.99609375,0.0838281250000005
102016,7,time750,7600,0.99609375,0.0851367187500005
102016,7,time750,7800,0.99609375,0.0814062500000003
102016,7,time750,8000,0.998046875,0.0891015625000006
102016,7,time750,8200,0.9921875,0.0885351562500006
102016,7,time750,8400,0.9931640625,0.0829101562500005
102016,7,time750,8600,0.9951171875,0.0838476562500005
102016,7,time750,8800,0.9970703125,0.0833593750000004
102016,7,time750,9000,0.998046875,0.0803906250000004
102016,7,time750,9200,0.994140625,0.0867578125000005
102016,7,time750,9400,0.9931640625,0.0861132812500005
102016,7,time750,9600,0.9970703125,0.0871875000000006
102016,7,time750,9800,1.0,0.0826367187500005
102016,7,time750,10000,0.99609375,0.0854101562500005
102016,7,time750,10200,0.998046875,0.0829687500000004
102016,7,time750,10400,0.9990234375,0.0837500000000004
102016,7,time750,10600,0.99609375,0.0821875000000005
102016,7,time750,10800,0.998046875,0.0882031250000007
102016,7,time750,11000,1.0,0.0830664062500004
102016,7,time750,11200,0.9970703125,0.0858398437500005
102016,7,time750,11400,0.9970703125,0.0836914062500005
102016,7,time750,11600,0.99609375,0.0873242187500005
102016,7,time750,11800,0.998046875,0.0847656250000005
102016,7,time750,12000,0.9990234375,0.0855273437500005
102016,7,time750,12200,0.9990234375,0.0829882812500004
102016,7,time750,12400,0.9970703125,0.0800195312500004
102016,7,time750,12600,0.998046875,0.0858398437500005
102016,7,time750,12800,0.9970703125,0.0858789062500004
102016,7,time750,13000,0.99609375,0.0851953125000005
102016,7,time750,13200,0.9970703125,0.0866406250000005
102016,7,time750,13400,0.998046875,0.0833398437500004
102016,7,time750,13600,0.9931640625,0.0918359375000006
102016,7,time750,13800,0.99609375,0.0866601562500005
102016,7,time750,14000,0.99609375,0.0794140625000004
102016,7,time750,14200,0.998046875,0.0808203125000004
102016,7,time750,14400,0.998046875,0.0822656250000005
102016,7,time750,14600,0.998046875,0.0796093750000003
102016,7,time750,14800,0.9990234375,0.0862304687500005
102016,7,time750,15000,0.9951171875,0.0848437500000004
102016,7,time750,15200,0.994140625,0.0839062500000005
102016,7,time750,15400,0.9970703125,0.0856445312500006
102016,7,time750,15600,0.9990234375,0.0836914062500005
102016,7,time750,15800,0.9970703125,0.0854492187500005
102016,7,time750,16000,0.998046875,0.0859179687500006
102016,7,time750,16200,0.9970703125,0.0858984375000005
102016,7,time750,16400,0.9951171875,0.0868359375000005
102016,7,time750,16600,0.99609375,0.0846679687500004
102016,7,time750,16800,0.99609375,0.0840820312500005
102016,7,time750,17000,0.9990234375,0.0846679687500005
102016,7,time750,17200,0.998046875,0.0840039062500004
102016,7,time750,17400,0.9990234375,0.0854296875000006
102016,7,time750,17600,1.0,0.0850195312500005
102016,7,time750,17800,0.9990234375,0.0812304687500004
102016,7,time750,18000,0.9970703125,0.0892187500000005
102016,7,time750,18200,0.9990234375,0.0869726562500005
102016,7,time750,18400,0.9990234375,0.0857812500000006
102016,7,time750,18600,0.9970703125,0.0832812500000005
102016,7,time750,18800,0.9990234375,0.0835351562500004
102016,7,time750,19000,0.998046875,0.0846289062500005
102016,7,time750,19200,0.9970703125,0.0823828125000004
102016,7,time750,19400,0.9990234375,0.0825585937500005
102016,7,time750,19600,0.998046875,0.0824609375000004
102016,7,time750,19800,1.0,0.0852343750000006
102016,7,time750,20000,0.998046875,0.0890429687500006
102016,8,time750,0,0.2451171875,1.0
102016,8,time750,200,0.23046875,0.7873632812499988
102016,8,time750,400,0.18359375,0.829628906249999
102016,8,time750,600,0.220703125,0.798652343749999
102016,8,time750,800,0.314453125,0.7124414062499984
102016,8,time750,1000,0.390625,0.6354492187499989
102016,8,time750,1200,0.5185546875,0.5170507812500009
102016,8,time750,1400,0.66015625,0.3858203125000012
102016,8,time750,1600,0.75390625,0.3021484375000015
102016,8,time750,1800,0.7900390625,0.2735156250000015
102016,8,time750,2000,0.853515625,0.2186328125000013
102016,8,time750,2200,0.8798828125,0.1978515625000014
102016,8,time750,2400,0.8837890625,0.1849804687500012
102016,8,time750,2600,0.9033203125,0.1745507812500012
102016,8,time750,2800,0.8955078125,0.1853515625000014
102016,8,time750,3000,0.8603515625,0.2042578125000014
102016,8,time750,3200,0.8916015625,0.1910351562500013
102016,8,time750,3400,0.9052734375,0.1729296875000012
102016,8,time750,3600,0.9052734375,0.1707812500000013
102016,8,time750,3800,0.9248046875,0.1587890625000013
102016,8,time750,4000,0.923828125,0.140429687500001
102016,8,time750,4200,0.927734375,0.1544335937500012
102016,8,time750,4400,0.923828125,0.1643750000000014
102016,8,time750,4600,0.943359375,0.1411523437500009
102016,8,time750,4800,0.927734375,0.1471093750000013
102016,8,time750,5000,0.9208984375,0.1528906250000011
102016,8,time750,5200,0.912109375,0.1652148437500014
102016,8,time750,5400,0.9404296875,0.1450000000000013
102016,8,time750,5600,0.9404296875,0.1336523437500009
102016,8,time750,5800,0.9384765625,0.1516601562500013
102016,8,time750,6000,0.9375,0.1425781250000011
102016,8,time750,6200,0.9345703125,0.1453320312500012
102016,8,time750,6400,0.9453125,0.1369140625000011
102016,8,time750,6600,0.931640625,0.1529101562500013
102016,8,time750,6800,0.9541015625,0.1265234375000011
102016,8,time750,7000,0.9599609375,0.1259570312500009
102016,8,time750,7200,0.9482421875,0.1430664062500015
102016,8,time750,7400,0.9560546875,0.1286328125000011
102016,8,time750,7600,0.962890625,0.1251367187500011
102016,8,time750,7800,0.9609375,0.1187304687500009
102016,8,time750,8000,0.95703125,0.1353125000000009
102016,8,time750,8200,0.9609375,0.131074218750001
102016,8,time750,8400,0.96484375,0.1277539062500009
102016,8,time750,8600,0.951171875,0.1364843750000011
102016,8,time750,8800,0.9521484375,0.1440234375000013
102016,8,time750,9000,0.9599609375,0.1379101562500013
102016,8,time750,9200,0.9736328125,0.1186914062500009
102016,8,time750,9400,0.974609375,0.113886718750001
102016,8,time750,9600,0.96875,0.126484375000001
102016,8,time750,9800,0.9716796875,0.1205468750000009
102016,8,time750,10000,0.966796875,0.1220312500000008
102016,8,time750,10200,0.9755859375,0.1208984375000009
102016,8,time750,10400,0.986328125,0.1132226562500007
102016,8,time750,10600,0.96484375,0.120078125000001
102016,8,time750,10800,0.9892578125,0.1108984375000008
102016,8,time750,11000,0.98828125,0.1047070312500007
102016,8,time750,11200,0.982421875,0.1139648437500009
102016,8,time750,11400,0.9765625,0.1138867187500008
102016,8,time750,11600,0.9755859375,0.1134765625000009
102016,8,time750,11800,0.9833984375,0.1086132812500007
102016,8,time750,12000,0.982421875,0.1144335937500008
102016,8,time750,12200,0.9775390625,0.1121679687500009
102016,8,time750,12400,0.9775390625,0.1108398437500007
102016,8,time750,12600,0.98828125,0.1120898437500008
102016,8,time750,12800,0.978515625,0.1209570312500008
102016,8,time750,13000,0.9716796875,0.1222656250000009
102016,8,time750,13200,0.9794921875,0.1169531250000008
102016,8,time750,13400,0.9775390625,0.1079687500000007
102016,8,time750,13600,0.986328125,0.1083203125000008
102016,8,time750,13800,0.9814453125,0.1137695312500008
102016,8,time750,14000,0.96875,0.1281835937500009
102016,8,time750,14200,0.970703125,0.1272070312500008
102016,8,time750,14400,0.9736328125,0.1223046875000009
102016,8,time750,14600,0.9755859375,0.1069726562500008
102016,8,time750,14800,0.984375,0.1063281250000009
102016,8,time750,15000,0.9853515625,0.0987304687500007
102016,8,time750,15200,0.9755859375,0.1130664062500009
102016,8,time750,15400,0.9794921875,0.1121679687500009
102016,8,time750,15600,0.9853515625,0.1069335937500007
102016,8,time750,15800,0.98046875,0.1151562500000007
102016,8,time750,16000,0.97265625,0.1251367187500007
102016,8,time750,16200,0.9736328125,0.1217187500000008
102016,8,time750,16400,0.974609375,0.1147851562500008
102016,8,time750,16600,0.9716796875,0.1165820312500008
102016,8,time750,16800,0.98046875,0.1188867187500009
102016,8,time750,17000,0.9736328125,0.1161132812500006
102016,8,time750,17200,0.9716796875,0.1196093750000008
102016,8,time750,17400,0.978515625,0.118808593750001
102016,8,time750,17600,0.9853515625,0.1084570312500007
102016,8,time750,17800,0.9775390625,0.1141992187500007
102016,8,time750,18000,0.9775390625,0.1117187500000008
102016,8,time750,18200,0.9833984375,0.1133593750000008
102016,8,time750,18400,0.98046875,0.1127539062500005
102016,8,time750,18600,0.9814453125,0.1240234375000009
102016,8,time750,18800,0.98046875,0.1158007812500007
102016,8,time750,19000,0.98046875,0.1089062500000009
102016,8,time750,19200,0.9755859375,0.1158203125000008
102016,8,time750,19400,0.9833984375,0.1131640625000008
102016,8,time750,19600,0.984375,0.1162109375000009
102016,8,time750,19800,0.9775390625,0.1118750000000008
102016,8,time750,20000,0.984375,0.1124414062500009
102017,7,continuous,0,0.2666015625,1.0
102017,7,continuous,200,0.4375,0.5725781249999993
102017,7,continuous,400,0.52734375,0.4776171875000014
102017,7,continuous,600,0.7822265625,0.2643554687500016
102017,7,continuous,800,0.9248046875,0.1377148437500012
102017,7,continuous,1000,0.9755859375,0.0919335937500006
102017,7,continuous,1200,0.986328125,0.0909570312500006
102017,7,continuous,1400,0.9970703125,0.0814648437500003
102017,7,continuous,1600,0.998046875,0.0871289062500005
102017,7,continuous,1800,0.998046875,0.0829882812500005
102017,7,continuous,2000,0.9990234375,0.0817773437500004
102017,7,continuous,2200,0.9970703125,0.0807812500000004
102017,7,continuous,2400,0.9990234375,0.0850390625000005
102017,7,continuous,2600,0.9990234375,0.0820117187500003
102017,7,continuous,2800,1.0,0.0834179687500006
102017,7,continuous,3000,0.9990234375,0.0853710937500006
102017,7,continuous,3200,0.9990234375,0.0811523437500004
102017,7,continuous,3400,0.9990234375,0.0811914062500004
102017,7,continuous,3600,0.9990234375,0.0850000000000005
102017,7,continuous,3800,0.9990234375,0.0783007812500003
102017,7,continuous,4000,0.998046875,0.0813281250000005
102017,7,continuous,4200,0.998046875,0.0857421875000006
102017,7,continuous,4400,0.9990234375,0.0872851562500006
102017,7,continuous,4600,0.9990234375,0.0854101562500006
102017,7,continuous,4800,1.0,0.0781054687500003
102017,7,continuous,5000,0.9990234375,0.0826562500000005
102017,7,continuous,5200,1.0,0.0827734375000005
102017,7,continuous,5400,0.9970703125,0.0836328125000004
102017,7,continuous,5600,0.9990234375,0.0851953125000004
102017,7,continuous,5800,1.0,0.0827343750000005
102017,7,continuous,6000,0.9990234375,0.0841796875000004
102017,7,continuous,6200,0.9951171875,0.0835351562500005
102017,7,continuous,6400,1.0,0.0866210937500004
102017,7,continuous,6600,0.9990234375,0.0831640625000005
102017,7,continuous,6800,0.9990234375,0.0848437500000005
102017,7,continuous,7000,0.9990234375,0.0809765625000005
102017,7,continuous,7200,1.0,0.0824804687500004
102017,7,continuous,7400,0.9970703125,0.0818554687500004
102017,7,continuous,7600,1.0,0.0872265625000006
102017,7,continuous,7800,1.0,0.0804492187500005
102017,7,continuous,8000,0.9990234375,0.0850195312500004
102017,7,continuous,8200,1.0,0.0840234375000004
102017,7,continuous,8400,1.0,0.0803320312500003
102017,7,continuous,8600,1.0,0.0811132812500004
102017,7,continuous,8800,1.0,0.0838085937500005
102017,7,continuous,9000,1.0,0.0806054687500004
102017,7,continuous,9200,1.0,0.0851171875000005
102017,7,continuous,9400,1.0,0.0813281250000004
102017,7,continuous,9600,0.9990234375,0.0835742187500004
102017,7,continuous,9800,1.0,0.0895117187500006
102017,7,continuous,10000,0.9990234375,0.0872070312500005
102017,7,continuous,10200,1.0,0.0817773437500004
102017,7,continuous,10400,1.0,0.0860156250000004
102017,7,continuous,10600,1.0,0.0839453125000004
102017,7,continuous,10800,0.99609375,0.0866406250000004
102017,7,continuous,11000,1.0,0.0849804687500005
102017,7,continuous,11200,0.998046875,0.0786132812500004
102017,7,continuous,11400,1.0,0.0808593750000004
102017,7,continuous,11600,1.0,0.0863085937500005
102017,7,continuous,11800,1.0,0.0830078125000006
102017,7,continuous,12000,0.9970703125,0.0814453125000004
102017,7,continuous,12200,0.9990234375,0.0816796875000004
102017,7,continuous,12400,0.9990234375,0.0858007812500005
102017,7,continuous,12600,1.0,0.0813867187500004
102017,7,continuous,12800,1.0,0.0818554687500004
102017,7,continuous,13000,1.0,0.0833398437500005
102017,7,continuous,13200,0.9990234375,0.0818164062500004
102017,7,continuous,13400,0.998046875,0.0815820312500004
102017,7,continuous,13600,0.99609375,0.0864453125000005
102017,7,continuous,13800,1.0,0.0817773437500005
102017,7,continuous,14000,0.9990234375,0.0810156250000005
102017,7,continuous,14200,1.0,0.0835937500000004
102017,7,continuous,14400,0.9990234375,0.0832226562500005
102017,7,continuous,14600,0.9990234375,0.0827734375000004
102017,7,continuous,14800,0.9990234375,0.0833203125000005
102017,7,continuous,15000,1.0,0.0860546875000004
102017,7,continuous,15200,0.9990234375,0.0857226562500004
102017,7,continuous,15400,1.0,0.0852148437500005
102017,7,continuous,15600,1.0,0.0825390625000005
102017,7,continuous,15800,0.998046875,0.0819335937500004
102017,7,continuous,16000,1.0,0.0836718750000005
102017,7,continuous,16200,1.0,0.0832031250000004
102017,7,continuous,16400,1.0,0.0849023437500004
102017,7,continuous,16600,0.9990234375,0.0854296875000005
102017,7,continuous,16800,0.9990234375,0.0812890625000004
102017,7,continuous,17000,0.9970703125,0.0875585937500004
102017,7,continuous,17200,1.0,0.0851562500000005
102017,7,continuous,17400,0.9990234375,0.0831250000000004
102017,7,continuous,17600,1.0,0.0841601562500005
102017,7,continuous,17800,0.9990234375,0.0887304687500005
102017,7,continuous,18000,1.0,0.0781445312500003
102017,7,continuous,18200,1.0,0.0837109375000005
102017,7,continuous,18400,1.0,0.0879296875000006
102017,7,continuous,18600,1.0,0.0845507812500006
102017,7,continuous,18800,0.9990234375,0.0827343750000004
102017,7,continuous,19000,1.0,0.0831250000000004
102017,7,continuous,19200,1.0,0.0845312500000006
102017,7,continuous,19400,1.0,0.0843164062500004
102017,7,continuous,19600,1.0,0.0830078125000004
102017,7,continuous,19800,0.9970703125,0.0824609375000005
102017,7,continuous,20000,1.0,0.0831640625000005
102017,8,continuous,0,0.2666015625,1.0
102017,8,continuous,200,0.2333984375,0.7779296874999986
102017,8,continuous,400,0.2109375,0.8050585937499987
102017,8,continuous,600,0.2412109375,0.7797265624999996
102017,8,continuous,800,0.31640625,0.7063476562499994
102017,8,continuous,1000,0.4697265625,0.5641796874999995
102017,8,continuous,1200,0.7021484375,0.3601367187500016
102017,8,continuous,1400,0.8583984375,0.2065625000000013
102017,8,continuous,1600,0.93359375,0.1608203125000013
102017,8,continuous,1800,0.9697265625,0.1243750000000008
102017,8,continuous,2000,0.974609375,0.1233593750000008
102017,8,continuous,2200,0.9814453125,0.1233789062500008
102017,8,continuous,2400,0.9814453125,0.124570312500001
102017,8,continuous,2600,0.98828125,0.1198242187500008
102017,8,continuous,2800,0.986328125,0.1179101562500009
102017,8,continuous,3000,0.9931640625,0.1167968750000008
102017,8,continuous,3200,0.9873046875,0.1235937500000008
102017,8,continuous,3400,0.9970703125,0.1185742187500007
102017,8,continuous,3600,0.9912109375,0.1229296875000008
102017,8,continuous,3800,1.0,0.1154882812500008
102017,8,continuous,4000,0.9970703125,0.1150976562500007
102017,8,continuous,4200,0.998046875,0.1177734375000009
102017,8,continuous,4400,0.9970703125,0.1173242187500008
102017,8,continuous,4600,0.9951171875,0.1217578125000008
102017,8,continuous,4800,0.9970703125,0.1178906250000007
102017,8,continuous,5000,0.998046875,0.1213867187500008
102017,8,continuous,5200,0.9931640625,0.1219140625000009
102017,8,continuous,5400,0.998046875,0.1245312500000009
102017,8,continuous,5600,0.9951171875,0.1242773437500008
102017,8,continuous,5800,0.9951171875,0.1232421875000009
102017,8,continuous,6000,0.99609375,0.1197265625000007
102017,8,continuous,6200,0.9951171875,0.1247656250000008
102017,8,continuous,6400,0.9970703125,0.1175976562500009
102017,8,continuous,6600,0.9970703125,0.1225000000000008
102017,8,continuous,6800,0.9970703125,0.1218945312500007
102017,8,continuous,7000,0.998046875,0.1263476562500008
102017,8,continuous,7200,1.0,0.1218945312500009
102017,8,continuous,7400,1.0,0.1219140625000008
102017,8,continuous,7600,0.9990234375,0.1282421875000006
102017,8,continuous,7800,0.9921875,0.1245507812500008
102017,8,continuous,8000,0.99609375,0.1192382812500008
102017,8,continuous,8200,0.9951171875,0.1221875000000009
102017,8,continuous,8400,0.998046875,0.1225585937500007
102017,8,continuous,8600,0.9990234375,0.1226562500000007
102017,8,continuous,8800,0.998046875,0.1268164062500007
102017,8,continuous,9000,0.99609375,0.1232421875000009
102017,8,continuous,9200,0.9990234375,0.1263671875000008
102017,8,continuous,9400,0.9970703125,0.1234570312500009
102017,8,continuous,9600,0.9990234375,0.1278125000000009
102017,8,continuous,9800,0.9990234375,0.1231640625000007
102017,8,continuous,10000,0.998046875,0.1214843750000007
102017,8,continuous,10200,0.9990234375,0.1238867187500009
102017,8,continuous,10400,0.998046875,0.1355273437500008
102017,8,continuous,10600,0.99609375,0.1307617187500009
102017,8,continuous,10800,0.998046875,0.1213671875000007
102017,8,continuous,11000,0.9990234375,0.1220312500000009
102017,8,continuous,11200,1.0,0.1260351562500008
102017,8,continuous,11400,0.998046875,0.1345898437500009
102017,8,continuous,11600,0.9970703125,0.1268945312500008
102017,8,continuous,11800,1.0,0.1180468750000006
102017,8,continuous,12000,0.998046875,0.1313671875000007
102017,8,continuous,12200,0.998046875,0.135351562500001
102017,8,continuous,12400,1.0,0.1235351562500009
102017,8,continuous,12600,0.9970703125,0.1313867187500009
102017,8,continuous,12800,1.0,0.1341015625000009
102017,8,continuous,13000,0.9990234375,0.1240820312500009
102017,8,continuous,13200,0.9990234375,0.1182031250000009
102017,8,continuous,13400,0.9990234375,0.1275976562500009
102017,8,continuous,13600,0.998046875,0.1254492187500008
102017,8,continuous,13800,0.998046875,0.1344921875000009
102017,8,continuous,14000,0.998046875,0.1374218750000011
102017,8,continuous,14200,0.998046875,0.1322656250000008
102017,8,continuous,14400,1.0,0.1309179687500008
102017,8,continuous,14600,0.9990234375,0.1213476562500006
102017,8,continuous,14800,0.9990234375,0.133652343750001
102017,8,continuous,15000,0.998046875,0.1346484375000009
102017,8,continuous,15200,0.9990234375,0.1263476562500009
102017,8,continuous,15400,0.9990234375,0.1290039062500008
102017,8,continuous,15600,0.9970703125,0.1230859375000008
102017,8,continuous,15800,1.0,0.1248242187500007
102017,8,continuous,16000,0.9990234375,0.1260546875000008
102017,8,continuous,16200,0.9990234375,0.1260546875000007
102017,8,continuous,16400,0.9990234375,0.1280664062500007
102017,8,continuous,16600,0.9990234375,0.1315625000000009
102017,8,continuous,16800,1.0,0.129335937500001
102017,8,continuous,17000,0.998046875,0.1362500000000009
102017,8,continuous,17200,0.9990234375,0.1245507812500008
102017,8,continuous,17400,1.0,0.1309179687500008
102017,8,continuous,17600,0.9990234375,0.126894531250001
102017,8,continuous,17800,1.0,0.1217773437500008
102017,8,continuous,18000,1.0,0.129824218750001
102017,8,continuous,18200,0.9970703125,0.1279882812500008
102017,8,continuous,18400,0.9990234375,0.1333593750000009
102017,8,continuous,18600,0.998046875,0.135859375000001
102017,8,continuous,18800,0.9990234375,0.1248632812500008
102017,8,continuous,19000,1.0,0.1285156250000008
102017,8,continuous,19200,0.9951171875,0.1331640625000009
102017,8,continuous,19400,1.0,0.1268164062500008
102017,8,continuous,19600,0.9970703125,0.1281445312500009
102017,8,continuous,19800,1.0,0.1192773437500007
102017,8,continuous,20000,1.0,0.1299804687500007
102017,7,count1024,0,0.2666015625,1.0
102017,7,count1024,200,0.4169921875,0.5985351562499995
102017,7,count1024,400,0.515625,0.511894531250001
102017,7,count1024,600,0.498046875,0.5226953125000005
102017,7,count1024,800,0.5791015625,0.4372265625000016
102017,7,count1024,1000,0.6142578125,0.4125585937500016
102017,7,count1024,1200,0.662109375,0.3641210937500017
102017,7,count1024,1400,0.6689453125,0.3563671875000015
102017,7,count1024,1600,0.6796875,0.3597460937500017
102017,7,count1024,1800,0.7060546875,0.3212500000000017
102017,7,count1024,2000,0.73046875,0.2984570312500013
102017,7,count1024,2200,0.73046875,0.3059375000000016
102017,7,count1024,2400,0.7548828125,0.2900976562500015
102017,7,count1024,2600,0.716796875,0.3274218750000018
102017,7,count1024,2800,0.7431640625,0.2888867187500016
102017,7,count1024,3000,0.767578125,0.2705859375000017
102017,7,count1024,3200,0.763671875,0.2744140625000016
102017,7,count1024,3400,0.759765625,0.2787109375000015
102017,7,count1024,3600,0.7373046875,0.2942773437500013
102017,7,count1024,3800,0.712890625,0.3116992187500016
102017,7,count1024,4000,0.708984375,0.3259179687500015
102017,7,count1024,4200,0.7314453125,0.3118945312500014
102017,7,count1024,4400,0.763671875,0.2790625000000013
102017,7,count1024,4600,0.734375,0.2904296875000017
102017,7,count1024,4800,0.744140625,0.2922265625000014
102017,7,count1024,5000,0.74609375,0.2930664062500016
102017,7,count1024,5200,0.80859375,0.2339453125000016
102017,7,count1024,5400,0.775390625,0.2639648437500014
102017,7,count1024,5600,0.7734375,0.2684765625000016
102017,7,count1024,5800,0.7734375,0.2597460937500012
102017,7,count1024,6000,0.7734375,0.2592382812500017
102017,7,count1024,6200,0.7705078125,0.2706250000000018
102017,7,count1024,6400,0.7578125,0.2733203125000018
102017,7,count1024,6600,0.76171875,0.2688867187500015
102017,7,count1024,6800,0.7470703125,0.2976953125000017
102017,7,count1024,7000,0.775390625,0.2636328125000015
102017,7,count1024,7200,0.8037109375,0.2414062500000014
102017,7,count1024,7400,0.818359375,0.2282226562500015
102017,7,count1024,7600,0.7861328125,0.2425585937500014
102017,7,count1024,7800,0.810546875,0.2325781250000015
102017,7,count1024,8000,0.787109375,0.2534765625000014
102017,7,count1024,8200,0.78125,0.2554296875000013
102017,7,count1024,8400,0.7548828125,0.2777734375000013
102017,7,count1024,8600,0.7607421875,0.2791406250000014
102017,7,count1024,8800,0.7880859375,0.2497656250000014
102017,7,count1024,9000,0.765625,0.2709960937500016
102017,7,count1024,9200,0.78125,0.2639257812500013
102017,7,count1024,9400,0.7763671875,0.2518359375000013
102017,7,count1024,9600,0.73828125,0.2964453125000014
102017,7,count1024,9800,0.7783203125,0.2591601562500016
102017,7,count1024,10000,0.7783203125,0.2631445312500014
102017,7,count1024,10200,0.7861328125,0.2535546875000013
102017,7,count1024,10400,0.7685546875,0.2636718750000017
102017,7,count1024,10600,0.7822265625,0.2624609375000014
102017,7,count1024,10800,0.79296875,0.2424804687500013
102017,7,count1024,11000,0.76953125,0.2704101562500014
102017,7,count1024,11200,0.7890625,0.2404687500000015
102017,7,count1024,11400,0.7958984375,0.2527343750000013
102017,7,count1024,11600,0.794921875,0.2369140625000012
102017,7,count1024,11800,0.818359375,0.2239843750000015
102017,7,count1024,12000,0.77734375,0.2685351562500015
102017,7,count1024,12200,0.7822265625,0.2577929687500014
102017,7,count1024,12400,0.76171875,0.2791210937500013
102017,7,count1024,12600,0.7783203125,0.2570507812500015
102017,7,count1024,12800,0.783203125,0.2650195312500016
102017,7,count1024,13000,0.7841796875,0.2515234375000015
102017,7,count1024,13200,0.8212890625,0.2281835937500016
102017,7,count1024,13400,0.7998046875,0.2343750000000014
102017,7,count1024,13600,0.7939453125,0.2431250000000014
102017,7,count1024,13800,0.7783203125,0.2599218750000015
102017,7,count1024,14000,0.7763671875,0.2575000000000013
102017,7,count1024,14200,0.7998046875,0.2374218750000012
102017,7,count1024,14400,0.806640625,0.2322070312500013
102017,7,count1024,14600,0.8095703125,0.2264062500000013
102017,7,count1024,14800,0.7841796875,0.2421679687500014
102017,7,count1024,15000,0.7978515625,0.2349804687500017
102017,7,count1024,15200,0.8154296875,0.2190039062500015
102017,7,count1024,15400,0.78515625,0.2573632812500013
102017,7,count1024,15600,0.810546875,0.2349804687500017
102017,7,count1024,15800,0.7919921875,0.2386523437500016
102017,7,count1024,16000,0.765625,0.2767578125000015
102017,7,count1024,16200,0.7861328125,0.2585742187500014
102017,7,count1024,16400,0.8115234375,0.2291796875000013
102017,7,count1024,16600,0.7978515625,0.2476171875000012
102017,7,count1024,16800,0.767578125,0.2701757812500016
102017,7,count1024,17000,0.82421875,0.2159570312500012
102017,7,count1024,17200,0.80859375,0.2361132812500012
102017,7,count1024,17400,0.7958984375,0.2521289062500015
102017,7,count1024,17600,0.7626953125,0.2676757812500014
102017,7,count1024,17800,0.802734375,0.2361328125000014
102017,7,count1024,18000,0.791015625,0.2501562500000014
102017,7,count1024,18200,0.7958984375,0.2354882812500014
102017,7,count1024,18400,0.791015625,0.2527539062500016
102017,7,count1024,18600,0.78125,0.2567187500000014
102017,7,count1024,18800,0.79296875,0.2509570312500015
102017,7,count1024,19000,0.7822265625,0.2541992187500014
102017,7,count1024,19200,0.791015625,0.2475195312500015
102017,7,count1024,19400,0.7861328125,0.2574023437500014
102017,7,count1024,19600,0.7939453125,0.2474414062500015
102017,7,count1024,19800,0.7939453125,0.2468945312500011
102017,7,count1024,20000,0.7802734375,0.2653515625000014
102017,8,count1024,0,0.2666015625,1.0
102017,8,count1024,200,0.2333984375,0.7779296874999986
102017,8,count1024,400,0.2109375,0.8050585937499987
102017,8,count1024,600,0.2412109375,0.7797265624999996
102017,8,count1024,800,0.3828125,0.63814453125
102017,8,count1024,1000,0.462890625,0.5702734375000003
102017,8,count1024,1200,0.5771484375,0.4641796875000016
102017,8,count1024,1400,0.68359375,0.3707031250000016
102017,8,count1024,1600,0.779296875,0.2802734375000018
102017,8,count1024,1800,0.8564453125,0.2169140625000017
102017,8,count1024,2000,0.9052734375,0.1759375000000014
102017,8,count1024,2200,0.9482421875,0.137656250000001
102017,8,count1024,2400,0.9287109375,0.1496289062500015
102017,8,count1024,2600,0.9208984375,0.1639062500000013
102017,8,count1024,2800,0.9716796875,0.1220703125000009
102017,8,count1024,3000,0.9599609375,0.1368164062500009
102017,8,count1024,3200,0.953125,0.1406835937500013
102017,8,count1024,3400,0.9736328125,0.127617187500001
102017,8,count1024,3600,0.9482421875,0.1484570312500011
102017,8,count1024,3800,0.958984375,0.132968750000001
102017,8,count1024,4000,0.9736328125,0.1267773437500008
102017,8,count1024,4200,0.9658203125,0.1270117187500008
102017,8,count1024,4400,0.9765625,0.1255273437500009
102017,8,count1024,4600,0.9765625,0.128437500000001
102017,8,count1024,4800,0.9736328125,0.1230664062500009
102017,8,count1024,5000,0.9814453125,0.1194921875000007
102017,8,count1024,5200,0.9921875,0.1180664062500008
102017,8,count1024,5400,0.98046875,0.1264257812500009
102017,8,count1024,5600,0.9716796875,0.1314843750000011
102017,8,count1024,5800,0.984375,0.1197070312500009
102017,8,count1024,6000,0.986328125,0.126269531250001
102017,8,count1024,6200,0.9794921875,0.1290234375000008
102017,8,count1024,6400,0.990234375,0.1172851562500008
102017,8,count1024,6600,0.9794921875,0.1251757812500007
102017,8,count1024,6800,0.9775390625,0.1261718750000007
102017,8,count1024,7000,0.98046875,0.1257031250000009
102017,8,count1024,7200,0.9814453125,0.1204882812500009
102017,8,count1024,7400,0.9873046875,0.1196093750000008
102017,8,count1024,7600,0.9814453125,0.1263085937500008
102017,8,count1024,7800,0.9833984375,0.1192187500000007
102017,8,count1024,8000,0.986328125,0.1122656250000008
102017,8,count1024,8200,0.9833984375,0.1222265625000007
102017,8,count1024,8400,0.986328125,0.117832031250001
102017,8,count1024,8600,0.9912109375,0.1191796875000008
102017,8,count1024,8800,0.986328125,0.1199218750000007
102017,8,count1024,9000,0.9892578125,0.1137304687500008
102017,8,count1024,9200,0.9814453125,0.1204296875000008
102017,8,count1024,9400,0.994140625,0.1111328125000006
102017,8,count1024,9600,0.982421875,0.1179882812500008
102017,8,count1024,9800,0.9873046875,0.1237695312500009
102017,8,count1024,10000,0.984375,0.1191406250000009
102017,8,count1024,10200,0.986328125,0.1201757812500008
102017,8,count1024,10400,0.9892578125,0.1123046875000007
102017,8,count1024,10600,0.9912109375,0.1142578125000009
102017,8,count1024,10800,0.978515625,0.1159960937500008
102017,8,count1024,11000,0.9833984375,0.1213281250000008
102017,8,count1024,11200,0.9814453125,0.1212500000000008
102017,8,count1024,11400,0.984375,0.1182226562500008
102017,8,count1024,11600,0.9873046875,0.1201171875000008
102017,8,count1024,11800,0.978515625,0.1256250000000007
102017,8,count1024,12000,0.994140625,0.1169335937500008
102017,8,count1024,12200,0.9921875,0.1203515625000009
102017,8,count1024,12400,0.9853515625,0.1154687500000009
102017,8,count1024,12600,0.982421875,0.1193945312500008
102017,8,count1024,12800,0.9951171875,0.1083007812500006
102017,8,count1024,13000,0.9912109375,0.1179492187500008
102017,8,count1024,13200,0.98046875,0.1159375000000007
102017,8,count1024,13400,0.9853515625,0.1210351562500008
102017,8,count1024,13600,0.9794921875,0.1242968750000009
102017,8,count1024,13800,0.986328125,0.126269531250001
102017,8,count1024,14000,0.9873046875,0.1227539062500009
102017,8,count1024,14200,0.990234375,0.1147460937500008
102017,8,count1024,14400,0.978515625,0.1186523437500008
102017,8,count1024,14600,0.98046875,0.1221679687500007
102017,8,count1024,14800,0.9833984375,0.1215820312500007
102017,8,count1024,15000,0.9873046875,0.1174804687500009
102017,8,count1024,15200,0.98828125,0.1175585937500007
102017,8,count1024,15400,0.994140625,0.113261718750001
102017,8,count1024,15600,0.9794921875,0.1226562500000009
102017,8,count1024,15800,0.9931640625,0.1143554687500007
102017,8,count1024,16000,0.9833984375,0.1162304687500009
102017,8,count1024,16200,0.984375,0.1290039062500009
102017,8,count1024,16400,0.984375,0.1168359375000009
102017,8,count1024,16600,0.9892578125,0.1108398437500008
102017,8,count1024,16800,0.9892578125,0.1129101562500008
102017,8,count1024,17000,0.9833984375,0.1230078125000008
102017,8,count1024,17200,0.9921875,0.1092773437500008
102017,8,count1024,17400,0.98828125,0.1195507812500009
102017,8,count1024,17600,0.990234375,0.1105468750000006
102017,8,count1024,17800,0.9833984375,0.1254882812500008
102017,8,count1024,18000,0.98828125,0.1155468750000008
102017,8,count1024,18200,0.982421875,0.1246484375000007
102017,8,count1024,18400,0.9814453125,0.1249414062500008
102017,8,count1024,18600,0.98828125,0.1215234375000008
102017,8,count1024,18800,0.9873046875,0.1135156250000008
102017,8,count1024,19000,0.984375,0.1168945312500008
102017,8,count1024,19200,0.9853515625,0.1191796875000008
102017,8,count1024,19400,0.9794921875,0.1179882812500008
102017,8,count1024,19600,0.984375,0.1192578125000007
102017,8,count1024,19800,0.986328125,0.1217187500000007
102017,8,count1024,20000,0.9931640625,0.1183789062500009
102017,7,time150,0,0.2666015625,1.0
102017,7,time150,200,0.4052734375,0.6055664062499989
102017,7,time150,400,0.4560546875,0.5671484374999997
102017,7,time150,600,0.486328125,0.5305273437500005
102017,7,time150,800,0.5185546875,0.5026171875000013
102017,7,time150,1000,0.595703125,0.4266015625000014
102017,7,time150,1200,0.6318359375,0.4019921875000016
102017,7,time150,1400,0.61328125,0.4187500000000012
102017,7,time150,1600,0.611328125,0.4179101562500016
102017,7,time150,1800,0.66796875,0.3530664062500015
102017,7,time150,2000,0.7021484375,0.3290234375000015
102017,7,time150,2200,0.701171875,0.3266992187500014
102017,7,time150,2400,0.74609375,0.2865234375000013
102017,7,time150,2600,0.740234375,0.2988085937500014
102017,7,time150,2800,0.7705078125,0.2610156250000016
102017,7,time150,3000,0.79296875,0.2465039062500013
102017,7,time150,3200,0.7626953125,0.2647070312500016
102017,7,time150,3400,0.7958984375,0.2513085937500014
102017,7,time150,3600,0.7900390625,0.2554101562500014
102017,7,time150,3800,0.7822265625,0.2582031250000015
102017,7,time150,4000,0.8232421875,0.2172656250000013
102017,7,time150,4200,0.8125,0.2320312500000014
102017,7,time150,4400,0.810546875,0.2298828125000013
102017,7,time150,4600,0.8388671875,0.2066210937500012
102017,7,time150,4800,0.849609375,0.1911718750000012
102017,7,time150,5000,0.826171875,0.2243750000000016
102017,7,time150,5200,0.8310546875,0.2226367187500014
102017,7,time150,5400,0.8349609375,0.2036914062500012
102017,7,time150,5600,0.84375,0.2064648437500012
102017,7,time150,5800,0.814453125,0.2317773437500013
102017,7,time150,6000,0.818359375,0.2251757812500015
102017,7,time150,6200,0.8330078125,0.2094921875000013
102017,7,time150,6400,0.814453125,0.2265039062500013
102017,7,time150,6600,0.8349609375,0.2053515625000012
102017,7,time150,6800,0.814453125,0.2356445312500016
102017,7,time150,7000,0.8212890625,0.2213671875000013
102017,7,time150,7200,0.8173828125,0.2219726562500014
102017,7,time150,7400,0.841796875,0.2087500000000015
102017,7,time150,7600,0.8115234375,0.2335937500000015
102017,7,time150,7800,0.8037109375,0.2440820312500014
102017,7,time150,8000,0.82421875,0.2126953125000014
102017,7,time150,8200,0.7802734375,0.2544335937500015
102017,7,time150,8400,0.7919921875,0.2435937500000016
102017,7,time150,8600,0.8271484375,0.2151171875000014
102017,7,time150,8800,0.81640625,0.2285351562500016
102017,7,time150,9000,0.8408203125,0.2091796875000014
102017,7,time150,9200,0.83203125,0.2156835937500016
102017,7,time150,9400,0.8291015625,0.2094140625000013
102017,7,time150,9600,0.806640625,0.2363085937500012
102017,7,time150,9800,0.810546875,0.2210937500000014
102017,7,time150,10000,0.8486328125,0.2016992187500014
102017,7,time150,10200,0.8046875,0.2332421875000012
102017,7,time150,10400,0.82421875,0.2138281250000016
102017,7,time150,10600,0.8466796875,0.1942382812500015
102017,7,time150,10800,0.80859375,0.2280078125000014
102017,7,time150,11000,0.80859375,0.2199023437500014
102017,7,time150,11200,0.8388671875,0.1983789062500014
102017,7,time150,11400,0.857421875,0.1871875000000011
102017,7,time150,11600,0.86328125,0.1886718750000014
102017,7,time150,11800,0.830078125,0.2048242187500012
102017,7,time150,12000,0.830078125,0.2034375000000013
102017,7,time150,12200,0.8388671875,0.2128710937500015
102017,7,time150,12400,0.830078125,0.2086132812500014
102017,7,time150,12600,0.8173828125,0.2197265625000013
102017,7,time150,12800,0.8232421875,0.2092968750000014
102017,7,time150,13000,0.8330078125,0.2193359375000014
102017,7,time150,13200,0.8232421875,0.2090625000000016
102017,7,time150,13400,0.8251953125,0.2193359375000016
102017,7,time150,13600,0.81640625,0.2224023437500014
102017,7,time150,13800,0.84765625,0.1879882812500015
102017,7,time150,14000,0.8125,0.2327929687500017
102017,7,time150,14200,0.8515625,0.2005078125000016
102017,7,time150,14400,0.8076171875,0.2299023437500014
102017,7,time150,14600,0.8291015625,0.2060351562500012
102017,7,time150,14800,0.80078125,0.2426953125000014
102017,7,time150,15000,0.849609375,0.2005664062500014
102017,7,time150,15200,0.8203125,0.2261523437500014
102017,7,time150,15400,0.8740234375,0.1708203125000013
102017,7,time150,15600,0.857421875,0.1900781250000012
102017,7,time150,15800,0.83984375,0.2053906250000014
102017,7,time150,16000,0.8447265625,0.1982226562500013
102017,7,time150,16200,0.8291015625,0.2196093750000013
102017,7,time150,16400,0.8447265625,0.2008203125000015
102017,7,time150,16600,0.8271484375,0.2181640625000015
102017,7,time150,16800,0.8466796875,0.2034765625000014
102017,7,time150,17000,0.84375,0.1994921875000015
102017,7,time150,17200,0.798828125,0.2349218750000013
102017,7,time150,17400,0.82421875,0.2179101562500015
102017,7,time150,17600,0.814453125,0.2224414062500012
102017,7,time150,17800,0.826171875,0.2205859375000014
102017,7,time150,18000,0.8515625,0.1947265625000012
102017,7,time150,18200,0.8349609375,0.2084960937500012
102017,7,time150,18400,0.8408203125,0.2027929687500013
102017,7,time150,18600,0.771484375,0.2611523437500015
102017,7,time150,18800,0.7900390625,0.2472070312500015
102017,7,time150,19000,0.8193359375,0.2308984375000015
102017,7,time150,19200,0.810546875,0.2245703125000012
102017,7,time150,19400,0.8125,0.2313671875000016
102017,7,time150,19600,0.859375,0.1986523437500013
102017,7,time150,19800,0.853515625,0.1983593750000011
102017,7,time150,20000,0.8505859375,0.1936132812500013
102017,8,time150,0,0.2666015625,1.0
102017,8,time150,200,0.2373046875,0.7720898437499991
102017,8,time150,400,0.1572265625,0.8545312499999994
102017,8,time150,600,0.154296875,0.8542578124999989
102017,8,time150,800,0.13671875,0.8688476562499992
102017,8,time150,1000,0.126953125,0.8783593749999995
102017,8,time150,1200,0.130859375,0.8768164062499993
102017,8,time150,1400,0.1728515625,0.8352539062499998
102017,8,time150,1600,0.1806640625,0.8280468749999994
102017,8,time150,1800,0.2421875,0.7729687499999995
102017,8,time150,2000,0.287109375,0.7301953124999992
102017,8,time150,2200,0.3037109375,0.7066601562499994
102017,8,time150,2400,0.3837890625,0.6208203125000001
102017,8,time150,2600,0.4296875,0.6040234375000002
102017,8,time150,2800,0.49609375,0.5267773437500006
102017,8,time150,3000,0.541015625,0.482246093750001
102017,8,time150,3200,0.57421875,0.4521679687500013
102017,8,time150,3400,0.6494140625,0.3761914062500016
102017,8,time150,3600,0.6572265625,0.3743164062500016
102017,8,time150,3800,0.6826171875,0.3488867187500014
102017,8,time150,4000,0.697265625,0.3398437500000013
102017,8,time150,4200,0.6806640625,0.3498242187500016
102017,8,time150,4400,0.72265625,0.3173046875000017
102017,8,time150,4600,0.7216796875,0.3255273437500019
102017,8,time150,4800,0.740234375,0.3082617187500015
102017,8,time150,5000,0.7021484375,0.3513867187500017
102017,8,time150,5200,0.7041015625,0.3348046875000015
102017,8,time150,5400,0.705078125,0.3313476562500015
102017,8,time150,5600,0.7392578125,0.3101953125000014
102017,8,time150,5800,0.7236328125,0.3141992187500014
102017,8,time150,6000,0.75390625,0.2964843750000015
102017,8,time150,6200,0.716796875,0.3216992187500016
102017,8,time150,6400,0.7294921875,0.3239843750000019
102017,8,time150,6600,0.703125,0.3343945312500016
102017,8,time150,6800,0.7158203125,0.3304882812500017
102017,8,time150,7000,0.740234375,0.3085937500000017
102017,8,time150,7200,0.708984375,0.3379882812500016
102017,8,time150,7400,0.76953125,0.2726953125000016
102017,8,time150,7600,0.76953125,0.2755273437500018
102017,8,time150,7800,0.7705078125,0.2772656250000017
102017,8,time150,8000,0.755859375,0.2900781250000015
102017,8,time150,8200,0.7275390625,0.3156640625000015
102017,8,time150,8400,0.751953125,0.2956054687500016
102017,8,time150,8600,0.755859375,0.2888671875000015
102017,8,time150,8800,0.7265625,0.3132812500000015
102017,8,time150,9000,0.693359375,0.3513281250000014
102017,8,time150,9200,0.724609375,0.3157812500000018
102017,8,time150,9400,0.732421875,0.3105078125000014
102017,8,time150,9600,0.751953125,0.2949609375000017
102017,8,time150,9800,0.7646484375,0.2853320312500014
102017,8,time150,10000,0.767578125,0.2836132812500012
102017,8,time150,10200,0.78125,0.2643164062500015
102017,8,time150,10400,0.7822265625,0.2647460937500015
102017,8,time150,10600,0.78125,0.2723632812500015
102017,8,time150,10800,0.7314453125,0.3168359375000013
102017,8,time150,11000,0.7587890625,0.2901757812500015
102017,8,time150,11200,0.7802734375,0.2729296875000014
102017,8,time150,11400,0.783203125,0.2765234375000014
102017,8,time150,11600,0.7919921875,0.2626953125000013
102017,8,time150,11800,0.7744140625,0.2781445312500017
102017,8,time150,12000,0.7880859375,0.2618554687500014
102017,8,time150,12200,0.8046875,0.2524609375000015
102017,8,time150,12400,0.75390625,0.2985937500000015
102017,8,time150,12600,0.7890625,0.2599804687500016
102017,8,time150,12800,0.763671875,0.2838476562500013
102017,8,time150,13000,0.7578125,0.2933984375000016
102017,8,time150,13200,0.7333984375,0.3066992187500017
102017,8,time150,13400,0.7294921875,0.3098828125000017
102017,8,time150,13600,0.779296875,0.2758398437500018
102017,8,time150,13800,0.7861328125,0.2715234375000016
102017,8,time150,14000,0.7705078125,0.2728906250000015
102017,8,time150,14200,0.7412109375,0.3165820312500014
102017,8,time150,14400,0.73046875,0.3161328125000016
102017,8,time150,14600,0.76953125,0.2805468750000015
102017,8,time150,14800,0.7802734375,0.2722851562500014
102017,8,time150,15000,0.76953125,0.2867578125000016
102017,8,time150,15200,0.7822265625,0.2831445312500017
102017,8,time150,15400,0.7626953125,0.2890820312500017
102017,8,time150,15600,0.8125,0.2376171875000016
102017,8,time150,15800,0.794921875,0.2635156250000018
102017,8,time150,16000,0.7646484375,0.2861523437500015
102017,8,time150,16200,0.8134765625,0.2464257812500014
102017,8,time150,16400,0.771484375,0.2908203125000014
102017,8,time150,16600,0.7646484375,0.2886523437500016
102017,8,time150,16800,0.765625,0.2859765625000015
102017,8,time150,17000,0.77734375,0.2768164062500015
102017,8,time150,17200,0.798828125,0.2563867187500015
102017,8,time150,17400,0.8115234375,0.2365429687500014
102017,8,time150,17600,0.8115234375,0.2547070312500015
102017,8,time150,17800,0.7890625,0.2660546875000016
102017,8,time150,18000,0.765625,0.2890039062500016
102017,8,time150,18200,0.8203125,0.2311718750000014
102017,8,time150,18400,0.80078125,0.2529882812500016
102017,8,time150,18600,0.8046875,0.2450390625000015
102017,8,time150,18800,0.78125,0.2678515625000014
102017,8,time150,19000,0.802734375,0.2563085937500016
102017,8,time150,19200,0.7783203125,0.2724804687500013
102017,8,time150,19400,0.779296875,0.2717968750000016
102017,8,time150,19600,0.830078125,0.2179296875000015
102017,8,time150,19800,0.7841796875,0.2661523437500015
102017,8,time150,20000,0.81640625,0.2438671875000014
102017,7,time750,0,0.2666015625,1.0
102017,7,time750,200,0.4375,0.5725781249999993
102017,7,time750,400,0.52734375,0.4776171875000014
102017,7,time750,600,0.7822265625,0.2643554687500016
102017,7,time750,800,0.923828125,0.1351953125000012
102017,7,time750,1000,0.9521484375,0.1043554687500007
102017,7,time750,1200,0.962890625,0.1092382812500009
102017,7,time750,1400,0.98046875,0.0949023437500005
102017,7,time750,1600,0.98046875,0.0875585937500006
102017,7,time750,1800,0.9853515625,0.0923828125000006
102017,7,time750,2000,0.9794921875,0.0896875000000006
102017,7,time750,2200,0.990234375,0.0863085937500005
102017,7,time750,2400,0.9873046875,0.0878710937500005
102017,7,time750,2600,0.990234375,0.0819726562500004
102017,7,time750,2800,0.9931640625,0.0864257812500005
102017,7,time750,3000,0.9921875,0.0885351562500006
102017,7,time750,3200,0.99609375,0.0894531250000006
102017,7,time750,3400,0.98828125,0.0875195312500006
102017,7,time750,3600,0.9921875,0.0874414062500005
102017,7,time750,3800,0.994140625,0.0858789062500005
102017,7,time750,4000,0.990234375,0.0848437500000004
102017,7,time750,4200,0.9951171875,0.0830664062500005
102017,7,time750,4400,0.998046875,0.0855859375000005
102017,7,time750,4600,0.9951171875,0.0854492187500006
102017,7,time750,4800,0.9990234375,0.0850390625000006
102017,7,time750,5000,0.998046875,0.0841796875000005
102017,7,time750,5200,0.9931640625,0.0891015625000006
102017,7,time750,5400,0.9951171875,0.0786718750000003
102017,7,time750,5600,0.994140625,0.0875195312500006
102017,7,time750,5800,0.99609375,0.0824218750000005
102017,7,time750,6000,0.99609375,0.0818750000000003
102017,7,time750,6200,0.9970703125,0.0849218750000005
102017,7,time750,6400,0.994140625,0.0863867187500004
102017,7,time750,6600,0.9970703125,0.0834765625000005
102017,7,time750,6800,0.9951171875,0.0859960937500005
102017,7,time750,7000,0.99609375,0.0853515625000004
102017,7,time750,7200,0.99609375,0.0870117187500006
102017,7,time750,7400,0.994140625,0.0853710937500005
102017,7,time750,7600,0.9990234375,0.0842382812500004
102017,7,time750,7800,0.9951171875,0.0859765625000004
102017,7,time750,8000,0.9970703125,0.0845703125000006
102017,7,time750,8200,0.9970703125,0.0816601562500004
102017,7,time750,8400,0.998046875,0.0841601562500005
102017,7,time750,8600,0.9951171875,0.0846289062500005
102017,7,time750,8800,1.0,0.0810742187500004
102017,7,time750,9000,1.0,0.0817187500000004
102017,7,time750,9200,0.994140625,0.0816406250000005
102017,7,time750,9400,0.998046875,0.0843750000000004
102017,7,time750,9600,1.0,0.0851367187500005
102017,7,time750,9800,0.998046875,0.0847265625000005
102017,7,time750,10000,0.998046875,0.0826757812500003
102017,7,time750,10200,0.998046875,0.0794140625000005
102017,7,time750,10400,0.9990234375,0.0844531250000005
102017,7,time750,10600,0.9990234375,0.0851171875000005
102017,7,time750,10800,0.9990234375,0.0888476562500006
102017,7,time750,11000,0.998046875,0.0898828125000007
102017,7,time750,11200,0.9970703125,0.0824414062500005
102017,7,time750,11400,0.998046875,0.0847460937500005
102017,7,time750,11600,0.998046875,0.0885156250000006
102017,7,time750,11800,0.9951171875,0.0883203125000005
102017,7,time750,12000,0.9970703125,0.0857421875000005
102017,7,time750,12200,0.998046875,0.0815820312500004
102017,7,time750,12400,0.9970703125,0.0847851562500005
102017,7,time750,12600,0.9970703125,0.0849414062500005
102017,7,time750,12800,1.0,0.0850781250000005
102017,7,time750,13000,0.99609375,0.0915039062500006
102017,7,time750,13200,1.0,0.0832812500000005
102017,7,time750,13400,0.9970703125,0.0816992187500005
102017,7,time750,13600,0.9970703125,0.0797460937500004
102017,7,time750,13800,0.9931640625,0.0859570312500006
102017,7,time750,14000,0.998046875,0.0852343750000005
102017,7,time750,14200,0.998046875,0.0838671875000004
102017,7,time750,14400,0.9970703125,0.0844726562500005
102017,7,time750,14600,0.9951171875,0.0877343750000005
102017,7,time750,14800,0.9990234375,0.0853710937500005
102017,7,time750,15000,0.9970703125,0.0884960937500006
102017,7,time750,15200,1.0,0.0810937500000003
102017,7,time750,15400,0.9970703125,0.0805468750000004
102017,7,time750,15600,0.9990234375,0.0807031250000004
102017,7,time750,15800,0.99609375,0.0846289062500005
102017,7,time750,16000,0.99609375,0.0838085937500006
102017,7,time750,16200,0.9970703125,0.0867578125000005
102017,7,time750,16400,0.99609375,0.0860156250000005
102017,7,time750,16600,0.9990234375,0.0808007812500004
102017,7,time750,16800,0.9990234375,0.0824023437500004
102017,7,time750,17000,0.99609375,0.0807031250000004
102017,7,time750,17200,0.9990234375,0.0857617187500004
102017,7,time750,17400,0.998046875,0.0855664062500005
102017,7,time750,17600,0.9990234375,0.0845898437500005
102017,7,time750,17800,0.9970703125,0.0860742187500005
102017,7,time750,18000,0.99609375,0.0853125000000005
102017,7,time750,18200,0.998046875,0.0847265625000004
102017,7,time750,18400,0.998046875,0.0827929687500004
102017,7,time750,18600,0.9970703125,0.0852343750000006
102017,7,time750,18800,0.9970703125,0.0798046875000004
102017,7,time750,19000,0.998046875,0.0827343750000004
102017,7,time750,19200,0.9990234375,0.0824218750000004
102017,7,time750,19400,0.9970703125,0.0821679687500004
102017,7,time750,19600,0.998046875,0.0806640625000004
102017,7,time750,19800,0.998046875,0.0870507812500005
102017,7,time750,20000,0.9990234375,0.0841210937500005
102017,8,time750,0,0.2666015625,1.0
102017,8,time750,200,0.2333984375,0.7779296874999986
102017,8,time750,400,0.2109375,0.8050585937499987
102017,8,time750,600,0.2412109375,0.7797265624999996
102017,8,time750,800,0.3466796875,0.6866015624999993
102017,8,time750,1000,0.548828125,0.4937500000000013
102017,8,time750,1200,0.76171875,0.3066210937500019
102017,8,time750,1400,0.857421875,0.2128125000000015
102017,8,time750,1600,0.9345703125,0.1480859375000012
102017,8,time750,1800,0.9521484375,0.133906250000001
102017,8,time750,2000,0.943359375,0.1416406250000011
102017,8,time750,2200,0.958984375,0.1287304687500008
102017,8,time750,2400,0.9755859375,0.1140039062500008
102017,8,time750,2600,0.9580078125,0.1299218750000008
102017,8,time750,2800,0.9638671875,0.1252148437500007
102017,8,time750,3000,0.9765625,0.1141406250000007
102017,8,time750,3200,0.978515625,0.1124218750000008
102017,8,time750,3400,0.98046875,0.1118554687500006
102017,8,time750,3600,0.98046875,0.1163867187500007
102017,8,time750,3800,0.984375,0.1134765625000006
102017,8,time750,4000,0.9873046875,0.1090234375000006
102017,8,time750,4200,0.9794921875,0.1148437500000008
102017,8,time750,4400,0.9912109375,0.1065820312500008
102017,8,time750,4600,0.98046875,0.1136132812500008
102017,8,time750,4800,0.9873046875,0.1084375000000007
102017,8,time750,5000,0.9853515625,0.1106054687500008
102017,8,time750,5200,0.974609375,0.1156054687500008
102017,8,time750,5400,0.9912109375,0.1070703125000007
102017,8,time750,5600,0.9765625,0.1216015625000008
102017,8,time750,5800,0.982421875,0.1131640625000008
102017,8,time750,6000,0.984375,0.1183984375000009
102017,8,time750,6200,0.9853515625,0.1132617187500008
102017,8,time750,6400,0.9912109375,0.1078906250000007
102017,8,time750,6600,0.9892578125,0.1057617187500007
102017,8,time750,6800,0.9833984375,0.1071875000000006
102017,8,time750,7000,0.986328125,0.1017968750000005
102017,8,time750,7200,0.9814453125,0.1207617187500007
102017,8,time750,7400,0.978515625,0.1161718750000007
102017,8,time750,7600,0.9814453125,0.1141601562500008
102017,8,time750,7800,0.978515625,0.1176562500000007
102017,8,time750,8000,0.9931640625,0.1078125000000006
102017,8,time750,8200,0.994140625,0.1025195312500007
102017,8,time750,8400,0.978515625,0.1151562500000007
102017,8,time750,8600,0.9873046875,0.1011914062500006
102017,8,time750,8800,0.9912109375,0.1036328125000007
102017,8,time750,9000,0.98828125,0.1044140625000006
102017,8,time750,9200,0.98046875,0.1156445312500009
102017,8,time750,9400,0.9912109375,0.1025976562500007
102017,8,time750,9600,0.9794921875,0.1095507812500008
102017,8,time750,9800,0.9853515625,0.1192187500000007
102017,8,time750,10000,0.9912109375,0.1106445312500009
102017,8,time750,10200,0.9853515625,0.1073242187500008
102017,8,time750,10400,0.986328125,0.1131054687500009
102017,8,time750,10600,0.98046875,0.1088671875000008
102017,8,time750,10800,0.9833984375,0.1084960937500009
102017,8,time750,11000,0.9833984375,0.1042578125000007
102017,8,time750,11200,0.986328125,0.1078515625000008
102017,8,time750,11400,0.984375,0.1114453125000008
102017,8,time750,11600,0.9873046875,0.1111718750000006
102017,8,time750,11800,0.9931640625,0.1032617187500006
102017,8,time750,12000,0.9892578125,0.1120703125000007
102017,8,time750,12200,0.9775390625,0.1075000000000008
102017,8,time750,12400,0.994140625,0.1040234375000007
102017,8,time750,12600,0.986328125,0.1083203125000008
102017,8,time750,12800,0.9931640625,0.1074804687500007
102017,8,time750,13000,0.986328125,0.1086718750000008
102017,8,time750,13200,0.990234375,0.1061718750000007
102017,8,time750,13400,0.994140625,0.1022656250000006
102017,8,time750,13600,0.9912109375,0.0955078125000005
102017,8,time750,13800,0.9912109375,0.1066992187500007
102017,8,time750,14000,0.9931640625,0.1044335937500007
102017,8,time750,14200,0.984375,0.1164257812500006
102017,8,time750,14400,0.990234375,0.1113281250000007
102017,8,time750,14600,0.984375,0.1088671875000007
102017,8,time750,14800,0.982421875,0.1055664062500005
102017,8,time750,15000,0.98828125,0.1127539062500007
102017,8,time750,15200,0.9921875,0.1138671875000008
102017,8,time750,15400,0.984375,0.1054492187500006
102017,8,time750,15600,0.9892578125,0.1075000000000007
102017,8,time750,15800,0.984375,0.1087695312500007
102017,8,time750,16000,0.990234375,0.1021289062500006
102017,8,time750,16200,0.98828125,0.1035937500000007
102017,8,time750,16400,0.98828125,0.1044140625000008
102017,8,time750,16600,0.9892578125,0.1073632812500005
102017,8,time750,16800,0.986328125,0.1065625000000007
102017,8,time750,17000,0.9873046875,0.1062109375000008
102017,8,time750,17200,0.9892578125,0.1078320312500006
102017,8,time750,17400,0.9892578125,0.1125585937500007
102017,8,time750,17600,0.9892578125,0.1082031250000007
102017,8,time750,17800,0.982421875,0.1085156250000007
102017,8,time750,18000,0.9892578125,0.1070312500000008
102017,8,time750,18200,0.978515625,0.1156445312500008
102017,8,time750,18400,0.990234375,0.1110742187500006
102017,8,time750,18600,0.98828125,0.1150000000000007
102017,8,time750,18800,0.9873046875,0.1062695312500006
102017,8,time750,19000,0.9892578125,0.1071484375000006
102017,8,time750,19200,0.9912109375,0.1043359375000007
102017,8,time750,19400,0.986328125,0.1091796875000009
102017,8,time750,19600,0.9892578125,0.1051171875000005
102017,8,time750,19800,0.9912109375,0.1059960937500008
102017,8,time750,20000,0.9853515625,0.1106250000000008
102018,7,continuous,0,0.25390625,1.0
102018,7,continuous,200,0.3935546875,0.6224609374999996
102018,7,continuous,400,0.58203125,0.4317968750000011
102018,7,continuous,600,0.76953125,0.2712890625000015
102018,7,continuous,800,0.912109375,0.1492773437500014
102018,7,continuous,1000,0.9833984375,0.0954882812500007
102018,7,continuous,1200,0.994140625,0.0867968750000005
102018,7,continuous,1400,0.9990234375,0.0797656250000004
102018,7,continuous,1600,0.9951171875,0.0857031250000006
102018,7,continuous,1800,0.99609375,0.0838671875000004
102018,7,continuous,2000,0.998046875,0.0845312500000005
102018,7,continuous,2200,0.998046875,0.0839453125000005
102018,7,continuous,2400,1.0,0.0781445312500004
102018,7,continuous,2600,0.9990234375,0.0842187500000004
102018,7,continuous,2800,0.99609375,0.0828320312500004
102018,7,continuous,3000,0.9990234375,0.0802539062500004
102018,7,continuous,3200,0.9990234375,0.0793554687500004
102018,7,continuous,3400,0.99609375,0.0840039062500005
102018,7,continuous,3600,0.9990234375,0.0851953125000005
102018,7,continuous,3800,0.998046875,0.0827734375000004
102018,7,continuous,4000,0.99609375,0.0821484375000005
102018,7,continuous,4200,0.9990234375,0.0839648437500005
102018,7,continuous,4400,0.9990234375,0.0776367187500005
102018,7,continuous,4600,0.998046875,0.0847070312500005
102018,7,continuous,4800,1.0,0.0841796875000005
102018,7,continuous,5000,0.9990234375,0.0780468750000004
102018,7,continuous,5200,0.9990234375,0.0853906250000006
102018,7,continuous,5400,0.9990234375,0.0801171875000004
102018,7,continuous,5600,0.998046875,0.0830078125000004
102018,7,continuous,5800,0.998046875,0.0822656250000004
102018,7,continuous,6000,0.998046875,0.0855273437500004
102018,7,continuous,6200,0.9990234375,0.0836914062500005
102018,7,continuous,6400,0.998046875,0.0885156250000006
102018,7,continuous,6600,1.0,0.0836914062500005
102018,7,continuous,6800,1.0,0.0808007812500004
102018,7,continuous,7000,0.9990234375,0.0873632812500005
102018,7,continuous,7200,0.9990234375,0.0813671875000004
102018,7,continuous,7400,1.0,0.0813476562500004
102018,7,continuous,7600,1.0,0.0814062500000003
102018,7,continuous,7800,1.0,0.0833398437500005
102018,7,continuous,8000,0.9990234375,0.0850195312500006
102018,7,continuous,8200,0.9990234375,0.0838281250000004
102018,7,continuous,8400,0.9990234375,0.0845117187500005
102018,7,continuous,8600,1.0,0.0830664062500005
102018,7,continuous,8800,0.9990234375,0.0837109375000005
102018,7,continuous,9000,0.9990234375,0.0821875000000003
102018,7,continuous,9200,1.0,0.0806250000000004
102018,7,continuous,9400,0.9990234375,0.0833593750000004
102018,7,continuous,9600,1.0,0.0875585937500004
102018,7,continuous,9800,1.0,0.0842968750000005
102018,7,continuous,10000,0.9990234375,0.0813085937500003
102018,7,continuous,10200,1.0,0.0855664062500005
102018,7,continuous,10400,1.0,0.0845703125000004
102018,7,continuous,10600,0.9951171875,0.0844921875000004
102018,7,continuous,10800,0.9990234375,0.0861718750000005
102018,7,continuous,11000,0.9990234375,0.0843164062500006
102018,7,continuous,11200,1.0,0.0867773437500005
102018,7,continuous,11400,1.0,0.0823242187500004
102018,7,continuous,11600,0.9990234375,0.0843359375000003
102018,7,continuous,11800,1.0,0.0862500000000004
102018,7,continuous,12000,1.0,0.0846093750000005
102018,7,continuous,12200,1.0,0.0844921875000004
102018,7,continuous,12400,0.9990234375,0.0825585937500004
102018,7,continuous,12600,0.998046875,0.0838281250000004
102018,7,continuous,12800,0.998046875,0.0812695312500004
102018,7,continuous,13000,0.9990234375,0.0840625000000004
102018,7,continuous,13200,0.9990234375,0.0855273437500005
102018,7,continuous,13400,0.9990234375,0.0864257812500007
102018,7,continuous,13600,0.998046875,0.0831640625000005
102018,7,continuous,13800,1.0,0.0823828125000005
102018,7,continuous,14000,0.9990234375,0.0841601562500005
102018,7,continuous,14200,1.0,0.0866796875000005
102018,7,continuous,14400,1.0,0.0804492187500004
102018,7,continuous,14600,0.9990234375,0.0864062500000006
102018,7,continuous,14800,1.0,0.0813281250000004
102018,7,continuous,15000,0.9990234375,0.0858789062500005
102018,7,continuous,15200,0.9990234375,0.0830468750000005
102018,7,continuous,15400,1.0,0.0828125000000003
102018,7,continuous,15600,0.998046875,0.0821875000000004
102018,7,continuous,15800,0.998046875,0.0791015625000004
102018,7,continuous,16000,0.998046875,0.0814257812500003
102018,7,continuous,16200,1.0,0.0831640625000005
102018,7,continuous,16400,1.0,0.0852343750000005
102018,7,continuous,16600,0.9990234375,0.0858203125000005
102018,7,continuous,16800,0.9990234375,0.0779101562500003
102018,7,continuous,17000,1.0,0.0805078125000004
102018,7,continuous,17200,1.0,0.0863476562500005
102018,7,continuous,17400,0.9990234375,0.0827343750000005
102018,7,continuous,17600,1.0,0.0849609375000005
102018,7,continuous,17800,0.9990234375,0.0818359375000004
102018,7,continuous,18000,0.998046875,0.0835156250000005
102018,7,continuous,18200,0.9990234375,0.0851171875000005
102018,7,continuous,18400,0.9990234375,0.0829687500000004
102018,7,continuous,18600,0.998046875,0.0840820312500005
102018,7,continuous,18800,0.9990234375,0.0871093750000006
102018,7,continuous,19000,0.99609375,0.0815625000000004
102018,7,continuous,19200,0.998046875,0.0843359375000004
102018,7,continuous,19400,0.9990234375,0.0849023437500005
102018,7,continuous,19600,1.0,0.0808984375000004
102018,7,continuous,19800,0.9990234375,0.0878710937500005
102018,7,continuous,20000,0.9990234375,0.0829882812500005
102018,8,continuous,0,0.25390625,1.0
102018,8,continuous,200,0.181640625,0.8268554687499988
102018,8,continuous,400,0.138671875,0.872910156249999
102018,8,continuous,600,0.126953125,0.8837695312499994
102018,8,continuous,800,0.158203125,0.8525390624999987
102018,8,continuous,1000,0.24609375,0.7647851562499987
102018,8,continuous,1200,0.533203125,0.5076562500000015
102018,8,continuous,1400,0.814453125,0.2665429687500017
102018,8,continuous,1600,0.9443359375,0.1579687500000013
102018,8,continuous,1800,0.970703125,0.1299218750000009
102018,8,continuous,2000,0.9755859375,0.1283984375000008
102018,8,continuous,2200,0.9853515625,0.1183203125000008
102018,8,continuous,2400,0.9873046875,0.1253125000000008
102018,8,continuous,2600,0.990234375,0.1182812500000008
102018,8,continuous,2800,0.9951171875,0.1215625000000009
102018,8,continuous,3000,0.99609375,0.1202343750000009
102018,8,continuous,3200,0.994140625,0.1282031250000008
102018,8,continuous,3400,0.9912109375,0.1238085937500009
102018,8,continuous,3600,0.986328125,0.1211328125000008
102018,8,continuous,3800,0.99609375,0.1187500000000008
102018,8,continuous,4000,0.9951171875,0.1175390625000009
102018,8,continuous,4200,0.9970703125,0.1206640625000006
102018,8,continuous,4400,0.99609375,0.120742187500001
102018,8,continuous,4600,0.9970703125,0.128066406250001
102018,8,continuous,4800,0.9951171875,0.1258789062500008
102018,8,continuous,5000,0.99609375,0.1225390625000007
102018,8,continuous,5200,0.9970703125,0.1234960937500008
102018,8,continuous,5400,1.0,0.1243359375000009
102018,8,continuous,5600,0.998046875,0.1302734375000009
102018,8,continuous,5800,0.994140625,0.1211328125000009
102018,8,continuous,6000,0.9951171875,0.1214843750000007
102018,8,continuous,6200,0.9990234375,0.1254296875000007
102018,8,continuous,6400,0.998046875,0.1207812500000008
102018,8,continuous,6600,0.99609375,0.1257812500000008
102018,8,continuous,6800,0.9970703125,0.1239062500000008
102018,8,continuous,7000,0.9990234375,0.1289843750000009
102018,8,continuous,7200,0.9990234375,0.119570312500001
102018,8,continuous,7400,0.99609375,0.1225390625000008
102018,8,continuous,7600,0.9970703125,0.1303515625000009
102018,8,continuous,7800,0.998046875,0.1324414062500011
102018,8,continuous,8000,0.9990234375,0.1254492187500009
102018,8,continuous,8200,0.9990234375,0.1180273437500008
102018,8,continuous,8400,1.0,0.1248046875000009
102018,8,continuous,8600,0.9990234375,0.133027343750001
102018,8,continuous,8800,0.9951171875,0.1258593750000009
102018,8,continuous,9000,0.9990234375,0.1248632812500007
102018,8,continuous,9200,0.9990234375,0.131816406250001
102018,8,continuous,9400,0.998046875,0.1339453125000011
102018,8,continuous,9600,0.9970703125,0.1227539062500008
102018,8,continuous,9800,0.99609375,0.1394726562500009
102018,8,continuous,10000,0.998046875,0.1263085937500008
102018,8,continuous,10200,0.9970703125,0.1306054687500008
102018,8,continuous,10400,0.9970703125,0.1299804687500008
102018,8,continuous,10600,1.0,0.1333789062500009
102018,8,continuous,10800,0.9990234375,0.1372265625000009
102018,8,continuous,11000,0.99609375,0.1432421875000009
102018,8,continuous,11200,1.0,0.1353515625000009
102018,8,continuous,11400,0.998046875,0.1350781250000008
102018,8,continuous,11600,0.998046875,0.1265039062500007
102018,8,continuous,11800,0.9990234375,0.1320507812500008
102018,8,continuous,12000,0.9990234375,0.134863281250001
102018,8,continuous,12200,1.0,0.1347265625000008
102018,8,continuous,12400,0.998046875,0.1435742187500009
102018,8,continuous,12600,0.9990234375,0.1317968750000008
102018,8,continuous,12800,0.998046875,0.1419335937500009
102018,8,continuous,13000,1.0,0.1292187500000008
102018,8,continuous,13200,0.9970703125,0.1336328125000009
102018,8,continuous,13400,1.0,0.1297265625000009
102018,8,continuous,13600,0.9990234375,0.140312500000001
102018,8,continuous,13800,0.9990234375,0.1378906250000009
102018,8,continuous,14000,0.9990234375,0.1341992187500009
102018,8,continuous,14200,0.9990234375,0.1395117187500009
102018,8,continuous,14400,0.9990234375,0.136230468750001
102018,8,continuous,14600,0.9990234375,0.1371289062500008
102018,8,continuous,14800,0.9990234375,0.1355468750000008
102018,8,continuous,15000,0.998046875,0.1381445312500009
102018,8,continuous,15200,1.0,0.137910156250001
102018,8,continuous,15400,0.9970703125,0.134472656250001
102018,8,continuous,15600,0.9990234375,0.134726562500001
102018,8,continuous,15800,1.0,0.1356054687500008
102018,8,continuous,16000,1.0,0.1447851562500011
102018,8,continuous,16200,1.0,0.1365039062500008
102018,8,continuous,16400,0.9990234375,0.1420703125000009
102018,8,continuous,16600,0.9990234375,0.136015625000001
102018,8,continuous,16800,1.0,0.1338085937500009
102018,8,continuous,17000,1.0,0.1356835937500009
102018,8,continuous,17200,0.9990234375,0.132812500000001
102018,8,continuous,17400,1.0,0.134453125000001
102018,8,continuous,17600,1.0,0.1371289062500009
102018,8,continuous,17800,0.998046875,0.134902343750001
102018,8,continuous,18000,1.0,0.138105468750001
102018,8,continuous,18200,0.9990234375,0.1346093750000008
102018,8,continuous,18400,0.998046875,0.1388085937500009
102018,8,continuous,18600,0.998046875,0.1345507812500009
102018,8,continuous,18800,1.0,0.135664062500001
102018,8,continuous,19000,1.0,0.1409179687500011
102018,8,continuous,19200,0.9990234375,0.1395507812500011
102018,8,continuous,19400,0.998046875,0.140292968750001
102018,8,continuous,19600,1.0,0.1361523437500009
102018,8,continuous,19800,0.9990234375,0.1349609375000008
102018,8,continuous,20000,0.998046875,0.1275195312500006
102018,7,count1024,0,0.25390625,1.0
102018,7,count1024,200,0.3857421875,0.6379492187499994
102018,7,count1024,400,0.4580078125,0.5639257812500001
102018,7,count1024,600,0.4951171875,0.520937500000001
102018,7,count1024,800,0.478515625,0.5433593750000008
102018,7,count1024,1000,0.572265625,0.4573828125000015
102018,7,count1024,1200,0.607421875,0.4114648437500014
102018,7,count1024,1400,0.6806640625,0.3453710937500014
102018,7,count1024,1600,0.67578125,0.3526367187500016
102018,7,count1024,1800,0.7265625,0.3075390625000017
102018,7,count1024,2000,0.6767578125,0.3567968750000017
102018,7,count1024,2200,0.716796875,0.3138085937500017
102018,7,count1024,2400,0.7822265625,0.2582421875000012
102018,7,count1024,2600,0.755859375,0.2925585937500015
102018,7,count1024,2800,0.77734375,0.2496484375000014
102018,7,count1024,3000,0.7509765625,0.2854101562500018
102018,7,count1024,3200,0.7529296875,0.2831250000000017
102018,7,count1024,3400,0.779296875,0.2645507812500014
102018,7,count1024,3600,0.7890625,0.2460937500000015
102018,7,count1024,3800,0.7900390625,0.2485742187500015
102018,7,count1024,4000,0.810546875,0.2357421875000014
102018,7,count1024,4200,0.791015625,0.2471484375000011
102018,7,count1024,4400,0.7705078125,0.2736718750000016
102018,7,count1024,4600,0.775390625,0.2628906250000014
102018,7,count1024,4800,0.794921875,0.2477929687500013
102018,7,count1024,5000,0.80859375,0.2252148437500012
102018,7,count1024,5200,0.7900390625,0.2466796875000013
102018,7,count1024,5400,0.78125,0.2545312500000014
102018,7,count1024,5600,0.8251953125,0.2159179687500013
102018,7,count1024,5800,0.8271484375,0.2093750000000014
102018,7,count1024,6000,0.8056640625,0.2316406250000015
102018,7,count1024,6200,0.8046875,0.2379296875000016
102018,7,count1024,6400,0.8134765625,0.2257226562500013
102018,7,count1024,6600,0.8193359375,0.2230273437500013
102018,7,count1024,6800,0.8369140625,0.2110546875000012
102018,7,count1024,7000,0.826171875,0.2189843750000015
102018,7,count1024,7200,0.8359375,0.2085351562500013
102018,7,count1024,7400,0.826171875,0.2215625000000013
102018,7,count1024,7600,0.841796875,0.2045703125000015
102018,7,count1024,7800,0.8154296875,0.2268945312500015
102018,7,count1024,8000,0.8486328125,0.1965039062500013
102018,7,count1024,8200,0.8095703125,0.2340625000000015
102018,7,count1024,8400,0.841796875,0.2134960937500014
102018,7,count1024,8600,0.84375,0.2075781250000015
102018,7,count1024,8800,0.8076171875,0.2336328125000015
102018,7,count1024,9000,0.810546875,0.2279687500000013
102018,7,count1024,9200,0.861328125,0.1818750000000012
102018,7,count1024,9400,0.8701171875,0.1756640625000011
102018,7,count1024,9600,0.84375,0.2124414062500017
102018,7,count1024,9800,0.8330078125,0.2033789062500015
102018,7,count1024,10000,0.8505859375,0.1935156250000015
102018,7,count1024,10200,0.8505859375,0.1908203125000013
102018,7,count1024,10400,0.828125,0.2163671875000015
102018,7,count1024,10600,0.8134765625,0.2217578125000012
102018,7,count1024,10800,0.8427734375,0.2057226562500014
102018,7,count1024,11000,0.8330078125,0.2094726562500015
102018,7,count1024,11200,0.8486328125,0.1998046875000014
102018,7,count1024,11400,0.8466796875,0.1893945312500015
102018,7,count1024,11600,0.822265625,0.2159960937500015
102018,7,count1024,11800,0.83203125,0.2104687500000012
102018,7,count1024,12000,0.8515625,0.1892968750000013
102018,7,count1024,12200,0.8544921875,0.1941601562500016
102018,7,count1024,12400,0.84375,0.2066601562500015
102018,7,count1024,12600,0.796875,0.2374609375000014
102018,7,count1024,12800,0.84375,0.1953906250000013
102018,7,count1024,13000,0.8447265625,0.2004296875000015
102018,7,count1024,13200,0.8515625,0.1942578125000014
102018,7,count1024,13400,0.8349609375,0.2100976562500013
102018,7,count1024,13600,0.8466796875,0.1866015625000012
102018,7,count1024,13800,0.84765625,0.1929882812500012
102018,7,count1024,14000,0.8857421875,0.1701171875000012
102018,7,count1024,14200,0.826171875,0.2160546875000012
102018,7,count1024,14400,0.822265625,0.2151171875000015
102018,7,count1024,14600,0.83203125,0.2131445312500014
102018,7,count1024,14800,0.8349609375,0.2098046875000014
102018,7,count1024,15000,0.8330078125,0.2064843750000015
102018,7,count1024,15200,0.8583984375,0.1923046875000015
102018,7,count1024,15400,0.8193359375,0.2178125000000015
102018,7,count1024,15600,0.837890625,0.2126757812500013
102018,7,count1024,15800,0.8203125,0.2219140625000015
102018,7,count1024,16000,0.8349609375,0.2172265625000015
102018,7,count1024,16200,0.8251953125,0.2181835937500014
102018,7,count1024,16400,0.83984375,0.2004687500000015
102018,7,count1024,16600,0.853515625,0.1897070312500012
102018,7,count1024,16800,0.833984375,0.2109570312500013
102018,7,count1024,17000,0.8564453125,0.1841992187500013
102018,7,count1024,17200,0.8369140625,0.2137500000000016
102018,7,count1024,17400,0.8408203125,0.1957421875000015
102018,7,count1024,17600,0.8232421875,0.2213476562500016
102018,7,count1024,17800,0.8291015625,0.2124804687500015
102018,7,count1024,18000,0.8310546875,0.2186132812500012
102018,7,count1024,18200,0.845703125,0.1882031250000013
102018,7,count1024,18400,0.8193359375,0.2182421875000015
102018,7,count1024,18600,0.8720703125,0.1744140625000012
102018,7,count1024,18800,0.8505859375,0.1866601562500013
102018,7,count1024,19000,0.8349609375,0.2134570312500014
102018,7,count1024,19200,0.837890625,0.2111914062500012
102018,7,count1024,19400,0.875,0.1715820312500012
102018,7,count1024,19600,0.8466796875,0.2101757812500015
102018,7,count1024,19800,0.8544921875,0.1845312500000014
102018,7,count1024,20000,0.87109375,0.1861523437500015
102018,8,count1024,0,0.25390625,1.0
102018,8,count1024,200,0.181640625,0.8268554687499988
102018,8,count1024,400,0.138671875,0.872910156249999
102018,8,count1024,600,0.126953125,0.8837695312499994
102018,8,count1024,800,0.158203125,0.8525390624999987
102018,8,count1024,1000,0.216796875,0.8016601562499986
102018,8,count1024,1200,0.3447265625,0.6789062499999989
102018,8,count1024,1400,0.59375,0.4473632812500014
102018,8,count1024,1600,0.7099609375,0.3385351562500014
102018,8,count1024,1800,0.8349609375,0.2396289062500013
102018,8,count1024,2000,0.8935546875,0.1825976562500016
102018,8,count1024,2200,0.916015625,0.1626757812500014
102018,8,count1024,2400,0.9130859375,0.1674609375000014
102018,8,count1024,2600,0.9267578125,0.1630078125000012
102018,8,count1024,2800,0.921875,0.1591992187500013
102018,8,count1024,3000,0.921875,0.1625000000000013
102018,8,count1024,3200,0.9267578125,0.152187500000001
102018,8,count1024,3400,0.939453125,0.147695312500001
102018,8,count1024,3600,0.9296875,0.1516406250000011
102018,8,count1024,3800,0.93359375,0.1478710937500012
102018,8,count1024,4000,0.9541015625,0.1484375000000012
102018,8,count1024,4200,0.9501953125,0.146054687500001
102018,8,count1024,4400,0.94140625,0.1473046875000012
102018,8,count1024,4600,0.955078125,0.1267187500000009
102018,8,count1024,4800,0.9541015625,0.1407031250000008
102018,8,count1024,5000,0.9453125,0.1437109375000012
102018,8,count1024,5200,0.9560546875,0.1362500000000009
102018,8,count1024,5400,0.9443359375,0.149707031250001
102018,8,count1024,5600,0.953125,0.1430664062500011
102018,8,count1024,5800,0.9482421875,0.139843750000001
102018,8,count1024,6000,0.93359375,0.1563085937500012
102018,8,count1024,6200,0.94921875,0.141835937500001
102018,8,count1024,6400,0.955078125,0.1399218750000011
102018,8,count1024,6600,0.96484375,0.1325390625000009
102018,8,count1024,6800,0.9580078125,0.1420898437500009
102018,8,count1024,7000,0.9580078125,0.137558593750001
102018,8,count1024,7200,0.9462890625,0.1494140625000011
102018,8,count1024,7400,0.953125,0.1484570312500012
102018,8,count1024,7600,0.94140625,0.1501562500000009
102018,8,count1024,7800,0.9306640625,0.1513867187500009
102018,8,count1024,8000,0.9560546875,0.1399218750000012
102018,8,count1024,8200,0.9423828125,0.1479492187500009
102018,8,count1024,8400,0.953125,0.144023437500001
102018,8,count1024,8600,0.95703125,0.135625000000001
102018,8,count1024,8800,0.94921875,0.149140625000001
102018,8,count1024,9000,0.9453125,0.1428320312500009
102018,8,count1024,9200,0.955078125,0.1441992187500012
102018,8,count1024,9400,0.9638671875,0.139296875000001
102018,8,count1024,9600,0.9541015625,0.144707031250001
102018,8,count1024,9800,0.9501953125,0.142070312500001
102018,8,count1024,10000,0.9580078125,0.145195312500001
102018,8,count1024,10200,0.9482421875,0.1321875000000008
102018,8,count1024,10400,0.9541015625,0.1468945312500011
102018,8,count1024,10600,0.935546875,0.1559375000000012
102018,8,count1024,10800,0.955078125,0.143144531250001
102018,8,count1024,11000,0.93359375,0.1518164062500012
102018,8,count1024,11200,0.939453125,0.155371093750001
102018,8,count1024,11400,0.9560546875,0.1429492187500011
102018,8,count1024,11600,0.9560546875,0.144160156250001
102018,8,count1024,11800,0.951171875,0.1459765625000011
102018,8,count1024,12000,0.955078125,0.1392773437500008
102018,8,count1024,12200,0.970703125,0.125917968750001
102018,8,count1024,12400,0.9560546875,0.1404296875000009
102018,8,count1024,12600,0.9580078125,0.143261718750001
102018,8,count1024,12800,0.9501953125,0.147500000000001
102018,8,count1024,13000,0.9501953125,0.1514648437500012
102018,8,count1024,13200,0.9619140625,0.146328125000001
102018,8,count1024,13400,0.9677734375,0.1271093750000007
102018,8,count1024,13600,0.9501953125,0.1416406250000011
102018,8,count1024,13800,0.9599609375,0.1445117187500011
102018,8,count1024,14000,0.96875,0.1449804687500012
102018,8,count1024,14200,0.962890625,0.137441406250001
102018,8,count1024,14400,0.9677734375,0.1317968750000009
102018,8,count1024,14600,0.9599609375,0.1463085937500012
102018,8,count1024,14800,0.95703125,0.1454882812500011
102018,8,count1024,15000,0.9482421875,0.1549414062500012
102018,8,count1024,15200,0.94921875,0.1455468750000012
102018,8,count1024,15400,0.96875,0.1357421875000008
102018,8,count1024,15600,0.94921875,0.1507812500000012
102018,8,count1024,15800,0.9521484375,0.137480468750001
102018,8,count1024,16000,0.9658203125,0.1349218750000009
102018,8,count1024,16200,0.9580078125,0.145878906250001
102018,8,count1024,16400,0.9619140625,0.145957031250001
102018,8,count1024,16600,0.95703125,0.141894531250001
102018,8,count1024,16800,0.95703125,0.1460156250000011
102018,8,count1024,17000,0.958984375,0.1439257812500011
102018,8,count1024,17200,0.966796875,0.1389648437500007
102018,8,count1024,17400,0.97265625,0.1346875000000009
102018,8,count1024,17600,0.9541015625,0.1502929687500011
102018,8,count1024,17800,0.9580078125,0.1538867187500013
102018,8,count1024,18000,0.94140625,0.1617187500000012
102018,8,count1024,18200,0.9609375,0.1449218750000009
102018,8,count1024,18400,0.95703125,0.1433789062500007
102018,8,count1024,18600,0.9375,0.1607226562500012
102018,8,count1024,18800,0.958984375,0.1405859375000012
102018,8,count1024,19000,0.9658203125,0.138945312500001
102018,8,count1024,19200,0.9580078125,0.140585937500001
102018,8,count1024,19400,0.9443359375,0.1586718750000014
102018,8,count1024,19600,0.962890625,0.1397460937500009
102018,8,count1024,19800,0.958984375,0.1444726562500011
102018,8,count1024,20000,0.9560546875,0.1497656250000013
102018,7,time150,0,0.25390625,1.0
102018,7,time150,200,0.365234375,0.6541992187499992
102018,7,time150,400,0.43359375,0.5833789062499994
102018,7,time150,600,0.515625,0.503652343750001
102018,7,time150,800,0.556640625,0.4729687500000014
102018,7,time150,1000,0.6494140625,0.3702734375000015
102018,7,time150,1200,0.6259765625,0.4077343750000017
102018,7,time150,1400,0.67578125,0.3568750000000014
102018,7,time150,1600,0.734375,0.3044335937500016
102018,7,time150,1800,0.7529296875,0.2885937500000015
102018,7,time150,2000,0.7587890625,0.2849023437500015
102018,7,time150,2200,0.736328125,0.3012109375000013
102018,7,time150,2400,0.7744140625,0.2691015625000016
102018,7,time150,2600,0.779296875,0.2556054687500015
102018,7,time150,2800,0.8037109375,0.2380859375000015
102018,7,time150,3000,0.759765625,0.2699023437500015
102018,7,time150,3200,0.755859375,0.2731640625000012
102018,7,time150,3400,0.794921875,0.2455664062500015
102018,7,time150,3600,0.8154296875,0.2250000000000017
102018,7,time150,3800,0.7802734375,0.2560351562500015
102018,7,time150,4000,0.7861328125,0.2523046875000015
102018,7,time150,4200,0.8046875,0.2400000000000015
102018,7,time150,4400,0.7998046875,0.2494140625000016
102018,7,time150,4600,0.82421875,0.2256250000000016
102018,7,time150,4800,0.78125,0.2494335937500016
102018,7,time150,5000,0.80859375,0.2337304687500014
102018,7,time150,5200,0.8056640625,0.2356445312500016
102018,7,time150,5400,0.8291015625,0.2131054687500013
102018,7,time150,5600,0.7978515625,0.2400195312500016
102018,7,time150,5800,0.818359375,0.2190625000000013
102018,7,time150,6000,0.7998046875,0.2331445312500015
102018,7,time150,6200,0.814453125,0.2335351562500014
102018,7,time150,6400,0.8017578125,0.2464453125000016
102018,7,time150,6600,0.818359375,0.2268554687500016
102018,7,time150,6800,0.8515625,0.1929296875000012
102018,7,time150,7000,0.841796875,0.2117187500000013
102018,7,time150,7200,0.8330078125,0.2108203125000016
102018,7,time150,7400,0.8525390625,0.1891601562500012
102018,7,time150,7600,0.8154296875,0.2264648437500015
102018,7,time150,7800,0.8173828125,0.2238281250000014
102018,7,time150,8000,0.8056640625,0.2461328125000016
102018,7,time150,8200,0.7958984375,0.2377343750000013
102018,7,time150,8400,0.7978515625,0.2353320312500013
102018,7,time150,8600,0.8310546875,0.2063476562500015
102018,7,time150,8800,0.8232421875,0.2100781250000013
102018,7,time150,9000,0.8466796875,0.1951953125000015
102018,7,time150,9200,0.8125,0.2240234375000014
102018,7,time150,9400,0.85546875,0.1910351562500015
102018,7,time150,9600,0.8505859375,0.1952929687500013
102018,7,time150,9800,0.8681640625,0.1925781250000012
102018,7,time150,10000,0.8212890625,0.2292968750000015
102018,7,time150,10200,0.830078125,0.2103125000000014
102018,7,time150,10400,0.7939453125,0.2485351562500015
102018,7,time150,10600,0.8134765625,0.2241210937500017
102018,7,time150,10800,0.8310546875,0.2066015625000015
102018,7,time150,11000,0.8095703125,0.2312695312500014
102018,7,time150,11200,0.8583984375,0.1791601562500013
102018,7,time150,11400,0.861328125,0.1798242187500013
102018,7,time150,11600,0.845703125,0.1994726562500013
102018,7,time150,11800,0.8154296875,0.2303515625000014
102018,7,time150,12000,0.8095703125,0.2296289062500013
102018,7,time150,12200,0.83203125,0.1989453125000013
102018,7,time150,12400,0.833984375,0.2202539062500012
102018,7,time150,12600,0.83203125,0.2063671875000013
102018,7,time150,12800,0.81640625,0.2249804687500012
102018,7,time150,13000,0.8134765625,0.2335351562500014
102018,7,time150,13200,0.7939453125,0.2421875000000014
102018,7,time150,13400,0.796875,0.2514257812500015
102018,7,time150,13600,0.841796875,0.2061914062500013
102018,7,time150,13800,0.837890625,0.2073828125000016
102018,7,time150,14000,0.833984375,0.2040820312500014
102018,7,time150,14200,0.8544921875,0.1938867187500014
102018,7,time150,14400,0.830078125,0.2081835937500014
102018,7,time150,14600,0.8603515625,0.1887500000000015
102018,7,time150,14800,0.806640625,0.2375585937500015
102018,7,time150,15000,0.85546875,0.1872656250000013
102018,7,time150,15200,0.814453125,0.2211328125000015
102018,7,time150,15400,0.8134765625,0.2140234375000015
102018,7,time150,15600,0.802734375,0.2366601562500015
102018,7,time150,15800,0.8310546875,0.2154101562500016
102018,7,time150,16000,0.822265625,0.2272851562500014
102018,7,time150,16200,0.837890625,0.2128320312500015
102018,7,time150,16400,0.8076171875,0.2283984375000014
102018,7,time150,16600,0.8603515625,0.1973046875000013
102018,7,time150,16800,0.82421875,0.2147851562500015
102018,7,time150,17000,0.8408203125,0.2041601562500014
102018,7,time150,17200,0.8662109375,0.1801562500000015
102018,7,time150,17400,0.796875,0.2416796875000016
102018,7,time150,17600,0.8583984375,0.1954296875000013
102018,7,time150,17800,0.8154296875,0.2226757812500017
102018,7,time150,18000,0.83984375,0.2126171875000016
102018,7,time150,18200,0.8603515625,0.1897656250000015
102018,7,time150,18400,0.8251953125,0.2305078125000015
102018,7,time150,18600,0.841796875,0.2116601562500013
102018,7,time150,18800,0.8544921875,0.1864257812500012
102018,7,time150,19000,0.8544921875,0.1971289062500012
102018,7,time150,19200,0.8291015625,0.2160156250000013
102018,7,time150,19400,0.8466796875,0.2047656250000015
102018,7,time150,19600,0.8525390625,0.2002343750000015
102018,7,time150,19800,0.8125,0.2294531250000016
102018,7,time150,20000,0.81640625,0.2249023437500015
102018,8,time150,0,0.25390625,1.0
102018,8,time150,200,0.1806640625,0.829042968749999
102018,8,time150,400,0.1533203125,0.8581249999999991
102018,8,time150,600,0.1328125,0.8738867187499996
102018,8,time150,800,0.1240234375,0.8841406249999991
102018,8,time150,1000,0.109375,0.899453124999999
102018,8,time150,1200,0.123046875,0.8862499999999986
102018,8,time150,1400,0.1201171875,0.8878710937499985
102018,8,time150,1600,0.1572265625,0.8498046874999986
102018,8,time150,1800,0.1787109375,0.8318164062499986
102018,8,time150,2000,0.2431640625,0.7657421874999985
102018,8,time150,2200,0.251953125,0.7612890624999993
102018,8,time150,2400,0.294921875,0.7198632812499991
102018,8,time150,2600,0.361328125,0.6453320312499983
102018,8,time150,2800,0.3994140625,0.6137304687499995
102018,8,time150,3000,0.4697265625,0.5475195312500005
102018,8,time150,3200,0.5068359375,0.5162109375000011
102018,8,time150,3400,0.4833984375,0.5339257812500006
102018,8,time150,3600,0.5361328125,0.4869140625000016
102018,8,time150,3800,0.6005859375,0.4299609375000015
102018,8,time150,4000,0.6240234375,0.4115820312500017
102018,8,time150,4200,0.6328125,0.3943554687500018
102018,8,time150,4400,0.62109375,0.4049609375000016
102018,8,time150,4600,0.6708984375,0.3711523437500015
102018,8,time150,4800,0.6552734375,0.3818554687500015
102018,8,time150,5000,0.720703125,0.3180468750000018
102018,8,time150,5200,0.7255859375,0.3159179687500016
102018,8,time150,5400,0.712890625,0.3325585937500018
102018,8,time150,5600,0.732421875,0.3126367187500014
102018,8,time150,5800,0.712890625,0.3353710937500016
102018,8,time150,6000,0.7236328125,0.3147460937500016
102018,8,time150,6200,0.673828125,0.3616796875000016
102018,8,time150,6400,0.7333984375,0.3078710937500017
102018,8,time150,6600,0.720703125,0.3221093750000015
102018,8,time150,6800,0.73046875,0.3131250000000017
102018,8,time150,7000,0.7470703125,0.3106250000000016
102018,8,time150,7200,0.755859375,0.2902343750000016
102018,8,time150,7400,0.751953125,0.2948828125000015
102018,8,time150,7600,0.7744140625,0.2716406250000015
102018,8,time150,7800,0.7763671875,0.2768359375000016
102018,8,time150,8000,0.7900390625,0.2603125000000015
102018,8,time150,8200,0.783203125,0.2666210937500016
102018,8,time150,8400,0.765625,0.2764843750000015
102018,8,time150,8600,0.775390625,0.2760742187500017
102018,8,time150,8800,0.7568359375,0.2890820312500017
102018,8,time150,9000,0.7724609375,0.2735546875000016
102018,8,time150,9200,0.76171875,0.2821484375000016
102018,8,time150,9400,0.7607421875,0.2927343750000017
102018,8,time150,9600,0.7744140625,0.2726953125000016
102018,8,time150,9800,0.7724609375,0.2755664062500014
102018,8,time150,10000,0.763671875,0.2788281250000016
102018,8,time150,10200,0.7939453125,0.2596484375000016
102018,8,time150,10400,0.77734375,0.2797265625000017
102018,8,time150,10600,0.755859375,0.2836914062500013
102018,8,time150,10800,0.7626953125,0.2818945312500017
102018,8,time150,11000,0.7783203125,0.2722070312500016
102018,8,time150,11200,0.791015625,0.2609960937500014
102018,8,time150,11400,0.771484375,0.2717382812500014
102018,8,time150,11600,0.802734375,0.2496679687500016
102018,8,time150,11800,0.806640625,0.2461328125000015
102018,8,time150,12000,0.8115234375,0.2494726562500017
102018,8,time150,12200,0.8125,0.2402148437500018
102018,8,time150,12400,0.83203125,0.2250976562500017
102018,8,time150,12600,0.8212890625,0.2349023437500017
102018,8,time150,12800,0.8212890625,0.2519335937500019
102018,8,time150,13000,0.8232421875,0.2394921875000012
102018,8,time150,13200,0.8505859375,0.2153906250000013
102018,8,time150,13400,0.806640625,0.2528906250000017
102018,8,time150,13600,0.82421875,0.2347265625000014
102018,8,time150,13800,0.83984375,0.2193359375000013
102018,8,time150,14000,0.814453125,0.2373437500000014
102018,8,time150,14200,0.8212890625,0.2387109375000018
102018,8,time150,14400,0.814453125,0.2353906250000014
102018,8,time150,14600,0.7978515625,0.2631445312500017
102018,8,time150,14800,0.80078125,0.2548046875000016
102018,8,time150,15000,0.8544921875,0.2119726562500016
102018,8,time150,15200,0.81640625,0.2412304687500017
102018,8,time150,15400,0.8349609375,0.2173242187500015
102018,8,time150,15600,0.8349609375,0.2241992187500015
102018,8,time150,15800,0.7978515625,0.2610546875000017
102018,8,time150,16000,0.8076171875,0.2547656250000015
102018,8,time150,16200,0.818359375,0.2378320312500015
102018,8,time150,16400,0.8115234375,0.2464257812500017
102018,8,time150,16600,0.8076171875,0.2484179687500017
102018,8,time150,16800,0.8134765625,0.2354882812500015
102018,8,time150,17000,0.83984375,0.2212695312500015
102018,8,time150,17200,0.826171875,0.2337695312500016
102018,8,time150,17400,0.8251953125,0.2304882812500015
102018,8,time150,17600,0.8505859375,0.2144531250000014
102018,8,time150,17800,0.822265625,0.2372265625000014
102018,8,time150,18000,0.830078125,0.2276171875000014
102018,8,time150,18200,0.8310546875,0.2346484375000016
102018,8,time150,18400,0.806640625,0.2518359375000016
102018,8,time150,18600,0.82421875,0.2337304687500012
102018,8,time150,18800,0.80078125,0.2540625000000013
102018,8,time150,19000,0.8330078125,0.2233593750000013
102018,8,time150,19200,0.8212890625,0.2335351562500013
102018,8,time150,19400,0.80078125,0.2519335937500016
102018,8,time150,19600,0.8037109375,0.2539257812500018
102018,8,time150,19800,0.830078125,0.2324218750000016
102018,8,time150,20000,0.7958984375,0.2574218750000016
102018,7,time750,0,0.25390625,1.0
102018,7,time750,200,0.3935546875,0.6224609374999996
102018,7,time750,400,0.58203125,0.4317968750000011
102018,7,time750,600,0.76953125,0.2712890625000015
102018,7,time750,800,0.9306640625,0.1390234375000013
102018,7,time750,1000,0.9619140625,0.106992187500001
102018,7,time750,1200,0.982421875,0.0933007812500006
102018,7,time750,1400,0.9833984375,0.0909179687500005
102018,7,time750,1600,0.994140625,0.0883593750000006
102018,7,time750,1800,0.9814453125,0.0938085937500005
102018,7,time750,2000,0.99609375,0.0828125000000004
102018,7,time750,2200,0.9892578125,0.0895312500000007
102018,7,time750,2400,0.9892578125,0.0916210937500006
102018,7,time750,2600,0.9921875,0.0822460937500004
102018,7,time750,2800,0.9921875,0.0882226562500006
102018,7,time750,3000,0.994140625,0.0841601562500005
102018,7,time750,3200,0.994140625,0.0821289062500005
102018,7,time750,3400,0.9951171875,0.0861523437500005
102018,7,time750,3600,0.99609375,0.0800195312500003
102018,7,time750,3800,0.9970703125,0.0817578125000004
102018,7,time750,4000,0.99609375,0.0859960937500005
102018,7,time750,4200,0.998046875,0.0810937500000004
102018,7,time750,4400,0.990234375,0.0826562500000004
102018,7,time750,4600,0.9951171875,0.0873828125000005
102018,7,time750,4800,0.9970703125,0.0882812500000006
102018,7,time750,5000,0.998046875,0.0828710937500004
102018,7,time750,5200,0.99609375,0.0860546875000005
102018,7,time750,5400,0.998046875,0.0842968750000005
102018,7,time750,5600,0.998046875,0.0859570312500005
102018,7,time750,5800,1.0,0.0843554687500004
102018,7,time750,6000,0.99609375,0.0851562500000005
102018,7,time750,6200,0.9970703125,0.0859179687500005
102018,7,time750,6400,0.998046875,0.0893945312500006
102018,7,time750,6600,0.9970703125,0.0866015625000005
102018,7,time750,6800,0.9931640625,0.0825976562500004
102018,7,time750,7000,0.9931640625,0.0846679687500004
102018,7,time750,7200,0.9990234375,0.0839453125000005
102018,7,time750,7400,0.9970703125,0.0813671875000005
102018,7,time750,7600,1.0,0.0820507812500004
102018,7,time750,7800,0.99609375,0.0856054687500006
102018,7,time750,8000,0.9990234375,0.0846289062500005
102018,7,time750,8200,0.9990234375,0.0842187500000004
102018,7,time750,8400,0.99609375,0.0867578125000006
102018,7,time750,8600,0.9970703125,0.0841406250000004
102018,7,time750,8800,0.9951171875,0.0824804687500005
102018,7,time750,9000,0.9990234375,0.0859765625000006
102018,7,time750,9200,0.998046875,0.0826171875000005
102018,7,time750,9400,0.9990234375,0.0843164062500005
102018,7,time750,9600,0.99609375,0.0867578125000005
102018,7,time750,9800,0.9970703125,0.0833007812500004
102018,7,time750,10000,0.9990234375,0.0794921875000005
102018,7,time750,10200,0.9970703125,0.0840625000000005
102018,7,time750,10400,0.9990234375,0.0837109375000004
102018,7,time750,10600,0.9970703125,0.0816015625000005
102018,7,time750,10800,0.9951171875,0.0828125000000005
102018,7,time750,11000,0.998046875,0.0827734375000006
102018,7,time750,11200,0.9990234375,0.0866015625000004
102018,7,time750,11400,0.9990234375,0.0807226562500004
102018,7,time750,11600,0.99609375,0.0868750000000005
102018,7,time750,11800,1.0,0.0875781250000006
102018,7,time750,12000,1.0,0.0825976562500004
102018,7,time750,12200,0.9990234375,0.0841796875000004
102018,7,time750,12400,0.9990234375,0.0858398437500005
102018,7,time750,12600,0.9951171875,0.0846484375000005
102018,7,time750,12800,0.9951171875,0.0857031250000005
102018,7,time750,13000,0.998046875,0.0827734375000004
102018,7,time750,13200,0.99609375,0.0856250000000005
102018,7,time750,13400,0.99609375,0.0892382812500005
102018,7,time750,13600,1.0,0.0821093750000003
102018,7,time750,13800,0.9970703125,0.0809960937500003
102018,7,time750,14000,0.9951171875,0.0853320312500005
102018,7,time750,14200,0.994140625,0.0811523437500005
102018,7,time750,14400,0.99609375,0.0875976562500004
102018,7,time750,14600,0.9951171875,0.0806640625000004
102018,7,time750,14800,1.0,0.0808593750000004
102018,7,time750,15000,0.998046875,0.0852734375000004
102018,7,time750,15200,0.998046875,0.0868164062500005
102018,7,time750,15400,0.9990234375,0.0815625000000004
102018,7,time750,15600,0.9990234375,0.0810937500000004
102018,7,time750,15800,0.998046875,0.0841601562500005
102018,7,time750,16000,0.994140625,0.0862109375000005
102018,7,time750,16200,1.0,0.0810546875000004
102018,7,time750,16400,1.0,0.0837890625000004
102018,7,time750,16600,0.9990234375,0.0837695312500004
102018,7,time750,16800,0.998046875,0.0859960937500005
102018,7,time750,17000,0.998046875,0.0859570312500006
102018,7,time750,17200,0.9970703125,0.0818945312500004
102018,7,time750,17400,0.9970703125,0.0888671875000005
102018,7,time750,17600,0.9970703125,0.0835351562500005
102018,7,time750,17800,0.9970703125,0.0827343750000005
102018,7,time750,18000,0.9970703125,0.0832617187500005
102018,7,time750,18200,0.998046875,0.0862304687500005
102018,7,time750,18400,0.994140625,0.0929882812500007
102018,7,time750,18600,0.9990234375,0.0808789062500004
102018,7,time750,18800,0.998046875,0.0849414062500004
102018,7,time750,19000,0.998046875,0.0881640625000007
102018,7,time750,19200,0.99609375,0.0826953125000005
102018,7,time750,19400,1.0,0.0803710937500004
102018,7,time750,19600,0.9990234375,0.0834960937500004
102018,7,time750,19800,0.998046875,0.0843164062500005
102018,7,time750,20000,0.998046875,0.0823437500000004
102018,8,time750,0,0.25390625,1.0
102018,8,time750,200,0.181640625,0.8268554687499988
102018,8,time750,400,0.138671875,0.872910156249999
102018,8,time750,600,0.126953125,0.8837695312499994
102018,8,time750,800,0.162109375,0.8509960937499991
102018,8,time750,1000,0.2177734375,0.7882226562499989
102018,8,time750,1200,0.341796875,0.6801562499999998
102018,8,time750,1400,0.5703125,0.4719726562500015
102018,8,time750,1600,0.662109375,0.3928906250000015
102018,8,time750,1800,0.82421875,0.2483007812500014
102018,8,time750,2000,0.8798828125,0.1977734375000014
102018,8,time750,2200,0.9052734375,0.169257812500001
102018,8,time750,2400,0.90234375,0.1791796875000014
102018,8,time750,2600,0.9150390625,0.1661328125000011
102018,8,time750,2800,0.90234375,0.1704687500000012
102018,8,time750,3000,0.9228515625,0.1567578125000011
102018,8,time750,3200,0.9189453125,0.1649023437500014
102018,8,time750,3400,0.9228515625,0.1560742187500013
102018,8,time750,3600,0.9326171875,0.150136718750001
102018,8,time750,3800,0.9267578125,0.155097656250001
102018,8,time750,4000,0.9296875,0.1502929687500011
102018,8,time750,4200,0.94140625,0.1442773437500011
102018,8,time750,4400,0.9287109375,0.1560546875000011
102018,8,time750,4600,0.9228515625,0.1630273437500013
102018,8,time750,4800,0.94140625,0.1401953125000012
102018,8,time750,5000,0.9326171875,0.1486914062500013
102018,8,time750,5200,0.9365234375,0.1503515625000012
102018,8,time750,5400,0.9130859375,0.1695117187500013
102018,8,time750,5600,0.9384765625,0.1490039062500011
102018,8,time750,5800,0.9560546875,0.133085937500001
102018,8,time750,6000,0.9365234375,0.1429687500000011
102018,8,time750,6200,0.947265625,0.1457812500000011
102018,8,time750,6400,0.9306640625,0.1631250000000012
102018,8,time750,6600,0.94921875,0.1384570312500009
102018,8,time750,6800,0.947265625,0.1467968750000009
102018,8,time750,7000,0.9384765625,0.1436718750000011
102018,8,time750,7200,0.9345703125,0.1487109375000011
102018,8,time750,7400,0.9482421875,0.1452343750000011
102018,8,time750,7600,0.9501953125,0.135976562500001
102018,8,time750,7800,0.927734375,0.1542578125000012
102018,8,time750,8000,0.9296875,0.151445312500001
102018,8,time750,8200,0.9462890625,0.141503906250001
102018,8,time750,8400,0.93359375,0.1488671875000012
102018,8,time750,8600,0.9541015625,0.129960937500001
102018,8,time750,8800,0.94921875,0.1455664062500012
102018,8,time750,9000,0.94140625,0.144375000000001
102018,8,time750,9200,0.9306640625,0.1567578125000012
102018,8,time750,9400,0.9580078125,0.1273437500000008
102018,8,time750,9600,0.9580078125,0.1405273437500011
102018,8,time750,9800,0.9453125,0.1428906250000009
102018,8,time750,10000,0.955078125,0.1330859375000008
102018,8,time750,10200,0.94140625,0.146542968750001
102018,8,time750,10400,0.93359375,0.1515429687500009
102018,8,time750,10600,0.94140625,0.151601562500001
102018,8,time750,10800,0.966796875,0.1316992187500009
102018,8,time750,11000,0.951171875,0.1354882812500009
102018,8,time750,11200,0.9541015625,0.142050781250001
102018,8,time750,11400,0.94921875,0.1368945312500009
102018,8,time750,11600,0.943359375,0.143007812500001
102018,8,time750,11800,0.9541015625,0.1364062500000009
102018,8,time750,12000,0.9501953125,0.1440820312500012
102018,8,time750,12200,0.9609375,0.1361132812500008
102018,8,time750,12400,0.9521484375,0.138183593750001
102018,8,time750,12600,0.9248046875,0.1659570312500015
102018,8,time750,12800,0.9521484375,0.1455664062500011
102018,8,time750,13000,0.9375,0.1593164062500013
102018,8,time750,13200,0.9306640625,0.154238281250001
102018,8,time750,13400,0.9521484375,0.1432617187500009
102018,8,time750,13600,0.951171875,0.1362304687500011
102018,8,time750,13800,0.9365234375,0.150878906250001
102018,8,time750,14000,0.93359375,0.1528320312500012
102018,8,time750,14200,0.9560546875,0.137285156250001
102018,8,time750,14400,0.9482421875,0.1427539062500008
102018,8,time750,14600,0.9541015625,0.133945312500001
102018,8,time750,14800,0.927734375,0.1583789062500011
102018,8,time750,15000,0.9345703125,0.1533789062500013
102018,8,time750,15200,0.9580078125,0.1433984375000011
102018,8,time750,15400,0.95703125,0.136718750000001
102018,8,time750,15600,0.9619140625,0.1314453125000008
102018,8,time750,15800,0.9609375,0.1327929687500009
102018,8,time750,16000,0.958984375,0.1377539062500009
102018,8,time750,16200,0.9404296875,0.1513867187500009
102018,8,time750,16400,0.935546875,0.157929687500001
102018,8,time750,16600,0.953125,0.1379687500000011
102018,8,time750,16800,0.9609375,0.1313671875000009
102018,8,time750,17000,0.9580078125,0.1376171875000012
102018,8,time750,17200,0.9677734375,0.1350195312500011
102018,8,time750,17400,0.947265625,0.1520117187500011
102018,8,time750,17600,0.9462890625,0.1425781250000011
102018,8,time750,17800,0.94921875,0.1344726562500011
102018,8,time750,18000,0.947265625,0.142636718750001
102018,8,time750,18200,0.9580078125,0.137421875000001
102018,8,time750,18400,0.93359375,0.1512890625000012
102018,8,time750,18600,0.9287109375,0.1544921875000012
102018,8,time750,18800,0.9423828125,0.1484179687500014
102018,8,time750,19000,0.9306640625,0.1596289062500013
102018,8,time750,19200,0.9462890625,0.1415234375000012
102018,8,time750,19400,0.947265625,0.1430859375000011
102018,8,time750,19600,0.935546875,0.1567773437500013
102018,8,time750,19800,0.935546875,0.1504296875000011
102018,8,time750,20000,0.9501953125,0.143476562500001
102019,7,continuous,0,0.2412109375,1.0
102019,7,continuous,200,0.4072265625,0.6057031250000001
102019,7,continuous,400,0.57421875,0.4455859375000014
102019,7,continuous,600,0.8095703125,0.2406835937500012
102019,7,continuous,800,0.9404296875,0.1207421875000011
102019,7,continuous,1000,0.9765625,0.0917773437500006
102019,7,continuous,1200,0.990234375,0.0864648437500005
102019,7,continuous,1400,0.9921875,0.0841601562500003
102019,7,continuous,1600,0.998046875,0.0803125000000005
102019,7,continuous,1800,0.998046875,0.0805078125000004
102019,7,continuous,2000,0.99609375,0.0866796875000006
102019,7,continuous,2200,1.0,0.0778710937500003
102019,7,continuous,2400,0.9990234375,0.0844921875000005
102019,7,continuous,2600,0.9990234375,0.0823828125000004
102019,7,continuous,2800,1.0,0.0855859375000005
102019,7,continuous,3000,0.998046875,0.0858398437500005
102019,7,continuous,3200,0.998046875,0.0862695312500004
102019,7,continuous,3400,0.998046875,0.0833007812500004
102019,7,continuous,3600,0.998046875,0.0832031250000005
102019,7,continuous,3800,1.0,0.0867968750000004
102019,7,continuous,4000,0.9990234375,0.0877148437500004
102019,7,continuous,4200,1.0,0.0833984375000005
102019,7,continuous,4400,0.9990234375,0.0817382812500004
102019,7,continuous,4600,1.0,0.0824218750000005
102019,7,continuous,4800,0.998046875,0.0820117187500004
102019,7,continuous,5000,0.998046875,0.0827148437500004
102019,7,continuous,5200,0.9990234375,0.0812109375000004
102019,7,continuous,5400,0.9990234375,0.0845507812500004
102019,7,continuous,5600,0.9990234375,0.0833203125000005
102019,7,continuous,5800,1.0,0.0855664062500005
102019,7,continuous,6000,1.0,0.0826757812500005
102019,7,continuous,6200,0.9970703125,0.0851953125000005
102019,7,continuous,6400,0.9970703125,0.0845507812500004
102019,7,continuous,6600,0.998046875,0.0819335937500004
102019,7,continuous,6800,1.0,0.0813281250000005
102019,7,continuous,7000,1.0,0.0795312500000004
102019,7,continuous,7200,0.998046875,0.0825585937500004
102019,7,continuous,7400,0.9970703125,0.0842382812500005
102019,7,continuous,7600,1.0,0.0827539062500005
102019,7,continuous,7800,0.9970703125,0.0804687500000004
102019,7,continuous,8000,0.9990234375,0.0827929687500004
102019,7,continuous,8200,0.9990234375,0.0823046875000004
102019,7,continuous,8400,1.0,0.0807031250000004
102019,7,continuous,8600,1.0,0.0819140625000004
102019,7,continuous,8800,1.0,0.0856835937500004
102019,7,continuous,9000,0.9990234375,0.0848437500000005
102019,7,continuous,9200,0.99609375,0.0829296875000004
102019,7,continuous,9400,0.9990234375,0.0810742187500004
102019,7,continuous,9600,0.998046875,0.0894726562500006
102019,7,continuous,9800,0.9990234375,0.0884960937500006
102019,7,continuous,10000,1.0,0.0856445312500005
102019,7,continuous,10200,0.9990234375,0.0820703125000005
102019,7,continuous,10400,0.9990234375,0.0901562500000006
102019,7,continuous,10600,0.9990234375,0.0865820312500004
102019,7,continuous,10800,0.998046875,0.0879296875000005
102019,7,continuous,11000,0.9990234375,0.0848632812500005
102019,7,continuous,11200,1.0,0.0837500000000004
102019,7,continuous,11400,1.0,0.0815625000000005
102019,7,continuous,11600,0.9990234375,0.0837500000000004
102019,7,continuous,11800,1.0,0.0850781250000005
102019,7,continuous,12000,1.0,0.0890820312500005
102019,7,continuous,12200,0.998046875,0.0800195312500005
102019,7,continuous,12400,0.9990234375,0.0858789062500005
102019,7,continuous,12600,1.0,0.0849414062500006
102019,7,continuous,12800,1.0,0.0816210937500005
102019,7,continuous,13000,0.9990234375,0.0851757812500004
102019,7,continuous,13200,1.0,0.0814453125000003
102019,7,continuous,13400,0.9990234375,0.0841601562500006
102019,7,continuous,13600,0.9990234375,0.0824804687500004
102019,7,continuous,13800,0.9990234375,0.0811328125000004
102019,7,continuous,14000,0.9990234375,0.0850000000000005
102019,7,continuous,14200,1.0,0.0855664062500006
102019,7,continuous,14400,0.998046875,0.0849804687500005
102019,7,continuous,14600,1.0,0.0814648437500004
102019,7,continuous,14800,1.0,0.0862695312500005
102019,7,continuous,15000,1.0,0.0853125000000005
102019,7,continuous,15200,0.998046875,0.0882226562500004
102019,7,continuous,15400,0.9990234375,0.0833789062500005
102019,7,continuous,15600,0.9990234375,0.0858593750000005
102019,7,continuous,15800,1.0,0.0844726562500005
102019,7,continuous,16000,0.998046875,0.0818554687500003
102019,7,continuous,16200,1.0,0.0856445312500005
102019,7,continuous,16400,0.99609375,0.0804687500000004
102019,7,continuous,16600,0.998046875,0.0833007812500005
102019,7,continuous,16800,0.998046875,0.0862304687500004
102019,7,continuous,17000,0.99609375,0.0834179687500004
102019,7,continuous,17200,0.9970703125,0.0805859375000004
102019,7,continuous,17400,0.9990234375,0.0835742187500005
102019,7,continuous,17600,0.9990234375,0.0825195312500004
102019,7,continuous,17800,0.998046875,0.0799414062500004
102019,7,continuous,18000,0.998046875,0.0833007812500004
102019,7,continuous,18200,1.0,0.0854492187500005
102019,7,continuous,18400,0.9990234375,0.0875781250000006
102019,7,continuous,18600,1.0,0.0821289062500004
102019,7,continuous,18800,0.9990234375,0.0825585937500004
102019,7,continuous,19000,1.0,0.0823828125000004
102019,7,continuous,19200,0.9990234375,0.0841992187500005
102019,7,continuous,19400,0.9990234375,0.0816796875000005
102019,7,continuous,19600,1.0,0.0831250000000004
102019,7,continuous,19800,1.0,0.0866601562500006
102019,7,continuous,20000,0.9990234375,0.0849023437500004
102019,8,continuous,0,0.2412109375,1.0
102019,8,continuous,200,0.2158203125,0.793769531249998
102019,8,continuous,400,0.1689453125,0.8476562499999988
102019,8,continuous,600,0.16796875,0.8368554687499993
102019,8,continuous,800,0.1923828125,0.8289453124999989
102019,8,continuous,1000,0.322265625,0.7039453124999997
102019,8,continuous,1200,0.4150390625,0.6246875
102019,8,continuous,1400,0.64453125,0.4096679687500015
102019,8,continuous,1600,0.8359375,0.2435156250000014
102019,8,continuous,1800,0.9326171875,0.1657226562500011
102019,8,continuous,2000,0.962890625,0.1547460937500011
102019,8,continuous,2200,0.97265625,0.132929687500001
102019,8,continuous,2400,0.982421875,0.1292382812500009
102019,8,continuous,2600,0.982421875,0.1391796875000009
102019,8,continuous,2800,0.982421875,0.1325781250000009
102019,8,continuous,3000,0.990234375,0.1241796875000008
102019,8,continuous,3200,0.9921875,0.1249609375000008
102019,8,continuous,3400,0.9970703125,0.1223242187500008
102019,8,continuous,3600,0.9921875,0.1185351562500008
102019,8,continuous,3800,0.9990234375,0.1189453125000009
102019,8,continuous,4000,0.9970703125,0.1200585937500008
102019,8,continuous,4200,0.9990234375,0.1229882812500008
102019,8,continuous,4400,0.9970703125,0.1184765625000008
102019,8,continuous,4600,0.994140625,0.126347656250001
102019,8,continuous,4800,0.998046875,0.1270703125000007
102019,8,continuous,5000,0.998046875,0.1155078125000009
102019,8,continuous,5200,0.9990234375,0.1230859375000007
102019,8,continuous,5400,0.99609375,0.1243359375000009
102019,8,continuous,5600,0.998046875,0.1219921875000009
102019,8,continuous,5800,0.9990234375,0.1226953125000008
102019,8,continuous,6000,1.0,0.1171484375000009
102019,8,continuous,6200,0.9970703125,0.1228515625000007
102019,8,continuous,6400,0.9990234375,0.1272656250000009
102019,8,continuous,6600,0.9970703125,0.1345312500000009
102019,8,continuous,6800,0.998046875,0.1265625000000008
102019,8,continuous,7000,0.998046875,0.1185742187500008
102019,8,continuous,7200,0.99609375,0.1263671875000007
102019,8,continuous,7400,0.998046875,0.1281250000000011
102019,8,continuous,7600,0.998046875,0.1275585937500009
102019,8,continuous,7800,0.9951171875,0.1267578125000009
102019,8,continuous,8000,0.9990234375,0.1291406250000009
102019,8,continuous,8200,0.9970703125,0.131738281250001
102019,8,continuous,8400,1.0,0.1299414062500009
102019,8,continuous,8600,0.998046875,0.128535156250001
102019,8,continuous,8800,0.9970703125,0.1291992187500009
102019,8,continuous,9000,0.9990234375,0.1229687500000008
102019,8,continuous,9200,0.998046875,0.1273828125000009
102019,8,continuous,9400,0.998046875,0.134121093750001
102019,8,continuous,9600,1.0,0.134062500000001
102019,8,continuous,9800,0.998046875,0.1287109375000008
102019,8,continuous,10000,0.9990234375,0.1296875000000009
102019,8,continuous,10200,0.9951171875,0.129960937500001
102019,8,continuous,10400,0.9970703125,0.138886718750001
102019,8,continuous,10600,1.0,0.1356054687500009
102019,8,continuous,10800,0.9990234375,0.1284375000000008
102019,8,continuous,11000,1.0,0.1243359375000008
102019,8,continuous,11200,0.9990234375,0.1328320312500009
102019,8,continuous,11400,0.9970703125,0.1386523437500011
102019,8,continuous,11600,1.0,0.137011718750001
102019,8,continuous,11800,0.9990234375,0.1271093750000009
102019,8,continuous,12000,0.998046875,0.140742187500001
102019,8,continuous,12200,0.998046875,0.1331640625000009
102019,8,continuous,12400,0.9970703125,0.140703125000001
102019,8,continuous,12600,0.998046875,0.132871093750001
102019,8,continuous,12800,0.99609375,0.1435156250000012
102019,8,continuous,13000,0.9990234375,0.1379882812500008
102019,8,continuous,13200,0.9990234375,0.139941406250001
102019,8,continuous,13400,0.9970703125,0.1359375000000009
102019,8,continuous,13600,1.0,0.1334375000000009
102019,8,continuous,13800,0.99609375,0.1287304687500007
102019,8,continuous,14000,0.9990234375,0.1354101562500009
102019,8,continuous,14200,0.998046875,0.139804687500001
102019,8,continuous,14400,0.998046875,0.1272460937500007
102019,8,continuous,14600,0.9990234375,0.132910156250001
102019,8,continuous,14800,0.998046875,0.1343554687500008
102019,8,continuous,15000,1.0,0.131855468750001
102019,8,continuous,15200,0.9990234375,0.1405664062500008
102019,8,continuous,15400,0.9990234375,0.1341601562500009
102019,8,continuous,15600,1.0,0.137128906250001
102019,8,continuous,15800,1.0,0.1343554687500009
102019,8,continuous,16000,0.99609375,0.1375976562500008
102019,8,continuous,16200,0.9990234375,0.1294140625000009
102019,8,continuous,16400,1.0,0.1366992187500012
102019,8,continuous,16600,0.998046875,0.1368750000000008
102019,8,continuous,16800,1.0,0.1343945312500008
102019,8,continuous,17000,0.998046875,0.1327343750000009
102019,8,continuous,17200,0.9990234375,0.1319726562500011
102019,8,continuous,17400,0.998046875,0.1346484375000011
102019,8,continuous,17600,1.0,0.138261718750001
102019,8,continuous,17800,0.9990234375,0.134570312500001
102019,8,continuous,18000,0.9990234375,0.1333593750000008
102019,8,continuous,18200,0.9990234375,0.1324218750000008
102019,8,continuous,18400,0.998046875,0.1345507812500008
102019,8,continuous,18600,0.998046875,0.135234375000001
102019,8,continuous,18800,1.0,0.1343359375000009
102019,8,continuous,19000,1.0,0.137519531250001
102019,8,continuous,19200,0.998046875,0.136191406250001
102019,8,continuous,19400,0.9970703125,0.1365039062500011
102019,8,continuous,19600,1.0,0.1402539062500011
102019,8,continuous,19800,1.0,0.1463671875000011
102019,8,continuous,20000,0.998046875,0.1480859375000011
102019,7,count1024,0,0.2412109375,1.0
102019,7,count1024,200,0.3994140625,0.621425781249999
102019,7,count1024,400,0.4599609375,0.54625
102019,7,count1024,600,0.560546875,0.4649218750000014
102019,7,count1024,800,0.5537109375,0.4661914062500016
102019,7,count1024,1000,0.6396484375,0.3849804687500017
102019,7,count1024,1200,0.6689453125,0.3576367187500016
102019,7,count1024,1400,0.7177734375,0.3211914062500015
102019,7,count1024,1600,0.7744140625,0.2602343750000013
102019,7,count1024,1800,0.771484375,0.2696484375000015
102019,7,count1024,2000,0.806640625,0.2324609375000016
102019,7,count1024,2200,0.7734375,0.2595898437500015
102019,7,count1024,2400,0.78515625,0.2532617187500014
102019,7,count1024,2600,0.7783203125,0.2606054687500017
102019,7,count1024,2800,0.8115234375,0.2276757812500014
102019,7,count1024,3000,0.7880859375,0.2561523437500015
102019,7,count1024,3200,0.833984375,0.2096289062500015
102019,7,count1024,3400,0.8251953125,0.2156835937500015
102019,7,count1024,3600,0.8271484375,0.2181445312500014
102019,7,count1024,3800,0.810546875,0.2337695312500014
102019,7,count1024,4000,0.8173828125,0.2186914062500015
102019,7,count1024,4200,0.828125,0.2141210937500016
102019,7,count1024,4400,0.833984375,0.2168359375000017
102019,7,count1024,4600,0.8408203125,0.2010742187500015
102019,7,count1024,4800,0.8486328125,0.1974218750000014
102019,7,count1024,5000,0.8388671875,0.2113281250000013
102019,7,count1024,5200,0.833984375,0.2037304687500013
102019,7,count1024,5400,0.8447265625,0.2114062500000013
102019,7,count1024,5600,0.822265625,0.2083593750000015
102019,7,count1024,5800,0.8232421875,0.2215820312500016
102019,7,count1024,6000,0.8466796875,0.2032421875000013
102019,7,count1024,6200,0.8271484375,0.2055859375000014
102019,7,count1024,6400,0.8408203125,0.2052343750000013
102019,7,count1024,6600,0.85546875,0.1830078125000011
102019,7,count1024,6800,0.8564453125,0.1889843750000012
102019,7,count1024,7000,0.8359375,0.2046093750000011
102019,7,count1024,7200,0.8125,0.2275000000000015
102019,7,count1024,7400,0.8603515625,0.1905859375000014
102019,7,count1024,7600,0.8359375,0.2105664062500015
102019,7,count1024,7800,0.8046875,0.2377929687500014
102019,7,count1024,8000,0.8427734375,0.2007421875000012
102019,7,count1024,8200,0.830078125,0.2125781250000011
102019,7,count1024,8400,0.8798828125,0.1706250000000013
102019,7,count1024,8600,0.8623046875,0.1855664062500014
102019,7,count1024,8800,0.8505859375,0.1858398437500016
102019,7,count1024,9000,0.86328125,0.1806250000000012
102019,7,count1024,9200,0.8515625,0.1884570312500014
102019,7,count1024,9400,0.8046875,0.2336914062500017
102019,7,count1024,9600,0.822265625,0.2226367187500015
102019,7,count1024,9800,0.8232421875,0.2224218750000014
102019,7,count1024,10000,0.86328125,0.1820703125000011
102019,7,count1024,10200,0.8818359375,0.1740820312500012
102019,7,count1024,10400,0.8525390625,0.1877343750000014
102019,7,count1024,10600,0.8837890625,0.1695507812500011
102019,7,count1024,10800,0.8623046875,0.1874804687500012
102019,7,count1024,11000,0.8681640625,0.1807812500000012
102019,7,count1024,11200,0.86328125,0.1854687500000011
102019,7,count1024,11400,0.8232421875,0.2077343750000015
102019,7,count1024,11600,0.8505859375,0.2045117187500015
102019,7,count1024,11800,0.8642578125,0.1831835937500011
102019,7,count1024,12000,0.8662109375,0.1836523437500011
102019,7,count1024,12200,0.857421875,0.1927539062500013
102019,7,count1024,12400,0.841796875,0.1979882812500014
102019,7,count1024,12600,0.857421875,0.1865820312500014
102019,7,count1024,12800,0.841796875,0.1976367187500014
102019,7,count1024,13000,0.80078125,0.2429687500000014
102019,7,count1024,13200,0.83203125,0.2113867187500014
102019,7,count1024,13400,0.8193359375,0.2236132812500013
102019,7,count1024,13600,0.86328125,0.1829687500000012
102019,7,count1024,13800,0.8115234375,0.2280078125000014
102019,7,count1024,14000,0.8486328125,0.2016406250000014
102019,7,count1024,14200,0.8759765625,0.1792968750000014
102019,7,count1024,14400,0.83984375,0.2005664062500012
102019,7,count1024,14600,0.8525390625,0.1867187500000012
102019,7,count1024,14800,0.8388671875,0.2093164062500016
102019,7,count1024,15000,0.8232421875,0.2208984375000016
102019,7,count1024,15200,0.796875,0.2362500000000015
102019,7,count1024,15400,0.8671875,0.1703320312500012
102019,7,count1024,15600,0.8525390625,0.1968554687500011
102019,7,count1024,15800,0.8720703125,0.1865820312500013
102019,7,count1024,16000,0.84765625,0.2002343750000012
102019,7,count1024,16200,0.845703125,0.1969531250000013
102019,7,count1024,16400,0.822265625,0.2265039062500016
102019,7,count1024,16600,0.84375,0.2034960937500015
102019,7,count1024,16800,0.853515625,0.1924414062500013
102019,7,count1024,17000,0.8818359375,0.1673242187500012
102019,7,count1024,17200,0.8505859375,0.2054882812500013
102019,7,count1024,17400,0.8603515625,0.1856054687500013
102019,7,count1024,17600,0.8623046875,0.184726562500001
102019,7,count1024,17800,0.85546875,0.1915234375000013
102019,7,count1024,18000,0.8544921875,0.1853906250000011
102019,7,count1024,18200,0.845703125,0.2019531250000012
102019,7,count1024,18400,0.8544921875,0.1977929687500013
102019,7,count1024,18600,0.845703125,0.2001171875000012
102019,7,count1024,18800,0.837890625,0.2013867187500014
102019,7,count1024,19000,0.875,0.1735546875000011
102019,7,count1024,19200,0.84765625,0.1994531250000013
102019,7,count1024,19400,0.861328125,0.1860351562500015
102019,7,count1024,19600,0.8388671875,0.2012109375000013
102019,7,count1024,19800,0.83203125,0.2145703125000012
102019,7,count1024,20000,0.802734375,0.2346484375000014
102019,8,count1024,0,0.2412109375,1.0
102019,8,count1024,200,0.2158203125,0.793769531249998
102019,8,count1024,400,0.1689453125,0.8476562499999988
102019,8,count1024,600,0.16796875,0.8368554687499993
102019,8,count1024,800,0.193359375,0.8260937499999988
102019,8,count1024,1000,0.3134765625,0.7009960937500002
102019,8,count1024,1200,0.3984375,0.6296093749999995
102019,8,count1024,1400,0.478515625,0.5535937500000004
102019,8,count1024,1600,0.7177734375,0.3287109375000018
102019,8,count1024,1800,0.7548828125,0.3087500000000016
102019,8,count1024,2000,0.779296875,0.2859179687500015
102019,8,count1024,2200,0.8291015625,0.2374609375000015
102019,8,count1024,2400,0.8544921875,0.2285742187500017
102019,8,count1024,2600,0.8486328125,0.2242187500000013
102019,8,count1024,2800,0.861328125,0.2071093750000015
102019,8,count1024,3000,0.8525390625,0.2122851562500013
102019,8,count1024,3200,0.8603515625,0.2152734375000012
102019,8,count1024,3400,0.8671875,0.2154296875000013
102019,8,count1024,3600,0.8740234375,0.1973632812500013
102019,8,count1024,3800,0.8662109375,0.2048632812500015
102019,8,count1024,4000,0.88671875,0.1978125000000014
102019,8,count1024,4200,0.87109375,0.1906640625000013
102019,8,count1024,4400,0.888671875,0.1873632812500013
102019,8,count1024,4600,0.8818359375,0.1988867187500017
102019,8,count1024,4800,0.8896484375,0.1841601562500015
102019,8,count1024,5000,0.8916015625,0.1780859375000012
102019,8,count1024,5200,0.87890625,0.1911718750000012
102019,8,count1024,5400,0.86328125,0.2133984375000013
102019,8,count1024,5600,0.89453125,0.1835156250000013
102019,8,count1024,5800,0.8759765625,0.2020507812500012
102019,8,count1024,6000,0.88671875,0.2002148437500014
102019,8,count1024,6200,0.896484375,0.1779687500000011
102019,8,count1024,6400,0.87890625,0.2036328125000014
102019,8,count1024,6600,0.89453125,0.1825585937500011
102019,8,count1024,6800,0.8857421875,0.1898046875000014
102019,8,count1024,7000,0.8671875,0.2075195312500012
102019,8,count1024,7200,0.8916015625,0.1858398437500014
102019,8,count1024,7400,0.9111328125,0.1739843750000011
102019,8,count1024,7600,0.88671875,0.1944531250000012
102019,8,count1024,7800,0.890625,0.2034765625000012
102019,8,count1024,8000,0.8935546875,0.2068554687500014
102019,8,count1024,8200,0.8642578125,0.2167578125000012
102019,8,count1024,8400,0.86328125,0.2106054687500014
102019,8,count1024,8600,0.896484375,0.1813281250000011
102019,8,count1024,8800,0.904296875,0.1819726562500014
102019,8,count1024,9000,0.904296875,0.1774609375000014
102019,8,count1024,9200,0.912109375,0.1791015625000012
102019,8,count1024,9400,0.91015625,0.1702734375000011
102019,8,count1024,9600,0.900390625,0.1809570312500012
102019,8,count1024,9800,0.90234375,0.1813085937500012
102019,8,count1024,10000,0.9189453125,0.1647851562500011
102019,8,count1024,10200,0.8828125,0.1978515625000014
102019,8,count1024,10400,0.9111328125,0.1789648437500013
102019,8,count1024,10600,0.90625,0.1915625000000013
102019,8,count1024,10800,0.9072265625,0.1771679687500012
102019,8,count1024,11000,0.900390625,0.1905468750000015
102019,8,count1024,11200,0.8828125,0.1976171875000011
102019,8,count1024,11400,0.8935546875,0.1870117187500011
102019,8,count1024,11600,0.9150390625,0.1691406250000011
102019,8,count1024,11800,0.884765625,0.1886523437500015
102019,8,count1024,12000,0.8896484375,0.1928515625000015
102019,8,count1024,12200,0.89453125,0.1847070312500014
102019,8,count1024,12400,0.8857421875,0.1989257812500015
102019,8,count1024,12600,0.8828125,0.1985937500000016
102019,8,count1024,12800,0.9140625,0.1732421875000013
102019,8,count1024,13000,0.9013671875,0.1881250000000015
102019,8,count1024,13200,0.91015625,0.1725976562500011
102019,8,count1024,13400,0.884765625,0.2016210937500013
102019,8,count1024,13600,0.9013671875,0.1882226562500012
102019,8,count1024,13800,0.892578125,0.1899218750000013
102019,8,count1024,14000,0.9130859375,0.1715234375000014
102019,8,count1024,14200,0.8837890625,0.1908007812500013
102019,8,count1024,14400,0.9052734375,0.1912500000000013
102019,8,count1024,14600,0.890625,0.1946679687500012
102019,8,count1024,14800,0.9013671875,0.1786718750000011
102019,8,count1024,15000,0.900390625,0.1810546875000013
102019,8,count1024,15200,0.9365234375,0.151816406250001
102019,8,count1024,15400,0.904296875,0.1861328125000015
102019,8,count1024,15600,0.9189453125,0.1714257812500011
102019,8,count1024,15800,0.89453125,0.1920117187500012
102019,8,count1024,16000,0.9033203125,0.1893750000000012
102019,8,count1024,16200,0.8828125,0.1989453125000013
102019,8,count1024,16400,0.90625,0.1698437500000012
102019,8,count1024,16600,0.900390625,0.1904687500000016
102019,8,count1024,16800,0.9189453125,0.1708593750000012
102019,8,count1024,17000,0.919921875,0.1743945312500013
102019,8,count1024,17200,0.90625,0.1794726562500011
102019,8,count1024,17400,0.9013671875,0.1902734375000011
102019,8,count1024,17600,0.8857421875,0.2040625000000015
102019,8,count1024,17800,0.9208984375,0.1596484375000009
102019,8,count1024,18000,0.88671875,0.2019531250000014
102019,8,count1024,18200,0.90625,0.1923437500000012
102019,8,count1024,18400,0.9091796875,0.1796093750000011
102019,8,count1024,18600,0.8720703125,0.2133984375000013
102019,8,count1024,18800,0.8994140625,0.1786523437500012
102019,8,count1024,19000,0.9140625,0.1709570312500013
102019,8,count1024,19200,0.904296875,0.1865625000000013
102019,8,count1024,19400,0.90234375,0.1799609375000012
102019,8,count1024,19600,0.8935546875,0.1918750000000016
102019,8,count1024,19800,0.880859375,0.1968164062500011
102019,8,count1024,20000,0.8828125,0.1959960937500013
102019,7,time150,0,0.2412109375,1.0
102019,7,time150,200,0.3720703125,0.6335546874999995
102019,7,time150,400,0.4189453125,0.5937890625
102019,7,time150,600,0.5126953125,0.5098437500000012
102019,7,time150,800,0.5966796875,0.4186132812500014
102019,7,time150,1000,0.6669921875,0.3690234375000015
102019,7,time150,1200,0.658203125,0.3686523437500018
102019,7,time150,1400,0.720703125,0.3217968750000014
102019,7,time150,1600,0.67578125,0.3450195312500017
102019,7,time150,1800,0.7294921875,0.3063867187500015
102019,7,time150,2000,0.7568359375,0.2823828125000014
102019,7,time150,2200,0.759765625,0.2655859375000015
102019,7,time150,2400,0.78125,0.2589453125000013
102019,7,time150,2600,0.8115234375,0.2306445312500014
102019,7,time150,2800,0.794921875,0.2484765625000013
102019,7,time150,3000,0.810546875,0.2271484375000013
102019,7,time150,3200,0.7841796875,0.2500390625000014
102019,7,time150,3400,0.822265625,0.2153320312500013
102019,7,time150,3600,0.8134765625,0.2271289062500015
102019,7,time150,3800,0.8095703125,0.2281054687500015
102019,7,time150,4000,0.7783203125,0.2620703125000016
102019,7,time150,4200,0.826171875,0.2244335937500015
102019,7,time150,4400,0.828125,0.2135937500000015
102019,7,time150,4600,0.8564453125,0.1988867187500015
102019,7,time150,4800,0.8447265625,0.1994726562500013
102019,7,time150,5000,0.787109375,0.2506054687500015
102019,7,time150,5200,0.837890625,0.1996093750000015
102019,7,time150,5400,0.8037109375,0.2391015625000015
102019,7,time150,5600,0.83203125,0.2112500000000016
102019,7,time150,5800,0.8115234375,0.2261914062500016
102019,7,time150,6000,0.826171875,0.2234179687500017
102019,7,time150,6200,0.8212890625,0.2111132812500015
102019,7,time150,6400,0.8291015625,0.2129101562500013
102019,7,time150,6600,0.841796875,0.2000976562500013
102019,7,time150,6800,0.83203125,0.2074218750000014
102019,7,time150,7000,0.841796875,0.2014453125000014
102019,7,time150,7200,0.841796875,0.2023828125000014
102019,7,time150,7400,0.87109375,0.1833984375000012
102019,7,time150,7600,0.8125,0.2309765625000012
102019,7,time150,7800,0.8515625,0.1899414062500014
102019,7,time150,8000,0.8134765625,0.2254492187500015
102019,7,time150,8200,0.8251953125,0.2223242187500015
102019,7,time150,8400,0.8642578125,0.1798632812500011
102019,7,time150,8600,0.8212890625,0.2265234375000013
102019,7,time150,8800,0.8359375,0.1999609375000013
102019,7,time150,9000,0.8349609375,0.2108984375000014
102019,7,time150,9200,0.8466796875,0.1952539062500013
102019,7,time150,9400,0.8828125,0.1693359375000013
102019,7,time150,9600,0.8564453125,0.1916796875000014
102019,7,time150,9800,0.87109375,0.1736132812500012
102019,7,time150,10000,0.8671875,0.1826367187500014
102019,7,time150,10200,0.87890625,0.1738476562500014
102019,7,time150,10400,0.818359375,0.2256640625000015
102019,7,time150,10600,0.8173828125,0.2296289062500012
102019,7,time150,10800,0.8134765625,0.2331835937500013
102019,7,time150,11000,0.833984375,0.2113281250000011
102019,7,time150,11200,0.8291015625,0.2068945312500013
102019,7,time150,11400,0.826171875,0.2123632812500013
102019,7,time150,11600,0.8408203125,0.2032421875000014
102019,7,time150,11800,0.8388671875,0.2020507812500014
102019,7,time150,12000,0.849609375,0.1944140625000012
102019,7,time150,12200,0.853515625,0.1921484375000013
102019,7,time150,12400,0.8369140625,0.2083007812500017
102019,7,time150,12600,0.8056640625,0.2334179687500015
102019,7,time150,12800,0.8203125,0.2181640625000014
102019,7,time150,13000,0.861328125,0.1848828125000011
102019,7,time150,13200,0.8828125,0.1749609375000013
102019,7,time150,13400,0.837890625,0.2017578125000013
102019,7,time150,13600,0.8369140625,0.2017382812500012
102019,7,time150,13800,0.8125,0.2313476562500013
102019,7,time150,14000,0.8125,0.2202929687500015
102019,7,time150,14200,0.8388671875,0.2020117187500014
102019,7,time150,14400,0.80859375,0.2291796875000013
102019,7,time150,14600,0.8515625,0.1910156250000011
102019,7,time150,14800,0.8310546875,0.2126562500000017
102019,7,time150,15000,0.7978515625,0.2419726562500015
102019,7,time150,15200,0.802734375,0.2331250000000015
102019,7,time150,15400,0.873046875,0.1844335937500013
102019,7,time150,15600,0.853515625,0.1909375000000016
102019,7,time150,15800,0.8681640625,0.1822851562500013
102019,7,time150,16000,0.8603515625,0.1813476562500011
102019,7,time150,16200,0.8583984375,0.1929687500000013
102019,7,time150,16400,0.857421875,0.1871875000000015
102019,7,time150,16600,0.85546875,0.1861718750000012
102019,7,time150,16800,0.7939453125,0.2361132812500015
102019,7,time150,17000,0.833984375,0.2041406250000015
102019,7,time150,17200,0.841796875,0.2029492187500014
102019,7,time150,17400,0.830078125,0.2146093750000014
102019,7,time150,17600,0.8701171875,0.1885546875000013
102019,7,time150,17800,0.8603515625,0.1865429687500014
102019,7,time150,18000,0.8603515625,0.1851953125000012
102019,7,time150,18200,0.8369140625,0.2014062500000015
102019,7,time150,18400,0.8486328125,0.2083984375000015
102019,7,time150,18600,0.8251953125,0.2101171875000014
102019,7,time150,18800,0.84765625,0.1937890625000015
102019,7,time150,19000,0.8427734375,0.1977343750000014
102019,7,time150,19200,0.8369140625,0.2032421875000013
102019,7,time150,19400,0.8076171875,0.2292187500000013
102019,7,time150,19600,0.8623046875,0.1860351562500013
102019,7,time150,19800,0.8623046875,0.1846875000000013
102019,7,time150,20000,0.8837890625,0.1607031250000012
102019,8,time150,0,0.2412109375,1.0
102019,8,time150,200,0.216796875,0.7931640624999982
102019,8,time150,400,0.173828125,0.8431640624999985
102019,8,time150,600,0.17578125,0.831855468749999
102019,8,time150,800,0.17578125,0.8315429687499996
102019,8,time150,1000,0.228515625,0.7769921874999989
102019,8,time150,1200,0.2587890625,0.7527148437499996
102019,8,time150,1400,0.294921875,0.7181249999999999
102019,8,time150,1600,0.3759765625,0.6478515624999999
102019,8,time150,1800,0.4462890625,0.5713281250000004
102019,8,time150,2000,0.5283203125,0.491250000000001
102019,8,time150,2200,0.6318359375,0.4029687500000018
102019,8,time150,2400,0.6376953125,0.3988085937500016
102019,8,time150,2600,0.7138671875,0.3308007812500019
102019,8,time150,2800,0.7138671875,0.3223242187500017
102019,8,time150,3000,0.7421875,0.3092382812500014
102019,8,time150,3200,0.7236328125,0.3171289062500015
102019,8,time150,3400,0.7119140625,0.3297070312500017
102019,8,time150,3600,0.7333984375,0.3089843750000018
102019,8,time150,3800,0.765625,0.2747656250000014
102019,8,time150,4000,0.7314453125,0.3055859375000016
102019,8,time150,4200,0.7783203125,0.2674804687500017
102019,8,time150,4400,0.7353515625,0.3092968750000017
102019,8,time150,4600,0.73046875,0.3201953125000019
102019,8,time150,4800,0.7802734375,0.2580078125000015
102019,8,time150,5000,0.76953125,0.2724609375000018
102019,8,time150,5200,0.7705078125,0.2693164062500015
102019,8,time150,5400,0.78125,0.2636718750000016
102019,8,time150,5600,0.7822265625,0.2633007812500013
102019,8,time150,5800,0.740234375,0.2966015625000016
102019,8,time150,6000,0.78515625,0.2594726562500015
102019,8,time150,6200,0.7646484375,0.2809375000000016
102019,8,time150,6400,0.8037109375,0.2521875000000015
102019,8,time150,6600,0.826171875,0.2295117187500015
102019,8,time150,6800,0.7880859375,0.2659179687500016
102019,8,time150,7000,0.80078125,0.2445117187500016
102019,8,time150,7200,0.7685546875,0.2828515625000017
102019,8,time150,7400,0.8154296875,0.2424218750000017
102019,8,time150,7600,0.7646484375,0.2896093750000017
102019,8,time150,7800,0.763671875,0.2785156250000018
102019,8,time150,8000,0.77734375,0.2619726562500016
102019,8,time150,8200,0.771484375,0.2737695312500017
102019,8,time150,8400,0.802734375,0.2408398437500014
102019,8,time150,8600,0.8056640625,0.2369140625000014
102019,8,time150,8800,0.806640625,0.2422070312500014
102019,8,time150,9000,0.775390625,0.2681250000000015
102019,8,time150,9200,0.7607421875,0.2773632812500015
102019,8,time150,9400,0.796875,0.2439062500000013
102019,8,time150,9600,0.779296875,0.2646679687500015
102019,8,time150,9800,0.728515625,0.3141210937500015
102019,8,time150,10000,0.7822265625,0.2698046875000018
102019,8,time150,10200,0.7705078125,0.2748828125000015
102019,8,time150,10400,0.818359375,0.2310546875000017
102019,8,time150,10600,0.796875,0.2492968750000016
102019,8,time150,10800,0.78125,0.2625976562500017
102019,8,time150,11000,0.775390625,0.2736914062500017
102019,8,time150,11200,0.7607421875,0.2890625000000017
102019,8,time150,11400,0.806640625,0.2455273437500013
102019,8,time150,11600,0.7841796875,0.2641601562500012
102019,8,time150,11800,0.77734375,0.2688671875000015
102019,8,time150,12000,0.7841796875,0.2633789062500014
102019,8,time150,12200,0.7138671875,0.3260156250000012
102019,8,time150,12400,0.7646484375,0.2844140625000018
102019,8,time150,12600,0.767578125,0.2724023437500016
102019,8,time150,12800,0.76171875,0.2777148437500014
102019,8,time150,13000,0.78125,0.2711132812500014
102019,8,time150,13200,0.833984375,0.2219531250000015
102019,8,time150,13400,0.775390625,0.2679882812500016
102019,8,time150,13600,0.7451171875,0.2919335937500014
102019,8,time150,13800,0.7880859375,0.2545507812500015
102019,8,time150,14000,0.736328125,0.3064453125000012
102019,8,time150,14200,0.7919921875,0.2658007812500012
102019,8,time150,14400,0.7509765625,0.2929296875000015
102019,8,time150,14600,0.8134765625,0.2363476562500016
102019,8,time150,14800,0.7568359375,0.2897070312500017
102019,8,time150,15000,0.7734375,0.2684179687500013
102019,8,time150,15200,0.748046875,0.3039257812500012
102019,8,time150,15400,0.796875,0.2517382812500014
102019,8,time150,15600,0.7958984375,0.2513085937500013
102019,8,time150,15800,0.765625,0.2780859375000016
102019,8,time150,16000,0.7509765625,0.2967382812500019
102019,8,time150,16200,0.7490234375,0.2898828125000014
102019,8,time150,16400,0.7294921875,0.3007421875000015
102019,8,time150,16600,0.77734375,0.2639062500000017
102019,8,time150,16800,0.7890625,0.2570507812500015
102019,8,time150,17000,0.767578125,0.2802929687500014
102019,8,time150,17200,0.7900390625,0.2405859375000014
102019,8,time150,17400,0.8046875,0.2535351562500016
102019,8,time150,17600,0.806640625,0.2448437500000013
102019,8,time150,17800,0.8046875,0.2373828125000013
102019,8,time150,18000,0.814453125,0.2425195312500014
102019,8,time150,18200,0.7861328125,0.2600195312500016
102019,8,time150,18400,0.8076171875,0.2364843750000015
102019,8,time150,18600,0.7958984375,0.2618164062500018
102019,8,time150,18800,0.8154296875,0.2407617187500016
102019,8,time150,19000,0.8056640625,0.2407421875000015
102019,8,time150,19200,0.830078125,0.2315039062500015
102019,8,time150,19400,0.80859375,0.2340429687500014
102019,8,time150,19600,0.814453125,0.2406445312500013
102019,8,time150,19800,0.81640625,0.2353710937500014
102019,8,time150,20000,0.7861328125,0.2554296875000015
102019,7,time750,0,0.2412109375,1.0
102019,7,time750,200,0.4072265625,0.6057031250000001
102019,7,time750,400,0.57421875,0.4455859375000014
102019,7,time750,600,0.8095703125,0.2406835937500012
102019,7,time750,800,0.951171875,0.118574218750001
102019,7,time750,1000,0.96875,0.1028906250000007
102019,7,time750,1200,0.96875,0.0966015625000006
102019,7,time750,1400,0.984375,0.0969726562500007
102019,7,time750,1600,0.9912109375,0.0870507812500006
102019,7,time750,1800,0.984375,0.0889062500000006
102019,7,time750,2000,0.9931640625,0.0891015625000003
102019,7,time750,2200,0.98828125,0.0932226562500006
102019,7,time750,2400,0.99609375,0.0826757812500005
102019,7,time750,2600,0.9912109375,0.0844335937500005
102019,7,time750,2800,0.9951171875,0.0829296875000005
102019,7,time750,3000,0.994140625,0.0845312500000005
102019,7,time750,3200,0.99609375,0.0851367187500006
102019,7,time750,3400,0.994140625,0.0842968750000004
102019,7,time750,3600,0.99609375,0.0841210937500004
102019,7,time750,3800,0.9970703125,0.0855273437500005
102019,7,time750,4000,0.994140625,0.0855859375000005
102019,7,time750,4200,0.99609375,0.0836523437500004
102019,7,time750,4400,0.994140625,0.0850781250000004
102019,7,time750,4600,0.9970703125,0.0866796875000005
102019,7,time750,4800,0.998046875,0.0787304687500003
102019,7,time750,5000,0.998046875,0.0863085937500005
102019,7,time750,5200,0.9931640625,0.0849218750000004
102019,7,time750,5400,0.9990234375,0.0808007812500003
102019,7,time750,5600,0.994140625,0.0878320312500006
102019,7,time750,5800,0.9990234375,0.0879296875000005
102019,7,time750,6000,0.9931640625,0.0836914062500004
102019,7,time750,6200,0.9970703125,0.0834765625000004
102019,7,time750,6400,0.998046875,0.0824023437500003
102019,7,time750,6600,0.9970703125,0.0831054687500003
102019,7,time750,6800,0.99609375,0.0860351562500005
102019,7,time750,7000,0.9951171875,0.0848046875000005
102019,7,time750,7200,0.998046875,0.0863085937500005
102019,7,time750,7400,0.9970703125,0.0821875000000004
102019,7,time750,7600,0.9990234375,0.0853710937500005
102019,7,time750,7800,0.99609375,0.0839648437500003
102019,7,time750,8000,0.99609375,0.0878320312500005
102019,7,time750,8200,1.0,0.0853710937500005
102019,7,time750,8400,0.99609375,0.0808398437500005
102019,7,time750,8600,0.994140625,0.0904492187500006
102019,7,time750,8800,0.998046875,0.0852734375000004
102019,7,time750,9000,0.998046875,0.0836914062500005
102019,7,time750,9200,0.9970703125,0.0792382812500003
102019,7,time750,9400,0.9990234375,0.0829492187500004
102019,7,time750,9600,0.9990234375,0.0824218750000003
102019,7,time750,9800,1.0,0.0854882812500004
102019,7,time750,10000,0.9990234375,0.0845312500000004
102019,7,time750,10200,0.998046875,0.0808593750000004
102019,7,time750,10400,0.9970703125,0.0804101562500004
102019,7,time750,10600,0.998046875,0.0848632812500005
102019,7,time750,10800,0.99609375,0.0832226562500004
102019,7,time750,11000,0.9990234375,0.0794335937500004
102019,7,time750,11200,0.9990234375,0.0838671875000004
102019,7,time750,11400,0.99609375,0.0876367187500004
102019,7,time750,11600,0.9970703125,0.0873437500000005
102019,7,time750,11800,1.0,0.0868945312500005
102019,7,time750,12000,1.0,0.0808593750000003
102019,7,time750,12200,0.99609375,0.0867968750000006
102019,7,time750,12400,0.9970703125,0.0847851562500006
102019,7,time750,12600,0.9990234375,0.0801757812500004
102019,7,time750,12800,0.9990234375,0.0840625000000004
102019,7,time750,13000,0.994140625,0.0831250000000004
102019,7,time750,13200,1.0,0.0856640625000005
102019,7,time750,13400,0.998046875,0.0829882812500005
102019,7,time750,13600,0.998046875,0.0898828125000006
102019,7,time750,13800,0.99609375,0.0871679687500006
102019,7,time750,14000,0.998046875,0.0831445312500004
102019,7,time750,14200,0.9951171875,0.0855468750000005
102019,7,time750,14400,0.99609375,0.0881445312500004
102019,7,time750,14600,1.0,0.0843750000000005
102019,7,time750,14800,0.9990234375,0.0826171875000004
102019,7,time750,15000,0.9951171875,0.0882812500000006
102019,7,time750,15200,0.998046875,0.0836328125000004
102019,7,time750,15400,1.0,0.0825976562500004
102019,7,time750,15600,0.9990234375,0.0824218750000004
102019,7,time750,15800,0.9951171875,0.0838085937500005
102019,7,time750,16000,0.9990234375,0.0840625000000005
102019,7,time750,16200,0.998046875,0.0861523437500006
102019,7,time750,16400,0.998046875,0.0875195312500005
102019,7,time750,16600,0.998046875,0.0848242187500004
102019,7,time750,16800,0.9970703125,0.0856250000000005
102019,7,time750,17000,0.9970703125,0.0818554687500003
102019,7,time750,17200,1.0,0.0859765625000004
102019,7,time750,17400,0.9990234375,0.0850585937500004
102019,7,time750,17600,0.9990234375,0.0828710937500005
102019,7,time750,17800,0.998046875,0.0834570312500004
102019,7,time750,18000,0.9970703125,0.0845898437500004
102019,7,time750,18200,0.9990234375,0.0838476562500005
102019,7,time750,18400,0.9951171875,0.0792187500000003
102019,7,time750,18600,0.9990234375,0.0814062500000004
102019,7,time750,18800,0.998046875,0.0849023437500005
102019,7,time750,19000,0.9990234375,0.0829687500000005
102019,7,time750,19200,0.9990234375,0.0870117187500006
102019,7,time750,19400,1.0,0.0858007812500005
102019,7,time750,19600,1.0,0.0832226562500004
102019,7,time750,19800,1.0,0.0842968750000004
102019,7,time750,20000,0.998046875,0.0875781250000006
102019,8,time750,0,0.2412109375,1.0
102019,8,time750,200,0.2158203125,0.793769531249998
102019,8,time750,400,0.1689453125,0.8476562499999988
102019,8,time750,600,0.16796875,0.8368554687499993
102019,8,time750,800,0.177734375,0.8410351562499992
102019,8,time750,1000,0.294921875,0.7222265624999996
102019,8,time750,1200,0.38671875,0.645078125
102019,8,time750,1400,0.5849609375,0.459316406250002
102019,8,time750,1600,0.6787109375,0.3684570312500019
102019,8,time750,1800,0.751953125,0.3073242187500017
102019,8,time750,2000,0.798828125,0.2670703125000014
102019,8,time750,2200,0.8310546875,0.2313867187500014
102019,8,time750,2400,0.841796875,0.2263085937500014
102019,8,time750,2600,0.8828125,0.2009375000000013
102019,8,time750,2800,0.8662109375,0.2039062500000013
102019,8,time750,3000,0.8681640625,0.2100781250000014
102019,8,time750,3200,0.8916015625,0.1858007812500015
102019,8,time750,3400,0.89453125,0.1771679687500013
102019,8,time750,3600,0.8740234375,0.2104296875000013
102019,8,time750,3800,0.90234375,0.1864062500000013
102019,8,time750,4000,0.8994140625,0.1858789062500014
102019,8,time750,4200,0.900390625,0.1843945312500014
102019,8,time750,4400,0.9169921875,0.1687890625000013
102019,8,time750,4600,0.904296875,0.1783789062500011
102019,8,time750,4800,0.9189453125,0.1628515625000011
102019,8,time750,5000,0.8779296875,0.2057421875000015
102019,8,time750,5200,0.87109375,0.2058789062500013
102019,8,time750,5400,0.890625,0.1831640625000011
102019,8,time750,5600,0.9013671875,0.1807812500000013
102019,8,time750,5800,0.912109375,0.172421875000001
102019,8,time750,6000,0.916015625,0.1646484375000011
102019,8,time750,6200,0.9296875,0.1653515625000011
102019,8,time750,6400,0.9013671875,0.1799023437500013
102019,8,time750,6600,0.9169921875,0.1704101562500014
102019,8,time750,6800,0.9052734375,0.1775000000000013
102019,8,time750,7000,0.884765625,0.1903515625000013
102019,8,time750,7200,0.9033203125,0.1759960937500011
102019,8,time750,7400,0.8935546875,0.1892578125000015
102019,8,time750,7600,0.87109375,0.2067773437500013
102019,8,time750,7800,0.8994140625,0.1836523437500013
102019,8,time750,8000,0.888671875,0.1926367187500015
102019,8,time750,8200,0.87890625,0.1983007812500014
102019,8,time750,8400,0.9189453125,0.1641992187500012
102019,8,time750,8600,0.8984375,0.1684375000000013
102019,8,time750,8800,0.921875,0.1618164062500011
102019,8,time750,9000,0.8994140625,0.1878710937500014
102019,8,time750,9200,0.9208984375,0.1603125000000011
102019,8,time750,9400,0.9140625,0.1820117187500013
102019,8,time750,9600,0.9228515625,0.1616015625000013
102019,8,time750,9800,0.9228515625,0.1634179687500011
102019,8,time750,10000,0.9306640625,0.1587109375000012
102019,8,time750,10200,0.9267578125,0.1580078125000012
102019,8,time750,10400,0.90234375,0.176445312500001
102019,8,time750,10600,0.9033203125,0.1828125000000012
102019,8,time750,10800,0.9091796875,0.1838085937500013
102019,8,time750,11000,0.89453125,0.1883398437500015
102019,8,time750,11200,0.88671875,0.1898437500000012
102019,8,time750,11400,0.916015625,0.1653515625000011
102019,8,time750,11600,0.9208984375,0.1752539062500015
102019,8,time750,11800,0.8935546875,0.1944335937500014
102019,8,time750,12000,0.904296875,0.1659375000000011
102019,8,time750,12200,0.8916015625,0.1905078125000011
102019,8,time750,12400,0.8984375,0.1833007812500013
102019,8,time750,12600,0.912109375,0.1809179687500013
102019,8,time750,12800,0.908203125,0.1783203125000013
102019,8,time750,13000,0.8974609375,0.1877539062500014
102019,8,time750,13200,0.9130859375,0.1752734375000014
102019,8,time750,13400,0.9228515625,0.1743945312500014
102019,8,time750,13600,0.9111328125,0.1707617187500012
102019,8,time750,13800,0.9052734375,0.1716992187500012
102019,8,time750,14000,0.9072265625,0.1815820312500013
102019,8,time750,14200,0.888671875,0.1931640625000013
102019,8,time750,14400,0.9013671875,0.1881445312500014
102019,8,time750,14600,0.923828125,0.1641992187500011
102019,8,time750,14800,0.8955078125,0.1926953125000013
102019,8,time750,15000,0.9189453125,0.1682812500000011
102019,8,time750,15200,0.912109375,0.1790234375000012
102019,8,time750,15400,0.92578125,0.1599804687500014
102019,8,time750,15600,0.9130859375,0.1792578125000014
102019,8,time750,15800,0.908203125,0.1768164062500015
102019,8,time750,16000,0.9169921875,0.1673632812500013
102019,8,time750,16200,0.892578125,0.1921484375000014
102019,8,time750,16400,0.9248046875,0.1581250000000012
102019,8,time750,16600,0.9052734375,0.1846093750000014
102019,8,time750,16800,0.90234375,0.1831445312500015
102019,8,time750,17000,0.90625,0.1813867187500015
102019,8,time750,17200,0.9130859375,0.1680078125000011
102019,8,time750,17400,0.9326171875,0.1597070312500013
102019,8,time750,17600,0.9130859375,0.1824218750000015
102019,8,time750,17800,0.9091796875,0.1813671875000014
102019,8,time750,18000,0.9189453125,0.1759570312500015
102019,8,time750,18200,0.9375,0.1631640625000011
102019,8,time750,18400,0.892578125,0.1836132812500014
102019,8,time750,18600,0.9189453125,0.1688476562500014
102019,8,time750,18800,0.9189453125,0.1836132812500014
102019,8,time750,19000,0.9287109375,0.1601367187500014
102019,8,time750,19200,0.9111328125,0.1800585937500014
102019,8,time750,19400,0.9130859375,0.1796289062500014
102019,8,time750,19600,0.8984375,0.1903906250000014
102019,8,time750,19800,0.923828125,0.1752734375000013
102019,8,time750,20000,0.923828125,0.1730468750000013
