seed,mode,regime,t,occupancy,resource
104000,7,earliest,0,0.271484375,1.0
104000,7,earliest,200,0.404296875,0.6148242187499998
104000,7,earliest,400,0.4697265625,0.5533007812499994
104000,7,earliest,600,0.51953125,0.4983203125000014
104000,7,earliest,800,0.5498046875,0.4805859375000012
104000,7,earliest,1000,0.640625,0.3966015625000016
104000,7,earliest,1200,0.60546875,0.4237695312500016
104000,7,earliest,1400,0.6318359375,0.3941015625000017
104000,7,earliest,1600,0.666015625,0.3647656250000013
104000,7,earliest,1800,0.6904296875,0.3472851562500015
104000,7,earliest,2000,0.701171875,0.3399804687500016
104000,7,earliest,2200,0.7060546875,0.3362695312500014
104000,7,earliest,2400,0.6826171875,0.3440820312500014
104000,7,earliest,2600,0.6953125,0.3392382812500016
104000,7,earliest,2800,0.671875,0.3509960937500017
104000,7,earliest,3000,0.681640625,0.3471093750000013
104000,7,earliest,3200,0.6337890625,0.3882226562500017
104000,7,earliest,3400,0.671875,0.3656445312500015
104000,7,earliest,3600,0.666015625,0.3565820312500016
104000,7,earliest,3800,0.6845703125,0.3377539062500017
104000,7,earliest,4000,0.6630859375,0.3714843750000014
104000,7,earliest,4200,0.6416015625,0.3758203125000012
104000,7,earliest,4400,0.70703125,0.3196679687500014
104000,7,earliest,4600,0.66015625,0.3792773437500014
104000,7,earliest,4800,0.7021484375,0.3330664062500012
104000,7,earliest,5000,0.6865234375,0.3492578125000017
104000,7,earliest,5200,0.6572265625,0.3822460937500013
104000,7,earliest,5400,0.6865234375,0.3414648437500016
104000,7,earliest,5600,0.6845703125,0.3472460937500015
104000,7,earliest,5800,0.66015625,0.3775195312500018
104000,7,earliest,6000,0.6513671875,0.3790039062500015
104000,7,earliest,6200,0.751953125,0.2836132812500016
104000,7,earliest,6400,0.677734375,0.3554101562500015
104000,7,earliest,6600,0.6982421875,0.3378906250000018
104000,7,earliest,6800,0.6943359375,0.3325390625000015
104000,7,earliest,7000,0.681640625,0.3452148437500016
104000,7,earliest,7200,0.701171875,0.3410546875000015
104000,7,earliest,7400,0.6875,0.3411914062500013
104000,7,earliest,7600,0.72265625,0.3140234375000015
104000,7,earliest,7800,0.705078125,0.3372460937500014
104000,7,earliest,8000,0.6728515625,0.3600390625000017
104000,7,earliest,8200,0.6982421875,0.3426171875000016
104000,7,earliest,8400,0.646484375,0.3715039062500014
104000,7,earliest,8600,0.6630859375,0.3698242187500016
104000,7,earliest,8800,0.75,0.2804492187500012
104000,7,earliest,9000,0.7080078125,0.3233593750000016
104000,7,earliest,9200,0.67578125,0.3485351562500019
104000,7,earliest,9400,0.7021484375,0.3266210937500017
104000,7,earliest,9600,0.740234375,0.2942382812500015
104000,7,earliest,9800,0.7021484375,0.3323437500000017
104000,7,earliest,10000,0.7138671875,0.3198828125000015
104000,7,earliest,10200,0.7080078125,0.3154492187500015
104000,7,earliest,10400,0.69921875,0.3326562500000013
104000,7,earliest,10600,0.705078125,0.3285742187500017
104000,7,earliest,10800,0.7119140625,0.3234765625000016
104000,7,earliest,11000,0.7021484375,0.3373046875000016
104000,7,earliest,11200,0.7294921875,0.3100781250000015
104000,7,earliest,11400,0.69921875,0.3289648437500016
104000,7,earliest,11600,0.69921875,0.3433984375000014
104000,7,earliest,11800,0.728515625,0.3020507812500019
104000,7,earliest,12000,0.724609375,0.3094921875000016
104000,7,earliest,12200,0.7099609375,0.3161132812500016
104000,7,earliest,12400,0.708984375,0.3327343750000014
104000,7,earliest,12600,0.6982421875,0.3451171875000013
104000,7,earliest,12800,0.693359375,0.3375781250000014
104000,7,earliest,13000,0.7001953125,0.3370312500000016
104000,7,earliest,13200,0.7041015625,0.3346679687500018
104000,7,earliest,13400,0.697265625,0.3402343750000018
104000,7,earliest,13600,0.6904296875,0.3342968750000013
104000,7,earliest,13800,0.6982421875,0.3359179687500015
104000,7,earliest,14000,0.7314453125,0.2932421875000014
104000,7,earliest,14200,0.689453125,0.3275781250000016
104000,7,earliest,14400,0.693359375,0.3457812500000015
104000,7,earliest,14600,0.7158203125,0.3128515625000012
104000,7,earliest,14800,0.6826171875,0.3407421875000016
104000,7,earliest,15000,0.7099609375,0.3255664062500016
104000,7,earliest,15200,0.677734375,0.3645703125000014
104000,7,earliest,15400,0.6904296875,0.3382031250000018
104000,7,earliest,15600,0.6708984375,0.3657226562500016
104000,7,earliest,15800,0.6318359375,0.3868750000000012
104000,7,earliest,16000,0.6396484375,0.3905273437500015
104000,7,earliest,16200,0.7060546875,0.3289062500000015
104000,7,earliest,16400,0.736328125,0.2922851562500016
104000,7,earliest,16600,0.6796875,0.3511132812500017
104000,7,earliest,16800,0.65625,0.3723632812500017
104000,7,earliest,17000,0.705078125,0.3296484375000016
104000,7,earliest,17200,0.705078125,0.3158984375000014
104000,7,earliest,17400,0.7119140625,0.3189843750000014
104000,7,earliest,17600,0.7080078125,0.3194531250000016
104000,7,earliest,17800,0.701171875,0.3383007812500016
104000,7,earliest,18000,0.7265625,0.3055859375000016
104000,7,earliest,18200,0.716796875,0.3056054687500016
104000,7,earliest,18400,0.7060546875,0.3265820312500015
104000,7,earliest,18600,0.712890625,0.3189062500000017
104000,7,earliest,18800,0.7314453125,0.3089648437500017
104000,7,earliest,19000,0.6796875,0.3549609375000016
104000,7,earliest,19200,0.72265625,0.3049218750000017
104000,7,earliest,19400,0.716796875,0.3132812500000015
104000,7,earliest,19600,0.71875,0.3189257812500018
104000,7,earliest,19800,0.7041015625,0.3303515625000014
104000,7,earliest,20000,0.671875,0.3529687500000018
104000,8,earliest,0,0.271484375,1.0
104000,8,earliest,200,0.2333984375,0.7765429687499992
104000,8,earliest,400,0.1435546875,0.8645507812499994
104000,8,earliest,600,0.142578125,0.8619921874999987
104000,8,earliest,800,0.1650390625,0.8402343749999986
104000,8,earliest,1000,0.14453125,0.8652734374999991
104000,8,earliest,1200,0.12109375,0.8851757812499991
104000,8,earliest,1400,0.1337890625,0.8716992187499994
104000,8,earliest,1600,0.1435546875,0.8686718749999988
104000,8,earliest,1800,0.1494140625,0.860722656249999
104000,8,earliest,2000,0.2119140625,0.7948242187499992
104000,8,earliest,2200,0.1904296875,0.8198242187499992
104000,8,earliest,2400,0.2939453125,0.7165039062499988
104000,8,earliest,2600,0.3447265625,0.6702734374999983
104000,8,earliest,2800,0.447265625,0.5688476562499993
104000,8,earliest,3000,0.515625,0.5107421875000012
104000,8,earliest,3200,0.5458984375,0.4751757812500014
104000,8,earliest,3400,0.611328125,0.4216601562500015
104000,8,earliest,3600,0.671875,0.3636523437500016
104000,8,earliest,3800,0.703125,0.3408789062500016
104000,8,earliest,4000,0.6904296875,0.3455859375000016
104000,8,earliest,4200,0.7255859375,0.3131054687500017
104000,8,earliest,4400,0.70703125,0.3225195312500013
104000,8,earliest,4600,0.7041015625,0.3337695312500014
104000,8,earliest,4800,0.7197265625,0.3169726562500016
104000,8,earliest,5000,0.6796875,0.3556054687500017
104000,8,earliest,5200,0.693359375,0.3479296875000016
104000,8,earliest,5400,0.708984375,0.3286132812500017
104000,8,earliest,5600,0.7490234375,0.2947851562500014
104000,8,earliest,5800,0.720703125,0.3228320312500014
104000,8,earliest,6000,0.6943359375,0.3368554687500014
104000,8,earliest,6200,0.6962890625,0.3397851562500015
104000,8,earliest,6400,0.7197265625,0.3160351562500016
104000,8,earliest,6600,0.716796875,0.3183789062500015
104000,8,earliest,6800,0.73828125,0.2984765625000017
104000,8,earliest,7000,0.7265625,0.3147851562500018
104000,8,earliest,7200,0.7841796875,0.2497851562500014
104000,8,earliest,7400,0.7646484375,0.2755078125000015
104000,8,earliest,7600,0.720703125,0.3142773437500016
104000,8,earliest,7800,0.689453125,0.3469335937500016
104000,8,earliest,8000,0.7041015625,0.3316015625000016
104000,8,earliest,8200,0.724609375,0.3198046875000017
104000,8,earliest,8400,0.693359375,0.3447656250000018
104000,8,earliest,8600,0.7529296875,0.2823046875000018
104000,8,earliest,8800,0.7099609375,0.3320117187500015
104000,8,earliest,9000,0.73046875,0.3039843750000015
104000,8,earliest,9200,0.75,0.2901171875000015
104000,8,earliest,9400,0.751953125,0.2892578125000013
104000,8,earliest,9600,0.763671875,0.2684375000000014
104000,8,earliest,9800,0.70703125,0.3378710937500016
104000,8,earliest,10000,0.7392578125,0.2904492187500013
104000,8,earliest,10200,0.7451171875,0.2897070312500014
104000,8,earliest,10400,0.74609375,0.2977734375000015
104000,8,earliest,10600,0.7412109375,0.2987500000000016
104000,8,earliest,10800,0.724609375,0.3092187500000013
104000,8,earliest,11000,0.73046875,0.3173632812500015
104000,8,earliest,11200,0.7158203125,0.3145703125000017
104000,8,earliest,11400,0.7470703125,0.2954296875000015
104000,8,earliest,11600,0.7421875,0.2882617187500015
104000,8,earliest,11800,0.7099609375,0.3309765625000018
104000,8,earliest,12000,0.6630859375,0.3754687500000015
104000,8,earliest,12200,0.771484375,0.2746289062500013
104000,8,earliest,12400,0.7109375,0.3224218750000019
104000,8,earliest,12600,0.716796875,0.3162890625000016
104000,8,earliest,12800,0.7158203125,0.3298437500000016
104000,8,earliest,13000,0.744140625,0.2976171875000015
104000,8,earliest,13200,0.728515625,0.3075781250000014
104000,8,earliest,13400,0.734375,0.3069921875000017
104000,8,earliest,13600,0.7353515625,0.2964257812500011
104000,8,earliest,13800,0.73828125,0.2987304687500014
104000,8,earliest,14000,0.7509765625,0.2905468750000015
104000,8,earliest,14200,0.7822265625,0.2577343750000012
104000,8,earliest,14400,0.7421875,0.2979687500000013
104000,8,earliest,14600,0.75,0.2921679687500015
104000,8,earliest,14800,0.720703125,0.3168359375000015
104000,8,earliest,15000,0.751953125,0.2860351562500017
104000,8,earliest,15200,0.7314453125,0.3076757812500015
104000,8,earliest,15400,0.7216796875,0.3081054687500015
104000,8,earliest,15600,0.7666015625,0.2688281250000013
104000,8,earliest,15800,0.7451171875,0.2917578125000016
104000,8,earliest,16000,0.72265625,0.3120703125000012
104000,8,earliest,16200,0.7060546875,0.3331054687500015
104000,8,earliest,16400,0.7412109375,0.2902148437500015
104000,8,earliest,16600,0.7578125,0.2811914062500017
104000,8,earliest,16800,0.7490234375,0.2986328125000017
104000,8,earliest,17000,0.736328125,0.3011914062500016
104000,8,earliest,17200,0.80078125,0.2495507812500013
104000,8,earliest,17400,0.7666015625,0.2730468750000016
104000,8,earliest,17600,0.7998046875,0.2419726562500013
104000,8,earliest,17800,0.7607421875,0.2770117187500015
104000,8,earliest,18000,0.7451171875,0.2923437500000015
104000,8,earliest,18200,0.728515625,0.3150000000000016
104000,8,earliest,18400,0.751953125,0.2840625000000016
104000,8,earliest,18600,0.7373046875,0.2869726562500016
104000,8,earliest,18800,0.75390625,0.2886328125000015
104000,8,earliest,19000,0.759765625,0.2825585937500013
104000,8,earliest,19200,0.7265625,0.3085351562500013
104000,8,earliest,19400,0.7158203125,0.3074023437500015
104000,8,earliest,19600,0.759765625,0.2765625000000013
104000,8,earliest,19800,0.7783203125,0.2610351562500015
104000,8,earliest,20000,0.7900390625,0.2532226562500014
104000,7,staged,0,0.271484375,1.0
104000,7,staged,200,0.3564453125,0.6523828124999995
104000,7,staged,400,0.431640625,0.5890625000000003
104000,7,staged,600,0.478515625,0.5477343750000002
104000,7,staged,800,0.6396484375,0.3819140625000015
104000,7,staged,1000,0.6318359375,0.4010156250000013
104000,7,staged,1200,0.677734375,0.3596679687500014
104000,7,staged,1400,0.689453125,0.3385546875000015
104000,7,staged,1600,0.693359375,0.3357812500000017
104000,7,staged,1800,0.6884765625,0.3365625000000014
104000,7,staged,2000,0.7646484375,0.2768554687500016
104000,7,staged,2200,0.75390625,0.2882421875000015
104000,7,staged,2400,0.71484375,0.3121289062500012
104000,7,staged,2600,0.7548828125,0.2732812500000014
104000,7,staged,2800,0.73828125,0.3016015625000017
104000,7,staged,3000,0.705078125,0.3331640625000014
104000,7,staged,3200,0.73828125,0.2975000000000017
104000,7,staged,3400,0.748046875,0.2905273437500015
104000,7,staged,3600,0.7626953125,0.2794335937500017
104000,7,staged,3800,0.7216796875,0.3025585937500016
104000,7,staged,4000,0.7392578125,0.2896484375000015
104000,7,staged,4200,0.7548828125,0.2749804687500015
104000,7,staged,4400,0.7822265625,0.2620312500000013
104000,7,staged,4600,0.7587890625,0.2782617187500012
104000,7,staged,4800,0.7578125,0.2810937500000013
104000,7,staged,5000,0.744140625,0.2873242187500014
104000,7,staged,5200,0.75390625,0.2782421875000015
104000,7,staged,5400,0.740234375,0.2985742187500015
104000,7,staged,5600,0.7822265625,0.2589453125000014
104000,7,staged,5800,0.7275390625,0.3017187500000014
104000,7,staged,6000,0.734375,0.3033203125000016
104000,7,staged,6200,0.7724609375,0.2638476562500015
104000,7,staged,6400,0.7470703125,0.2878320312500014
104000,7,staged,6600,0.7451171875,0.2871875000000015
104000,7,staged,6800,0.744140625,0.2939062500000015
104000,7,staged,7000,0.7919921875,0.2420117187500015
104000,7,staged,7200,0.7607421875,0.2781250000000015
104000,7,staged,7400,0.7900390625,0.2503125000000013
104000,7,staged,7600,0.7392578125,0.2897851562500017
104000,7,staged,7800,0.7763671875,0.2499414062500013
104000,7,staged,8000,0.7392578125,0.2954101562500018
104000,7,staged,8200,0.76953125,0.2694726562500013
104000,7,staged,8400,0.78125,0.2547851562500014
104000,7,staged,8600,0.775390625,0.2525585937500016
104000,7,staged,8800,0.8076171875,0.2275390625000014
104000,7,staged,9000,0.8017578125,0.2395507812500015
104000,7,staged,9200,0.7939453125,0.2354492187500012
104000,7,staged,9400,0.7646484375,0.2712109375000013
104000,7,staged,9600,0.7578125,0.2781640625000013
104000,7,staged,9800,0.7763671875,0.2560156250000013
104000,7,staged,10000,0.7646484375,0.2694921875000015
104000,7,staged,10200,0.7529296875,0.2784765625000016
104000,7,staged,10400,0.7724609375,0.2742968750000017
104000,7,staged,10600,0.7783203125,0.2604296875000015
104000,7,staged,10800,0.7939453125,0.2402929687500014
104000,7,staged,11000,0.79296875,0.2537304687500016
104000,7,staged,11200,0.7978515625,0.2448437500000013
104000,7,staged,11400,0.7724609375,0.2660156250000013
104000,7,staged,11600,0.78515625,0.2443359375000014
104000,7,staged,11800,0.8212890625,0.2272851562500013
104000,7,staged,12000,0.7890625,0.2470507812500014
104000,7,staged,12200,0.796875,0.2359960937500015
104000,7,staged,12400,0.8154296875,0.2284765625000015
104000,7,staged,12600,0.81640625,0.2141601562500012
104000,7,staged,12800,0.8134765625,0.2260546875000015
104000,7,staged,13000,0.8251953125,0.2027734375000012
104000,7,staged,13200,0.8095703125,0.2337109375000014
104000,7,staged,13400,0.7783203125,0.2622851562500016
104000,7,staged,13600,0.75390625,0.2747851562500014
104000,7,staged,13800,0.787109375,0.2519531250000012
104000,7,staged,14000,0.767578125,0.2733789062500016
104000,7,staged,14200,0.748046875,0.2908593750000014
104000,7,staged,14400,0.791015625,0.2437500000000014
104000,7,staged,14600,0.78125,0.2500390625000014
104000,7,staged,14800,0.818359375,0.2191210937500015
104000,7,staged,15000,0.826171875,0.2147070312500013
104000,7,staged,15200,0.779296875,0.2522656250000013
104000,7,staged,15400,0.7998046875,0.2407226562500017
104000,7,staged,15600,0.8046875,0.2315625000000015
104000,7,staged,15800,0.787109375,0.2550781250000014
104000,7,staged,16000,0.791015625,0.2399414062500015
104000,7,staged,16200,0.8076171875,0.2344531250000015
104000,7,staged,16400,0.7958984375,0.2364453125000014
104000,7,staged,16600,0.81640625,0.2241796875000014
104000,7,staged,16800,0.8505859375,0.1903906250000013
104000,7,staged,17000,0.7998046875,0.2250585937500014
104000,7,staged,17200,0.810546875,0.2265039062500015
104000,7,staged,17400,0.7998046875,0.2412109375000014
104000,7,staged,17600,0.8203125,0.2138476562500012
104000,7,staged,17800,0.8095703125,0.2273632812500014
104000,7,staged,18000,0.794921875,0.2474414062500014
104000,7,staged,18200,0.8134765625,0.2166601562500013
104000,7,staged,18400,0.8037109375,0.2388085937500014
104000,7,staged,18600,0.8056640625,0.2395898437500013
104000,7,staged,18800,0.8212890625,0.2234375000000015
104000,7,staged,19000,0.7900390625,0.2424218750000015
104000,7,staged,19200,0.7705078125,0.2562890625000013
104000,7,staged,19400,0.7744140625,0.2627929687500014
104000,7,staged,19600,0.83984375,0.2069140625000014
104000,7,staged,19800,0.794921875,0.2470507812500016
104000,7,staged,20000,0.794921875,0.2401171875000014
104000,8,staged,0,0.271484375,1.0
104000,8,staged,200,0.23828125,0.7678710937499992
104000,8,staged,400,0.1650390625,0.8461523437499988
104000,8,staged,600,0.1513671875,0.8590820312499992
104000,8,staged,800,0.1357421875,0.8774023437499997
104000,8,staged,1000,0.1552734375,0.8513671874999995
104000,8,staged,1200,0.1171875,0.8903124999999998
104000,8,staged,1400,0.126953125,0.8798437499999994
104000,8,staged,1600,0.103515625,0.8983007812499993
104000,8,staged,1800,0.0908203125,0.9132617187499996
104000,8,staged,2000,0.095703125,0.9114453124999992
104000,8,staged,2200,0.1123046875,0.8954296874999991
104000,8,staged,2400,0.1201171875,0.8851171874999985
104000,8,staged,2600,0.0947265625,0.9087695312499988
104000,8,staged,2800,0.134765625,0.8725976562499993
104000,8,staged,3000,0.15234375,0.8558984374999986
104000,8,staged,3200,0.2265625,0.7860937499999989
104000,8,staged,3400,0.3056640625,0.7041992187499992
104000,8,staged,3600,0.3662109375,0.6525585937499981
104000,8,staged,3800,0.353515625,0.6621484374999981
104000,8,staged,4000,0.4443359375,0.5675781250000004
104000,8,staged,4200,0.52734375,0.4816406250000014
104000,8,staged,4400,0.5458984375,0.4754101562500014
104000,8,staged,4600,0.55078125,0.4690625000000014
104000,8,staged,4800,0.56640625,0.4589648437500016
104000,8,staged,5000,0.6279296875,0.4023632812500014
104000,8,staged,5200,0.6044921875,0.4190234375000016
104000,8,staged,5400,0.6533203125,0.3675000000000013
104000,8,staged,5600,0.658203125,0.3757226562500016
104000,8,staged,5800,0.6611328125,0.3648242187500013
104000,8,staged,6000,0.6767578125,0.3600390625000015
104000,8,staged,6200,0.6435546875,0.3836914062500016
104000,8,staged,6400,0.6787109375,0.3456640625000017
104000,8,staged,6600,0.6669921875,0.3591210937500015
104000,8,staged,6800,0.6455078125,0.3858007812500015
104000,8,staged,7000,0.638671875,0.3852343750000016
104000,8,staged,7200,0.62109375,0.4137890625000015
104000,8,staged,7400,0.6708984375,0.3694921875000016
104000,8,staged,7600,0.6630859375,0.3586132812500017
104000,8,staged,7800,0.630859375,0.4065429687500017
104000,8,staged,8000,0.6923828125,0.3483007812500015
104000,8,staged,8200,0.6572265625,0.3743164062500017
104000,8,staged,8400,0.6494140625,0.3839648437500015
104000,8,staged,8600,0.6591796875,0.3781054687500015
104000,8,staged,8800,0.6611328125,0.3779687500000016
104000,8,staged,9000,0.6923828125,0.3247070312500015
104000,8,staged,9200,0.68359375,0.3312500000000014
104000,8,staged,9400,0.6142578125,0.4019531250000018
104000,8,staged,9600,0.6708984375,0.3648632812500018
104000,8,staged,9800,0.6630859375,0.3559375000000019
104000,8,staged,10000,0.6650390625,0.3681054687500016
104000,8,staged,10200,0.6904296875,0.3477929687500016
104000,8,staged,10400,0.611328125,0.4148242187500016
104000,8,staged,10600,0.6474609375,0.3729492187500014
104000,8,staged,10800,0.6826171875,0.3547851562500015
104000,8,staged,11000,0.703125,0.3282812500000015
104000,8,staged,11200,0.6650390625,0.3628125000000013
104000,8,staged,11400,0.6875,0.3480859375000013
104000,8,staged,11600,0.6884765625,0.3472656250000014
104000,8,staged,11800,0.7177734375,0.3137695312500013
104000,8,staged,12000,0.69140625,0.3347656250000015
104000,8,staged,12200,0.685546875,0.3471484375000015
104000,8,staged,12400,0.69140625,0.3479296875000017
104000,8,staged,12600,0.6884765625,0.3387695312500017
104000,8,staged,12800,0.66015625,0.3667382812500016
104000,8,staged,13000,0.7001953125,0.3363671875000013
104000,8,staged,13200,0.689453125,0.3437695312500017
104000,8,staged,13400,0.6884765625,0.3417187500000016
104000,8,staged,13600,0.6474609375,0.3787304687500017
104000,8,staged,13800,0.6640625,0.3733789062500015
104000,8,staged,14000,0.6787109375,0.3474609375000014
104000,8,staged,14200,0.638671875,0.3880859375000012
104000,8,staged,14400,0.671875,0.3715625000000016
104000,8,staged,14600,0.736328125,0.3029296875000017
104000,8,staged,14800,0.6875,0.3360937500000017
104000,8,staged,15000,0.669921875,0.3633007812500016
104000,8,staged,15200,0.6875,0.3519140625000015
104000,8,staged,15400,0.6748046875,0.3534179687500016
104000,8,staged,15600,0.654296875,0.3754492187500014
104000,8,staged,15800,0.6640625,0.3650390625000014
104000,8,staged,16000,0.658203125,0.3814257812500014
104000,8,staged,16200,0.6875,0.3372851562500016
104000,8,staged,16400,0.6669921875,0.3612890625000014
104000,8,staged,16600,0.671875,0.3708789062500013
104000,8,staged,16800,0.6611328125,0.3621093750000015
104000,8,staged,17000,0.6376953125,0.3856054687500019
104000,8,staged,17200,0.693359375,0.3326562500000016
104000,8,staged,17400,0.693359375,0.3450781250000015
104000,8,staged,17600,0.66796875,0.3560742187500014
104000,8,staged,17800,0.673828125,0.3631445312500015
104000,8,staged,18000,0.6630859375,0.3734375000000013
104000,8,staged,18200,0.6982421875,0.3382226562500017
104000,8,staged,18400,0.619140625,0.4074414062500014
104000,8,staged,18600,0.642578125,0.3817773437500014
104000,8,staged,18800,0.640625,0.3764843750000018
104000,8,staged,19000,0.640625,0.3880273437500016
104000,8,staged,19200,0.7138671875,0.3230468750000016
104000,8,staged,19400,0.7060546875,0.3280468750000014
104000,8,staged,19600,0.671875,0.3667968750000014
104000,8,staged,19800,0.6923828125,0.3483398437500016
104000,8,staged,20000,0.6826171875,0.3497851562500016
104001,7,earliest,0,0.2548828125,1.0
104001,7,earliest,200,0.3515625,0.6554101562499994
104001,7,earliest,400,0.4501953125,0.5658203124999999
104001,7,earliest,600,0.427734375,0.5838476562499999
104001,7,earliest,800,0.5244140625,0.5030664062500009
104001,7,earliest,1000,0.5263671875,0.5007617187500015
104001,7,earliest,1200,0.5615234375,0.4676562500000011
104001,7,earliest,1400,0.587890625,0.4269531250000013
104001,7,earliest,1600,0.6591796875,0.3698632812500014
104001,7,earliest,1800,0.630859375,0.4047070312500015
104001,7,earliest,2000,0.67578125,0.3563281250000013
104001,7,earliest,2200,0.6591796875,0.3775000000000012
104001,7,earliest,2400,0.62890625,0.3905273437500014
104001,7,earliest,2600,0.6845703125,0.3496093750000015
104001,7,earliest,2800,0.681640625,0.3505664062500015
104001,7,earliest,3000,0.701171875,0.3317187500000015
104001,7,earliest,3200,0.697265625,0.3326562500000013
104001,7,earliest,3400,0.6689453125,0.3556445312500015
104001,7,earliest,3600,0.716796875,0.3244921875000015
104001,7,earliest,3800,0.6484375,0.3762304687500017
104001,7,earliest,4000,0.68359375,0.3498046875000014
104001,7,earliest,4200,0.7294921875,0.3169921875000015
104001,7,earliest,4400,0.6943359375,0.3358789062500017
104001,7,earliest,4600,0.681640625,0.3524609375000015
104001,7,earliest,4800,0.6923828125,0.3329687500000015
104001,7,earliest,5000,0.6533203125,0.3777148437500018
104001,7,earliest,5200,0.7001953125,0.3292187500000013
104001,7,earliest,5400,0.705078125,0.3224804687500014
104001,7,earliest,5600,0.6962890625,0.3331250000000015
104001,7,earliest,5800,0.72265625,0.3071484375000015
104001,7,earliest,6000,0.7333984375,0.3005273437500016
104001,7,earliest,6200,0.6943359375,0.3405468750000015
104001,7,earliest,6400,0.66796875,0.3615429687500015
104001,7,earliest,6600,0.7060546875,0.3215820312500015
104001,7,earliest,6800,0.68359375,0.3554101562500014
104001,7,earliest,7000,0.70703125,0.3339062500000015
104001,7,earliest,7200,0.669921875,0.3566796875000017
104001,7,earliest,7400,0.724609375,0.3131640625000014
104001,7,earliest,7600,0.71484375,0.3229687500000013
104001,7,earliest,7800,0.6787109375,0.3421093750000016
104001,7,earliest,8000,0.673828125,0.3587500000000015
104001,7,earliest,8200,0.703125,0.3254296875000014
104001,7,earliest,8400,0.7060546875,0.3278906250000013
104001,7,earliest,8600,0.6611328125,0.3755859375000013
104001,7,earliest,8800,0.6650390625,0.3615039062500015
104001,7,earliest,9000,0.673828125,0.3462109375000013
104001,7,earliest,9200,0.673828125,0.3576171875000014
104001,7,earliest,9400,0.7265625,0.3095703125000016
104001,7,earliest,9600,0.6962890625,0.3296093750000018
104001,7,earliest,9800,0.7109375,0.3271484375000016
104001,7,earliest,10000,0.7021484375,0.3268750000000015
104001,7,earliest,10200,0.7001953125,0.3320312500000016
104001,7,earliest,10400,0.7001953125,0.3334375000000015
104001,7,earliest,10600,0.6923828125,0.3465039062500019
104001,7,earliest,10800,0.7509765625,0.2825195312500016
104001,7,earliest,11000,0.7314453125,0.3063281250000015
104001,7,earliest,11200,0.759765625,0.2861914062500015
104001,7,earliest,11400,0.75390625,0.2821875000000015
104001,7,earliest,11600,0.7490234375,0.2871484375000015
104001,7,earliest,11800,0.73046875,0.2944531250000012
104001,7,earliest,12000,0.7490234375,0.2911914062500015
104001,7,earliest,12200,0.6904296875,0.3327148437500013
104001,7,earliest,12400,0.6728515625,0.3558984375000013
104001,7,earliest,12600,0.716796875,0.3182421875000012
104001,7,earliest,12800,0.7060546875,0.3304101562500014
104001,7,earliest,13000,0.69140625,0.3383398437500014
104001,7,earliest,13200,0.6943359375,0.3276953125000015
104001,7,earliest,13400,0.7119140625,0.3206835937500014
104001,7,earliest,13600,0.7333984375,0.2871679687500014
104001,7,earliest,13800,0.720703125,0.3060156250000016
104001,7,earliest,14000,0.6884765625,0.3409570312500014
104001,7,earliest,14200,0.7353515625,0.2901171875000015
104001,7,earliest,14400,0.708984375,0.3222460937500014
104001,7,earliest,14600,0.6962890625,0.3364843750000015
104001,7,earliest,14800,0.751953125,0.2764062500000016
104001,7,earliest,15000,0.7470703125,0.2854492187500014
104001,7,earliest,15200,0.7265625,0.2999023437500018
104001,7,earliest,15400,0.71875,0.3066406250000016
104001,7,earliest,15600,0.748046875,0.2819140625000015
104001,7,earliest,15800,0.751953125,0.2825585937500014
104001,7,earliest,16000,0.703125,0.3282421875000014
104001,7,earliest,16200,0.734375,0.2939843750000013
104001,7,earliest,16400,0.7470703125,0.2848437500000014
104001,7,earliest,16600,0.6865234375,0.3347656250000016
104001,7,earliest,16800,0.69921875,0.3334960937500013
104001,7,earliest,17000,0.7119140625,0.3206445312500017
104001,7,earliest,17200,0.68359375,0.3505078125000015
104001,7,earliest,17400,0.7197265625,0.3110546875000015
104001,7,earliest,17600,0.67578125,0.3455664062500017
104001,7,earliest,17800,0.6884765625,0.3418945312500016
104001,7,earliest,18000,0.716796875,0.3214648437500017
104001,7,earliest,18200,0.6943359375,0.3302148437500014
104001,7,earliest,18400,0.734375,0.2986718750000016
104001,7,earliest,18600,0.7548828125,0.2799609375000014
104001,7,earliest,18800,0.732421875,0.3036718750000017
104001,7,earliest,19000,0.7353515625,0.2986914062500017
104001,7,earliest,19200,0.705078125,0.3309960937500016
104001,7,earliest,19400,0.73828125,0.2891601562500014
104001,7,earliest,19600,0.75390625,0.2800976562500014
104001,7,earliest,19800,0.744140625,0.2908593750000018
104001,7,earliest,20000,0.716796875,0.3176953125000016
104001,8,earliest,0,0.2548828125,1.0
104001,8,earliest,200,0.205078125,0.8066992187499988
104001,8,earliest,400,0.1416015625,0.8712109374999994
104001,8,earliest,600,0.1337890625,0.8751171874999993
104001,8,earliest,800,0.1240234375,0.8848046874999987
104001,8,earliest,1000,0.1240234375,0.8811523437499991
104001,8,earliest,1200,0.1171875,0.8912499999999995
104001,8,earliest,1400,0.12890625,0.8778515624999992
104001,8,earliest,1600,0.197265625,0.8128515624999976
104001,8,earliest,1800,0.1376953125,0.873593749999999
104001,8,earliest,2000,0.185546875,0.8235156249999985
104001,8,earliest,2200,0.2646484375,0.752499999999999
104001,8,earliest,2400,0.3359375,0.6758007812499988
104001,8,earliest,2600,0.341796875,0.6739843749999986
104001,8,earliest,2800,0.4970703125,0.5292578125000011
104001,8,earliest,3000,0.578125,0.4474023437500016
104001,8,earliest,3200,0.623046875,0.4024414062500015
104001,8,earliest,3400,0.6298828125,0.4010742187500016
104001,8,earliest,3600,0.6982421875,0.3359375000000016
104001,8,earliest,3800,0.703125,0.3331640625000015
104001,8,earliest,4000,0.693359375,0.3351757812500014
104001,8,earliest,4200,0.71875,0.3098828125000016
104001,8,earliest,4400,0.7724609375,0.2802539062500015
104001,8,earliest,4600,0.76171875,0.2811523437500014
104001,8,earliest,4800,0.7255859375,0.3097265625000016
104001,8,earliest,5000,0.7587890625,0.2845507812500014
104001,8,earliest,5200,0.7646484375,0.2799609375000016
104001,8,earliest,5400,0.75,0.2821093750000014
104001,8,earliest,5600,0.77734375,0.2561132812500014
104001,8,earliest,5800,0.7705078125,0.2699609375000015
104001,8,earliest,6000,0.7607421875,0.2706054687500016
104001,8,earliest,6200,0.7548828125,0.2779882812500015
104001,8,earliest,6400,0.7783203125,0.2565820312500015
104001,8,earliest,6600,0.7861328125,0.2576757812500014
104001,8,earliest,6800,0.77734375,0.2677734375000014
104001,8,earliest,7000,0.7548828125,0.2843554687500015
104001,8,earliest,7200,0.736328125,0.2980859375000016
104001,8,earliest,7400,0.759765625,0.2718945312500014
104001,8,earliest,7600,0.7763671875,0.2752343750000014
104001,8,earliest,7800,0.7724609375,0.2823632812500014
104001,8,earliest,8000,0.7509765625,0.2836132812500013
104001,8,earliest,8200,0.767578125,0.2684765625000012
104001,8,earliest,8400,0.7021484375,0.3197460937500015
104001,8,earliest,8600,0.7431640625,0.2900000000000016
104001,8,earliest,8800,0.7685546875,0.2774609375000015
104001,8,earliest,9000,0.744140625,0.2838476562500015
104001,8,earliest,9200,0.7529296875,0.2890039062500017
104001,8,earliest,9400,0.7880859375,0.2568945312500014
104001,8,earliest,9600,0.7744140625,0.2637695312500015
104001,8,earliest,9800,0.7705078125,0.2658007812500014
104001,8,earliest,10000,0.7529296875,0.2912304687500014
104001,8,earliest,10200,0.7724609375,0.2631054687500015
104001,8,earliest,10400,0.77734375,0.2611718750000015
104001,8,earliest,10600,0.7568359375,0.2792968750000015
104001,8,earliest,10800,0.751953125,0.2947265625000014
104001,8,earliest,11000,0.765625,0.2712500000000015
104001,8,earliest,11200,0.802734375,0.2500390625000015
104001,8,earliest,11400,0.8076171875,0.2272265625000013
104001,8,earliest,11600,0.7705078125,0.2597265625000014
104001,8,earliest,11800,0.80078125,0.2441406250000015
104001,8,earliest,12000,0.7783203125,0.2562109375000016
104001,8,earliest,12200,0.7744140625,0.2682617187500016
104001,8,earliest,12400,0.79296875,0.2580664062500015
104001,8,earliest,12600,0.767578125,0.2719726562500015
104001,8,earliest,12800,0.8115234375,0.2335937500000014
104001,8,earliest,13000,0.80859375,0.2397460937500016
104001,8,earliest,13200,0.7763671875,0.2640039062500015
104001,8,earliest,13400,0.78515625,0.2653320312500016
104001,8,earliest,13600,0.7841796875,0.2570898437500014
104001,8,earliest,13800,0.763671875,0.2762890625000016
104001,8,earliest,14000,0.779296875,0.2676367187500013
104001,8,earliest,14200,0.8095703125,0.2409179687500015
104001,8,earliest,14400,0.8076171875,0.2314843750000014
104001,8,earliest,14600,0.806640625,0.2361718750000013
104001,8,earliest,14800,0.7802734375,0.2629101562500014
104001,8,earliest,15000,0.7880859375,0.2523437500000014
104001,8,earliest,15200,0.734375,0.3030468750000016
104001,8,earliest,15400,0.794921875,0.2533593750000015
104001,8,earliest,15600,0.779296875,0.2728906250000016
104001,8,earliest,15800,0.76953125,0.2757226562500015
104001,8,earliest,16000,0.7578125,0.2767968750000015
104001,8,earliest,16200,0.7734375,0.2710742187500017
104001,8,earliest,16400,0.7900390625,0.2561132812500013
104001,8,earliest,16600,0.8056640625,0.2383984375000015
104001,8,earliest,16800,0.7412109375,0.2929296875000015
104001,8,earliest,17000,0.783203125,0.2518945312500012
104001,8,earliest,17200,0.7412109375,0.2968554687500014
104001,8,earliest,17400,0.8017578125,0.2406835937500017
104001,8,earliest,17600,0.7744140625,0.2716601562500016
104001,8,earliest,17800,0.7470703125,0.2899609375000016
104001,8,earliest,18000,0.7685546875,0.2747851562500016
104001,8,earliest,18200,0.7939453125,0.2440234375000017
104001,8,earliest,18400,0.8076171875,0.2382812500000015
104001,8,earliest,18600,0.7763671875,0.2653515625000015
104001,8,earliest,18800,0.78125,0.2569531250000013
104001,8,earliest,19000,0.755859375,0.2831250000000015
104001,8,earliest,19200,0.71875,0.3194726562500016
104001,8,earliest,19400,0.75390625,0.2802148437500015
104001,8,earliest,19600,0.7998046875,0.2408789062500015
104001,8,earliest,19800,0.79296875,0.2505664062500013
104001,8,earliest,20000,0.7919921875,0.2475781250000015
104001,7,staged,0,0.2548828125,1.0
104001,7,staged,200,0.33203125,0.677109374999999
104001,7,staged,400,0.345703125,0.6658789062499983
104001,7,staged,600,0.4609375,0.5544335937499989
104001,7,staged,800,0.5263671875,0.4817578125000013
104001,7,staged,1000,0.548828125,0.4708593750000016
104001,7,staged,1200,0.6220703125,0.4097070312500014
104001,7,staged,1400,0.681640625,0.3451953125000015
104001,7,staged,1600,0.6962890625,0.3301171875000014
104001,7,staged,1800,0.716796875,0.3061132812500016
104001,7,staged,2000,0.7099609375,0.3255273437500016
104001,7,staged,2200,0.7216796875,0.3032617187500016
104001,7,staged,2400,0.7001953125,0.3315820312500015
104001,7,staged,2600,0.7353515625,0.3050585937500017
104001,7,staged,2800,0.7294921875,0.3044531250000014
104001,7,staged,3000,0.7451171875,0.2902148437500016
104001,7,staged,3200,0.71875,0.3093554687500015
104001,7,staged,3400,0.73828125,0.3003906250000014
104001,7,staged,3600,0.7724609375,0.2581640625000013
104001,7,staged,3800,0.73828125,0.3030859375000014
104001,7,staged,4000,0.7490234375,0.2796484375000014
104001,7,staged,4200,0.7373046875,0.2916406250000015
104001,7,staged,4400,0.751953125,0.2808789062500015
104001,7,staged,4600,0.7265625,0.3049609375000013
104001,7,staged,4800,0.7724609375,0.2676171875000015
104001,7,staged,5000,0.783203125,0.2605664062500016
104001,7,staged,5200,0.7734375,0.2620703125000015
104001,7,staged,5400,0.744140625,0.2872460937500016
104001,7,staged,5600,0.7724609375,0.2683984375000017
104001,7,staged,5800,0.7138671875,0.3186328125000013
104001,7,staged,6000,0.7646484375,0.2724414062500015
104001,7,staged,6200,0.76953125,0.2657421875000017
104001,7,staged,6400,0.7783203125,0.2654101562500014
104001,7,staged,6600,0.79296875,0.2494921875000014
104001,7,staged,6800,0.7802734375,0.2553906250000014
104001,7,staged,7000,0.814453125,0.2217382812500013
104001,7,staged,7200,0.7578125,0.2765625000000015
104001,7,staged,7400,0.771484375,0.2678710937500015
104001,7,staged,7600,0.755859375,0.2747656250000017
104001,7,staged,7800,0.72265625,0.3127343750000016
104001,7,staged,8000,0.7890625,0.2539843750000015
104001,7,staged,8200,0.8046875,0.2420703125000014
104001,7,staged,8400,0.7919921875,0.2483789062500016
104001,7,staged,8600,0.7705078125,0.2658398437500014
104001,7,staged,8800,0.8076171875,0.2304882812500014
104001,7,staged,9000,0.81640625,0.2159570312500015
104001,7,staged,9200,0.7958984375,0.2430468750000014
104001,7,staged,9400,0.79296875,0.2525195312500014
104001,7,staged,9600,0.7666015625,0.2745312500000014
104001,7,staged,9800,0.791015625,0.2390625000000012
104001,7,staged,10000,0.80078125,0.2448242187500013
104001,7,staged,10200,0.7919921875,0.2500781250000013
104001,7,staged,10400,0.8125,0.2233398437500013
104001,7,staged,10600,0.83203125,0.2147265625000014
104001,7,staged,10800,0.78515625,0.2434570312500014
104001,7,staged,11000,0.8291015625,0.2131835937500014
104001,7,staged,11200,0.7890625,0.2468554687500014
104001,7,staged,11400,0.7900390625,0.2471289062500013
104001,7,staged,11600,0.7890625,0.2428320312500012
104001,7,staged,11800,0.8193359375,0.2280078125000015
104001,7,staged,12000,0.7822265625,0.2532226562500014
104001,7,staged,12200,0.8037109375,0.2326953125000014
104001,7,staged,12400,0.763671875,0.2683398437500014
104001,7,staged,12600,0.796875,0.2443750000000013
104001,7,staged,12800,0.8388671875,0.2066210937500015
104001,7,staged,13000,0.80859375,0.2315429687500014
104001,7,staged,13200,0.814453125,0.2247265625000015
104001,7,staged,13400,0.814453125,0.2278515625000012
104001,7,staged,13600,0.8388671875,0.2000000000000014
104001,7,staged,13800,0.7958984375,0.2229687500000014
104001,7,staged,14000,0.7919921875,0.2502734375000015
104001,7,staged,14200,0.8046875,0.2287109375000014
104001,7,staged,14400,0.7724609375,0.2600781250000014
104001,7,staged,14600,0.82421875,0.2186523437500013
104001,7,staged,14800,0.8359375,0.2152539062500012
104001,7,staged,15000,0.8076171875,0.2257812500000014
104001,7,staged,15200,0.806640625,0.2292187500000013
104001,7,staged,15400,0.8310546875,0.2105859375000016
104001,7,staged,15600,0.833984375,0.2137500000000014
104001,7,staged,15800,0.8154296875,0.2216015625000016
104001,7,staged,16000,0.796875,0.2375195312500014
104001,7,staged,16200,0.783203125,0.2505273437500015
104001,7,staged,16400,0.7568359375,0.2774804687500015
104001,7,staged,16600,0.7763671875,0.2578906250000014
104001,7,staged,16800,0.79296875,0.2367773437500013
104001,7,staged,17000,0.7734375,0.2509960937500014
104001,7,staged,17200,0.7880859375,0.2538867187500014
104001,7,staged,17400,0.82421875,0.2226757812500015
104001,7,staged,17600,0.794921875,0.2373242187500014
104001,7,staged,17800,0.8046875,0.2343359375000013
104001,7,staged,18000,0.8291015625,0.2047851562500015
104001,7,staged,18200,0.81640625,0.2270507812500015
104001,7,staged,18400,0.802734375,0.2296289062500015
104001,7,staged,18600,0.8173828125,0.2200195312500013
104001,7,staged,18800,0.7890625,0.2494531250000013
104001,7,staged,19000,0.7685546875,0.2679687500000015
104001,7,staged,19200,0.796875,0.2406445312500014
104001,7,staged,19400,0.7744140625,0.2508398437500014
104001,7,staged,19600,0.8095703125,0.2220507812500013
104001,7,staged,19800,0.7880859375,0.2465820312500015
104001,7,staged,20000,0.8212890625,0.2150976562500013
104001,8,staged,0,0.2548828125,1.0
104001,8,staged,200,0.2470703125,0.7633789062499982
104001,8,staged,400,0.1630859375,0.8459765624999988
104001,8,staged,600,0.1806640625,0.8331054687499988
104001,8,staged,800,0.142578125,0.863007812499999
104001,8,staged,1000,0.1455078125,0.861054687499999
104001,8,staged,1200,0.1123046875,0.8974218749999988
104001,8,staged,1400,0.1357421875,0.8715624999999992
104001,8,staged,1600,0.1357421875,0.8661523437499993
104001,8,staged,1800,0.1435546875,0.8660546874999993
104001,8,staged,2000,0.18359375,0.8209570312499989
104001,8,staged,2200,0.220703125,0.7842382812499991
104001,8,staged,2400,0.2890625,0.7228515624999984
104001,8,staged,2600,0.42578125,0.5939648437499992
104001,8,staged,2800,0.4404296875,0.5899804687500007
104001,8,staged,3000,0.5400390625,0.4857031250000014
104001,8,staged,3200,0.62109375,0.4168554687500017
104001,8,staged,3400,0.640625,0.3898242187500015
104001,8,staged,3600,0.7080078125,0.3307812500000017
104001,8,staged,3800,0.7255859375,0.3069921875000017
104001,8,staged,4000,0.7255859375,0.3079882812500014
104001,8,staged,4200,0.7470703125,0.2880078125000014
104001,8,staged,4400,0.7548828125,0.2890625000000016
104001,8,staged,4600,0.763671875,0.2802148437500018
104001,8,staged,4800,0.732421875,0.3045507812500016
104001,8,staged,5000,0.775390625,0.2653710937500014
104001,8,staged,5200,0.775390625,0.2626757812500015
104001,8,staged,5400,0.728515625,0.3058398437500015
104001,8,staged,5600,0.7333984375,0.2953125000000014
104001,8,staged,5800,0.7392578125,0.2998242187500014
104001,8,staged,6000,0.7451171875,0.2930468750000017
104001,8,staged,6200,0.7138671875,0.3219921875000015
104001,8,staged,6400,0.701171875,0.3405273437500014
104001,8,staged,6600,0.7197265625,0.3196289062500016
104001,8,staged,6800,0.7001953125,0.3314257812500014
104001,8,staged,7000,0.728515625,0.3063281250000016
104001,8,staged,7200,0.75390625,0.2893554687500015
104001,8,staged,7400,0.734375,0.3094140625000015
104001,8,staged,7600,0.73046875,0.3095117187500015
104001,8,staged,7800,0.755859375,0.2862304687500015
104001,8,staged,8000,0.7392578125,0.2972460937500013
104001,8,staged,8200,0.7109375,0.3223632812500018
104001,8,staged,8400,0.712890625,0.3129101562500016
104001,8,staged,8600,0.7412109375,0.2892382812500013
104001,8,staged,8800,0.724609375,0.3096875000000017
104001,8,staged,9000,0.75,0.2864257812500015
104001,8,staged,9200,0.75390625,0.2868164062500016
104001,8,staged,9400,0.763671875,0.2763476562500012
104001,8,staged,9600,0.7177734375,0.3202929687500014
104001,8,staged,9800,0.734375,0.3018554687500015
104001,8,staged,10000,0.7705078125,0.2669726562500014
104001,8,staged,10200,0.751953125,0.2885351562500015
104001,8,staged,10400,0.76953125,0.2681250000000015
104001,8,staged,10600,0.7421875,0.3010351562500013
104001,8,staged,10800,0.7451171875,0.2993750000000017
104001,8,staged,11000,0.7734375,0.2639843750000015
104001,8,staged,11200,0.759765625,0.2881054687500015
104001,8,staged,11400,0.7529296875,0.2807421875000014
104001,8,staged,11600,0.7822265625,0.2641210937500017
104001,8,staged,11800,0.7587890625,0.2758007812500015
104001,8,staged,12000,0.7255859375,0.3124609375000017
104001,8,staged,12200,0.775390625,0.2645507812500016
104001,8,staged,12400,0.7236328125,0.3201367187500014
104001,8,staged,12600,0.7470703125,0.2965039062500016
104001,8,staged,12800,0.7421875,0.3008007812500017
104001,8,staged,13000,0.7431640625,0.3012304687500015
104001,8,staged,13200,0.7822265625,0.2634960937500013
104001,8,staged,13400,0.7646484375,0.2752734375000015
104001,8,staged,13600,0.810546875,0.2368750000000014
104001,8,staged,13800,0.8056640625,0.2411132812500014
104001,8,staged,14000,0.7880859375,0.2611132812500016
104001,8,staged,14200,0.775390625,0.2672851562500015
104001,8,staged,14400,0.751953125,0.2825976562500014
104001,8,staged,14600,0.7646484375,0.2810937500000014
104001,8,staged,14800,0.748046875,0.2876757812500015
104001,8,staged,15000,0.7314453125,0.3112500000000015
104001,8,staged,15200,0.7548828125,0.2791992187500015
104001,8,staged,15400,0.7490234375,0.2852148437500016
104001,8,staged,15600,0.7548828125,0.2983007812500015
104001,8,staged,15800,0.767578125,0.2780273437500017
104001,8,staged,16000,0.73828125,0.2976171875000018
104001,8,staged,16200,0.751953125,0.2783593750000014
104001,8,staged,16400,0.7373046875,0.2978320312500017
104001,8,staged,16600,0.7568359375,0.291621093750002
104001,8,staged,16800,0.69140625,0.351074218750002
104001,8,staged,17000,0.71875,0.3159375000000017
104001,8,staged,17200,0.76171875,0.2747070312500015
104001,8,staged,17400,0.76171875,0.2779687500000018
104001,8,staged,17600,0.7451171875,0.2930468750000014
104001,8,staged,17800,0.767578125,0.2791601562500015
104001,8,staged,18000,0.697265625,0.3434375000000016
104001,8,staged,18200,0.7216796875,0.3170703125000014
104001,8,staged,18400,0.744140625,0.2876171875000014
104001,8,staged,18600,0.76171875,0.2733593750000015
104001,8,staged,18800,0.7685546875,0.2777343750000014
104001,8,staged,19000,0.7412109375,0.3020703125000016
104001,8,staged,19200,0.7744140625,0.2693359375000014
104001,8,staged,19400,0.7763671875,0.2597851562500014
104001,8,staged,19600,0.732421875,0.3016601562500018
104001,8,staged,19800,0.7734375,0.2576367187500018
104001,8,staged,20000,0.7724609375,0.2743554687500015
104002,7,earliest,0,0.2509765625,1.0
104002,7,earliest,200,0.392578125,0.6263476562499996
104002,7,earliest,400,0.3603515625,0.6527343749999984
104002,7,earliest,600,0.4951171875,0.5177343750000014
104002,7,earliest,800,0.498046875,0.5081445312500015
104002,7,earliest,1000,0.638671875,0.3952734375000017
104002,7,earliest,1200,0.619140625,0.4081054687500013
104002,7,earliest,1400,0.6572265625,0.3738671875000013
104002,7,earliest,1600,0.65234375,0.3792773437500015
104002,7,earliest,1800,0.6044921875,0.4216796875000015
104002,7,earliest,2000,0.640625,0.3934765625000018
104002,7,earliest,2200,0.6943359375,0.3379101562500014
104002,7,earliest,2400,0.6923828125,0.3453515625000016
104002,7,earliest,2600,0.6611328125,0.3636914062500015
104002,7,earliest,2800,0.6865234375,0.3559179687500014
104002,7,earliest,3000,0.7138671875,0.3110742187500016
104002,7,earliest,3200,0.6630859375,0.3571484375000014
104002,7,earliest,3400,0.658203125,0.3879882812500016
104002,7,earliest,3600,0.69140625,0.3496484375000014
104002,7,earliest,3800,0.71484375,0.3280078125000017
104002,7,earliest,4000,0.720703125,0.3236914062500014
104002,7,earliest,4200,0.7021484375,0.3257421875000016
104002,7,earliest,4400,0.677734375,0.3561718750000014
104002,7,earliest,4600,0.7041015625,0.3330273437500019
104002,7,earliest,4800,0.68359375,0.3472265625000015
104002,7,earliest,5000,0.693359375,0.3357031250000016
104002,7,earliest,5200,0.701171875,0.3300000000000015
104002,7,earliest,5400,0.716796875,0.3143945312500016
104002,7,earliest,5600,0.697265625,0.3282226562500014
104002,7,earliest,5800,0.697265625,0.3334960937500016
104002,7,earliest,6000,0.6826171875,0.3448437500000017
104002,7,earliest,6200,0.7333984375,0.3086132812500017
104002,7,earliest,6400,0.720703125,0.3173632812500015
104002,7,earliest,6600,0.7236328125,0.3205859375000016
104002,7,earliest,6800,0.7470703125,0.2912304687500016
104002,7,earliest,7000,0.7060546875,0.3264648437500016
104002,7,earliest,7200,0.7431640625,0.2906640625000016
104002,7,earliest,7400,0.71875,0.3174023437500014
104002,7,earliest,7600,0.6875,0.3304492187500013
104002,7,earliest,7800,0.7138671875,0.3183789062500014
104002,7,earliest,8000,0.6611328125,0.3635351562500015
104002,7,earliest,8200,0.74609375,0.2892382812500018
104002,7,earliest,8400,0.681640625,0.3512500000000015
104002,7,earliest,8600,0.658203125,0.3619140625000015
104002,7,earliest,8800,0.712890625,0.3295703125000016
104002,7,earliest,9000,0.73046875,0.3061328125000015
104002,7,earliest,9200,0.7041015625,0.3288867187500014
104002,7,earliest,9400,0.75,0.2767773437500012
104002,7,earliest,9600,0.705078125,0.3204296875000016
104002,7,earliest,9800,0.693359375,0.3335937500000015
104002,7,earliest,10000,0.63671875,0.3923437500000014
104002,7,earliest,10200,0.6943359375,0.3344531250000015
104002,7,earliest,10400,0.7177734375,0.3206054687500014
104002,7,earliest,10600,0.693359375,0.3358007812500016
104002,7,earliest,10800,0.7392578125,0.2963085937500017
104002,7,earliest,11000,0.6923828125,0.3325585937500016
104002,7,earliest,11200,0.7314453125,0.3027343750000016
104002,7,earliest,11400,0.6923828125,0.3217578125000017
104002,7,earliest,11600,0.7158203125,0.3136718750000015
104002,7,earliest,11800,0.7177734375,0.3196093750000014
104002,7,earliest,12000,0.6865234375,0.3456445312500014
104002,7,earliest,12200,0.6640625,0.3713867187500016
104002,7,earliest,12400,0.7236328125,0.3175781250000016
104002,7,earliest,12600,0.71875,0.3165429687500016
104002,7,earliest,12800,0.73046875,0.3040234375000016
104002,7,earliest,13000,0.69140625,0.3324414062500014
104002,7,earliest,13200,0.7412109375,0.2932617187500017
104002,7,earliest,13400,0.7138671875,0.3243164062500014
104002,7,earliest,13600,0.7158203125,0.3211523437500013
104002,7,earliest,13800,0.7734375,0.2607812500000013
104002,7,earliest,14000,0.7431640625,0.2870117187500014
104002,7,earliest,14200,0.71875,0.3215234375000015
104002,7,earliest,14400,0.6923828125,0.3425195312500016
104002,7,earliest,14600,0.72265625,0.3015625000000016
104002,7,earliest,14800,0.6865234375,0.3470703125000017
104002,7,earliest,15000,0.7431640625,0.2864453125000013
104002,7,earliest,15200,0.7109375,0.3206640625000016
104002,7,earliest,15400,0.7080078125,0.3195703125000015
104002,7,earliest,15600,0.7119140625,0.3127929687500012
104002,7,earliest,15800,0.7451171875,0.2933789062500016
104002,7,earliest,16000,0.734375,0.2929882812500013
104002,7,earliest,16200,0.669921875,0.3598046875000015
104002,7,earliest,16400,0.6923828125,0.3330859375000017
104002,7,earliest,16600,0.708984375,0.3263085937500017
104002,7,earliest,16800,0.671875,0.3595703125000014
104002,7,earliest,17000,0.7099609375,0.3195312500000014
104002,7,earliest,17200,0.70703125,0.3230078125000013
104002,7,earliest,17400,0.7177734375,0.3193750000000017
104002,7,earliest,17600,0.6728515625,0.3628320312500018
104002,7,earliest,17800,0.7060546875,0.3347460937500018
104002,7,earliest,18000,0.6669921875,0.3626562500000016
104002,7,earliest,18200,0.685546875,0.3468750000000014
104002,7,earliest,18400,0.71484375,0.3260546875000016
104002,7,earliest,18600,0.6787109375,0.3437109375000016
104002,7,earliest,18800,0.6552734375,0.3762109375000013
104002,7,earliest,19000,0.712890625,0.3188476562500015
104002,7,earliest,19200,0.7119140625,0.3184179687500015
104002,7,earliest,19400,0.6806640625,0.3535546875000015
104002,7,earliest,19600,0.689453125,0.3426367187500016
104002,7,earliest,19800,0.677734375,0.3624804687500016
104002,7,earliest,20000,0.6689453125,0.3586132812500015
104002,8,earliest,0,0.2509765625,1.0
104002,8,earliest,200,0.201171875,0.8068945312499994
104002,8,earliest,400,0.203125,0.8122656249999985
104002,8,earliest,600,0.1630859375,0.8442968749999988
104002,8,earliest,800,0.1650390625,0.8424414062499987
104002,8,earliest,1000,0.1962890625,0.8111718749999989
104002,8,earliest,1200,0.1875,0.8233984374999987
104002,8,earliest,1400,0.228515625,0.7824023437499984
104002,8,earliest,1600,0.2333984375,0.7792187499999987
104002,8,earliest,1800,0.3125,0.7013281249999981
104002,8,earliest,2000,0.3798828125,0.6367382812499995
104002,8,earliest,2200,0.365234375,0.6539453124999993
104002,8,earliest,2400,0.4619140625,0.5575390624999998
104002,8,earliest,2600,0.5341796875,0.4745898437500015
104002,8,earliest,2800,0.6376953125,0.3951562500000014
104002,8,earliest,3000,0.6513671875,0.3848046875000015
104002,8,earliest,3200,0.666015625,0.3572265625000017
104002,8,earliest,3400,0.69140625,0.3471679687500017
104002,8,earliest,3600,0.6826171875,0.3511914062500015
104002,8,earliest,3800,0.67578125,0.3527148437500012
104002,8,earliest,4000,0.71875,0.3079296875000014
104002,8,earliest,4200,0.693359375,0.3414843750000017
104002,8,earliest,4400,0.6708984375,0.3585156250000012
104002,8,earliest,4600,0.677734375,0.3548242187500018
104002,8,earliest,4800,0.689453125,0.3332812500000015
104002,8,earliest,5000,0.7080078125,0.3276171875000016
104002,8,earliest,5200,0.708984375,0.3251757812500012
104002,8,earliest,5400,0.708984375,0.3242773437500015
104002,8,earliest,5600,0.720703125,0.3054296875000016
104002,8,earliest,5800,0.7021484375,0.3290234375000016
104002,8,earliest,6000,0.736328125,0.2904492187500014
104002,8,earliest,6200,0.7177734375,0.3196484375000013
104002,8,earliest,6400,0.73046875,0.3130273437500015
104002,8,earliest,6600,0.720703125,0.3012890625000014
104002,8,earliest,6800,0.775390625,0.2625000000000017
104002,8,earliest,7000,0.76171875,0.2843359375000016
104002,8,earliest,7200,0.783203125,0.2615625000000013
104002,8,earliest,7400,0.76953125,0.2694726562500015
104002,8,earliest,7600,0.76171875,0.2778906250000013
104002,8,earliest,7800,0.7421875,0.2848632812500014
104002,8,earliest,8000,0.7490234375,0.2867773437500016
104002,8,earliest,8200,0.7509765625,0.2925390625000013
104002,8,earliest,8400,0.712890625,0.3183398437500017
104002,8,earliest,8600,0.736328125,0.2934765625000017
104002,8,earliest,8800,0.7607421875,0.2757226562500014
104002,8,earliest,9000,0.755859375,0.2919140625000015
104002,8,earliest,9200,0.7841796875,0.2526562500000012
104002,8,earliest,9400,0.7568359375,0.2713281250000015
104002,8,earliest,9600,0.748046875,0.2898242187500016
104002,8,earliest,9800,0.7412109375,0.2956054687500017
104002,8,earliest,10000,0.7548828125,0.2822265625000016
104002,8,earliest,10200,0.77734375,0.2598046875000015
104002,8,earliest,10400,0.7314453125,0.3013867187500016
104002,8,earliest,10600,0.75,0.2832031250000015
104002,8,earliest,10800,0.7587890625,0.2844921875000015
104002,8,earliest,11000,0.76171875,0.2713085937500013
104002,8,earliest,11200,0.751953125,0.2827343750000015
104002,8,earliest,11400,0.72265625,0.3032226562500015
104002,8,earliest,11600,0.7265625,0.3116015625000014
104002,8,earliest,11800,0.734375,0.2929882812500015
104002,8,earliest,12000,0.783203125,0.2584179687500013
104002,8,earliest,12200,0.7783203125,0.2668945312500012
104002,8,earliest,12400,0.763671875,0.2771289062500014
104002,8,earliest,12600,0.7333984375,0.2987890625000013
104002,8,earliest,12800,0.7509765625,0.2796093750000013
104002,8,earliest,13000,0.724609375,0.3100781250000015
104002,8,earliest,13200,0.740234375,0.3072851562500013
104002,8,earliest,13400,0.7333984375,0.3034765625000013
104002,8,earliest,13600,0.740234375,0.2975976562500015
104002,8,earliest,13800,0.7744140625,0.2607031250000014
104002,8,earliest,14000,0.7412109375,0.2907812500000016
104002,8,earliest,14200,0.732421875,0.3095507812500015
104002,8,earliest,14400,0.734375,0.2976367187500014
104002,8,earliest,14600,0.71875,0.3113671875000015
104002,8,earliest,14800,0.783203125,0.2626953125000013
104002,8,earliest,15000,0.7783203125,0.2592382812500015
104002,8,earliest,15200,0.7490234375,0.2970117187500016
104002,8,earliest,15400,0.759765625,0.2718554687500012
104002,8,earliest,15600,0.740234375,0.3000585937500013
104002,8,earliest,15800,0.724609375,0.3154882812500013
104002,8,earliest,16000,0.748046875,0.2899218750000015
104002,8,earliest,16200,0.7373046875,0.2886132812500015
104002,8,earliest,16400,0.740234375,0.3014648437500017
104002,8,earliest,16600,0.76171875,0.2712890625000014
104002,8,earliest,16800,0.744140625,0.2877734375000012
104002,8,earliest,17000,0.7314453125,0.3092578125000013
104002,8,earliest,17200,0.7587890625,0.2768750000000014
104002,8,earliest,17400,0.748046875,0.2862695312500016
104002,8,earliest,17600,0.73046875,0.3121484375000016
104002,8,earliest,17800,0.6923828125,0.3330859375000015
104002,8,earliest,18000,0.6826171875,0.3470898437500015
104002,8,earliest,18200,0.732421875,0.3027148437500015
104002,8,earliest,18400,0.7509765625,0.2781445312500014
104002,8,earliest,18600,0.7841796875,0.2545312500000016
104002,8,earliest,18800,0.7685546875,0.2780468750000015
104002,8,earliest,19000,0.7568359375,0.2827148437500015
104002,8,earliest,19200,0.71875,0.3238867187500016
104002,8,earliest,19400,0.7392578125,0.2935546875000015
104002,8,earliest,19600,0.787109375,0.2507031250000011
104002,8,earliest,19800,0.76953125,0.2716406250000014
104002,8,earliest,20000,0.720703125,0.3187109375000016
104002,7,staged,0,0.2509765625,1.0
104002,7,staged,200,0.33203125,0.680390624999999
104002,7,staged,400,0.3857421875,0.6337695312499998
104002,7,staged,600,0.5537109375,0.4809179687500012
104002,7,staged,800,0.595703125,0.4289453125000016
104002,7,staged,1000,0.56640625,0.4650781250000015
104002,7,staged,1200,0.5810546875,0.4412304687500013
104002,7,staged,1400,0.5986328125,0.4199609375000014
104002,7,staged,1600,0.6025390625,0.4246289062500016
104002,7,staged,1800,0.6630859375,0.3664453125000013
104002,7,staged,2000,0.7001953125,0.3338281250000018
104002,7,staged,2200,0.6826171875,0.3532031250000013
104002,7,staged,2400,0.705078125,0.3247851562500014
104002,7,staged,2600,0.697265625,0.3323242187500018
104002,7,staged,2800,0.7451171875,0.2907617187500019
104002,7,staged,3000,0.716796875,0.3081054687500015
104002,7,staged,3200,0.7900390625,0.2507421875000015
104002,7,staged,3400,0.7763671875,0.2566796875000015
104002,7,staged,3600,0.765625,0.2650585937500015
104002,7,staged,3800,0.77734375,0.2674804687500015
104002,7,staged,4000,0.7490234375,0.2946875000000014
104002,7,staged,4200,0.7890625,0.2474609375000012
104002,7,staged,4400,0.736328125,0.2987890625000015
104002,7,staged,4600,0.7666015625,0.2622070312500013
104002,7,staged,4800,0.7734375,0.2669335937500016
104002,7,staged,5000,0.7734375,0.2547265625000013
104002,7,staged,5200,0.76953125,0.2636328125000012
104002,7,staged,5400,0.728515625,0.3005078125000014
104002,7,staged,5600,0.71484375,0.3166601562500016
104002,7,staged,5800,0.7216796875,0.3082812500000016
104002,7,staged,6000,0.7763671875,0.2520312500000016
104002,7,staged,6200,0.7861328125,0.2472656250000017
104002,7,staged,6400,0.7353515625,0.2980468750000017
104002,7,staged,6600,0.7783203125,0.2535937500000015
104002,7,staged,6800,0.7802734375,0.2540429687500014
104002,7,staged,7000,0.74609375,0.2775390625000014
104002,7,staged,7200,0.7939453125,0.2453906250000013
104002,7,staged,7400,0.775390625,0.2641992187500015
104002,7,staged,7600,0.75,0.2798437500000013
104002,7,staged,7800,0.7666015625,0.2721875000000014
104002,7,staged,8000,0.763671875,0.2703906250000016
104002,7,staged,8200,0.767578125,0.2630859375000016
104002,7,staged,8400,0.771484375,0.2690039062500017
104002,7,staged,8600,0.7578125,0.2711718750000015
104002,7,staged,8800,0.76953125,0.2696289062500014
104002,7,staged,9000,0.7587890625,0.2781054687500014
104002,7,staged,9200,0.763671875,0.2677343750000014
104002,7,staged,9400,0.77734375,0.2583789062500015
104002,7,staged,9600,0.7373046875,0.2867578125000016
104002,7,staged,9800,0.822265625,0.2181640625000014
104002,7,staged,10000,0.7998046875,0.2382031250000013
104002,7,staged,10200,0.76953125,0.2694726562500015
104002,7,staged,10400,0.7744140625,0.2681445312500015
104002,7,staged,10600,0.802734375,0.2345898437500014
104002,7,staged,10800,0.79296875,0.2429101562500013
104002,7,staged,11000,0.8154296875,0.2241015625000014
104002,7,staged,11200,0.83203125,0.2100976562500011
104002,7,staged,11400,0.818359375,0.2209765625000015
104002,7,staged,11600,0.794921875,0.2423242187500014
104002,7,staged,11800,0.775390625,0.2541210937500012
104002,7,staged,12000,0.7578125,0.2730859375000013
104002,7,staged,12200,0.7783203125,0.2627148437500013
104002,7,staged,12400,0.7392578125,0.2963281250000014
104002,7,staged,12600,0.734375,0.2952734375000014
104002,7,staged,12800,0.7705078125,0.2730664062500014
104002,7,staged,13000,0.7861328125,0.2421679687500013
104002,7,staged,13200,0.8173828125,0.2256054687500014
104002,7,staged,13400,0.7978515625,0.2346875000000014
104002,7,staged,13600,0.7841796875,0.2544921875000016
104002,7,staged,13800,0.78515625,0.2541406250000015
104002,7,staged,14000,0.8291015625,0.2103320312500013
104002,7,staged,14200,0.775390625,0.2587304687500013
104002,7,staged,14400,0.7509765625,0.2754492187500013
104002,7,staged,14600,0.80078125,0.2355468750000015
104002,7,staged,14800,0.7607421875,0.2788281250000016
104002,7,staged,15000,0.7314453125,0.3046679687500014
104002,7,staged,15200,0.7939453125,0.2371875000000011
104002,7,staged,15400,0.79296875,0.2416210937500013
104002,7,staged,15600,0.783203125,0.2458984375000015
104002,7,staged,15800,0.775390625,0.2687500000000013
104002,7,staged,16000,0.7666015625,0.2676171875000015
104002,7,staged,16200,0.73046875,0.3033593750000016
104002,7,staged,16400,0.779296875,0.2499023437500014
104002,7,staged,16600,0.767578125,0.2732226562500016
104002,7,staged,16800,0.8193359375,0.2195507812500013
104002,7,staged,17000,0.7919921875,0.2440820312500016
104002,7,staged,17200,0.810546875,0.2219726562500014
104002,7,staged,17400,0.8056640625,0.2297460937500014
104002,7,staged,17600,0.7841796875,0.2519140625000018
104002,7,staged,17800,0.7978515625,0.2402343750000013
104002,7,staged,18000,0.783203125,0.2564648437500015
104002,7,staged,18200,0.80078125,0.2405468750000015
104002,7,staged,18400,0.744140625,0.2868750000000016
104002,7,staged,18600,0.7919921875,0.2436914062500016
104002,7,staged,18800,0.7783203125,0.2558398437500016
104002,7,staged,19000,0.7900390625,0.2378125000000015
104002,7,staged,19200,0.794921875,0.2426171875000016
104002,7,staged,19400,0.779296875,0.2458984375000014
104002,7,staged,19600,0.7568359375,0.2692578125000016
104002,7,staged,19800,0.787109375,0.2518164062500016
104002,7,staged,20000,0.814453125,0.2205078125000013
104002,8,staged,0,0.2509765625,1.0
104002,8,staged,200,0.2177734375,0.7951953124999993
104002,8,staged,400,0.1767578125,0.8376171874999989
104002,8,staged,600,0.1357421875,0.8749999999999992
104002,8,staged,800,0.1259765625,0.8838476562499992
104002,8,staged,1000,0.0966796875,0.9110937499999991
104002,8,staged,1200,0.0947265625,0.9117187499999992
104002,8,staged,1400,0.091796875,0.9144140624999992
104002,8,staged,1600,0.12109375,0.8895312499999993
104002,8,staged,1800,0.1904296875,0.816249999999998
104002,8,staged,2000,0.2314453125,0.7846484374999975
104002,8,staged,2200,0.2841796875,0.7343359374999977
104002,8,staged,2400,0.283203125,0.7243554687499975
104002,8,staged,2600,0.423828125,0.5882226562500001
104002,8,staged,2800,0.494140625,0.5289648437500003
104002,8,staged,3000,0.546875,0.4724609375000014
104002,8,staged,3200,0.607421875,0.4197656250000015
104002,8,staged,3400,0.677734375,0.3447070312500016
104002,8,staged,3600,0.6884765625,0.3514453125000017
104002,8,staged,3800,0.7353515625,0.3063085937500013
104002,8,staged,4000,0.7548828125,0.2821093750000015
104002,8,staged,4200,0.7216796875,0.3154492187500015
104002,8,staged,4400,0.6787109375,0.3539257812500017
104002,8,staged,4600,0.712890625,0.3277343750000016
104002,8,staged,4800,0.73828125,0.2873437500000016
104002,8,staged,5000,0.7001953125,0.3295117187500016
104002,8,staged,5200,0.7177734375,0.3039062500000014
104002,8,staged,5400,0.7119140625,0.3222460937500014
104002,8,staged,5600,0.76171875,0.2811523437500017
104002,8,staged,5800,0.7529296875,0.2880273437500016
104002,8,staged,6000,0.7529296875,0.2800390625000016
104002,8,staged,6200,0.7841796875,0.2577734375000014
104002,8,staged,6400,0.7587890625,0.2844531250000017
104002,8,staged,6600,0.7646484375,0.2740234375000016
104002,8,staged,6800,0.73046875,0.3032031250000015
104002,8,staged,7000,0.740234375,0.3017968750000013
104002,8,staged,7200,0.7353515625,0.2926171875000013
104002,8,staged,7400,0.7548828125,0.2864648437500016
104002,8,staged,7600,0.7802734375,0.2631835937500015
104002,8,staged,7800,0.82421875,0.2201562500000012
104002,8,staged,8000,0.7744140625,0.2626757812500016
104002,8,staged,8200,0.779296875,0.2589257812500014
104002,8,staged,8400,0.79296875,0.2515625000000014
104002,8,staged,8600,0.7626953125,0.2825000000000017
104002,8,staged,8800,0.734375,0.2939453125000016
104002,8,staged,9000,0.755859375,0.2780859375000014
104002,8,staged,9200,0.8017578125,0.2371093750000015
104002,8,staged,9400,0.767578125,0.2794921875000016
104002,8,staged,9600,0.74609375,0.2929492187500016
104002,8,staged,9800,0.7841796875,0.2598046875000016
104002,8,staged,10000,0.7822265625,0.2643164062500015
104002,8,staged,10200,0.7333984375,0.3087695312500017
104002,8,staged,10400,0.74609375,0.2961328125000013
104002,8,staged,10600,0.732421875,0.2940625000000013
104002,8,staged,10800,0.7314453125,0.2996093750000014
104002,8,staged,11000,0.7412109375,0.2917968750000011
104002,8,staged,11200,0.7216796875,0.3079101562500014
104002,8,staged,11400,0.763671875,0.2651757812500015
104002,8,staged,11600,0.791015625,0.2474414062500014
104002,8,staged,11800,0.7724609375,0.2601953125000016
104002,8,staged,12000,0.7705078125,0.2633984375000018
104002,8,staged,12200,0.77734375,0.2587109375000016
104002,8,staged,12400,0.791015625,0.2491601562500017
104002,8,staged,12600,0.7939453125,0.2462695312500013
104002,8,staged,12800,0.7978515625,0.2347070312500013
104002,8,staged,13000,0.775390625,0.2602539062500013
104002,8,staged,13200,0.7890625,0.2530664062500014
104002,8,staged,13400,0.779296875,0.2660351562500015
104002,8,staged,13600,0.7607421875,0.2871875000000014
104002,8,staged,13800,0.80078125,0.2529101562500014
104002,8,staged,14000,0.767578125,0.2685937500000015
104002,8,staged,14200,0.7998046875,0.2372265625000015
104002,8,staged,14400,0.7998046875,0.2383984375000017
104002,8,staged,14600,0.8125,0.2281054687500015
104002,8,staged,14800,0.79296875,0.2526367187500017
104002,8,staged,15000,0.8037109375,0.2430664062500015
104002,8,staged,15200,0.7998046875,0.2413476562500016
104002,8,staged,15400,0.7939453125,0.2484375000000016
104002,8,staged,15600,0.81640625,0.2301757812500014
104002,8,staged,15800,0.736328125,0.3036328125000016
104002,8,staged,16000,0.7802734375,0.2530273437500015
104002,8,staged,16200,0.822265625,0.2255273437500013
104002,8,staged,16400,0.82421875,0.2281640625000014
104002,8,staged,16600,0.8115234375,0.2344921875000016
104002,8,staged,16800,0.802734375,0.2428320312500015
104002,8,staged,17000,0.7822265625,0.2601171875000015
104002,8,staged,17200,0.7890625,0.2550781250000017
104002,8,staged,17400,0.76953125,0.2670117187500015
104002,8,staged,17600,0.783203125,0.2452148437500016
104002,8,staged,17800,0.765625,0.2783789062500015
104002,8,staged,18000,0.75,0.2868554687500012
104002,8,staged,18200,0.7880859375,0.2624414062500014
104002,8,staged,18400,0.771484375,0.2611523437500016
104002,8,staged,18600,0.7822265625,0.2557421875000016
104002,8,staged,18800,0.767578125,0.2696093750000015
104002,8,staged,19000,0.7724609375,0.2726562500000016
104002,8,staged,19200,0.8046875,0.2395117187500013
104002,8,staged,19400,0.7099609375,0.3263476562500015
104002,8,staged,19600,0.806640625,0.2426171875000013
104002,8,staged,19800,0.767578125,0.2704687500000015
104002,8,staged,20000,0.755859375,0.2835351562500014
104003,7,earliest,0,0.255859375,1.0
104003,7,earliest,200,0.4130859375,0.6060546874999992
104003,7,earliest,400,0.4111328125,0.6059960937499994
104003,7,earliest,600,0.52734375,0.4989453125000017
104003,7,earliest,800,0.515625,0.5055859375000012
104003,7,earliest,1000,0.59765625,0.4230468750000014
104003,7,earliest,1200,0.58984375,0.4345703125000015
104003,7,earliest,1400,0.6142578125,0.4118945312500014
104003,7,earliest,1600,0.62890625,0.3929882812500016
104003,7,earliest,1800,0.6943359375,0.3354296875000016
104003,7,earliest,2000,0.6728515625,0.3479296875000018
104003,7,earliest,2200,0.6923828125,0.3352343750000015
104003,7,earliest,2400,0.642578125,0.3794726562500015
104003,7,earliest,2600,0.7021484375,0.3275781250000016
104003,7,earliest,2800,0.599609375,0.4294921875000016
104003,7,earliest,3000,0.6357421875,0.3916210937500017
104003,7,earliest,3200,0.6748046875,0.3501562500000014
104003,7,earliest,3400,0.7041015625,0.3331835937500018
104003,7,earliest,3600,0.7099609375,0.3225390625000016
104003,7,earliest,3800,0.68359375,0.3462304687500018
104003,7,earliest,4000,0.6953125,0.3335156250000015
104003,7,earliest,4200,0.7138671875,0.3040039062500014
104003,7,earliest,4400,0.6611328125,0.3657226562500014
104003,7,earliest,4600,0.669921875,0.3515429687500017
104003,7,earliest,4800,0.703125,0.3294921875000017
104003,7,earliest,5000,0.677734375,0.3558789062500015
104003,7,earliest,5200,0.6875,0.3492968750000016
104003,7,earliest,5400,0.6728515625,0.3512695312500014
104003,7,earliest,5600,0.705078125,0.3280078125000013
104003,7,earliest,5800,0.708984375,0.3232226562500012
104003,7,earliest,6000,0.7275390625,0.3013867187500015
104003,7,earliest,6200,0.65234375,0.3696875000000013
104003,7,earliest,6400,0.65625,0.3781835937500017
104003,7,earliest,6600,0.662109375,0.3690429687500015
104003,7,earliest,6800,0.6640625,0.3722851562500016
104003,7,earliest,7000,0.681640625,0.3561328125000016
104003,7,earliest,7200,0.6884765625,0.3362109375000016
104003,7,earliest,7400,0.71484375,0.3268750000000016
104003,7,earliest,7600,0.6650390625,0.3584960937500014
104003,7,earliest,7800,0.62890625,0.3966406250000016
104003,7,earliest,8000,0.69140625,0.3379492187500013
104003,7,earliest,8200,0.7138671875,0.3153906250000016
104003,7,earliest,8400,0.7314453125,0.3070898437500015
104003,7,earliest,8600,0.7353515625,0.3038085937500014
104003,7,earliest,8800,0.70703125,0.3275976562500019
104003,7,earliest,9000,0.6953125,0.3271484375000016
104003,7,earliest,9200,0.69921875,0.3305664062500016
104003,7,earliest,9400,0.6826171875,0.3473632812500015
104003,7,earliest,9600,0.7001953125,0.3445507812500016
104003,7,earliest,9800,0.69140625,0.3329296875000017
104003,7,earliest,10000,0.6533203125,0.3772460937500017
104003,7,earliest,10200,0.6845703125,0.3552148437500016
104003,7,earliest,10400,0.72265625,0.3134375000000015
104003,7,earliest,10600,0.685546875,0.3476562500000016
104003,7,earliest,10800,0.671875,0.3566210937500015
104003,7,earliest,11000,0.669921875,0.3576367187500016
104003,7,earliest,11200,0.6962890625,0.3348046875000015
104003,7,earliest,11400,0.69921875,0.3376171875000016
104003,7,earliest,11600,0.7060546875,0.3191015625000015
104003,7,earliest,11800,0.68359375,0.3489648437500015
104003,7,earliest,12000,0.69140625,0.3450585937500017
104003,7,earliest,12200,0.689453125,0.3388476562500018
104003,7,earliest,12400,0.7080078125,0.3224804687500016
104003,7,earliest,12600,0.705078125,0.3194726562500016
104003,7,earliest,12800,0.70703125,0.3224218750000015
104003,7,earliest,13000,0.71484375,0.3253515625000014
104003,7,earliest,13200,0.6474609375,0.3682617187500017
104003,7,earliest,13400,0.66796875,0.3583398437500015
104003,7,earliest,13600,0.6865234375,0.3461523437500017
104003,7,earliest,13800,0.6640625,0.3614257812500015
104003,7,earliest,14000,0.6884765625,0.3350000000000017
104003,7,earliest,14200,0.640625,0.3863085937500017
104003,7,earliest,14400,0.69140625,0.3426757812500013
104003,7,earliest,14600,0.712890625,0.3199609375000016
104003,7,earliest,14800,0.7314453125,0.2997460937500015
104003,7,earliest,15000,0.6982421875,0.3354882812500014
104003,7,earliest,15200,0.6689453125,0.3578320312500016
104003,7,earliest,15400,0.666015625,0.3681054687500016
104003,7,earliest,15600,0.69140625,0.3414062500000019
104003,7,earliest,15800,0.6806640625,0.3505273437500018
104003,7,earliest,16000,0.6728515625,0.3475781250000016
104003,7,earliest,16200,0.6875,0.3453710937500015
104003,7,earliest,16400,0.66015625,0.3661914062500015
104003,7,earliest,16600,0.7236328125,0.3085156250000015
104003,7,earliest,16800,0.701171875,0.3295312500000016
104003,7,earliest,17000,0.66796875,0.3634179687500016
104003,7,earliest,17200,0.6767578125,0.3570507812500015
104003,7,earliest,17400,0.62890625,0.3982031250000014
104003,7,earliest,17600,0.6845703125,0.3522265625000013
104003,7,earliest,17800,0.708984375,0.3243554687500014
104003,7,earliest,18000,0.6875,0.3453906250000013
104003,7,earliest,18200,0.70703125,0.3224804687500014
104003,7,earliest,18400,0.70703125,0.3297265625000014
104003,7,earliest,18600,0.7080078125,0.3082617187500015
104003,7,earliest,18800,0.7509765625,0.2945898437500015
104003,7,earliest,19000,0.6845703125,0.3377734375000014
104003,7,earliest,19200,0.681640625,0.3416406250000016
104003,7,earliest,19400,0.701171875,0.3342968750000014
104003,7,earliest,19600,0.6884765625,0.3408789062500015
104003,7,earliest,19800,0.70703125,0.3236718750000015
104003,7,earliest,20000,0.697265625,0.3243750000000016
104003,8,earliest,0,0.255859375,1.0
104003,8,earliest,200,0.23828125,0.7706835937499984
104003,8,earliest,400,0.154296875,0.8523828124999989
104003,8,earliest,600,0.13671875,0.8662695312499988
104003,8,earliest,800,0.1337890625,0.8775585937499991
104003,8,earliest,1000,0.134765625,0.8683398437499992
104003,8,earliest,1200,0.1416015625,0.8610546874999992
104003,8,earliest,1400,0.1083984375,0.9003515624999991
104003,8,earliest,1600,0.142578125,0.8583398437499992
104003,8,earliest,1800,0.14453125,0.8612499999999995
104003,8,earliest,2000,0.115234375,0.8904101562499998
104003,8,earliest,2200,0.2060546875,0.805097656249999
104003,8,earliest,2400,0.255859375,0.7577539062499995
104003,8,earliest,2600,0.30078125,0.7091210937499985
104003,8,earliest,2800,0.3876953125,0.6245312500000004
104003,8,earliest,3000,0.4130859375,0.60888671875
104003,8,earliest,3200,0.50390625,0.5207031250000012
104003,8,earliest,3400,0.5830078125,0.4462304687500016
104003,8,earliest,3600,0.59765625,0.4304687500000017
104003,8,earliest,3800,0.685546875,0.3442187500000016
104003,8,earliest,4000,0.65234375,0.3874023437500017
104003,8,earliest,4200,0.65234375,0.3856640625000016
104003,8,earliest,4400,0.71875,0.3196484375000018
104003,8,earliest,4600,0.7490234375,0.2846679687500015
104003,8,earliest,4800,0.734375,0.3019531250000017
104003,8,earliest,5000,0.6689453125,0.3682421875000018
104003,8,earliest,5200,0.6962890625,0.3179296875000015
104003,8,earliest,5400,0.6923828125,0.3402929687500017
104003,8,earliest,5600,0.7333984375,0.3133984375000016
104003,8,earliest,5800,0.7333984375,0.2955468750000016
104003,8,earliest,6000,0.708984375,0.3239453125000016
104003,8,earliest,6200,0.70703125,0.3298437500000013
104003,8,earliest,6400,0.7080078125,0.3333789062500016
104003,8,earliest,6600,0.6943359375,0.3380468750000013
104003,8,earliest,6800,0.6865234375,0.3472265625000016
104003,8,earliest,7000,0.7021484375,0.3255273437500013
104003,8,earliest,7200,0.71875,0.3225195312500015
104003,8,earliest,7400,0.7099609375,0.3248437500000016
104003,8,earliest,7600,0.76953125,0.2761523437500015
104003,8,earliest,7800,0.748046875,0.2925195312500015
104003,8,earliest,8000,0.7294921875,0.3132031250000014
104003,8,earliest,8200,0.736328125,0.3077929687500015
104003,8,earliest,8400,0.7275390625,0.3186132812500014
104003,8,earliest,8600,0.70703125,0.3225195312500015
104003,8,earliest,8800,0.7236328125,0.3014062500000013
104003,8,earliest,9000,0.7548828125,0.2949609375000016
104003,8,earliest,9200,0.7236328125,0.3091210937500016
104003,8,earliest,9400,0.75,0.2906054687500016
104003,8,earliest,9600,0.6962890625,0.3339648437500015
104003,8,earliest,9800,0.7451171875,0.3014257812500016
104003,8,earliest,10000,0.7431640625,0.2928320312500014
104003,8,earliest,10200,0.7177734375,0.3192968750000015
104003,8,earliest,10400,0.7353515625,0.2955468750000017
104003,8,earliest,10600,0.6845703125,0.3501171875000013
104003,8,earliest,10800,0.7021484375,0.3335742187500018
104003,8,earliest,11000,0.6826171875,0.3503320312500017
104003,8,earliest,11200,0.74609375,0.2903710937500014
104003,8,earliest,11400,0.73828125,0.2991796875000015
104003,8,earliest,11600,0.7041015625,0.3302148437500016
104003,8,earliest,11800,0.7568359375,0.2772851562500017
104003,8,earliest,12000,0.7333984375,0.3121093750000017
104003,8,earliest,12200,0.7216796875,0.3158593750000015
104003,8,earliest,12400,0.7705078125,0.2769335937500016
104003,8,earliest,12600,0.748046875,0.2955468750000016
104003,8,earliest,12800,0.759765625,0.2803125000000014
104003,8,earliest,13000,0.71484375,0.3218945312500016
104003,8,earliest,13200,0.7783203125,0.2723632812500015
104003,8,earliest,13400,0.73046875,0.2953906250000015
104003,8,earliest,13600,0.685546875,0.3511328125000015
104003,8,earliest,13800,0.7763671875,0.2676953125000016
104003,8,earliest,14000,0.7275390625,0.3000585937500016
104003,8,earliest,14200,0.7392578125,0.2941406250000016
104003,8,earliest,14400,0.7666015625,0.2757031250000015
104003,8,earliest,14600,0.71484375,0.3241796875000015
104003,8,earliest,14800,0.732421875,0.3022851562500014
104003,8,earliest,15000,0.7421875,0.2948242187500015
104003,8,earliest,15200,0.7763671875,0.2692968750000016
104003,8,earliest,15400,0.7470703125,0.2932812500000016
104003,8,earliest,15600,0.6982421875,0.3377929687500015
104003,8,earliest,15800,0.7509765625,0.2902343750000017
104003,8,earliest,16000,0.734375,0.3082226562500015
104003,8,earliest,16200,0.744140625,0.2907226562500016
104003,8,earliest,16400,0.6904296875,0.3512890625000016
104003,8,earliest,16600,0.74609375,0.2934765625000014
104003,8,earliest,16800,0.7568359375,0.2759375000000015
104003,8,earliest,17000,0.728515625,0.3059570312500015
104003,8,earliest,17200,0.7265625,0.3163476562500015
104003,8,earliest,17400,0.74609375,0.2943359375000014
104003,8,earliest,17600,0.75,0.2848632812500016
104003,8,earliest,17800,0.7470703125,0.3005468750000016
104003,8,earliest,18000,0.7041015625,0.3325390625000017
104003,8,earliest,18200,0.6826171875,0.3391406250000018
104003,8,earliest,18400,0.7548828125,0.2957812500000018
104003,8,earliest,18600,0.76171875,0.2782617187500013
104003,8,earliest,18800,0.6796875,0.3551367187500017
104003,8,earliest,19000,0.72265625,0.3196875000000018
104003,8,earliest,19200,0.771484375,0.2694531250000015
104003,8,earliest,19400,0.708984375,0.3350585937500014
104003,8,earliest,19600,0.7060546875,0.3296875000000016
104003,8,earliest,19800,0.6904296875,0.3406250000000014
104003,8,earliest,20000,0.716796875,0.3209765625000016
104003,7,staged,0,0.255859375,1.0
104003,7,staged,200,0.3330078125,0.6761718749999983
104003,7,staged,400,0.37109375,0.6330468749999989
104003,7,staged,600,0.439453125,0.5767968749999997
104003,7,staged,800,0.53125,0.4936328125000012
104003,7,staged,1000,0.5498046875,0.4700000000000016
104003,7,staged,1200,0.62109375,0.4115429687500015
104003,7,staged,1400,0.65234375,0.3670703125000014
104003,7,staged,1600,0.67578125,0.3512695312500015
104003,7,staged,1800,0.712890625,0.3224218750000015
104003,7,staged,2000,0.7294921875,0.3071679687500014
104003,7,staged,2200,0.7900390625,0.2501757812500015
104003,7,staged,2400,0.7734375,0.2691015625000017
104003,7,staged,2600,0.7685546875,0.2682226562500014
104003,7,staged,2800,0.75390625,0.2861523437500016
104003,7,staged,3000,0.78125,0.2519726562500014
104003,7,staged,3200,0.787109375,0.2592578125000016
104003,7,staged,3400,0.75,0.2867187500000016
104003,7,staged,3600,0.78125,0.2607226562500014
104003,7,staged,3800,0.7861328125,0.2421289062500015
104003,7,staged,4000,0.765625,0.2631054687500014
104003,7,staged,4200,0.7880859375,0.2483984375000014
104003,7,staged,4400,0.763671875,0.2805078125000015
104003,7,staged,4600,0.798828125,0.2369726562500014
104003,7,staged,4800,0.7763671875,0.2631250000000014
104003,7,staged,5000,0.8056640625,0.2333007812500015
104003,7,staged,5200,0.7861328125,0.2473828125000014
104003,7,staged,5400,0.7587890625,0.2821093750000017
104003,7,staged,5600,0.80078125,0.2358007812500015
104003,7,staged,5800,0.7685546875,0.2705664062500016
104003,7,staged,6000,0.771484375,0.2621484375000014
104003,7,staged,6200,0.783203125,0.2501562500000013
104003,7,staged,6400,0.7861328125,0.2425390625000012
104003,7,staged,6600,0.7529296875,0.2837304687500016
104003,7,staged,6800,0.76953125,0.2705859375000015
104003,7,staged,7000,0.7763671875,0.2646093750000014
104003,7,staged,7200,0.771484375,0.2622265625000014
104003,7,staged,7400,0.78515625,0.2608203125000013
104003,7,staged,7600,0.802734375,0.2375195312500014
104003,7,staged,7800,0.7900390625,0.2462109375000015
104003,7,staged,8000,0.7548828125,0.2861132812500015
104003,7,staged,8200,0.7587890625,0.2751757812500013
104003,7,staged,8400,0.767578125,0.2610937500000014
104003,7,staged,8600,0.8056640625,0.2350000000000015
104003,7,staged,8800,0.794921875,0.2389843750000012
104003,7,staged,9000,0.7939453125,0.2499609375000014
104003,7,staged,9200,0.7890625,0.2472070312500016
104003,7,staged,9400,0.80078125,0.2379296875000015
104003,7,staged,9600,0.8037109375,0.2326953125000015
104003,7,staged,9800,0.787109375,0.2572460937500014
104003,7,staged,10000,0.767578125,0.2585351562500015
104003,7,staged,10200,0.8115234375,0.2310351562500014
104003,7,staged,10400,0.8125,0.2228125000000015
104003,7,staged,10600,0.80859375,0.2301757812500016
104003,7,staged,10800,0.78515625,0.2542968750000015
104003,7,staged,11000,0.7373046875,0.2904687500000016
104003,7,staged,11200,0.7822265625,0.2462500000000012
104003,7,staged,11400,0.8076171875,0.2304296875000015
104003,7,staged,11600,0.77734375,0.2507031250000016
104003,7,staged,11800,0.802734375,0.2421289062500016
104003,7,staged,12000,0.7841796875,0.2500195312500015
104003,7,staged,12200,0.81640625,0.2277148437500012
104003,7,staged,12400,0.810546875,0.2343359375000014
104003,7,staged,12600,0.7744140625,0.2529296875000013
104003,7,staged,12800,0.798828125,0.2338281250000014
104003,7,staged,13000,0.78515625,0.2427734375000013
104003,7,staged,13200,0.7861328125,0.2534765625000015
104003,7,staged,13400,0.80078125,0.2325390625000014
104003,7,staged,13600,0.79296875,0.2385156250000014
104003,7,staged,13800,0.7861328125,0.2574804687500013
104003,7,staged,14000,0.751953125,0.2779296875000014
104003,7,staged,14200,0.77734375,0.2628515625000016
104003,7,staged,14400,0.75390625,0.2776367187500012
104003,7,staged,14600,0.7939453125,0.2448242187500013
104003,7,staged,14800,0.7470703125,0.2835156250000016
104003,7,staged,15000,0.7998046875,0.2374804687500013
104003,7,staged,15200,0.7587890625,0.2794335937500017
104003,7,staged,15400,0.7314453125,0.2851171875000015
104003,7,staged,15600,0.806640625,0.2416406250000015
104003,7,staged,15800,0.763671875,0.2696289062500016
104003,7,staged,16000,0.8017578125,0.2297070312500013
104003,7,staged,16200,0.7900390625,0.2423632812500012
104003,7,staged,16400,0.7880859375,0.2529882812500013
104003,7,staged,16600,0.818359375,0.2177929687500015
104003,7,staged,16800,0.828125,0.2149023437500013
104003,7,staged,17000,0.8076171875,0.2309960937500016
104003,7,staged,17200,0.8076171875,0.2385351562500013
104003,7,staged,17400,0.8017578125,0.2348046875000012
104003,7,staged,17600,0.814453125,0.2346875000000013
104003,7,staged,17800,0.7890625,0.2439648437500012
104003,7,staged,18000,0.791015625,0.2532226562500014
104003,7,staged,18200,0.7763671875,0.2531835937500014
104003,7,staged,18400,0.7939453125,0.2422265625000013
104003,7,staged,18600,0.7998046875,0.2384375000000014
104003,7,staged,18800,0.78125,0.2565234375000014
104003,7,staged,19000,0.7919921875,0.2479882812500015
104003,7,staged,19200,0.796875,0.2411718750000014
104003,7,staged,19400,0.79296875,0.2439257812500016
104003,7,staged,19600,0.810546875,0.2277343750000014
104003,7,staged,19800,0.796875,0.2453320312500015
104003,7,staged,20000,0.8212890625,0.2202734375000015
104003,8,staged,0,0.255859375,1.0
104003,8,staged,200,0.2412109375,0.7738476562499988
104003,8,staged,400,0.173828125,0.8382421874999992
104003,8,staged,600,0.1865234375,0.8277734374999989
104003,8,staged,800,0.158203125,0.8502929687499989
104003,8,staged,1000,0.1328125,0.8723046874999991
104003,8,staged,1200,0.16015625,0.8489257812499994
104003,8,staged,1400,0.140625,0.8654687499999999
104003,8,staged,1600,0.1806640625,0.8272070312500002
104003,8,staged,1800,0.2373046875,0.7709179687499998
104003,8,staged,2000,0.322265625,0.6915624999999996
104003,8,staged,2200,0.3486328125,0.6625585937500001
104003,8,staged,2400,0.4853515625,0.532890625000001
104003,8,staged,2600,0.4580078125,0.5707031250000006
104003,8,staged,2800,0.5478515625,0.4841015625000015
104003,8,staged,3000,0.6513671875,0.3846679687500016
104003,8,staged,3200,0.6943359375,0.3344726562500015
104003,8,staged,3400,0.6943359375,0.3385156250000016
104003,8,staged,3600,0.6865234375,0.3485546875000016
104003,8,staged,3800,0.6513671875,0.3777148437500015
104003,8,staged,4000,0.6728515625,0.3559375000000013
104003,8,staged,4200,0.7080078125,0.3336328125000014
104003,8,staged,4400,0.72265625,0.3032226562500012
104003,8,staged,4600,0.7138671875,0.3162500000000015
104003,8,staged,4800,0.73046875,0.3129101562500014
104003,8,staged,5000,0.7294921875,0.3055468750000014
104003,8,staged,5200,0.7294921875,0.3016796875000016
104003,8,staged,5400,0.748046875,0.2910351562500014
104003,8,staged,5600,0.8125,0.2317773437500015
104003,8,staged,5800,0.7470703125,0.2851171875000017
104003,8,staged,6000,0.720703125,0.3049414062500015
104003,8,staged,6200,0.744140625,0.2878320312500016
104003,8,staged,6400,0.7138671875,0.3142187500000015
104003,8,staged,6600,0.7744140625,0.2583203125000013
104003,8,staged,6800,0.7529296875,0.2849414062500013
104003,8,staged,7000,0.736328125,0.3005273437500019
104003,8,staged,7200,0.763671875,0.2753125000000015
104003,8,staged,7400,0.763671875,0.2672851562500014
104003,8,staged,7600,0.73046875,0.2992187500000017
104003,8,staged,7800,0.7451171875,0.2941015625000018
104003,8,staged,8000,0.7626953125,0.2737109375000016
104003,8,staged,8200,0.74609375,0.2915820312500017
104003,8,staged,8400,0.7587890625,0.2788476562500016
104003,8,staged,8600,0.748046875,0.2857421875000018
104003,8,staged,8800,0.7412109375,0.2860937500000013
104003,8,staged,9000,0.732421875,0.2987695312500015
104003,8,staged,9200,0.7373046875,0.3121093750000016
104003,8,staged,9400,0.736328125,0.2971289062500014
104003,8,staged,9600,0.8212890625,0.2194531250000015
104003,8,staged,9800,0.7451171875,0.2850000000000014
104003,8,staged,10000,0.759765625,0.2774804687500012
104003,8,staged,10200,0.7529296875,0.2823242187500017
104003,8,staged,10400,0.7490234375,0.2889257812500015
104003,8,staged,10600,0.7724609375,0.2743164062500015
104003,8,staged,10800,0.7509765625,0.2828125000000013
104003,8,staged,11000,0.7333984375,0.2982421875000017
104003,8,staged,11200,0.796875,0.2498046875000015
104003,8,staged,11400,0.78515625,0.2522851562500018
104003,8,staged,11600,0.765625,0.2648632812500015
104003,8,staged,11800,0.7861328125,0.2511914062500016
104003,8,staged,12000,0.765625,0.2704101562500015
104003,8,staged,12200,0.7734375,0.2693945312500016
104003,8,staged,12400,0.73828125,0.2857421875000015
104003,8,staged,12600,0.7861328125,0.2569921875000015
104003,8,staged,12800,0.7607421875,0.2792968750000014
104003,8,staged,13000,0.7607421875,0.2724804687500015
104003,8,staged,13200,0.7529296875,0.2834960937500014
104003,8,staged,13400,0.7353515625,0.3123632812500014
104003,8,staged,13600,0.7431640625,0.2911523437500015
104003,8,staged,13800,0.7333984375,0.2994335937500016
104003,8,staged,14000,0.765625,0.2691015625000017
104003,8,staged,14200,0.7587890625,0.2778906250000015
104003,8,staged,14400,0.7509765625,0.2807031250000013
104003,8,staged,14600,0.7802734375,0.2583007812500013
104003,8,staged,14800,0.7568359375,0.2795703125000016
104003,8,staged,15000,0.7255859375,0.3053906250000018
104003,8,staged,15200,0.76171875,0.2680859375000014
104003,8,staged,15400,0.7783203125,0.2633398437500014
104003,8,staged,15600,0.7548828125,0.2785156250000015
104003,8,staged,15800,0.7734375,0.2761523437500018
104003,8,staged,16000,0.7705078125,0.2669140625000016
104003,8,staged,16200,0.7626953125,0.2695507812500016
104003,8,staged,16400,0.7744140625,0.2694335937500015
104003,8,staged,16600,0.7919921875,0.2542578125000013
104003,8,staged,16800,0.78125,0.2551367187500014
104003,8,staged,17000,0.76171875,0.2766015625000014
104003,8,staged,17200,0.7333984375,0.2924609375000015
104003,8,staged,17400,0.7177734375,0.3118750000000015
104003,8,staged,17600,0.7646484375,0.2797851562500016
104003,8,staged,17800,0.7783203125,0.2630273437500016
104003,8,staged,18000,0.7509765625,0.2918359375000015
104003,8,staged,18200,0.80078125,0.2446875000000013
104003,8,staged,18400,0.7626953125,0.2713867187500014
104003,8,staged,18600,0.7373046875,0.2990429687500016
104003,8,staged,18800,0.7646484375,0.2865234375000013
104003,8,staged,19000,0.744140625,0.2956835937500013
104003,8,staged,19200,0.7548828125,0.2901562500000014
104003,8,staged,19400,0.7392578125,0.2976367187500015
104003,8,staged,19600,0.80078125,0.2458398437500013
104003,8,staged,19800,0.771484375,0.2761718750000016
104003,8,staged,20000,0.8046875,0.2391015625000014
104004,7,earliest,0,0.2412109375,1.0
104004,7,earliest,200,0.337890625,0.6773828124999987
104004,7,earliest,400,0.3994140625,0.6214453124999991
104004,7,earliest,600,0.4892578125,0.5384375000000006
104004,7,earliest,800,0.5478515625,0.4764062500000015
104004,7,earliest,1000,0.50390625,0.5110937500000013
104004,7,earliest,1200,0.640625,0.3917187500000016
104004,7,earliest,1400,0.5908203125,0.4415429687500012
104004,7,earliest,1600,0.6123046875,0.4127734375000016
104004,7,earliest,1800,0.6396484375,0.3871484375000016
104004,7,earliest,2000,0.6181640625,0.4050000000000019
104004,7,earliest,2200,0.62890625,0.3968554687500017
104004,7,earliest,2400,0.6474609375,0.3821875000000016
104004,7,earliest,2600,0.6806640625,0.3375390625000017
104004,7,earliest,2800,0.6611328125,0.3752929687500016
104004,7,earliest,3000,0.669921875,0.3633398437500016
104004,7,earliest,3200,0.701171875,0.3412109375000014
104004,7,earliest,3400,0.6416015625,0.3847265625000016
104004,7,earliest,3600,0.6796875,0.3522460937500015
104004,7,earliest,3800,0.681640625,0.3551171875000017
104004,7,earliest,4000,0.712890625,0.3193359375000016
104004,7,earliest,4200,0.744140625,0.2836718750000015
104004,7,earliest,4400,0.708984375,0.3276367187500013
104004,7,earliest,4600,0.724609375,0.3137109375000013
104004,7,earliest,4800,0.7216796875,0.3126171875000015
104004,7,earliest,5000,0.716796875,0.3141601562500016
104004,7,earliest,5200,0.7314453125,0.3050976562500015
104004,7,earliest,5400,0.697265625,0.3340429687500016
104004,7,earliest,5600,0.70703125,0.3266992187500014
104004,7,earliest,5800,0.703125,0.3324023437500014
104004,7,earliest,6000,0.703125,0.3237890625000013
104004,7,earliest,6200,0.7060546875,0.3277539062500017
104004,7,earliest,6400,0.689453125,0.3358984375000015
104004,7,earliest,6600,0.673828125,0.3594140625000015
104004,7,earliest,6800,0.689453125,0.3406445312500016
104004,7,earliest,7000,0.6552734375,0.3604296875000016
104004,7,earliest,7200,0.646484375,0.3762109375000017
104004,7,earliest,7400,0.6943359375,0.3402734375000018
104004,7,earliest,7600,0.7412109375,0.2878125000000015
104004,7,earliest,7800,0.716796875,0.3138671875000017
104004,7,earliest,8000,0.69921875,0.3356445312500017
104004,7,earliest,8200,0.705078125,0.3285742187500017
104004,7,earliest,8400,0.7216796875,0.3058007812500016
104004,7,earliest,8600,0.7080078125,0.3230859375000017
104004,7,earliest,8800,0.642578125,0.3861132812500017
104004,7,earliest,9000,0.705078125,0.3301757812500018
104004,7,earliest,9200,0.6767578125,0.3542578125000017
104004,7,earliest,9400,0.69921875,0.3349023437500016
104004,7,earliest,9600,0.71875,0.3211914062500018
104004,7,earliest,9800,0.6796875,0.3437695312500017
104004,7,earliest,10000,0.6943359375,0.3395898437500017
104004,7,earliest,10200,0.7333984375,0.2983593750000014
104004,7,earliest,10400,0.7177734375,0.3197265625000015
104004,7,earliest,10600,0.716796875,0.3088671875000015
104004,7,earliest,10800,0.66015625,0.3711718750000015
104004,7,earliest,11000,0.654296875,0.3741210937500015
104004,7,earliest,11200,0.67578125,0.3500390625000017
104004,7,earliest,11400,0.728515625,0.3036132812500017
104004,7,earliest,11600,0.73046875,0.2927734375000014
104004,7,earliest,11800,0.73046875,0.3009375000000014
104004,7,earliest,12000,0.673828125,0.3495312500000012
104004,7,earliest,12200,0.7080078125,0.3309570312500014
104004,7,earliest,12400,0.6826171875,0.3473437500000017
104004,7,earliest,12600,0.7119140625,0.3301953125000015
104004,7,earliest,12800,0.6904296875,0.3440039062500015
104004,7,earliest,13000,0.65234375,0.3808398437500012
104004,7,earliest,13200,0.7255859375,0.3076562500000015
104004,7,earliest,13400,0.7041015625,0.3186328125000016
104004,7,earliest,13600,0.7080078125,0.3194726562500017
104004,7,earliest,13800,0.705078125,0.3286132812500014
104004,7,earliest,14000,0.6953125,0.3324804687500012
104004,7,earliest,14200,0.6982421875,0.3270312500000016
104004,7,earliest,14400,0.705078125,0.3256640625000014
104004,7,earliest,14600,0.681640625,0.3483398437500012
104004,7,earliest,14800,0.6923828125,0.3429882812500015
104004,7,earliest,15000,0.677734375,0.3487890625000015
104004,7,earliest,15200,0.7236328125,0.3150195312500015
104004,7,earliest,15400,0.7001953125,0.3245507812500016
104004,7,earliest,15600,0.6796875,0.3390039062500014
104004,7,earliest,15800,0.7490234375,0.2936718750000015
104004,7,earliest,16000,0.7138671875,0.3096484375000014
104004,7,earliest,16200,0.732421875,0.2927148437500011
104004,7,earliest,16400,0.685546875,0.3544531250000017
104004,7,earliest,16600,0.7587890625,0.2730664062500013
104004,7,earliest,16800,0.771484375,0.2696484375000015
104004,7,earliest,17000,0.703125,0.3309570312500015
104004,7,earliest,17200,0.7158203125,0.3035156250000016
104004,7,earliest,17400,0.72265625,0.3155078125000015
104004,7,earliest,17600,0.685546875,0.3520898437500016
104004,7,earliest,17800,0.6884765625,0.3370703125000015
104004,7,earliest,18000,0.7138671875,0.3107812500000016
104004,7,earliest,18200,0.7109375,0.3197460937500013
104004,7,earliest,18400,0.7255859375,0.3117382812500016
104004,7,earliest,18600,0.693359375,0.3400195312500014
104004,7,earliest,18800,0.7392578125,0.2905664062500013
104004,7,earliest,19000,0.6669921875,0.3564843750000015
104004,7,earliest,19200,0.6943359375,0.3406445312500015
104004,7,earliest,19400,0.67578125,0.3593945312500015
104004,7,earliest,19600,0.7470703125,0.2830664062500012
104004,7,earliest,19800,0.740234375,0.2918750000000014
104004,7,earliest,20000,0.7041015625,0.3252343750000016
104004,8,earliest,0,0.2412109375,1.0
104004,8,earliest,200,0.228515625,0.7749999999999982
104004,8,earliest,400,0.166015625,0.845859374999999
104004,8,earliest,600,0.1435546875,0.8633593749999992
104004,8,earliest,800,0.1923828125,0.8221679687499986
104004,8,earliest,1000,0.171875,0.838867187499999
104004,8,earliest,1200,0.1904296875,0.822695312499999
104004,8,earliest,1400,0.2646484375,0.7448828124999988
104004,8,earliest,1600,0.2509765625,0.7522070312499988
104004,8,earliest,1800,0.2919921875,0.7192382812499992
104004,8,earliest,2000,0.4326171875,0.5877148437499999
104004,8,earliest,2200,0.466796875,0.5502929687499994
104004,8,earliest,2400,0.470703125,0.5557617187499995
104004,8,earliest,2600,0.4931640625,0.5282421875000004
104004,8,earliest,2800,0.5693359375,0.4561132812500013
104004,8,earliest,3000,0.6171875,0.4189062500000016
104004,8,earliest,3200,0.6494140625,0.3826562500000014
104004,8,earliest,3400,0.66015625,0.3702734375000014
104004,8,earliest,3600,0.6953125,0.3445898437500016
104004,8,earliest,3800,0.7138671875,0.3232031250000014
104004,8,earliest,4000,0.693359375,0.3257226562500017
104004,8,earliest,4200,0.6884765625,0.3461328125000017
104004,8,earliest,4400,0.6923828125,0.3389843750000014
104004,8,earliest,4600,0.7216796875,0.3165820312500013
104004,8,earliest,4800,0.6865234375,0.3473632812500015
104004,8,earliest,5000,0.7255859375,0.3070117187500016
104004,8,earliest,5200,0.7646484375,0.2753515625000015
104004,8,earliest,5400,0.7841796875,0.2570117187500013
104004,8,earliest,5600,0.7431640625,0.2961132812500014
104004,8,earliest,5800,0.7578125,0.2866210937500015
104004,8,earliest,6000,0.720703125,0.3100976562500015
104004,8,earliest,6200,0.73828125,0.2968359375000014
104004,8,earliest,6400,0.75390625,0.2816015625000014
104004,8,earliest,6600,0.7294921875,0.3088476562500016
104004,8,earliest,6800,0.734375,0.3062109375000015
104004,8,earliest,7000,0.70703125,0.3189648437500015
104004,8,earliest,7200,0.755859375,0.2800781250000015
104004,8,earliest,7400,0.7109375,0.3202343750000016
104004,8,earliest,7600,0.720703125,0.3122070312500015
104004,8,earliest,7800,0.740234375,0.2916796875000017
104004,8,earliest,8000,0.81640625,0.2313085937500014
104004,8,earliest,8200,0.7626953125,0.2774804687500014
104004,8,earliest,8400,0.76953125,0.2746875000000015
104004,8,earliest,8600,0.7490234375,0.2866992187500019
104004,8,earliest,8800,0.7568359375,0.2872070312500016
104004,8,earliest,9000,0.76171875,0.2761914062500014
104004,8,earliest,9200,0.7333984375,0.3069921875000015
104004,8,earliest,9400,0.74609375,0.2911328125000016
104004,8,earliest,9600,0.751953125,0.2879882812500017
104004,8,earliest,9800,0.78515625,0.2561914062500014
104004,8,earliest,10000,0.7607421875,0.2713671875000013
104004,8,earliest,10200,0.75,0.2819921875000014
104004,8,earliest,10400,0.7646484375,0.2871679687500015
104004,8,earliest,10600,0.7548828125,0.2856054687500015
104004,8,earliest,10800,0.7392578125,0.2987304687500016
104004,8,earliest,11000,0.7568359375,0.2771093750000015
104004,8,earliest,11200,0.69921875,0.3286328125000016
104004,8,earliest,11400,0.755859375,0.2759375000000013
104004,8,earliest,11600,0.74609375,0.2971484375000013
104004,8,earliest,11800,0.7568359375,0.2775976562500013
104004,8,earliest,12000,0.7099609375,0.3283007812500015
104004,8,earliest,12200,0.7197265625,0.3182421875000012
104004,8,earliest,12400,0.78515625,0.2582812500000014
104004,8,earliest,12600,0.7158203125,0.3220312500000014
104004,8,earliest,12800,0.732421875,0.3003125000000015
104004,8,earliest,13000,0.7275390625,0.3123046875000014
104004,8,earliest,13200,0.732421875,0.3077929687500016
104004,8,earliest,13400,0.748046875,0.2903710937500013
104004,8,earliest,13600,0.6904296875,0.3317773437500016
104004,8,earliest,13800,0.7734375,0.2610156250000016
104004,8,earliest,14000,0.7607421875,0.2761132812500017
104004,8,earliest,14200,0.7578125,0.2790820312500015
104004,8,earliest,14400,0.7412109375,0.2923046875000014
104004,8,earliest,14600,0.759765625,0.2759765625000015
104004,8,earliest,14800,0.740234375,0.2898242187500016
104004,8,earliest,15000,0.7666015625,0.2725195312500015
104004,8,earliest,15200,0.767578125,0.2703320312500015
104004,8,earliest,15400,0.7470703125,0.2876953125000015
104004,8,earliest,15600,0.7880859375,0.2474218750000013
104004,8,earliest,15800,0.712890625,0.3188281250000017
104004,8,earliest,16000,0.7255859375,0.3113867187500013
104004,8,earliest,16200,0.7373046875,0.2985742187500014
104004,8,earliest,16400,0.7822265625,0.2577148437500014
104004,8,earliest,16600,0.7548828125,0.2873242187500015
104004,8,earliest,16800,0.76953125,0.2803710937500014
104004,8,earliest,17000,0.7744140625,0.2679296875000014
104004,8,earliest,17200,0.7783203125,0.2577343750000017
104004,8,earliest,17400,0.74609375,0.2979687500000013
104004,8,earliest,17600,0.740234375,0.3020117187500013
104004,8,earliest,17800,0.7685546875,0.2772656250000015
104004,8,earliest,18000,0.6787109375,0.3486914062500017
104004,8,earliest,18200,0.7568359375,0.2748828125000013
104004,8,earliest,18400,0.7294921875,0.3154296875000015
104004,8,earliest,18600,0.732421875,0.3035546875000014
104004,8,earliest,18800,0.7177734375,0.3155273437500013
104004,8,earliest,19000,0.7119140625,0.3167578125000015
104004,8,earliest,19200,0.7421875,0.2944921875000016
104004,8,earliest,19400,0.763671875,0.2681445312500014
104004,8,earliest,19600,0.7265625,0.3065820312500016
104004,8,earliest,19800,0.744140625,0.2975781250000015
104004,8,earliest,20000,0.78125,0.2522070312500014
104004,7,staged,0,0.2412109375,1.0
104004,7,staged,200,0.3740234375,0.6366601562499986
104004,7,staged,400,0.3583984375,0.6588281249999997
104004,7,staged,600,0.51171875,0.506855468750001
104004,7,staged,800,0.5634765625,0.4542968750000013
104004,7,staged,1000,0.59375,0.4288476562500016
104004,7,staged,1200,0.6435546875,0.3854296875000016
104004,7,staged,1400,0.7001953125,0.3294726562500015
104004,7,staged,1600,0.69921875,0.3217578125000014
104004,7,staged,1800,0.70703125,0.3200195312500017
104004,7,staged,2000,0.751953125,0.2877734375000016
104004,7,staged,2200,0.7451171875,0.2882421875000014
104004,7,staged,2400,0.7451171875,0.2945117187500014
104004,7,staged,2600,0.779296875,0.2536328125000015
104004,7,staged,2800,0.7451171875,0.2845312500000015
104004,7,staged,3000,0.7822265625,0.2575195312500016
104004,7,staged,3200,0.7587890625,0.2828515625000014
104004,7,staged,3400,0.71875,0.3146875000000017
104004,7,staged,3600,0.73046875,0.2978710937500015
104004,7,staged,3800,0.7578125,0.2704101562500016
104004,7,staged,4000,0.794921875,0.2348437500000013
104004,7,staged,4200,0.7568359375,0.2748046875000014
104004,7,staged,4400,0.7470703125,0.2898828125000014
104004,7,staged,4600,0.7744140625,0.2609179687500015
104004,7,staged,4800,0.7724609375,0.2571679687500014
104004,7,staged,5000,0.732421875,0.2963867187500015
104004,7,staged,5200,0.7412109375,0.2966015625000014
104004,7,staged,5400,0.7724609375,0.2629882812500014
104004,7,staged,5600,0.775390625,0.2659179687500014
104004,7,staged,5800,0.796875,0.2320312500000014
104004,7,staged,6000,0.8154296875,0.2324023437500013
104004,7,staged,6200,0.8037109375,0.2365820312500014
104004,7,staged,6400,0.775390625,0.2550781250000014
104004,7,staged,6600,0.75,0.2872265625000015
104004,7,staged,6800,0.771484375,0.2673046875000017
104004,7,staged,7000,0.7978515625,0.2253906250000014
104004,7,staged,7200,0.7578125,0.2696679687500015
104004,7,staged,7400,0.7978515625,0.2464843750000014
104004,7,staged,7600,0.759765625,0.2805664062500014
104004,7,staged,7800,0.7666015625,0.2667578125000016
104004,7,staged,8000,0.78515625,0.2475195312500013
104004,7,staged,8200,0.7958984375,0.2372851562500015
104004,7,staged,8400,0.8212890625,0.2182617187500015
104004,7,staged,8600,0.7666015625,0.2651171875000013
104004,7,staged,8800,0.796875,0.2466210937500014
104004,7,staged,9000,0.7802734375,0.2505664062500014
104004,7,staged,9200,0.783203125,0.2502343750000016
104004,7,staged,9400,0.76953125,0.2639843750000014
104004,7,staged,9600,0.7744140625,0.2618359375000014
104004,7,staged,9800,0.791015625,0.2383789062500013
104004,7,staged,10000,0.7646484375,0.2761328125000013
104004,7,staged,10200,0.765625,0.2756054687500015
104004,7,staged,10400,0.7880859375,0.2466992187500014
104004,7,staged,10600,0.7919921875,0.2445703125000016
104004,7,staged,10800,0.7861328125,0.2513867187500013
104004,7,staged,11000,0.7802734375,0.2584765625000015
104004,7,staged,11200,0.759765625,0.2692968750000012
104004,7,staged,11400,0.767578125,0.2631054687500015
104004,7,staged,11600,0.798828125,0.2403906250000014
104004,7,staged,11800,0.7958984375,0.2321484375000014
104004,7,staged,12000,0.78515625,0.2501171875000012
104004,7,staged,12200,0.7685546875,0.2675585937500016
104004,7,staged,12400,0.80078125,0.2431445312500013
104004,7,staged,12600,0.751953125,0.2795507812500016
104004,7,staged,12800,0.7607421875,0.2731835937500015
104004,7,staged,13000,0.7890625,0.2488671875000013
104004,7,staged,13200,0.7939453125,0.2475000000000015
104004,7,staged,13400,0.791015625,0.2491210937500016
104004,7,staged,13600,0.810546875,0.2314453125000014
104004,7,staged,13800,0.798828125,0.2344531250000012
104004,7,staged,14000,0.794921875,0.2363867187500013
104004,7,staged,14200,0.802734375,0.2397656250000014
104004,7,staged,14400,0.7783203125,0.2521093750000014
104004,7,staged,14600,0.791015625,0.2377343750000014
104004,7,staged,14800,0.7939453125,0.2417968750000013
104004,7,staged,15000,0.798828125,0.2393750000000012
104004,7,staged,15200,0.7763671875,0.2595312500000014
104004,7,staged,15400,0.7646484375,0.2728515625000012
104004,7,staged,15600,0.8115234375,0.2317773437500013
104004,7,staged,15800,0.8037109375,0.2308789062500015
104004,7,staged,16000,0.791015625,0.2497265625000015
104004,7,staged,16200,0.771484375,0.2629882812500015
104004,7,staged,16400,0.828125,0.2085156250000014
104004,7,staged,16600,0.837890625,0.2091210937500015
104004,7,staged,16800,0.791015625,0.2426757812500014
104004,7,staged,17000,0.78515625,0.2455273437500017
104004,7,staged,17200,0.7666015625,0.2682421875000015
104004,7,staged,17400,0.7666015625,0.2674023437500014
104004,7,staged,17600,0.8046875,0.2308398437500014
104004,7,staged,17800,0.787109375,0.2467968750000015
104004,7,staged,18000,0.798828125,0.2405859375000014
104004,7,staged,18200,0.806640625,0.2343750000000013
104004,7,staged,18400,0.82421875,0.2208203125000015
104004,7,staged,18600,0.818359375,0.2112304687500013
104004,7,staged,18800,0.8251953125,0.2185742187500015
104004,7,staged,19000,0.783203125,0.2519921875000015
104004,7,staged,19200,0.8203125,0.2288671875000014
104004,7,staged,19400,0.8232421875,0.2127148437500012
104004,7,staged,19600,0.8125,0.2295117187500014
104004,7,staged,19800,0.830078125,0.2224218750000013
104004,7,staged,20000,0.8037109375,0.2416406250000014
104004,8,staged,0,0.2412109375,1.0
104004,8,staged,200,0.2392578125,0.7730078124999982
104004,8,staged,400,0.173828125,0.8317382812499993
104004,8,staged,600,0.1728515625,0.8324414062499987
104004,8,staged,800,0.1474609375,0.856953124999999
104004,8,staged,1000,0.103515625,0.9050585937499996
104004,8,staged,1200,0.0859375,0.9193554687499996
104004,8,staged,1400,0.0888671875,0.9150585937499996
104004,8,staged,1600,0.078125,0.9278710937499997
104004,8,staged,1800,0.0810546875,0.9224609374999998
104004,8,staged,2000,0.056640625,0.9478906249999998
104004,8,staged,2200,0.0693359375,0.9341015625
104004,8,staged,2400,0.080078125,0.9235742187499996
104004,8,staged,2600,0.1640625,0.8412109374999993
104004,8,staged,2800,0.23828125,0.7643164062499995
104004,8,staged,3000,0.2470703125,0.756328124999999
104004,8,staged,3200,0.318359375,0.698105468749999
104004,8,staged,3400,0.3828125,0.6319140624999984
104004,8,staged,3600,0.505859375,0.5119335937500008
104004,8,staged,3800,0.5341796875,0.4916210937500015
104004,8,staged,4000,0.6025390625,0.4223046875000015
104004,8,staged,4200,0.623046875,0.3873046875000015
104004,8,staged,4400,0.6279296875,0.4067187500000014
104004,8,staged,4600,0.6748046875,0.3622070312500015
104004,8,staged,4800,0.646484375,0.3837890625000015
104004,8,staged,5000,0.66015625,0.3734375000000014
104004,8,staged,5200,0.658203125,0.3770703125000015
104004,8,staged,5400,0.650390625,0.3877148437500018
104004,8,staged,5600,0.666015625,0.3686914062500016
104004,8,staged,5800,0.69921875,0.3320898437500017
104004,8,staged,6000,0.681640625,0.3554882812500013
104004,8,staged,6200,0.7001953125,0.3382617187500014
104004,8,staged,6400,0.69921875,0.3505273437500016
104004,8,staged,6600,0.693359375,0.3354492187500015
104004,8,staged,6800,0.685546875,0.3405859375000012
104004,8,staged,7000,0.689453125,0.3380273437500019
104004,8,staged,7200,0.662109375,0.3713085937500015
104004,8,staged,7400,0.7197265625,0.3182031250000015
104004,8,staged,7600,0.7138671875,0.3170507812500015
104004,8,staged,7800,0.6435546875,0.3764843750000016
104004,8,staged,8000,0.6728515625,0.3635351562500016
104004,8,staged,8200,0.755859375,0.2784179687500013
104004,8,staged,8400,0.654296875,0.3759375000000017
104004,8,staged,8600,0.685546875,0.3588281250000018
104004,8,staged,8800,0.673828125,0.3561328125000014
104004,8,staged,9000,0.7119140625,0.3267187500000015
104004,8,staged,9200,0.708984375,0.3315429687500018
104004,8,staged,9400,0.763671875,0.2748242187500016
104004,8,staged,9600,0.740234375,0.2999804687500017
104004,8,staged,9800,0.7333984375,0.2985351562500017
104004,8,staged,10000,0.673828125,0.3575585937500015
104004,8,staged,10200,0.7177734375,0.3278125000000017
104004,8,staged,10400,0.6962890625,0.3320117187500015
104004,8,staged,10600,0.6142578125,0.4200781250000015
104004,8,staged,10800,0.673828125,0.3598046875000016
104004,8,staged,11000,0.6767578125,0.3571093750000013
104004,8,staged,11200,0.6923828125,0.3413085937500016
104004,8,staged,11400,0.7001953125,0.3276171875000016
104004,8,staged,11600,0.705078125,0.3343359375000016
104004,8,staged,11800,0.6923828125,0.3440625000000014
104004,8,staged,12000,0.7021484375,0.3282421875000018
104004,8,staged,12200,0.6787109375,0.3599414062500017
104004,8,staged,12400,0.6962890625,0.3365429687500015
104004,8,staged,12600,0.7421875,0.2866015625000018
104004,8,staged,12800,0.701171875,0.3387500000000018
104004,8,staged,13000,0.6748046875,0.3544726562500016
104004,8,staged,13200,0.6962890625,0.3420312500000017
104004,8,staged,13400,0.6708984375,0.3597460937500014
104004,8,staged,13600,0.673828125,0.3617578125000018
104004,8,staged,13800,0.677734375,0.3628515625000018
104004,8,staged,14000,0.7255859375,0.3133984375000014
104004,8,staged,14200,0.7021484375,0.3381054687500012
104004,8,staged,14400,0.7041015625,0.3347070312500014
104004,8,staged,14600,0.6865234375,0.3431445312500017
104004,8,staged,14800,0.6953125,0.3448242187500018
104004,8,staged,15000,0.71875,0.3195507812500016
104004,8,staged,15200,0.712890625,0.3231250000000014
104004,8,staged,15400,0.7021484375,0.3355468750000015
104004,8,staged,15600,0.712890625,0.3090820312500017
104004,8,staged,15800,0.703125,0.3361328125000014
104004,8,staged,16000,0.65234375,0.3833593750000017
104004,8,staged,16200,0.6787109375,0.3658984375000014
104004,8,staged,16400,0.7158203125,0.3208789062500015
104004,8,staged,16600,0.7548828125,0.2761328125000014
104004,8,staged,16800,0.7626953125,0.2775000000000016
104004,8,staged,17000,0.708984375,0.3159960937500014
104004,8,staged,17200,0.6962890625,0.3441601562500016
104004,8,staged,17400,0.6767578125,0.3560937500000016
104004,8,staged,17600,0.7041015625,0.3317187500000015
104004,8,staged,17800,0.6513671875,0.3741796875000017
104004,8,staged,18000,0.71484375,0.3137304687500017
104004,8,staged,18200,0.705078125,0.3305859375000017
104004,8,staged,18400,0.6494140625,0.3737500000000014
104004,8,staged,18600,0.6640625,0.3598437500000015
104004,8,staged,18800,0.6513671875,0.3743359375000013
104004,8,staged,19000,0.6865234375,0.3584765625000015
104004,8,staged,19200,0.669921875,0.3646289062500013
104004,8,staged,19400,0.7041015625,0.3331250000000016
104004,8,staged,19600,0.689453125,0.3484570312500018
104004,8,staged,19800,0.6884765625,0.3426562500000016
104004,8,staged,20000,0.638671875,0.3884375000000017
104005,7,earliest,0,0.2353515625,1.0
104005,7,earliest,200,0.3232421875,0.6850195312499985
104005,7,earliest,400,0.3720703125,0.6399023437499998
104005,7,earliest,600,0.4658203125,0.5514843750000004
104005,7,earliest,800,0.52734375,0.4927734375000014
104005,7,earliest,1000,0.5634765625,0.4673046875000015
104005,7,earliest,1200,0.5693359375,0.4463867187500016
104005,7,earliest,1400,0.5869140625,0.4309179687500016
104005,7,earliest,1600,0.60546875,0.4284179687500016
104005,7,earliest,1800,0.662109375,0.3829882812500016
104005,7,earliest,2000,0.66796875,0.3608398437500013
104005,7,earliest,2200,0.685546875,0.3429687500000016
104005,7,earliest,2400,0.671875,0.3641796875000012
104005,7,earliest,2600,0.6435546875,0.3860546875000017
104005,7,earliest,2800,0.6796875,0.3477929687500014
104005,7,earliest,3000,0.6787109375,0.3485351562500013
104005,7,earliest,3200,0.6787109375,0.3614062500000015
104005,7,earliest,3400,0.6650390625,0.3581054687500014
104005,7,earliest,3600,0.689453125,0.3336718750000016
104005,7,earliest,3800,0.6806640625,0.3509765625000014
104005,7,earliest,4000,0.6318359375,0.3978320312500016
104005,7,earliest,4200,0.681640625,0.3486914062500017
104005,7,earliest,4400,0.6767578125,0.3454687500000016
104005,7,earliest,4600,0.6689453125,0.3711328125000016
104005,7,earliest,4800,0.669921875,0.3509960937500017
104005,7,earliest,5000,0.646484375,0.3807031250000017
104005,7,earliest,5200,0.728515625,0.3077148437500015
104005,7,earliest,5400,0.6943359375,0.3327539062500017
104005,7,earliest,5600,0.6640625,0.3704687500000017
104005,7,earliest,5800,0.650390625,0.3782421875000014
104005,7,earliest,6000,0.697265625,0.3359375000000016
104005,7,earliest,6200,0.6650390625,0.3603710937500015
104005,7,earliest,6400,0.6953125,0.3364257812500015
104005,7,earliest,6600,0.685546875,0.3422265625000015
104005,7,earliest,6800,0.7119140625,0.3238867187500015
104005,7,earliest,7000,0.6650390625,0.3563671875000012
104005,7,earliest,7200,0.6845703125,0.3424023437500015
104005,7,earliest,7400,0.6611328125,0.3686914062500014
104005,7,earliest,7600,0.7021484375,0.3240039062500015
104005,7,earliest,7800,0.65234375,0.3776562500000016
104005,7,earliest,8000,0.697265625,0.3326562500000017
104005,7,earliest,8200,0.6611328125,0.3743945312500015
104005,7,earliest,8400,0.669921875,0.3575585937500014
104005,7,earliest,8600,0.6630859375,0.3689257812500016
104005,7,earliest,8800,0.6845703125,0.3431054687500014
104005,7,earliest,9000,0.6494140625,0.3780078125000017
104005,7,earliest,9200,0.693359375,0.3353320312500014
104005,7,earliest,9400,0.73046875,0.3075976562500015
104005,7,earliest,9600,0.7470703125,0.2931445312500012
104005,7,earliest,9800,0.7373046875,0.2971484375000015
104005,7,earliest,10000,0.7490234375,0.2883984375000015
104005,7,earliest,10200,0.7392578125,0.3012890625000014
104005,7,earliest,10400,0.736328125,0.3032031250000017
104005,7,earliest,10600,0.73046875,0.3064843750000014
104005,7,earliest,10800,0.732421875,0.3056445312500016
104005,7,earliest,11000,0.7138671875,0.3221679687500013
104005,7,earliest,11200,0.6875,0.3398046875000015
104005,7,earliest,11400,0.693359375,0.3427539062500016
104005,7,earliest,11600,0.712890625,0.3199218750000015
104005,7,earliest,11800,0.748046875,0.2879882812500014
104005,7,earliest,12000,0.689453125,0.3370898437500015
104005,7,earliest,12200,0.7421875,0.2837304687500014
104005,7,earliest,12400,0.685546875,0.3342382812500015
104005,7,earliest,12600,0.7001953125,0.3270312500000015
104005,7,earliest,12800,0.6708984375,0.3537304687500015
104005,7,earliest,13000,0.6943359375,0.3385351562500015
104005,7,earliest,13200,0.6640625,0.3644726562500014
104005,7,earliest,13400,0.6953125,0.3437695312500014
104005,7,earliest,13600,0.6845703125,0.3542968750000014
104005,7,earliest,13800,0.646484375,0.3792578125000016
104005,7,earliest,14000,0.6806640625,0.3463281250000013
104005,7,earliest,14200,0.6611328125,0.3761328125000015
104005,7,earliest,14400,0.6572265625,0.3685156250000016
104005,7,earliest,14600,0.7041015625,0.3199023437500014
104005,7,earliest,14800,0.708984375,0.3186328125000015
104005,7,earliest,15000,0.7568359375,0.2815234375000014
104005,7,earliest,15200,0.72265625,0.3058593750000014
104005,7,earliest,15400,0.689453125,0.3245117187500015
104005,7,earliest,15600,0.71875,0.3089062500000018
104005,7,earliest,15800,0.6796875,0.3540820312500015
104005,7,earliest,16000,0.6796875,0.3466601562500015
104005,7,earliest,16200,0.71484375,0.3182617187500019
104005,7,earliest,16400,0.65625,0.3777539062500017
104005,7,earliest,16600,0.6884765625,0.3417578125000013
104005,7,earliest,16800,0.6787109375,0.3559960937500015
104005,7,earliest,17000,0.7021484375,0.3299414062500014
104005,7,earliest,17200,0.693359375,0.3398632812500013
104005,7,earliest,17400,0.6923828125,0.3417382812500015
104005,7,earliest,17600,0.7275390625,0.2986914062500016
104005,7,earliest,17800,0.6806640625,0.3391406250000015
104005,7,earliest,18000,0.693359375,0.3325976562500015
104005,7,earliest,18200,0.6904296875,0.3405273437500016
104005,7,earliest,18400,0.6689453125,0.3525000000000015
104005,7,earliest,18600,0.6572265625,0.3736718750000014
104005,7,earliest,18800,0.6474609375,0.3728320312500014
104005,7,earliest,19000,0.7041015625,0.3239648437500015
104005,7,earliest,19200,0.6640625,0.3632226562500018
104005,7,earliest,19400,0.6962890625,0.3428125000000014
104005,7,earliest,19600,0.705078125,0.3334179687500012
104005,7,earliest,19800,0.7001953125,0.3358007812500015
104005,7,earliest,20000,0.65234375,0.3699804687500014
104005,8,earliest,0,0.2353515625,1.0
104005,8,earliest,200,0.19921875,0.8089843749999983
104005,8,earliest,400,0.1640625,0.8434374999999988
104005,8,earliest,600,0.12109375,0.8881054687499992
104005,8,earliest,800,0.10546875,0.8992968749999994
104005,8,earliest,1000,0.12109375,0.8838281249999989
104005,8,earliest,1200,0.12109375,0.886992187499999
104005,8,earliest,1400,0.1552734375,0.857695312499999
104005,8,earliest,1600,0.1669921875,0.8376367187499985
104005,8,earliest,1800,0.1923828125,0.8210546874999992
104005,8,earliest,2000,0.2607421875,0.7481640624999991
104005,8,earliest,2200,0.3212890625,0.696191406249999
104005,8,earliest,2400,0.408203125,0.6074999999999999
104005,8,earliest,2600,0.4462890625,0.5650585937500004
104005,8,earliest,2800,0.4853515625,0.5416406250000003
104005,8,earliest,3000,0.5224609375,0.5069140625000013
104005,8,earliest,3200,0.5791015625,0.4465039062500013
104005,8,earliest,3400,0.6123046875,0.4249218750000016
104005,8,earliest,3600,0.61328125,0.4168359375000013
104005,8,earliest,3800,0.685546875,0.3544921875000016
104005,8,earliest,4000,0.619140625,0.4059179687500015
104005,8,earliest,4200,0.6416015625,0.3985546875000015
104005,8,earliest,4400,0.67578125,0.3546679687500015
104005,8,earliest,4600,0.68359375,0.3569140625000017
104005,8,earliest,4800,0.6845703125,0.3408593750000017
104005,8,earliest,5000,0.6826171875,0.3460937500000015
104005,8,earliest,5200,0.666015625,0.3781054687500013
104005,8,earliest,5400,0.638671875,0.3836523437500017
104005,8,earliest,5600,0.6611328125,0.3728515625000015
104005,8,earliest,5800,0.677734375,0.3523437500000015
104005,8,earliest,6000,0.6533203125,0.3812695312500015
104005,8,earliest,6200,0.6630859375,0.3597070312500015
104005,8,earliest,6400,0.6572265625,0.3794726562500015
104005,8,earliest,6600,0.6572265625,0.3727343750000017
104005,8,earliest,6800,0.68359375,0.3597656250000016
104005,8,earliest,7000,0.689453125,0.3425390625000015
104005,8,earliest,7200,0.6533203125,0.3741210937500017
104005,8,earliest,7400,0.748046875,0.2957617187500017
104005,8,earliest,7600,0.6689453125,0.3589453125000015
104005,8,earliest,7800,0.685546875,0.3470117187500017
104005,8,earliest,8000,0.69921875,0.3407031250000017
104005,8,earliest,8200,0.7197265625,0.3075000000000016
104005,8,earliest,8400,0.7001953125,0.3323437500000014
104005,8,earliest,8600,0.7080078125,0.3267187500000016
104005,8,earliest,8800,0.7138671875,0.3218554687500013
104005,8,earliest,9000,0.6767578125,0.3578125000000018
104005,8,earliest,9200,0.73828125,0.3028320312500016
104005,8,earliest,9400,0.708984375,0.3151367187500017
104005,8,earliest,9600,0.693359375,0.3392382812500015
104005,8,earliest,9800,0.689453125,0.3410742187500017
104005,8,earliest,10000,0.6845703125,0.3552539062500014
104005,8,earliest,10200,0.7060546875,0.3275781250000016
104005,8,earliest,10400,0.693359375,0.3456250000000014
104005,8,earliest,10600,0.7021484375,0.3331054687500017
104005,8,earliest,10800,0.7158203125,0.3298632812500016
104005,8,earliest,11000,0.7099609375,0.3211914062500017
104005,8,earliest,11200,0.74609375,0.2984375000000015
104005,8,earliest,11400,0.7021484375,0.3389453125000014
104005,8,earliest,11600,0.716796875,0.3176562500000016
104005,8,earliest,11800,0.7099609375,0.3183593750000016
104005,8,earliest,12000,0.69140625,0.3406640625000017
104005,8,earliest,12200,0.67578125,0.3540234375000015
104005,8,earliest,12400,0.6689453125,0.3623437500000019
104005,8,earliest,12600,0.712890625,0.3182226562500014
104005,8,earliest,12800,0.6591796875,0.3605859375000016
104005,8,earliest,13000,0.6943359375,0.3396679687500013
104005,8,earliest,13200,0.6962890625,0.3324804687500014
104005,8,earliest,13400,0.68359375,0.3463085937500013
104005,8,earliest,13600,0.6962890625,0.3371289062500016
104005,8,earliest,13800,0.685546875,0.3509765625000015
104005,8,earliest,14000,0.73046875,0.3076367187500014
104005,8,earliest,14200,0.732421875,0.3096093750000016
104005,8,earliest,14400,0.69140625,0.3355859375000014
104005,8,earliest,14600,0.6953125,0.3523242187500015
104005,8,earliest,14800,0.724609375,0.3168945312500013
104005,8,earliest,15000,0.6904296875,0.3370507812500016
104005,8,earliest,15200,0.7197265625,0.3112500000000016
104005,8,earliest,15400,0.6953125,0.3318164062500015
104005,8,earliest,15600,0.720703125,0.3107617187500016
104005,8,earliest,15800,0.6943359375,0.3356835937500016
104005,8,earliest,16000,0.6640625,0.3700390625000015
104005,8,earliest,16200,0.6787109375,0.3565234375000016
104005,8,earliest,16400,0.6787109375,0.3561718750000016
104005,8,earliest,16600,0.677734375,0.3487890625000015
104005,8,earliest,16800,0.6953125,0.3494726562500015
104005,8,earliest,17000,0.697265625,0.3397070312500017
104005,8,earliest,17200,0.6875,0.3445703125000015
104005,8,earliest,17400,0.6865234375,0.3446093750000015
104005,8,earliest,17600,0.673828125,0.3544335937500016
104005,8,earliest,17800,0.6787109375,0.3573632812500017
104005,8,earliest,18000,0.6357421875,0.4015820312500016
104005,8,earliest,18200,0.6953125,0.3345703125000014
104005,8,earliest,18400,0.6484375,0.3830664062500016
104005,8,earliest,18600,0.63671875,0.3889453125000016
104005,8,earliest,18800,0.666015625,0.3722070312500017
104005,8,earliest,19000,0.6669921875,0.3581835937500015
104005,8,earliest,19200,0.671875,0.3541992187500016
104005,8,earliest,19400,0.7080078125,0.3318554687500014
104005,8,earliest,19600,0.669921875,0.3561914062500019
104005,8,earliest,19800,0.6748046875,0.3599218750000016
104005,8,earliest,20000,0.6689453125,0.3561914062500016
104005,7,staged,0,0.2353515625,1.0
104005,7,staged,200,0.3759765625,0.6384570312499994
104005,7,staged,400,0.4052734375,0.6146679687500001
104005,7,staged,600,0.4658203125,0.5527929687500001
104005,7,staged,800,0.5302734375,0.4941015625000012
104005,7,staged,1000,0.6123046875,0.4174804687500016
104005,7,staged,1200,0.6494140625,0.3737500000000015
104005,7,staged,1400,0.7060546875,0.3173046875000013
104005,7,staged,1600,0.712890625,0.3092578125000015
104005,7,staged,1800,0.7001953125,0.3285937500000015
104005,7,staged,2000,0.744140625,0.2928125000000016
104005,7,staged,2200,0.7607421875,0.2646093750000016
104005,7,staged,2400,0.7333984375,0.2863281250000014
104005,7,staged,2600,0.7333984375,0.3056640625000015
104005,7,staged,2800,0.763671875,0.2727343750000014
104005,7,staged,3000,0.73828125,0.2952343750000011
104005,7,staged,3200,0.7587890625,0.2704101562500014
104005,7,staged,3400,0.8056640625,0.2344335937500011
104005,7,staged,3600,0.7734375,0.2628906250000016
104005,7,staged,3800,0.78125,0.2551171875000014
104005,7,staged,4000,0.7626953125,0.2782421875000016
104005,7,staged,4200,0.76953125,0.2662109375000013
104005,7,staged,4400,0.759765625,0.2698046875000014
104005,7,staged,4600,0.7734375,0.2590429687500016
104005,7,staged,4800,0.7255859375,0.3054101562500015
104005,7,staged,5000,0.7548828125,0.2766210937500016
104005,7,staged,5200,0.7978515625,0.2330664062500013
104005,7,staged,5400,0.7607421875,0.2789648437500015
104005,7,staged,5600,0.7861328125,0.2492382812500013
104005,7,staged,5800,0.7763671875,0.2519140625000012
104005,7,staged,6000,0.78125,0.2471093750000013
104005,7,staged,6200,0.7763671875,0.2644531250000015
104005,7,staged,6400,0.7451171875,0.2943554687500015
104005,7,staged,6600,0.8134765625,0.2205078125000014
104005,7,staged,6800,0.8154296875,0.2240039062500014
104005,7,staged,7000,0.79296875,0.2463867187500016
104005,7,staged,7200,0.8076171875,0.2371289062500016
104005,7,staged,7400,0.7666015625,0.2676757812500015
104005,7,staged,7600,0.8046875,0.2275195312500012
104005,7,staged,7800,0.767578125,0.2592187500000016
104005,7,staged,8000,0.7822265625,0.2519140625000014
104005,7,staged,8200,0.8125,0.2348437500000015
104005,7,staged,8400,0.802734375,0.2311328125000015
104005,7,staged,8600,0.806640625,0.2396875000000015
104005,7,staged,8800,0.7939453125,0.2488085937500013
104005,7,staged,9000,0.8115234375,0.2235156250000015
104005,7,staged,9200,0.806640625,0.2312109375000014
104005,7,staged,9400,0.7607421875,0.2797656250000014
104005,7,staged,9600,0.7841796875,0.2592773437500016
104005,7,staged,9800,0.8203125,0.2142773437500014
104005,7,staged,10000,0.80078125,0.2365039062500015
104005,7,staged,10200,0.78515625,0.2490234375000013
104005,7,staged,10400,0.798828125,0.2506250000000014
104005,7,staged,10600,0.830078125,0.2119921875000015
104005,7,staged,10800,0.82421875,0.2252539062500015
104005,7,staged,11000,0.79296875,0.2360742187500014
104005,7,staged,11200,0.8173828125,0.2249804687500013
104005,7,staged,11400,0.796875,0.2425390625000014
104005,7,staged,11600,0.7890625,0.2364648437500014
104005,7,staged,11800,0.8193359375,0.2221484375000013
104005,7,staged,12000,0.818359375,0.2288085937500015
104005,7,staged,12200,0.826171875,0.2168945312500014
104005,7,staged,12400,0.7763671875,0.2604296875000014
104005,7,staged,12600,0.8583984375,0.1889257812500012
104005,7,staged,12800,0.8095703125,0.2285937500000014
104005,7,staged,13000,0.791015625,0.2523437500000017
104005,7,staged,13200,0.7919921875,0.2342968750000014
104005,7,staged,13400,0.75,0.2862109375000014
104005,7,staged,13600,0.736328125,0.2904101562500015
104005,7,staged,13800,0.7744140625,0.2529296875000013
104005,7,staged,14000,0.7578125,0.2739257812500017
104005,7,staged,14200,0.7724609375,0.2595312500000013
104005,7,staged,14400,0.7861328125,0.2418750000000015
104005,7,staged,14600,0.767578125,0.2640429687500014
104005,7,staged,14800,0.7861328125,0.2475390625000012
104005,7,staged,15000,0.80078125,0.2301171875000014
104005,7,staged,15200,0.8037109375,0.2314648437500015
104005,7,staged,15400,0.8271484375,0.2137109375000014
104005,7,staged,15600,0.7744140625,0.2601171875000016
104005,7,staged,15800,0.794921875,0.2508007812500016
104005,7,staged,16000,0.7666015625,0.2703515625000018
104005,7,staged,16200,0.7490234375,0.2870507812500016
104005,7,staged,16400,0.7607421875,0.2774023437500015
104005,7,staged,16600,0.7607421875,0.2786523437500015
104005,7,staged,16800,0.7548828125,0.2806835937500015
104005,7,staged,17000,0.8017578125,0.2306640625000016
104005,7,staged,17200,0.81640625,0.2179687500000015
104005,7,staged,17400,0.7880859375,0.2513281250000014
104005,7,staged,17600,0.75,0.2889257812500016
104005,7,staged,17800,0.7978515625,0.2451562500000015
104005,7,staged,18000,0.7939453125,0.2467187500000013
104005,7,staged,18200,0.7978515625,0.2330468750000012
104005,7,staged,18400,0.7724609375,0.2651953125000014
104005,7,staged,18600,0.7763671875,0.2538281250000017
104005,7,staged,18800,0.80078125,0.2427343750000016
104005,7,staged,19000,0.802734375,0.2379296875000011
104005,7,staged,19200,0.8193359375,0.2194140625000011
104005,7,staged,19400,0.759765625,0.2766210937500013
104005,7,staged,19600,0.814453125,0.2275781250000015
104005,7,staged,19800,0.7646484375,0.2716796875000015
104005,7,staged,20000,0.787109375,0.2461523437500013
104005,8,staged,0,0.2353515625,1.0
104005,8,staged,200,0.1904296875,0.8189648437499982
104005,8,staged,400,0.1484375,0.865039062499999
104005,8,staged,600,0.1474609375,0.8633007812499989
104005,8,staged,800,0.1181640625,0.885351562499999
104005,8,staged,1000,0.09765625,0.907304687499999
104005,8,staged,1200,0.107421875,0.9015429687499994
104005,8,staged,1400,0.1171875,0.8921093749999988
104005,8,staged,1600,0.0966796875,0.9084765624999988
104005,8,staged,1800,0.140625,0.872539062499999
104005,8,staged,2000,0.1484375,0.8599023437499989
104005,8,staged,2200,0.173828125,0.8372460937499993
104005,8,staged,2400,0.2294921875,0.7808398437499992
104005,8,staged,2600,0.275390625,0.7374804687499998
104005,8,staged,2800,0.3701171875,0.6432617187500007
104005,8,staged,3000,0.451171875,0.5692773437500007
104005,8,staged,3200,0.4697265625,0.5514648437500009
104005,8,staged,3400,0.505859375,0.511582031250001
104005,8,staged,3600,0.572265625,0.4645312500000014
104005,8,staged,3800,0.654296875,0.3816406250000016
104005,8,staged,4000,0.7138671875,0.3212695312500016
104005,8,staged,4200,0.70703125,0.3309765625000016
104005,8,staged,4400,0.7197265625,0.3228710937500013
104005,8,staged,4600,0.75390625,0.2945312500000013
104005,8,staged,4800,0.7353515625,0.3062109375000015
104005,8,staged,5000,0.75390625,0.2833984375000015
104005,8,staged,5200,0.7861328125,0.2576953125000015
104005,8,staged,5400,0.755859375,0.2872265625000013
104005,8,staged,5600,0.73046875,0.3003125000000014
104005,8,staged,5800,0.75,0.2912109375000013
104005,8,staged,6000,0.7685546875,0.2744921875000015
104005,8,staged,6200,0.7548828125,0.2975390625000015
104005,8,staged,6400,0.7041015625,0.3390625000000016
104005,8,staged,6600,0.7548828125,0.2931835937500014
104005,8,staged,6800,0.7509765625,0.2955468750000014
104005,8,staged,7000,0.7412109375,0.2940429687500015
104005,8,staged,7200,0.7353515625,0.3113671875000014
104005,8,staged,7400,0.779296875,0.2683203125000014
104005,8,staged,7600,0.7880859375,0.2567968750000017
104005,8,staged,7800,0.7998046875,0.2490234375000015
104005,8,staged,8000,0.7822265625,0.2494921875000015
104005,8,staged,8200,0.783203125,0.2610546875000016
104005,8,staged,8400,0.791015625,0.2530273437500015
104005,8,staged,8600,0.76953125,0.2688281250000015
104005,8,staged,8800,0.775390625,0.2719335937500015
104005,8,staged,9000,0.7666015625,0.2629882812500015
104005,8,staged,9200,0.7265625,0.3038085937500016
104005,8,staged,9400,0.775390625,0.2663671875000014
104005,8,staged,9600,0.767578125,0.2765820312500015
104005,8,staged,9800,0.77734375,0.2640429687500017
104005,8,staged,10000,0.7607421875,0.2746875000000014
104005,8,staged,10200,0.7802734375,0.2607031250000015
104005,8,staged,10400,0.8046875,0.2413671875000014
104005,8,staged,10600,0.7841796875,0.2509375000000014
104005,8,staged,10800,0.7666015625,0.2707226562500016
104005,8,staged,11000,0.80859375,0.2309570312500015
104005,8,staged,11200,0.791015625,0.2550390625000013
104005,8,staged,11400,0.7880859375,0.2490625000000013
104005,8,staged,11600,0.80859375,0.2389648437500014
104005,8,staged,11800,0.80859375,0.2407031250000015
104005,8,staged,12000,0.7666015625,0.2714062500000015
104005,8,staged,12200,0.7666015625,0.2748437500000015
104005,8,staged,12400,0.7763671875,0.2572460937500016
104005,8,staged,12600,0.798828125,0.2448046875000015
104005,8,staged,12800,0.7666015625,0.2730859375000013
104005,8,staged,13000,0.76953125,0.2790820312500016
104005,8,staged,13200,0.7314453125,0.3073046875000017
104005,8,staged,13400,0.76953125,0.2704296875000014
104005,8,staged,13600,0.7333984375,0.3101953125000016
104005,8,staged,13800,0.7578125,0.2846679687500016
104005,8,staged,14000,0.798828125,0.2488476562500015
104005,8,staged,14200,0.7490234375,0.2883007812500015
104005,8,staged,14400,0.7763671875,0.2785937500000015
104005,8,staged,14600,0.765625,0.2752148437500015
104005,8,staged,14800,0.7587890625,0.2783398437500014
104005,8,staged,15000,0.75390625,0.2875000000000014
104005,8,staged,15200,0.7880859375,0.2473046875000012
104005,8,staged,15400,0.796875,0.2429687500000013
104005,8,staged,15600,0.7734375,0.2727343750000015
104005,8,staged,15800,0.76171875,0.2829492187500015
104005,8,staged,16000,0.734375,0.2999023437500014
104005,8,staged,16200,0.7373046875,0.3064453125000017
104005,8,staged,16400,0.74609375,0.2996289062500018
104005,8,staged,16600,0.787109375,0.2563085937500014
104005,8,staged,16800,0.771484375,0.2617382812500015
104005,8,staged,17000,0.798828125,0.2532031250000016
104005,8,staged,17200,0.8056640625,0.2414257812500015
104005,8,staged,17400,0.7451171875,0.2877734375000015
104005,8,staged,17600,0.75,0.2854882812500017
104005,8,staged,17800,0.7626953125,0.2737109375000015
104005,8,staged,18000,0.7568359375,0.2785351562500016
104005,8,staged,18200,0.8251953125,0.2173046875000016
104005,8,staged,18400,0.7998046875,0.2371484375000017
104005,8,staged,18600,0.806640625,0.2415625000000015
104005,8,staged,18800,0.765625,0.2614257812500016
104005,8,staged,19000,0.791015625,0.2558007812500014
104005,8,staged,19200,0.76953125,0.2697070312500014
104005,8,staged,19400,0.765625,0.2702734375000014
104005,8,staged,19600,0.8251953125,0.2153125000000012
104005,8,staged,19800,0.8193359375,0.2325195312500013
104005,8,staged,20000,0.7705078125,0.2634570312500014
104006,7,earliest,0,0.23828125,1.0
104006,7,earliest,200,0.3779296875,0.6342187499999996
104006,7,earliest,400,0.39453125,0.6290429687499989
104006,7,earliest,600,0.466796875,0.5436328125000008
104006,7,earliest,800,0.49609375,0.5267773437500004
104006,7,earliest,1000,0.453125,0.5726367187499991
104006,7,earliest,1200,0.5302734375,0.4780273437500012
104006,7,earliest,1400,0.5869140625,0.4391601562500013
104006,7,earliest,1600,0.642578125,0.3819531250000015
104006,7,earliest,1800,0.55859375,0.4674414062500015
104006,7,earliest,2000,0.640625,0.3921875000000015
104006,7,earliest,2200,0.5966796875,0.4246875000000013
104006,7,earliest,2400,0.62109375,0.4066601562500015
104006,7,earliest,2600,0.634765625,0.4052539062500016
104006,7,earliest,2800,0.6376953125,0.3915234375000017
104006,7,earliest,3000,0.6474609375,0.3826562500000017
104006,7,earliest,3200,0.6806640625,0.3570507812500016
104006,7,earliest,3400,0.666015625,0.3590039062500016
104006,7,earliest,3600,0.646484375,0.3873046875000014
104006,7,earliest,3800,0.6904296875,0.3288671875000016
104006,7,earliest,4000,0.6572265625,0.3720117187500015
104006,7,earliest,4200,0.65625,0.3707812500000015
104006,7,earliest,4400,0.712890625,0.3234960937500013
104006,7,earliest,4600,0.6962890625,0.3328320312500015
104006,7,earliest,4800,0.6591796875,0.3715234375000013
104006,7,earliest,5000,0.71875,0.3024609375000015
104006,7,earliest,5200,0.7158203125,0.3180078125000017
104006,7,earliest,5400,0.677734375,0.3436718750000017
104006,7,earliest,5600,0.685546875,0.3419921875000016
104006,7,earliest,5800,0.6767578125,0.3544726562500015
104006,7,earliest,6000,0.666015625,0.3595898437500016
104006,7,earliest,6200,0.689453125,0.3371679687500017
104006,7,earliest,6400,0.712890625,0.3212695312500013
104006,7,earliest,6600,0.7578125,0.2841796875000016
104006,7,earliest,6800,0.740234375,0.2972851562500016
104006,7,earliest,7000,0.7314453125,0.3141406250000014
104006,7,earliest,7200,0.7255859375,0.3125390625000017
104006,7,earliest,7400,0.705078125,0.3216210937500016
104006,7,earliest,7600,0.7158203125,0.3193359375000015
104006,7,earliest,7800,0.7080078125,0.3185351562500015
104006,7,earliest,8000,0.7470703125,0.2938671875000012
104006,7,earliest,8200,0.7529296875,0.2802539062500016
104006,7,earliest,8400,0.7001953125,0.3297070312500015
104006,7,earliest,8600,0.685546875,0.3362109375000016
104006,7,earliest,8800,0.693359375,0.3382617187500016
104006,7,earliest,9000,0.7265625,0.3020507812500013
104006,7,earliest,9200,0.6787109375,0.3519140625000016
104006,7,earliest,9400,0.673828125,0.3620898437500015
104006,7,earliest,9600,0.6484375,0.3890820312500017
104006,7,earliest,9800,0.724609375,0.3134179687500016
104006,7,earliest,10000,0.7216796875,0.3028906250000013
104006,7,earliest,10200,0.736328125,0.3133984375000015
104006,7,earliest,10400,0.7216796875,0.3055468750000016
104006,7,earliest,10600,0.7001953125,0.3359765625000016
104006,7,earliest,10800,0.71484375,0.3117968750000015
104006,7,earliest,11000,0.6845703125,0.3482031250000015
104006,7,earliest,11200,0.6875,0.3496289062500015
104006,7,earliest,11400,0.7099609375,0.3196484375000016
104006,7,earliest,11600,0.693359375,0.3499609375000015
104006,7,earliest,11800,0.6513671875,0.3766992187500016
104006,7,earliest,12000,0.662109375,0.3648632812500016
104006,7,earliest,12200,0.7275390625,0.2986914062500014
104006,7,earliest,12400,0.6806640625,0.3418554687500013
104006,7,earliest,12600,0.67578125,0.3546484375000016
104006,7,earliest,12800,0.697265625,0.3298046875000015
104006,7,earliest,13000,0.7041015625,0.3308789062500016
104006,7,earliest,13200,0.693359375,0.3459375000000018
104006,7,earliest,13400,0.697265625,0.3358007812500016
104006,7,earliest,13600,0.6806640625,0.3485742187500018
104006,7,earliest,13800,0.73828125,0.3036132812500015
104006,7,earliest,14000,0.744140625,0.2991015625000017
104006,7,earliest,14200,0.6875,0.3329687500000015
104006,7,earliest,14400,0.7158203125,0.3106250000000015
104006,7,earliest,14600,0.7041015625,0.3303125000000015
104006,7,earliest,14800,0.671875,0.3518750000000014
104006,7,earliest,15000,0.68359375,0.3472265625000016
104006,7,earliest,15200,0.6748046875,0.3579296875000014
104006,7,earliest,15400,0.6630859375,0.3611718750000014
104006,7,earliest,15600,0.6435546875,0.3817187500000016
104006,7,earliest,15800,0.662109375,0.3703515625000018
104006,7,earliest,16000,0.673828125,0.3565429687500018
104006,7,earliest,16200,0.693359375,0.3360351562500016
104006,7,earliest,16400,0.650390625,0.3715234375000015
104006,7,earliest,16600,0.66015625,0.3691406250000017
104006,7,earliest,16800,0.66796875,0.3519140625000016
104006,7,earliest,17000,0.6982421875,0.3306054687500014
104006,7,earliest,17200,0.671875,0.3612109375000014
104006,7,earliest,17400,0.740234375,0.2998632812500016
104006,7,earliest,17600,0.7060546875,0.3261914062500015
104006,7,earliest,17800,0.669921875,0.3527343750000016
104006,7,earliest,18000,0.7412109375,0.2947851562500014
104006,7,earliest,18200,0.7001953125,0.3346093750000015
104006,7,earliest,18400,0.6552734375,0.3775976562500014
104006,7,earliest,18600,0.7177734375,0.3171875000000014
104006,7,earliest,18800,0.6904296875,0.3400195312500017
104006,7,earliest,19000,0.69921875,0.3405078125000017
104006,7,earliest,19200,0.724609375,0.3096484375000015
104006,7,earliest,19400,0.693359375,0.3294335937500015
104006,7,earliest,19600,0.6904296875,0.3344531250000015
104006,7,earliest,19800,0.72265625,0.3124609375000014
104006,7,earliest,20000,0.72265625,0.3031250000000017
104006,8,earliest,0,0.23828125,1.0
104006,8,earliest,200,0.2314453125,0.780703124999999
104006,8,earliest,400,0.185546875,0.8249414062499992
104006,8,earliest,600,0.15625,0.852558593749999
104006,8,earliest,800,0.134765625,0.8740039062499988
104006,8,earliest,1000,0.142578125,0.8628320312499989
104006,8,earliest,1200,0.15625,0.8535937499999993
104006,8,earliest,1400,0.1533203125,0.8494726562499991
104006,8,earliest,1600,0.146484375,0.8589453124999987
104006,8,earliest,1800,0.205078125,0.8051367187499981
104006,8,earliest,2000,0.28515625,0.7329101562499984
104006,8,earliest,2200,0.3271484375,0.6902929687499982
104006,8,earliest,2400,0.3740234375,0.635117187499999
104006,8,earliest,2600,0.400390625,0.6219335937499982
104006,8,earliest,2800,0.4716796875,0.5481054687500003
104006,8,earliest,3000,0.53125,0.4937695312500015
104006,8,earliest,3200,0.5380859375,0.4886914062500015
104006,8,earliest,3400,0.5810546875,0.4370507812500018
104006,8,earliest,3600,0.6044921875,0.4292578125000015
104006,8,earliest,3800,0.626953125,0.4016601562500017
104006,8,earliest,4000,0.6572265625,0.3722460937500017
104006,8,earliest,4200,0.677734375,0.3509375000000015
104006,8,earliest,4400,0.63671875,0.3876757812500016
104006,8,earliest,4600,0.6767578125,0.3583984375000015
104006,8,earliest,4800,0.6982421875,0.3338867187500014
104006,8,earliest,5000,0.6689453125,0.3605273437500016
104006,8,earliest,5200,0.66015625,0.3822851562500015
104006,8,earliest,5400,0.669921875,0.3637109375000015
104006,8,earliest,5600,0.6455078125,0.3815234375000014
104006,8,earliest,5800,0.685546875,0.3492382812500015
104006,8,earliest,6000,0.68359375,0.3470117187500016
104006,8,earliest,6200,0.7041015625,0.3308984375000017
104006,8,earliest,6400,0.6787109375,0.3522265625000018
104006,8,earliest,6600,0.677734375,0.3623242187500019
104006,8,earliest,6800,0.7255859375,0.3096289062500013
104006,8,earliest,7000,0.671875,0.3645507812500016
104006,8,earliest,7200,0.6513671875,0.3803515625000018
104006,8,earliest,7400,0.689453125,0.3523242187500016
104006,8,earliest,7600,0.689453125,0.3398437500000017
104006,8,earliest,7800,0.6552734375,0.3759765625000017
104006,8,earliest,8000,0.7021484375,0.3387695312500018
104006,8,earliest,8200,0.6904296875,0.3431054687500015
104006,8,earliest,8400,0.716796875,0.3182226562500018
104006,8,earliest,8600,0.6943359375,0.3445117187500015
104006,8,earliest,8800,0.658203125,0.3749023437500015
104006,8,earliest,9000,0.6962890625,0.3390625000000015
104006,8,earliest,9200,0.6748046875,0.3670898437500017
104006,8,earliest,9400,0.6767578125,0.3661328125000015
104006,8,earliest,9600,0.697265625,0.3316015625000015
104006,8,earliest,9800,0.6728515625,0.3621484375000014
104006,8,earliest,10000,0.7109375,0.3255664062500015
104006,8,earliest,10200,0.701171875,0.3240625000000014
104006,8,earliest,10400,0.7138671875,0.3153320312500016
104006,8,earliest,10600,0.6708984375,0.3477343750000019
104006,8,earliest,10800,0.669921875,0.3564062500000015
104006,8,earliest,11000,0.6787109375,0.3467773437500013
104006,8,earliest,11200,0.6962890625,0.3384179687500014
104006,8,earliest,11400,0.6787109375,0.3575585937500015
104006,8,earliest,11600,0.6826171875,0.3441796875000016
104006,8,earliest,11800,0.6884765625,0.3434960937500015
104006,8,earliest,12000,0.703125,0.3367578125000015
104006,8,earliest,12200,0.677734375,0.3583984375000017
104006,8,earliest,12400,0.720703125,0.3188085937500014
104006,8,earliest,12600,0.73046875,0.3017578125000015
104006,8,earliest,12800,0.6865234375,0.3499804687500017
104006,8,earliest,13000,0.7177734375,0.3183984375000015
104006,8,earliest,13200,0.66796875,0.3549804687500018
104006,8,earliest,13400,0.662109375,0.3743359375000016
104006,8,earliest,13600,0.6669921875,0.3671679687500015
104006,8,earliest,13800,0.716796875,0.3160937500000015
104006,8,earliest,14000,0.6865234375,0.3522656250000015
104006,8,earliest,14200,0.71484375,0.3240234375000017
104006,8,earliest,14400,0.685546875,0.3435546875000014
104006,8,earliest,14600,0.6357421875,0.3903125000000013
104006,8,earliest,14800,0.6826171875,0.3485156250000014
104006,8,earliest,15000,0.66796875,0.3744140625000016
104006,8,earliest,15200,0.671875,0.3647070312500015
104006,8,earliest,15400,0.68359375,0.3459960937500016
104006,8,earliest,15600,0.6845703125,0.3506054687500018
104006,8,earliest,15800,0.701171875,0.3361718750000013
104006,8,earliest,16000,0.7412109375,0.2870703125000014
104006,8,earliest,16200,0.7333984375,0.3092578125000015
104006,8,earliest,16400,0.73828125,0.3041015625000017
104006,8,earliest,16600,0.6982421875,0.3426171875000013
104006,8,earliest,16800,0.7001953125,0.3341406250000015
104006,8,earliest,17000,0.7060546875,0.3255468750000015
104006,8,earliest,17200,0.6923828125,0.3467382812500015
104006,8,earliest,17400,0.71484375,0.3257226562500015
104006,8,earliest,17600,0.73828125,0.2957031250000015
104006,8,earliest,17800,0.7470703125,0.2946484375000015
104006,8,earliest,18000,0.7646484375,0.2708203125000017
104006,8,earliest,18200,0.69921875,0.3297265625000014
104006,8,earliest,18400,0.673828125,0.3633789062500017
104006,8,earliest,18600,0.728515625,0.3105859375000019
104006,8,earliest,18800,0.68359375,0.3417187500000015
104006,8,earliest,19000,0.66015625,0.3653515625000017
104006,8,earliest,19200,0.64453125,0.3778125000000014
104006,8,earliest,19400,0.6767578125,0.363164062500002
104006,8,earliest,19600,0.7138671875,0.3410546875000017
104006,8,earliest,19800,0.7158203125,0.3259960937500017
104006,8,earliest,20000,0.7197265625,0.3155859375000018
104006,7,staged,0,0.23828125,1.0
104006,7,staged,200,0.4228515625,0.5915820312499998
104006,7,staged,400,0.462890625,0.5608789062500003
104006,7,staged,600,0.521484375,0.4960351562500015
104006,7,staged,800,0.5888671875,0.4348632812500016
104006,7,staged,1000,0.5458984375,0.4782226562500014
104006,7,staged,1200,0.6318359375,0.3854882812500013
104006,7,staged,1400,0.701171875,0.3362109375000014
104006,7,staged,1600,0.6787109375,0.3492187500000018
104006,7,staged,1800,0.6474609375,0.3742968750000014
104006,7,staged,2000,0.6962890625,0.3386132812500015
104006,7,staged,2200,0.7255859375,0.3056054687500016
104006,7,staged,2400,0.75,0.2883789062500015
104006,7,staged,2600,0.740234375,0.2957617187500015
104006,7,staged,2800,0.7109375,0.3064062500000016
104006,7,staged,3000,0.71484375,0.3166992187500015
104006,7,staged,3200,0.744140625,0.2815039062500015
104006,7,staged,3400,0.72265625,0.3092968750000014
104006,7,staged,3600,0.7001953125,0.3278320312500016
104006,7,staged,3800,0.7109375,0.3214453125000015
104006,7,staged,4000,0.748046875,0.2859960937500016
104006,7,staged,4200,0.7099609375,0.3261718750000016
104006,7,staged,4400,0.724609375,0.3038867187500016
104006,7,staged,4600,0.7626953125,0.2733203125000014
104006,7,staged,4800,0.7529296875,0.2887109375000014
104006,7,staged,5000,0.7158203125,0.3132812500000014
104006,7,staged,5200,0.7021484375,0.3330078125000015
104006,7,staged,5400,0.8017578125,0.2458984375000015
104006,7,staged,5600,0.787109375,0.2542578125000013
104006,7,staged,5800,0.7978515625,0.2410546875000015
104006,7,staged,6000,0.787109375,0.2526562500000014
104006,7,staged,6200,0.814453125,0.2190625000000014
104006,7,staged,6400,0.765625,0.2690039062500014
104006,7,staged,6600,0.765625,0.2706640625000015
104006,7,staged,6800,0.765625,0.2616210937500017
104006,7,staged,7000,0.7822265625,0.2535937500000014
104006,7,staged,7200,0.767578125,0.2682812500000016
104006,7,staged,7400,0.7861328125,0.2535546875000012
104006,7,staged,7600,0.79296875,0.2429296875000013
104006,7,staged,7800,0.7939453125,0.2461328125000013
104006,7,staged,8000,0.7890625,0.2520507812500013
104006,7,staged,8200,0.7978515625,0.2340429687500015
104006,7,staged,8400,0.8134765625,0.2272460937500012
104006,7,staged,8600,0.791015625,0.2398828125000013
104006,7,staged,8800,0.7802734375,0.2604687500000014
104006,7,staged,9000,0.79296875,0.2396875000000015
104006,7,staged,9200,0.8017578125,0.2421679687500015
104006,7,staged,9400,0.8037109375,0.2331250000000013
104006,7,staged,9600,0.775390625,0.2608007812500014
104006,7,staged,9800,0.7529296875,0.2697460937500014
104006,7,staged,10000,0.787109375,0.2477539062500014
104006,7,staged,10200,0.83984375,0.1941601562500013
104006,7,staged,10400,0.8193359375,0.2186132812500013
104006,7,staged,10600,0.794921875,0.2460351562500015
104006,7,staged,10800,0.798828125,0.2341992187500013
104006,7,staged,11000,0.798828125,0.2509960937500015
104006,7,staged,11200,0.783203125,0.2487500000000015
104006,7,staged,11400,0.765625,0.2735351562500014
104006,7,staged,11600,0.7958984375,0.2357421875000013
104006,7,staged,11800,0.7666015625,0.2628320312500014
104006,7,staged,12000,0.77734375,0.2557812500000015
104006,7,staged,12200,0.810546875,0.2287304687500013
104006,7,staged,12400,0.7890625,0.2518554687500014
104006,7,staged,12600,0.806640625,0.2393554687500013
104006,7,staged,12800,0.79296875,0.2391210937500013
104006,7,staged,13000,0.7880859375,0.2562500000000015
104006,7,staged,13200,0.8095703125,0.2286328125000014
104006,7,staged,13400,0.837890625,0.2078125000000015
104006,7,staged,13600,0.8349609375,0.2088476562500013
104006,7,staged,13800,0.8203125,0.2094140625000014
104006,7,staged,14000,0.7783203125,0.2552539062500016
104006,7,staged,14200,0.814453125,0.2316601562500013
104006,7,staged,14400,0.7783203125,0.2633398437500012
104006,7,staged,14600,0.7939453125,0.2483984375000014
104006,7,staged,14800,0.79296875,0.2353710937500015
104006,7,staged,15000,0.8232421875,0.2226757812500016
104006,7,staged,15200,0.802734375,0.2274218750000013
104006,7,staged,15400,0.79296875,0.2442773437500015
104006,7,staged,15600,0.8203125,0.2203515625000014
104006,7,staged,15800,0.7998046875,0.2370312500000014
104006,7,staged,16000,0.77734375,0.2541406250000015
104006,7,staged,16200,0.80859375,0.2348242187500013
104006,7,staged,16400,0.8232421875,0.2323046875000014
104006,7,staged,16600,0.822265625,0.2180078125000014
104006,7,staged,16800,0.79296875,0.2441992187500013
104006,7,staged,17000,0.732421875,0.2920703125000014
104006,7,staged,17200,0.7958984375,0.2461914062500013
104006,7,staged,17400,0.8232421875,0.2159375000000014
104006,7,staged,17600,0.8076171875,0.2323046875000015
104006,7,staged,17800,0.806640625,0.2332812500000014
104006,7,staged,18000,0.798828125,0.2323437500000012
104006,7,staged,18200,0.810546875,0.2314843750000014
104006,7,staged,18400,0.7998046875,0.2299609375000015
104006,7,staged,18600,0.796875,0.2411132812500014
104006,7,staged,18800,0.837890625,0.2094335937500012
104006,7,staged,19000,0.83203125,0.2113281250000012
104006,7,staged,19200,0.8046875,0.2324218750000013
104006,7,staged,19400,0.8134765625,0.2262500000000014
104006,7,staged,19600,0.8037109375,0.2319140625000011
104006,7,staged,19800,0.7900390625,0.2444726562500015
104006,7,staged,20000,0.7998046875,0.2356640625000013
104006,8,staged,0,0.23828125,1.0
104006,8,staged,200,0.2333984375,0.7813281249999988
104006,8,staged,400,0.1533203125,0.8611914062499995
104006,8,staged,600,0.1279296875,0.8771679687499999
104006,8,staged,800,0.1025390625,0.9031640624999993
104006,8,staged,1000,0.0947265625,0.9100585937499992
104006,8,staged,1200,0.076171875,0.9302539062499992
104006,8,staged,1400,0.0546875,0.9449609374999994
104006,8,staged,1600,0.0771484375,0.9276953124999994
104006,8,staged,1800,0.0791015625,0.927441406249999
104006,8,staged,2000,0.0849609375,0.9202734374999993
104006,8,staged,2200,0.1064453125,0.8999023437499988
104006,8,staged,2400,0.09765625,0.9060156249999992
104006,8,staged,2600,0.13671875,0.8675390624999986
104006,8,staged,2800,0.150390625,0.8548632812499987
104006,8,staged,3000,0.2080078125,0.7986523437499989
104006,8,staged,3200,0.234375,0.7780468749999984
104006,8,staged,3400,0.3984375,0.6206445312499991
104006,8,staged,3600,0.4296875,0.5816015624999997
104006,8,staged,3800,0.4462890625,0.5691406250000004
104006,8,staged,4000,0.5234375,0.4949804687500012
104006,8,staged,4200,0.6455078125,0.3866210937500017
104006,8,staged,4400,0.6123046875,0.4166796875000016
104006,8,staged,4600,0.6474609375,0.3797265625000017
104006,8,staged,4800,0.732421875,0.3059375000000015
104006,8,staged,5000,0.75,0.2844140625000016
104006,8,staged,5200,0.7373046875,0.2894921875000017
104006,8,staged,5400,0.69921875,0.3400781250000014
104006,8,staged,5600,0.6845703125,0.3466992187500014
104006,8,staged,5800,0.6884765625,0.3521289062500017
104006,8,staged,6000,0.6923828125,0.3520312500000017
104006,8,staged,6200,0.7099609375,0.3331054687500015
104006,8,staged,6400,0.6982421875,0.3464062500000014
104006,8,staged,6600,0.7294921875,0.3089062500000014
104006,8,staged,6800,0.7607421875,0.2853906250000014
104006,8,staged,7000,0.763671875,0.2811718750000016
104006,8,staged,7200,0.7392578125,0.3042187500000016
104006,8,staged,7400,0.720703125,0.3233203125000017
104006,8,staged,7600,0.7255859375,0.3149414062500015
104006,8,staged,7800,0.689453125,0.3435546875000016
104006,8,staged,8000,0.708984375,0.3280468750000015
104006,8,staged,8200,0.755859375,0.2866601562500015
104006,8,staged,8400,0.7568359375,0.2880859375000015
104006,8,staged,8600,0.75390625,0.2827148437500015
104006,8,staged,8800,0.7451171875,0.2886523437500016
104006,8,staged,9000,0.7431640625,0.2908203125000015
104006,8,staged,9200,0.751953125,0.2993945312500015
104006,8,staged,9400,0.7529296875,0.2851757812500015
104006,8,staged,9600,0.7294921875,0.3060937500000016
104006,8,staged,9800,0.7099609375,0.3253710937500016
104006,8,staged,10000,0.70703125,0.3308398437500016
104006,8,staged,10200,0.7392578125,0.3045312500000015
104006,8,staged,10400,0.716796875,0.3288476562500017
104006,8,staged,10600,0.7548828125,0.2913085937500014
104006,8,staged,10800,0.712890625,0.3257812500000017
104006,8,staged,11000,0.6982421875,0.3327734375000016
104006,8,staged,11200,0.7021484375,0.3344335937500016
104006,8,staged,11400,0.748046875,0.2905078125000014
104006,8,staged,11600,0.7265625,0.3146484375000016
104006,8,staged,11800,0.7685546875,0.2745507812500014
104006,8,staged,12000,0.736328125,0.2942773437500013
104006,8,staged,12200,0.7255859375,0.3117187500000014
104006,8,staged,12400,0.78125,0.2626367187500016
104006,8,staged,12600,0.7578125,0.2857617187500013
104006,8,staged,12800,0.73046875,0.3123437500000014
104006,8,staged,13000,0.7265625,0.3144921875000014
104006,8,staged,13200,0.7041015625,0.3263281250000014
104006,8,staged,13400,0.7412109375,0.2987500000000017
104006,8,staged,13600,0.7470703125,0.3025195312500015
104006,8,staged,13800,0.748046875,0.2889648437500015
104006,8,staged,14000,0.7353515625,0.3016601562500018
104006,8,staged,14200,0.732421875,0.2990820312500016
104006,8,staged,14400,0.69921875,0.3335156250000015
104006,8,staged,14600,0.759765625,0.2731250000000014
104006,8,staged,14800,0.72265625,0.3156250000000013
104006,8,staged,15000,0.728515625,0.3137304687500017
104006,8,staged,15200,0.7216796875,0.3296484375000018
104006,8,staged,15400,0.69140625,0.3408203125000016
104006,8,staged,15600,0.6787109375,0.3540820312500015
104006,8,staged,15800,0.7412109375,0.3052343750000014
104006,8,staged,16000,0.7373046875,0.3072070312500015
104006,8,staged,16200,0.7314453125,0.3074414062500018
104006,8,staged,16400,0.7451171875,0.2872851562500013
104006,8,staged,16600,0.7158203125,0.3247656250000014
104006,8,staged,16800,0.6982421875,0.3386718750000015
104006,8,staged,17000,0.685546875,0.3514062500000014
104006,8,staged,17200,0.734375,0.3135937500000012
104006,8,staged,17400,0.736328125,0.2991796875000016
104006,8,staged,17600,0.7265625,0.3123046875000016
104006,8,staged,17800,0.7548828125,0.2799414062500015
104006,8,staged,18000,0.7138671875,0.3223046875000015
104006,8,staged,18200,0.7568359375,0.2849609375000014
104006,8,staged,18400,0.7783203125,0.2606835937500015
104006,8,staged,18600,0.7607421875,0.2836523437500017
104006,8,staged,18800,0.7421875,0.3059375000000016
104006,8,staged,19000,0.76171875,0.2780664062500015
104006,8,staged,19200,0.7548828125,0.2898632812500014
104006,8,staged,19400,0.705078125,0.3236328125000018
104006,8,staged,19600,0.7275390625,0.2981250000000015
104006,8,staged,19800,0.7177734375,0.3222656250000016
104006,8,staged,20000,0.775390625,0.2727148437500014
104007,7,earliest,0,0.2548828125,1.0
104007,7,earliest,200,0.44921875,0.5718749999999999
104007,7,earliest,400,0.4189453125,0.5992382812499996
104007,7,earliest,600,0.5146484375,0.5080859375000014
104007,7,earliest,800,0.568359375,0.4600781250000015
104007,7,earliest,1000,0.6220703125,0.4005273437500014
104007,7,earliest,1200,0.625,0.3995312500000016
104007,7,earliest,1400,0.66796875,0.3534375000000016
104007,7,earliest,1600,0.685546875,0.3494531250000014
104007,7,earliest,1800,0.6875,0.3533007812500015
104007,7,earliest,2000,0.6865234375,0.3407421875000016
104007,7,earliest,2200,0.669921875,0.3616992187500015
104007,7,earliest,2400,0.7275390625,0.3115039062500014
104007,7,earliest,2600,0.74609375,0.2920312500000014
104007,7,earliest,2800,0.6943359375,0.3333203125000016
104007,7,earliest,3000,0.71875,0.3096289062500016
104007,7,earliest,3200,0.7158203125,0.3143359375000017
104007,7,earliest,3400,0.7080078125,0.3241992187500014
104007,7,earliest,3600,0.6787109375,0.3530273437500017
104007,7,earliest,3800,0.6982421875,0.3405859375000015
104007,7,earliest,4000,0.67578125,0.3599414062500015
104007,7,earliest,4200,0.728515625,0.3102148437500016
104007,7,earliest,4400,0.6787109375,0.3502148437500018
104007,7,earliest,4600,0.705078125,0.3279492187500017
104007,7,earliest,4800,0.666015625,0.3607617187500014
104007,7,earliest,5000,0.689453125,0.3397265625000016
104007,7,earliest,5200,0.72265625,0.3142968750000014
104007,7,earliest,5400,0.634765625,0.3926171875000014
104007,7,earliest,5600,0.701171875,0.3329101562500016
104007,7,earliest,5800,0.6904296875,0.3513476562500015
104007,7,earliest,6000,0.740234375,0.2916210937500013
104007,7,earliest,6200,0.662109375,0.3703906250000016
104007,7,earliest,6400,0.6689453125,0.3666406250000017
104007,7,earliest,6600,0.7255859375,0.3042187500000018
104007,7,earliest,6800,0.7451171875,0.3017578125000018
104007,7,earliest,7000,0.697265625,0.3374023437500016
104007,7,earliest,7200,0.6923828125,0.3266210937500014
104007,7,earliest,7400,0.7216796875,0.3047656250000014
104007,7,earliest,7600,0.7431640625,0.2905859375000013
104007,7,earliest,7800,0.6875,0.3417382812500016
104007,7,earliest,8000,0.6748046875,0.3615625000000015
104007,7,earliest,8200,0.6943359375,0.3460742187500014
104007,7,earliest,8400,0.65234375,0.3775976562500016
104007,7,earliest,8600,0.7080078125,0.3263867187500014
104007,7,earliest,8800,0.68359375,0.3398437500000016
104007,7,earliest,9000,0.7607421875,0.2672851562500013
104007,7,earliest,9200,0.73046875,0.3076562500000015
104007,7,earliest,9400,0.6982421875,0.3425390625000013
104007,7,earliest,9600,0.6962890625,0.3353125000000016
104007,7,earliest,9800,0.67578125,0.3566601562500018
104007,7,earliest,10000,0.6708984375,0.3606835937500014
104007,7,earliest,10200,0.697265625,0.3296875000000017
104007,7,earliest,10400,0.6826171875,0.3439648437500016
104007,7,earliest,10600,0.669921875,0.3577148437500015
104007,7,earliest,10800,0.6435546875,0.3858398437500017
104007,7,earliest,11000,0.6982421875,0.3340234375000015
104007,7,earliest,11200,0.66796875,0.3686132812500012
104007,7,earliest,11400,0.6669921875,0.3582421875000015
104007,7,earliest,11600,0.68359375,0.3518554687500017
104007,7,earliest,11800,0.697265625,0.3348242187500015
104007,7,earliest,12000,0.71484375,0.3195312500000013
104007,7,earliest,12200,0.6943359375,0.3385937500000016
104007,7,earliest,12400,0.6923828125,0.3370312500000015
104007,7,earliest,12600,0.7021484375,0.3367773437500016
104007,7,earliest,12800,0.6982421875,0.3341210937500016
104007,7,earliest,13000,0.736328125,0.2973242187500015
104007,7,earliest,13200,0.7138671875,0.3092187500000016
104007,7,earliest,13400,0.6826171875,0.3471875000000013
104007,7,earliest,13600,0.69140625,0.3418945312500014
104007,7,earliest,13800,0.677734375,0.3468554687500014
104007,7,earliest,14000,0.697265625,0.3308593750000016
104007,7,earliest,14200,0.7119140625,0.3209960937500016
104007,7,earliest,14400,0.6767578125,0.3550000000000017
104007,7,earliest,14600,0.6845703125,0.3425585937500014
104007,7,earliest,14800,0.6826171875,0.335800781250002
104007,7,earliest,15000,0.7001953125,0.3263281250000015
104007,7,earliest,15200,0.693359375,0.3425000000000015
104007,7,earliest,15400,0.7353515625,0.2984375000000019
104007,7,earliest,15600,0.6787109375,0.3607617187500017
104007,7,earliest,15800,0.6962890625,0.3322851562500017
104007,7,earliest,16000,0.70703125,0.3311328125000015
104007,7,earliest,16200,0.703125,0.3260546875000017
104007,7,earliest,16400,0.6953125,0.3281640625000016
104007,7,earliest,16600,0.681640625,0.3390234375000011
104007,7,earliest,16800,0.68359375,0.3429492187500016
104007,7,earliest,17000,0.72265625,0.3193164062500014
104007,7,earliest,17200,0.6630859375,0.3642578125000017
104007,7,earliest,17400,0.6552734375,0.3742382812500016
104007,7,earliest,17600,0.6767578125,0.3534375000000017
104007,7,earliest,17800,0.7001953125,0.3443359375000013
104007,7,earliest,18000,0.6767578125,0.3569726562500014
104007,7,earliest,18200,0.63671875,0.3794726562500013
104007,7,earliest,18400,0.67578125,0.3557812500000014
104007,7,earliest,18600,0.6640625,0.3649609375000015
104007,7,earliest,18800,0.712890625,0.3339843750000013
104007,7,earliest,19000,0.6962890625,0.3294921875000016
104007,7,earliest,19200,0.7119140625,0.3175390625000014
104007,7,earliest,19400,0.685546875,0.3453125000000014
104007,7,earliest,19600,0.6884765625,0.3472265625000015
104007,7,earliest,19800,0.6552734375,0.3804882812500015
104007,7,earliest,20000,0.68359375,0.3509765625000015
104007,8,earliest,0,0.2548828125,1.0
104007,8,earliest,200,0.2392578125,0.7762304687499989
104007,8,earliest,400,0.1689453125,0.8420703124999986
104007,8,earliest,600,0.158203125,0.8530664062499991
104007,8,earliest,800,0.1650390625,0.844296874999999
104007,8,earliest,1000,0.162109375,0.8450585937499984
104007,8,earliest,1200,0.134765625,0.8744726562499985
104007,8,earliest,1400,0.1552734375,0.8507421874999985
104007,8,earliest,1600,0.154296875,0.8583203124999986
104007,8,earliest,1800,0.1865234375,0.8235742187499981
104007,8,earliest,2000,0.234375,0.7780273437499988
104007,8,earliest,2200,0.2578125,0.7614843749999983
104007,8,earliest,2400,0.2841796875,0.7241406249999982
104007,8,earliest,2600,0.34375,0.6739453124999986
104007,8,earliest,2800,0.3271484375,0.6910156249999979
104007,8,earliest,3000,0.4072265625,0.613671874999999
104007,8,earliest,3200,0.49609375,0.5302734375000007
104007,8,earliest,3400,0.5615234375,0.4612109375000015
104007,8,earliest,3600,0.546875,0.4891601562500014
104007,8,earliest,3800,0.55859375,0.4663085937500015
104007,8,earliest,4000,0.5537109375,0.4694531250000018
104007,8,earliest,4200,0.654296875,0.3791406250000017
104007,8,earliest,4400,0.5947265625,0.4414648437500016
104007,8,earliest,4600,0.6484375,0.3839843750000016
104007,8,earliest,4800,0.6689453125,0.3622460937500015
104007,8,earliest,5000,0.640625,0.4028125000000013
104007,8,earliest,5200,0.689453125,0.3448632812500015
104007,8,earliest,5400,0.708984375,0.3234765625000016
104007,8,earliest,5600,0.6357421875,0.4023632812500014
104007,8,earliest,5800,0.6748046875,0.3616406250000017
104007,8,earliest,6000,0.6474609375,0.3852148437500017
104007,8,earliest,6200,0.66796875,0.3751953125000016
104007,8,earliest,6400,0.671875,0.3598437500000016
104007,8,earliest,6600,0.611328125,0.4188281250000016
104007,8,earliest,6800,0.6728515625,0.3653906250000017
104007,8,earliest,7000,0.6259765625,0.4034960937500017
104007,8,earliest,7200,0.662109375,0.3659375000000015
104007,8,earliest,7400,0.693359375,0.3488476562500016
104007,8,earliest,7600,0.693359375,0.3318945312500015
104007,8,earliest,7800,0.646484375,0.3758984375000014
104007,8,earliest,8000,0.6796875,0.3588085937500014
104007,8,earliest,8200,0.6357421875,0.3968359375000016
104007,8,earliest,8400,0.6767578125,0.3620117187500016
104007,8,earliest,8600,0.7333984375,0.2973828125000016
104007,8,earliest,8800,0.72265625,0.3191601562500016
104007,8,earliest,9000,0.6640625,0.3701953125000014
104007,8,earliest,9200,0.712890625,0.3164257812500016
104007,8,earliest,9400,0.6865234375,0.3430078125000017
104007,8,earliest,9600,0.685546875,0.3518750000000016
104007,8,earliest,9800,0.6591796875,0.3722656250000018
104007,8,earliest,10000,0.6630859375,0.3666015625000014
104007,8,earliest,10200,0.646484375,0.3856640625000013
104007,8,earliest,10400,0.689453125,0.3435351562500015
104007,8,earliest,10600,0.6259765625,0.4054882812500015
104007,8,earliest,10800,0.654296875,0.3889453125000015
104007,8,earliest,11000,0.6611328125,0.3737695312500016
104007,8,earliest,11200,0.6689453125,0.3713281250000016
104007,8,earliest,11400,0.7041015625,0.3324218750000015
104007,8,earliest,11600,0.705078125,0.3326171875000019
104007,8,earliest,11800,0.697265625,0.3334960937500016
104007,8,earliest,12000,0.7099609375,0.3242187500000013
104007,8,earliest,12200,0.7060546875,0.3375976562500017
104007,8,earliest,12400,0.6796875,0.3553125000000015
104007,8,earliest,12600,0.6572265625,0.3810546875000018
104007,8,earliest,12800,0.6171875,0.4173242187500014
104007,8,earliest,13000,0.609375,0.4163476562500018
104007,8,earliest,13200,0.619140625,0.4215234375000016
104007,8,earliest,13400,0.697265625,0.3416601562500015
104007,8,earliest,13600,0.6669921875,0.3683789062500016
104007,8,earliest,13800,0.7119140625,0.3394335937500016
104007,8,earliest,14000,0.7080078125,0.3321484375000013
104007,8,earliest,14200,0.69921875,0.3380468750000015
104007,8,earliest,14400,0.67578125,0.3537500000000015
104007,8,earliest,14600,0.658203125,0.3783398437500015
104007,8,earliest,14800,0.681640625,0.3552539062500013
104007,8,earliest,15000,0.6865234375,0.3518750000000014
104007,8,earliest,15200,0.65625,0.3765039062500016
104007,8,earliest,15400,0.6455078125,0.3813867187500014
104007,8,earliest,15600,0.6787109375,0.3631835937500015
104007,8,earliest,15800,0.666015625,0.3651562500000014
104007,8,earliest,16000,0.705078125,0.3333007812500015
104007,8,earliest,16200,0.6435546875,0.3994531250000015
104007,8,earliest,16400,0.6796875,0.3462695312500013
104007,8,earliest,16600,0.6640625,0.3673828125000013
104007,8,earliest,16800,0.666015625,0.3653515625000017
104007,8,earliest,17000,0.6904296875,0.3403125000000017
104007,8,earliest,17200,0.6953125,0.3375390625000016
104007,8,earliest,17400,0.6494140625,0.3764453125000015
104007,8,earliest,17600,0.658203125,0.3723242187500014
104007,8,earliest,17800,0.6845703125,0.3537109375000017
104007,8,earliest,18000,0.6455078125,0.3799218750000017
104007,8,earliest,18200,0.6357421875,0.3930468750000015
104007,8,earliest,18400,0.6845703125,0.3543945312500016
104007,8,earliest,18600,0.6748046875,0.3597070312500016
104007,8,earliest,18800,0.6435546875,0.3852539062500016
104007,8,earliest,19000,0.6904296875,0.3468945312500014
104007,8,earliest,19200,0.6572265625,0.3712109375000012
104007,8,earliest,19400,0.66796875,0.3665234375000016
104007,8,earliest,19600,0.69921875,0.3494140625000017
104007,8,earliest,19800,0.7021484375,0.3331640625000013
104007,8,earliest,20000,0.6884765625,0.3558007812500015
104007,7,staged,0,0.2548828125,1.0
104007,7,staged,200,0.3232421875,0.6848046874999981
104007,7,staged,400,0.380859375,0.6364843749999994
104007,7,staged,600,0.455078125,0.5590624999999996
104007,7,staged,800,0.5517578125,0.4613867187500013
104007,7,staged,1000,0.5888671875,0.4327343750000012
104007,7,staged,1200,0.673828125,0.3583007812500016
104007,7,staged,1400,0.693359375,0.3368945312500016
104007,7,staged,1600,0.71484375,0.3179492187500016
104007,7,staged,1800,0.7421875,0.2975000000000015
104007,7,staged,2000,0.7021484375,0.3232226562500014
104007,7,staged,2200,0.7294921875,0.3010351562500014
104007,7,staged,2400,0.7421875,0.2845703125000014
104007,7,staged,2600,0.771484375,0.2644921875000014
104007,7,staged,2800,0.7119140625,0.3101757812500016
104007,7,staged,3000,0.73828125,0.2993750000000017
104007,7,staged,3200,0.751953125,0.2802734375000016
104007,7,staged,3400,0.7314453125,0.2960351562500012
104007,7,staged,3600,0.736328125,0.2988281250000015
104007,7,staged,3800,0.779296875,0.2538671875000014
104007,7,staged,4000,0.759765625,0.2729882812500014
104007,7,staged,4200,0.76953125,0.2636718750000014
104007,7,staged,4400,0.763671875,0.2700000000000014
104007,7,staged,4600,0.748046875,0.2869726562500015
104007,7,staged,4800,0.7216796875,0.3079882812500016
104007,7,staged,5000,0.763671875,0.2771289062500014
104007,7,staged,5200,0.7451171875,0.2872070312500014
104007,7,staged,5400,0.7626953125,0.2706640625000013
104007,7,staged,5600,0.7939453125,0.2530859375000016
104007,7,staged,5800,0.8056640625,0.2295312500000016
104007,7,staged,6000,0.791015625,0.2482421875000013
104007,7,staged,6200,0.802734375,0.2292187500000012
104007,7,staged,6400,0.80859375,0.2397070312500015
104007,7,staged,6600,0.763671875,0.2681054687500014
104007,7,staged,6800,0.794921875,0.2437500000000015
104007,7,staged,7000,0.8095703125,0.2413671875000016
104007,7,staged,7200,0.8203125,0.2255078125000015
104007,7,staged,7400,0.8193359375,0.2228320312500012
104007,7,staged,7600,0.796875,0.2420703125000014
104007,7,staged,7800,0.7919921875,0.2503710937500014
104007,7,staged,8000,0.78125,0.2613867187500014
104007,7,staged,8200,0.80078125,0.2359765625000013
104007,7,staged,8400,0.8193359375,0.2221093750000015
104007,7,staged,8600,0.79296875,0.2396875000000014
104007,7,staged,8800,0.78515625,0.2491406250000016
104007,7,staged,9000,0.8232421875,0.2148437500000016
104007,7,staged,9200,0.8076171875,0.2300000000000015
104007,7,staged,9400,0.7958984375,0.2468359375000018
104007,7,staged,9600,0.7587890625,0.2768945312500015
104007,7,staged,9800,0.8203125,0.2205273437500013
104007,7,staged,10000,0.791015625,0.2547070312500013
104007,7,staged,10200,0.818359375,0.2284375000000014
104007,7,staged,10400,0.7802734375,0.2572070312500015
104007,7,staged,10600,0.802734375,0.2386132812500013
104007,7,staged,10800,0.7421875,0.2958398437500016
104007,7,staged,11000,0.7626953125,0.2666992187500016
104007,7,staged,11200,0.7568359375,0.2812695312500014
104007,7,staged,11400,0.7509765625,0.2725195312500011
104007,7,staged,11600,0.7841796875,0.2498828125000013
104007,7,staged,11800,0.798828125,0.2398437500000014
104007,7,staged,12000,0.7900390625,0.2403320312500013
104007,7,staged,12200,0.822265625,0.2148828125000017
104007,7,staged,12400,0.779296875,0.2549609375000016
104007,7,staged,12600,0.8056640625,0.2276953125000013
104007,7,staged,12800,0.8515625,0.1966601562500012
104007,7,staged,13000,0.76953125,0.2718164062500016
104007,7,staged,13200,0.7900390625,0.2479492187500014
104007,7,staged,13400,0.7978515625,0.2404687500000014
104007,7,staged,13600,0.7998046875,0.2356250000000015
104007,7,staged,13800,0.796875,0.2421289062500012
104007,7,staged,14000,0.7548828125,0.2786914062500016
104007,7,staged,14200,0.79296875,0.2434765625000014
104007,7,staged,14400,0.810546875,0.2260546875000012
104007,7,staged,14600,0.7568359375,0.2833398437500017
104007,7,staged,14800,0.83203125,0.2123242187500013
104007,7,staged,15000,0.84765625,0.1999414062500012
104007,7,staged,15200,0.7890625,0.2505078125000014
104007,7,staged,15400,0.7841796875,0.2537500000000014
104007,7,staged,15600,0.7919921875,0.2444531250000016
104007,7,staged,15800,0.802734375,0.2466015625000015
104007,7,staged,16000,0.8076171875,0.2353906250000014
104007,7,staged,16200,0.8330078125,0.2061132812500011
104007,7,staged,16400,0.791015625,0.2429101562500015
104007,7,staged,16600,0.798828125,0.2384179687500013
104007,7,staged,16800,0.755859375,0.2659960937500014
104007,7,staged,17000,0.79296875,0.2557226562500012
104007,7,staged,17200,0.8115234375,0.2284179687500014
104007,7,staged,17400,0.814453125,0.2284960937500011
104007,7,staged,17600,0.8203125,0.2226367187500015
104007,7,staged,17800,0.8154296875,0.2274414062500014
104007,7,staged,18000,0.755859375,0.2783789062500013
104007,7,staged,18200,0.828125,0.2134375000000011
104007,7,staged,18400,0.796875,0.2403320312500014
104007,7,staged,18600,0.8232421875,0.2188671875000015
104007,7,staged,18800,0.8212890625,0.2209179687500015
104007,7,staged,19000,0.8037109375,0.2297460937500015
104007,7,staged,19200,0.796875,0.2432226562500014
104007,7,staged,19400,0.806640625,0.2345507812500014
104007,7,staged,19600,0.8017578125,0.2340820312500015
104007,7,staged,19800,0.798828125,0.2455468750000015
104007,7,staged,20000,0.830078125,0.2085937500000014
104007,8,staged,0,0.2548828125,1.0
104007,8,staged,200,0.2255859375,0.7875976562499993
104007,8,staged,400,0.173828125,0.8366601562499995
104007,8,staged,600,0.181640625,0.828222656249999
104007,8,staged,800,0.1591796875,0.849492187499999
104007,8,staged,1000,0.1220703125,0.8817773437499995
104007,8,staged,1200,0.1083984375,0.8963476562499995
104007,8,staged,1400,0.08984375,0.9144726562499994
104007,8,staged,1600,0.1103515625,0.8960937499999992
104007,8,staged,1800,0.11328125,0.8875390624999984
104007,8,staged,2000,0.111328125,0.8967382812499985
104007,8,staged,2200,0.1484375,0.8510546874999989
104007,8,staged,2400,0.1787109375,0.8280664062499986
104007,8,staged,2600,0.263671875,0.7503906249999986
104007,8,staged,2800,0.3427734375,0.6711523437499988
104007,8,staged,3000,0.4453125,0.5753124999999996
104007,8,staged,3200,0.5576171875,0.4691796875000013
104007,8,staged,3400,0.6015625,0.4132812500000016
104007,8,staged,3600,0.626953125,0.3960742187500016
104007,8,staged,3800,0.6728515625,0.3638281250000018
104007,8,staged,4000,0.6953125,0.3338476562500016
104007,8,staged,4200,0.705078125,0.3181640625000014
104007,8,staged,4400,0.7421875,0.2998046875000015
104007,8,staged,4600,0.732421875,0.3114453125000014
104007,8,staged,4800,0.7177734375,0.3214062500000016
104007,8,staged,5000,0.7578125,0.2787500000000015
104007,8,staged,5200,0.76953125,0.2731835937500017
104007,8,staged,5400,0.7568359375,0.2811132812500017
104007,8,staged,5600,0.755859375,0.2927929687500016
104007,8,staged,5800,0.7578125,0.2883593750000015
104007,8,staged,6000,0.740234375,0.3035156250000016
104007,8,staged,6200,0.7568359375,0.2886718750000018
104007,8,staged,6400,0.7880859375,0.2585937500000014
104007,8,staged,6600,0.7548828125,0.2766796875000017
104007,8,staged,6800,0.7705078125,0.2655273437500014
104007,8,staged,7000,0.748046875,0.2913476562500017
104007,8,staged,7200,0.74609375,0.2785351562500014
104007,8,staged,7400,0.744140625,0.2944531250000017
104007,8,staged,7600,0.787109375,0.2584960937500014
104007,8,staged,7800,0.80078125,0.2395312500000012
104007,8,staged,8000,0.744140625,0.2909179687500014
104007,8,staged,8200,0.7548828125,0.2789843750000013
104007,8,staged,8400,0.744140625,0.2857812500000015
104007,8,staged,8600,0.77734375,0.2612500000000014
104007,8,staged,8800,0.7275390625,0.3038085937500015
104007,8,staged,9000,0.8056640625,0.2317773437500013
104007,8,staged,9200,0.7666015625,0.2685937500000014
104007,8,staged,9400,0.7763671875,0.2630468750000016
104007,8,staged,9600,0.802734375,0.2363867187500014
104007,8,staged,9800,0.80078125,0.2466601562500014
104007,8,staged,10000,0.79296875,0.2410937500000014
104007,8,staged,10200,0.7880859375,0.2485937500000013
104007,8,staged,10400,0.7763671875,0.2605273437500013
104007,8,staged,10600,0.7685546875,0.2611523437500013
104007,8,staged,10800,0.75390625,0.2841406250000015
104007,8,staged,11000,0.7568359375,0.2793554687500016
104007,8,staged,11200,0.744140625,0.2868359375000014
104007,8,staged,11400,0.7548828125,0.2808984375000016
104007,8,staged,11600,0.7685546875,0.2740429687500013
104007,8,staged,11800,0.7431640625,0.2942773437500017
104007,8,staged,12000,0.7705078125,0.2588281250000016
104007,8,staged,12200,0.771484375,0.2662890625000016
104007,8,staged,12400,0.7509765625,0.2821289062500015
104007,8,staged,12600,0.765625,0.2667578125000015
104007,8,staged,12800,0.7666015625,0.2769335937500014
104007,8,staged,13000,0.7607421875,0.2826562500000015
104007,8,staged,13200,0.7939453125,0.2441210937500014
104007,8,staged,13400,0.775390625,0.2616015625000014
104007,8,staged,13600,0.744140625,0.2878125000000014
104007,8,staged,13800,0.7392578125,0.2869921875000015
104007,8,staged,14000,0.763671875,0.2722460937500013
104007,8,staged,14200,0.7685546875,0.2610937500000014
104007,8,staged,14400,0.75390625,0.2825976562500013
104007,8,staged,14600,0.775390625,0.2602343750000013
104007,8,staged,14800,0.806640625,0.2326367187500015
104007,8,staged,15000,0.7724609375,0.2660156250000016
104007,8,staged,15200,0.76171875,0.2796875000000014
104007,8,staged,15400,0.7666015625,0.2728906250000013
104007,8,staged,15600,0.751953125,0.2934765625000014
104007,8,staged,15800,0.7958984375,0.2430664062500015
104007,8,staged,16000,0.7578125,0.2661914062500014
104007,8,staged,16200,0.779296875,0.2597070312500014
104007,8,staged,16400,0.736328125,0.2961328125000015
104007,8,staged,16600,0.7578125,0.2756250000000016
104007,8,staged,16800,0.7685546875,0.2649023437500016
104007,8,staged,17000,0.8037109375,0.2298828125000013
104007,8,staged,17200,0.7578125,0.2790234375000014
104007,8,staged,17400,0.7919921875,0.2549218750000015
104007,8,staged,17600,0.7939453125,0.2482812500000012
104007,8,staged,17800,0.7783203125,0.2668554687500014
104007,8,staged,18000,0.74609375,0.2864453125000014
104007,8,staged,18200,0.736328125,0.2958398437500016
104007,8,staged,18400,0.7041015625,0.3290625000000014
104007,8,staged,18600,0.76953125,0.2586132812500013
104007,8,staged,18800,0.728515625,0.3110937500000014
104007,8,staged,19000,0.75,0.2873828125000014
104007,8,staged,19200,0.7548828125,0.2827148437500017
104007,8,staged,19400,0.7666015625,0.2709179687500013
104007,8,staged,19600,0.79296875,0.2455468750000013
104007,8,staged,19800,0.748046875,0.2835156250000013
104007,8,staged,20000,0.7626953125,0.2802734375000015
104008,7,earliest,0,0.2421875,1.0
104008,7,earliest,200,0.41796875,0.5959375000000003
104008,7,earliest,400,0.404296875,0.6132617187499994
104008,7,earliest,600,0.53125,0.4911523437500015
104008,7,earliest,800,0.591796875,0.4399804687500016
104008,7,earliest,1000,0.5380859375,0.4765820312500014
104008,7,earliest,1200,0.580078125,0.4452343750000013
104008,7,earliest,1400,0.6435546875,0.3895703125000019
104008,7,earliest,1600,0.6201171875,0.4034179687500013
104008,7,earliest,1800,0.669921875,0.3531250000000013
104008,7,earliest,2000,0.67578125,0.3604101562500015
104008,7,earliest,2200,0.697265625,0.3364062500000016
104008,7,earliest,2400,0.681640625,0.3474218750000017
104008,7,earliest,2600,0.6513671875,0.3778906250000014
104008,7,earliest,2800,0.6640625,0.3527148437500013
104008,7,earliest,3000,0.68359375,0.3561328125000015
104008,7,earliest,3200,0.66796875,0.3518359375000011
104008,7,earliest,3400,0.6826171875,0.3424804687500012
104008,7,earliest,3600,0.673828125,0.3496679687500013
104008,7,earliest,3800,0.6630859375,0.3683593750000017
104008,7,earliest,4000,0.720703125,0.3136914062500015
104008,7,earliest,4200,0.6552734375,0.3741992187500013
104008,7,earliest,4400,0.7041015625,0.3273632812500017
104008,7,earliest,4600,0.669921875,0.3737304687500016
104008,7,earliest,4800,0.6943359375,0.3378125000000016
104008,7,earliest,5000,0.6865234375,0.3432226562500018
104008,7,earliest,5200,0.7041015625,0.3309765625000019
104008,7,earliest,5400,0.7119140625,0.3189648437500013
104008,7,earliest,5600,0.703125,0.3237109375000019
104008,7,earliest,5800,0.685546875,0.3424804687500017
104008,7,earliest,6000,0.6865234375,0.3455859375000014
104008,7,earliest,6200,0.6572265625,0.3719140625000014
104008,7,earliest,6400,0.6611328125,0.3732812500000016
104008,7,earliest,6600,0.705078125,0.3250781250000014
104008,7,earliest,6800,0.6640625,0.3695703125000017
104008,7,earliest,7000,0.6591796875,0.3757421875000015
104008,7,earliest,7200,0.6748046875,0.3556445312500016
104008,7,earliest,7400,0.650390625,0.3791796875000017
104008,7,earliest,7600,0.6904296875,0.3383593750000019
104008,7,earliest,7800,0.7119140625,0.3205273437500016
104008,7,earliest,8000,0.615234375,0.4143554687500016
104008,7,earliest,8200,0.673828125,0.3533593750000018
104008,7,earliest,8400,0.6689453125,0.3583593750000013
104008,7,earliest,8600,0.6787109375,0.3439843750000012
104008,7,earliest,8800,0.6796875,0.3472656250000016
104008,7,earliest,9000,0.65625,0.3799218750000016
104008,7,earliest,9200,0.6474609375,0.3848437500000015
104008,7,earliest,9400,0.70703125,0.3296679687500015
104008,7,earliest,9600,0.6962890625,0.3410546875000017
104008,7,earliest,9800,0.6923828125,0.3325781250000013
104008,7,earliest,10000,0.6796875,0.3435351562500013
104008,7,earliest,10200,0.65625,0.3892773437500016
104008,7,earliest,10400,0.7060546875,0.3272656250000017
104008,7,earliest,10600,0.6572265625,0.3755468750000015
104008,7,earliest,10800,0.6875,0.3444335937500017
104008,7,earliest,11000,0.6953125,0.3341210937500014
104008,7,earliest,11200,0.75390625,0.2924414062500015
104008,7,earliest,11400,0.65625,0.3770898437500016
104008,7,earliest,11600,0.7578125,0.2784960937500012
104008,7,earliest,11800,0.724609375,0.3139453125000013
104008,7,earliest,12000,0.689453125,0.3455859375000016
104008,7,earliest,12200,0.73046875,0.3141601562500014
104008,7,earliest,12400,0.744140625,0.2858203125000014
104008,7,earliest,12600,0.7509765625,0.2824414062500016
104008,7,earliest,12800,0.7236328125,0.3178320312500015
104008,7,earliest,13000,0.728515625,0.3046679687500017
104008,7,earliest,13200,0.6943359375,0.3358398437500015
104008,7,earliest,13400,0.689453125,0.3378710937500012
104008,7,earliest,13600,0.7109375,0.3242187500000015
104008,7,earliest,13800,0.6650390625,0.3612500000000016
104008,7,earliest,14000,0.6943359375,0.3425000000000016
104008,7,earliest,14200,0.7099609375,0.3166210937500018
104008,7,earliest,14400,0.662109375,0.3569531250000016
104008,7,earliest,14600,0.6953125,0.3272460937500013
104008,7,earliest,14800,0.703125,0.3310156250000019
104008,7,earliest,15000,0.6572265625,0.3680078125000015
104008,7,earliest,15200,0.6826171875,0.3556054687500016
104008,7,earliest,15400,0.7216796875,0.3090234375000016
104008,7,earliest,15600,0.6728515625,0.3638476562500017
104008,7,earliest,15800,0.6669921875,0.3716406250000016
104008,7,earliest,16000,0.673828125,0.3546679687500015
104008,7,earliest,16200,0.71484375,0.3110156250000018
104008,7,earliest,16400,0.7314453125,0.2995703125000014
104008,7,earliest,16600,0.69921875,0.3421875000000015
104008,7,earliest,16800,0.70703125,0.3287695312500014
104008,7,earliest,17000,0.6513671875,0.3675390625000016
104008,7,earliest,17200,0.7041015625,0.3299414062500013
104008,7,earliest,17400,0.6865234375,0.3407617187500015
104008,7,earliest,17600,0.681640625,0.3400781250000015
104008,7,earliest,17800,0.640625,0.3868359375000012
104008,7,earliest,18000,0.6796875,0.3462695312500015
104008,7,earliest,18200,0.65625,0.3782617187500014
104008,7,earliest,18400,0.66015625,0.3635937500000015
104008,7,earliest,18600,0.68359375,0.3457421875000018
104008,7,earliest,18800,0.740234375,0.2894726562500016
104008,7,earliest,19000,0.6640625,0.3582812500000016
104008,7,earliest,19200,0.671875,0.3586914062500015
104008,7,earliest,19400,0.669921875,0.3649804687500017
104008,7,earliest,19600,0.6337890625,0.3924023437500017
104008,7,earliest,19800,0.7060546875,0.3204492187500014
104008,7,earliest,20000,0.7060546875,0.3304492187500018
104008,8,earliest,0,0.2421875,1.0
104008,8,earliest,200,0.232421875,0.7771093749999984
104008,8,earliest,400,0.166015625,0.8460937499999993
104008,8,earliest,600,0.1494140625,0.8655468749999986
104008,8,earliest,800,0.171875,0.8371484374999985
104008,8,earliest,1000,0.1953125,0.8118945312499986
104008,8,earliest,1200,0.2138671875,0.799101562499999
104008,8,earliest,1400,0.201171875,0.8072460937499994
104008,8,earliest,1600,0.2255859375,0.7835351562499994
104008,8,earliest,1800,0.2197265625,0.7891601562499995
104008,8,earliest,2000,0.234375,0.7716210937499999
104008,8,earliest,2200,0.271484375,0.7355078124999991
104008,8,earliest,2400,0.41015625,0.6067773437499997
104008,8,earliest,2600,0.4658203125,0.5598046875000005
104008,8,earliest,2800,0.5078125,0.5158398437500011
104008,8,earliest,3000,0.6083984375,0.4141015625000015
104008,8,earliest,3200,0.6396484375,0.3923242187500014
104008,8,earliest,3400,0.6875,0.3451953125000015
104008,8,earliest,3600,0.662109375,0.3638085937500014
104008,8,earliest,3800,0.7158203125,0.3207226562500014
104008,8,earliest,4000,0.7490234375,0.2951953125000014
104008,8,earliest,4200,0.7578125,0.2798437500000015
104008,8,earliest,4400,0.779296875,0.2623828125000015
104008,8,earliest,4600,0.72265625,0.3093359375000017
104008,8,earliest,4800,0.7744140625,0.2652929687500016
104008,8,earliest,5000,0.7578125,0.2701367187500013
104008,8,earliest,5200,0.7470703125,0.2931445312500016
104008,8,earliest,5400,0.7529296875,0.2775585937500015
104008,8,earliest,5600,0.7431640625,0.2964062500000017
104008,8,earliest,5800,0.7890625,0.2485937500000014
104008,8,earliest,6000,0.7734375,0.2659375000000014
104008,8,earliest,6200,0.7138671875,0.3267187500000017
104008,8,earliest,6400,0.7666015625,0.2761914062500018
104008,8,earliest,6600,0.7080078125,0.3262109375000016
104008,8,earliest,6800,0.7333984375,0.3025585937500015
104008,8,earliest,7000,0.763671875,0.2754687500000015
104008,8,earliest,7200,0.7353515625,0.3032226562500016
104008,8,earliest,7400,0.72265625,0.3129101562500015
104008,8,earliest,7600,0.7265625,0.3064257812500015
104008,8,earliest,7800,0.73828125,0.3050976562500016
104008,8,earliest,8000,0.734375,0.3050000000000017
104008,8,earliest,8200,0.7587890625,0.2891992187500015
104008,8,earliest,8400,0.7548828125,0.2900390625000015
104008,8,earliest,8600,0.73046875,0.3008007812500015
104008,8,earliest,8800,0.755859375,0.2796093750000016
104008,8,earliest,9000,0.724609375,0.3102148437500016
104008,8,earliest,9200,0.7646484375,0.2816015625000016
104008,8,earliest,9400,0.74609375,0.2891406250000015
104008,8,earliest,9600,0.716796875,0.3120507812500016
104008,8,earliest,9800,0.74609375,0.2840429687500015
104008,8,earliest,10000,0.7373046875,0.3020703125000016
104008,8,earliest,10200,0.720703125,0.3113867187500015
104008,8,earliest,10400,0.7451171875,0.2945898437500015
104008,8,earliest,10600,0.74609375,0.2838476562500014
104008,8,earliest,10800,0.7509765625,0.2893945312500014
104008,8,earliest,11000,0.7421875,0.3081445312500014
104008,8,earliest,11200,0.7705078125,0.2719335937500014
104008,8,earliest,11400,0.7685546875,0.2811523437500015
104008,8,earliest,11600,0.7509765625,0.2900195312500014
104008,8,earliest,11800,0.7783203125,0.2626171875000013
104008,8,earliest,12000,0.796875,0.2427929687500013
104008,8,earliest,12200,0.814453125,0.2269726562500016
104008,8,earliest,12400,0.755859375,0.2852343750000017
104008,8,earliest,12600,0.7626953125,0.2822460937500016
104008,8,earliest,12800,0.7626953125,0.2763085937500015
104008,8,earliest,13000,0.7724609375,0.2635742187500018
104008,8,earliest,13200,0.779296875,0.2630078125000014
104008,8,earliest,13400,0.7880859375,0.2549023437500017
104008,8,earliest,13600,0.763671875,0.2695312500000015
104008,8,earliest,13800,0.7568359375,0.2783398437500015
104008,8,earliest,14000,0.765625,0.2775195312500014
104008,8,earliest,14200,0.74609375,0.2857617187500016
104008,8,earliest,14400,0.75390625,0.2832226562500015
104008,8,earliest,14600,0.7421875,0.2969531250000017
104008,8,earliest,14800,0.736328125,0.3004296875000015
104008,8,earliest,15000,0.7626953125,0.2791210937500018
104008,8,earliest,15200,0.720703125,0.3240234375000017
104008,8,earliest,15400,0.732421875,0.3097070312500014
104008,8,earliest,15600,0.7275390625,0.3094921875000018
104008,8,earliest,15800,0.75390625,0.2793945312500015
104008,8,earliest,16000,0.76953125,0.2644335937500015
104008,8,earliest,16200,0.7451171875,0.3023437500000016
104008,8,earliest,16400,0.744140625,0.2940039062500015
104008,8,earliest,16600,0.7939453125,0.2486328125000015
104008,8,earliest,16800,0.7607421875,0.2767578125000013
104008,8,earliest,17000,0.763671875,0.2758007812500017
104008,8,earliest,17200,0.736328125,0.3063867187500016
104008,8,earliest,17400,0.7470703125,0.2981445312500016
104008,8,earliest,17600,0.76953125,0.2712304687500015
104008,8,earliest,17800,0.6962890625,0.3363281250000016
104008,8,earliest,18000,0.7294921875,0.3033593750000016
104008,8,earliest,18200,0.734375,0.2983593750000015
104008,8,earliest,18400,0.7021484375,0.3348632812500013
104008,8,earliest,18600,0.74609375,0.2887695312500015
104008,8,earliest,18800,0.7685546875,0.2731640625000014
104008,8,earliest,19000,0.73828125,0.3007031250000016
104008,8,earliest,19200,0.7373046875,0.2999023437500014
104008,8,earliest,19400,0.755859375,0.2779687500000016
104008,8,earliest,19600,0.78125,0.2638281250000015
104008,8,earliest,19800,0.74609375,0.2915625000000014
104008,8,earliest,20000,0.68359375,0.3466992187500013
104008,7,staged,0,0.2421875,1.0
104008,7,staged,200,0.337890625,0.6668749999999986
104008,7,staged,400,0.416015625,0.6063671874999995
104008,7,staged,600,0.4658203125,0.5472656250000006
104008,7,staged,800,0.576171875,0.4623242187500011
104008,7,staged,1000,0.6298828125,0.3910546875000013
104008,7,staged,1200,0.65625,0.3672460937500014
104008,7,staged,1400,0.658203125,0.3686718750000016
104008,7,staged,1600,0.7041015625,0.3275000000000017
104008,7,staged,1800,0.7021484375,0.3404296875000013
104008,7,staged,2000,0.6884765625,0.3444531250000014
104008,7,staged,2200,0.7158203125,0.3118945312500016
104008,7,staged,2400,0.716796875,0.3188085937500016
104008,7,staged,2600,0.71875,0.3025976562500015
104008,7,staged,2800,0.7568359375,0.2882226562500017
104008,7,staged,3000,0.7392578125,0.2891992187500017
104008,7,staged,3200,0.73828125,0.3034960937500016
104008,7,staged,3400,0.771484375,0.2621484375000015
104008,7,staged,3600,0.783203125,0.2456054687500015
104008,7,staged,3800,0.76171875,0.2709570312500014
104008,7,staged,4000,0.7353515625,0.3038867187500015
104008,7,staged,4200,0.748046875,0.2838085937500017
104008,7,staged,4400,0.7822265625,0.2550976562500016
104008,7,staged,4600,0.7978515625,0.2497070312500016
104008,7,staged,4800,0.76171875,0.2786718750000015
104008,7,staged,5000,0.771484375,0.2589648437500016
104008,7,staged,5200,0.8203125,0.2215820312500016
104008,7,staged,5400,0.7978515625,0.2371875000000014
104008,7,staged,5600,0.7373046875,0.2974218750000017
104008,7,staged,5800,0.7744140625,0.2633984375000015
104008,7,staged,6000,0.7822265625,0.2557031250000015
104008,7,staged,6200,0.80859375,0.2336914062500014
104008,7,staged,6400,0.822265625,0.2151953125000016
104008,7,staged,6600,0.7841796875,0.2533007812500015
104008,7,staged,6800,0.77734375,0.2551367187500014
104008,7,staged,7000,0.783203125,0.2512109375000015
104008,7,staged,7200,0.7412109375,0.2850000000000015
104008,7,staged,7400,0.7802734375,0.2523632812500015
104008,7,staged,7600,0.7724609375,0.2693750000000015
104008,7,staged,7800,0.79296875,0.2408203125000015
104008,7,staged,8000,0.708984375,0.3213867187500013
104008,7,staged,8200,0.802734375,0.2332031250000014
104008,7,staged,8400,0.7578125,0.2841210937500013
104008,7,staged,8600,0.8193359375,0.2207421875000015
104008,7,staged,8800,0.7724609375,0.2548437500000016
104008,7,staged,9000,0.77734375,0.2667773437500013
104008,7,staged,9200,0.81640625,0.2245703125000013
104008,7,staged,9400,0.7802734375,0.2662109375000014
104008,7,staged,9600,0.814453125,0.2210351562500014
104008,7,staged,9800,0.77734375,0.2550195312500016
104008,7,staged,10000,0.791015625,0.2481640625000014
104008,7,staged,10200,0.7666015625,0.2772265625000014
104008,7,staged,10400,0.7783203125,0.2628320312500014
104008,7,staged,10600,0.7626953125,0.2718945312500014
104008,7,staged,10800,0.810546875,0.2254101562500015
104008,7,staged,11000,0.8369140625,0.2084960937500013
104008,7,staged,11200,0.837890625,0.2026367187500013
104008,7,staged,11400,0.818359375,0.2157421875000013
104008,7,staged,11600,0.814453125,0.2340039062500013
104008,7,staged,11800,0.806640625,0.2221484375000013
104008,7,staged,12000,0.798828125,0.2355078125000015
104008,7,staged,12200,0.7890625,0.2510742187500015
104008,7,staged,12400,0.7744140625,0.2622851562500016
104008,7,staged,12600,0.7822265625,0.2487695312500015
104008,7,staged,12800,0.80078125,0.2341015625000013
104008,7,staged,13000,0.7919921875,0.2405664062500013
104008,7,staged,13200,0.7978515625,0.2552929687500017
104008,7,staged,13400,0.80078125,0.2336132812500013
104008,7,staged,13600,0.8173828125,0.2205273437500013
104008,7,staged,13800,0.7861328125,0.2538085937500015
104008,7,staged,14000,0.796875,0.2473437500000014
104008,7,staged,14200,0.828125,0.2095312500000016
104008,7,staged,14400,0.8193359375,0.2175585937500015
104008,7,staged,14600,0.7900390625,0.2442773437500015
104008,7,staged,14800,0.794921875,0.2495507812500011
104008,7,staged,15000,0.791015625,0.2535546875000012
104008,7,staged,15200,0.79296875,0.2389843750000012
104008,7,staged,15400,0.7919921875,0.2522265625000016
104008,7,staged,15600,0.787109375,0.2493750000000014
104008,7,staged,15800,0.810546875,0.2217773437500015
104008,7,staged,16000,0.796875,0.2386718750000015
104008,7,staged,16200,0.8017578125,0.2358007812500014
104008,7,staged,16400,0.7783203125,0.2578320312500014
104008,7,staged,16600,0.806640625,0.2326757812500013
104008,7,staged,16800,0.7587890625,0.2717382812500014
104008,7,staged,17000,0.79296875,0.2463281250000014
104008,7,staged,17200,0.7978515625,0.2428906250000013
104008,7,staged,17400,0.8193359375,0.2171679687500013
104008,7,staged,17600,0.8046875,0.2306835937500015
104008,7,staged,17800,0.796875,0.2381445312500016
104008,7,staged,18000,0.8251953125,0.2157226562500015
104008,7,staged,18200,0.826171875,0.2034179687500015
104008,7,staged,18400,0.802734375,0.2361328125000015
104008,7,staged,18600,0.78515625,0.2501367187500014
104008,7,staged,18800,0.787109375,0.2446484375000015
104008,7,staged,19000,0.8037109375,0.2382421875000014
104008,7,staged,19200,0.77734375,0.2525390625000013
104008,7,staged,19400,0.77734375,0.2633593750000015
104008,7,staged,19600,0.796875,0.2407031250000015
104008,7,staged,19800,0.7900390625,0.2458007812500014
104008,7,staged,20000,0.828125,0.2173046875000014
104008,8,staged,0,0.2421875,1.0
104008,8,staged,200,0.1884765625,0.8157421874999987
104008,8,staged,400,0.1357421875,0.8746679687499986
104008,8,staged,600,0.1396484375,0.8664843749999985
104008,8,staged,800,0.1357421875,0.869199218749999
104008,8,staged,1000,0.1279296875,0.8762304687499991
104008,8,staged,1200,0.1064453125,0.9009960937499994
104008,8,staged,1400,0.09765625,0.9091992187499992
104008,8,staged,1600,0.125,0.8790624999999995
104008,8,staged,1800,0.1005859375,0.9058007812499989
104008,8,staged,2000,0.1142578125,0.8931640624999989
104008,8,staged,2200,0.162109375,0.8492578124999994
104008,8,staged,2400,0.1845703125,0.8201953124999988
104008,8,staged,2600,0.234375,0.7809179687499991
104008,8,staged,2800,0.365234375,0.649238281249999
104008,8,staged,3000,0.3916015625,0.6261328124999993
104008,8,staged,3200,0.4716796875,0.5451953125000002
104008,8,staged,3400,0.564453125,0.4583203125000016
104008,8,staged,3600,0.65234375,0.3799218750000014
104008,8,staged,3800,0.671875,0.3563671875000016
104008,8,staged,4000,0.6845703125,0.3489648437500017
104008,8,staged,4200,0.7587890625,0.2755664062500015
104008,8,staged,4400,0.7353515625,0.2982031250000016
104008,8,staged,4600,0.7392578125,0.2923437500000015
104008,8,staged,4800,0.73828125,0.3039257812500014
104008,8,staged,5000,0.7578125,0.2896093750000017
104008,8,staged,5200,0.73046875,0.2986914062500015
104008,8,staged,5400,0.7197265625,0.3155273437500013
104008,8,staged,5600,0.73046875,0.3054687500000012
104008,8,staged,5800,0.740234375,0.3069335937500013
104008,8,staged,6000,0.7314453125,0.3084179687500016
104008,8,staged,6200,0.7529296875,0.2859765625000017
104008,8,staged,6400,0.7490234375,0.2882812500000016
104008,8,staged,6600,0.7294921875,0.3175390625000012
104008,8,staged,6800,0.7841796875,0.2518164062500015
104008,8,staged,7000,0.7568359375,0.2722460937500014
104008,8,staged,7200,0.71875,0.3187695312500015
104008,8,staged,7400,0.748046875,0.2895507812500013
104008,8,staged,7600,0.734375,0.3066601562500015
104008,8,staged,7800,0.75390625,0.2869140625000015
104008,8,staged,8000,0.7529296875,0.2866015625000014
104008,8,staged,8200,0.7470703125,0.2956640625000016
104008,8,staged,8400,0.7314453125,0.3053515625000017
104008,8,staged,8600,0.7138671875,0.3171679687500015
104008,8,staged,8800,0.7529296875,0.2925781250000016
104008,8,staged,9000,0.755859375,0.2807812500000018
104008,8,staged,9200,0.7177734375,0.3158203125000017
104008,8,staged,9400,0.748046875,0.2925000000000017
104008,8,staged,9600,0.7421875,0.3045117187500016
104008,8,staged,9800,0.748046875,0.2865429687500016
104008,8,staged,10000,0.7568359375,0.2820703125000013
104008,8,staged,10200,0.7099609375,0.3287500000000012
104008,8,staged,10400,0.712890625,0.3217968750000013
104008,8,staged,10600,0.701171875,0.3368750000000015
104008,8,staged,10800,0.7626953125,0.2779296875000015
104008,8,staged,11000,0.77734375,0.2609570312500015
104008,8,staged,11200,0.716796875,0.3172656250000014
104008,8,staged,11400,0.7177734375,0.3166796875000014
104008,8,staged,11600,0.7509765625,0.2833984375000012
104008,8,staged,11800,0.767578125,0.2761718750000015
104008,8,staged,12000,0.7490234375,0.2904101562500013
104008,8,staged,12200,0.7216796875,0.3068945312500013
104008,8,staged,12400,0.7587890625,0.2689648437500013
104008,8,staged,12600,0.765625,0.2804492187500014
104008,8,staged,12800,0.732421875,0.2993945312500015
104008,8,staged,13000,0.6982421875,0.3376367187500016
104008,8,staged,13200,0.783203125,0.2572656250000015
104008,8,staged,13400,0.7861328125,0.2637890625000017
104008,8,staged,13600,0.748046875,0.2855468750000014
104008,8,staged,13800,0.7529296875,0.2860351562500015
104008,8,staged,14000,0.763671875,0.2726171875000014
104008,8,staged,14200,0.7216796875,0.3163867187500014
104008,8,staged,14400,0.7451171875,0.2969531250000017
104008,8,staged,14600,0.7265625,0.3167773437500015
104008,8,staged,14800,0.779296875,0.2649414062500015
104008,8,staged,15000,0.7470703125,0.2846679687500014
104008,8,staged,15200,0.71875,0.3029296875000014
104008,8,staged,15400,0.7294921875,0.3059960937500017
104008,8,staged,15600,0.7294921875,0.2994726562500014
104008,8,staged,15800,0.7578125,0.2826757812500013
104008,8,staged,16000,0.7529296875,0.2836523437500013
104008,8,staged,16200,0.771484375,0.2691992187500015
104008,8,staged,16400,0.751953125,0.2918945312500014
104008,8,staged,16600,0.7958984375,0.2526171875000013
104008,8,staged,16800,0.744140625,0.3011718750000015
104008,8,staged,17000,0.7333984375,0.3058984375000014
104008,8,staged,17200,0.728515625,0.3189453125000016
104008,8,staged,17400,0.744140625,0.2929296875000013
104008,8,staged,17600,0.7138671875,0.3289257812500017
104008,8,staged,17800,0.74609375,0.2877539062500015
104008,8,staged,18000,0.7216796875,0.3128320312500015
104008,8,staged,18200,0.7275390625,0.3072265625000015
104008,8,staged,18400,0.7470703125,0.2871484375000014
104008,8,staged,18600,0.6865234375,0.3445507812500019
104008,8,staged,18800,0.7333984375,0.3034179687500018
104008,8,staged,19000,0.705078125,0.3383984375000015
104008,8,staged,19200,0.759765625,0.2749609375000014
104008,8,staged,19400,0.7470703125,0.2951367187500014
104008,8,staged,19600,0.7294921875,0.3111914062500015
104008,8,staged,19800,0.7822265625,0.2554687500000015
104008,8,staged,20000,0.732421875,0.3030664062500015
104009,7,earliest,0,0.2509765625,1.0
104009,7,earliest,200,0.3515625,0.652773437499999
104009,7,earliest,400,0.4287109375,0.5863867187500007
104009,7,earliest,600,0.4951171875,0.5188671875000007
104009,7,earliest,800,0.4951171875,0.5320117187500003
104009,7,earliest,1000,0.5517578125,0.4608789062500015
104009,7,earliest,1200,0.55078125,0.4746484375000015
104009,7,earliest,1400,0.5693359375,0.4612695312500017
104009,7,earliest,1600,0.634765625,0.3877148437500017
104009,7,earliest,1800,0.6318359375,0.4029296875000018
104009,7,earliest,2000,0.646484375,0.3803710937500016
104009,7,earliest,2200,0.625,0.3996484375000012
104009,7,earliest,2400,0.6943359375,0.3367382812500016
104009,7,earliest,2600,0.654296875,0.3726757812500015
104009,7,earliest,2800,0.6162109375,0.4116406250000016
104009,7,earliest,3000,0.677734375,0.3509570312500016
104009,7,earliest,3200,0.6640625,0.3593750000000013
104009,7,earliest,3400,0.7119140625,0.3231250000000014
104009,7,earliest,3600,0.6513671875,0.3802148437500016
104009,7,earliest,3800,0.6689453125,0.3524804687500014
104009,7,earliest,4000,0.6533203125,0.3722851562500015
104009,7,earliest,4200,0.6806640625,0.3441210937500017
104009,7,earliest,4400,0.6689453125,0.3659765625000012
104009,7,earliest,4600,0.6826171875,0.3547460937500018
104009,7,earliest,4800,0.7080078125,0.3165820312500016
104009,7,earliest,5000,0.681640625,0.3556640625000015
104009,7,earliest,5200,0.689453125,0.3333593750000017
104009,7,earliest,5400,0.6865234375,0.3488867187500016
104009,7,earliest,5600,0.6669921875,0.3631250000000014
104009,7,earliest,5800,0.703125,0.3309375000000013
104009,7,earliest,6000,0.6767578125,0.3501171875000015
104009,7,earliest,6200,0.69140625,0.3475390625000014
104009,7,earliest,6400,0.728515625,0.3040820312500013
104009,7,earliest,6600,0.779296875,0.2630468750000014
104009,7,earliest,6800,0.7109375,0.3240820312500015
104009,7,earliest,7000,0.71875,0.3214257812500016
104009,7,earliest,7200,0.6513671875,0.3792968750000015
104009,7,earliest,7400,0.71484375,0.3218945312500014
104009,7,earliest,7600,0.658203125,0.3645703125000016
104009,7,earliest,7800,0.703125,0.3339257812500016
104009,7,earliest,8000,0.71875,0.3219531250000018
104009,7,earliest,8200,0.7197265625,0.3073828125000016
104009,7,earliest,8400,0.7119140625,0.3317968750000016
104009,7,earliest,8600,0.6953125,0.3343164062500015
104009,7,earliest,8800,0.712890625,0.3280468750000016
104009,7,earliest,9000,0.6767578125,0.3568945312500014
104009,7,earliest,9200,0.677734375,0.3547265625000015
104009,7,earliest,9400,0.71484375,0.3257812500000015
104009,7,earliest,9600,0.662109375,0.3691796875000014
104009,7,earliest,9800,0.681640625,0.3580273437500015
104009,7,earliest,10000,0.6796875,0.3450000000000016
104009,7,earliest,10200,0.6728515625,0.3572460937500014
104009,7,earliest,10400,0.677734375,0.3531445312500015
104009,7,earliest,10600,0.681640625,0.3468164062500014
104009,7,earliest,10800,0.66796875,0.3591601562500015
104009,7,earliest,11000,0.697265625,0.3371289062500013
104009,7,earliest,11200,0.70703125,0.3247265625000013
104009,7,earliest,11400,0.7041015625,0.3270703125000014
104009,7,earliest,11600,0.6923828125,0.3336718750000015
104009,7,earliest,11800,0.6904296875,0.3364257812500014
104009,7,earliest,12000,0.7021484375,0.3307031250000013
104009,7,earliest,12200,0.7197265625,0.3011718750000013
104009,7,earliest,12400,0.69921875,0.3258789062500013
104009,7,earliest,12600,0.6591796875,0.3736718750000017
104009,7,earliest,12800,0.6796875,0.3518945312500017
104009,7,earliest,13000,0.7119140625,0.3215820312500017
104009,7,earliest,13200,0.7060546875,0.3356835937500016
104009,7,earliest,13400,0.7275390625,0.3113867187500017
104009,7,earliest,13600,0.7412109375,0.2954882812500013
104009,7,earliest,13800,0.685546875,0.3448046875000014
104009,7,earliest,14000,0.7197265625,0.3162695312500015
104009,7,earliest,14200,0.6640625,0.3676171875000016
104009,7,earliest,14400,0.6875,0.3388476562500014
104009,7,earliest,14600,0.7099609375,0.3255859375000015
104009,7,earliest,14800,0.7080078125,0.3303710937500016
104009,7,earliest,15000,0.6630859375,0.3707617187500016
104009,7,earliest,15200,0.7001953125,0.3292578125000013
104009,7,earliest,15400,0.71875,0.3107617187500014
104009,7,earliest,15600,0.7568359375,0.2783593750000012
104009,7,earliest,15800,0.6826171875,0.3548242187500014
104009,7,earliest,16000,0.66015625,0.3585546875000014
104009,7,earliest,16200,0.7138671875,0.3174804687500015
104009,7,earliest,16400,0.6982421875,0.3429101562500016
104009,7,earliest,16600,0.734375,0.3021289062500017
104009,7,earliest,16800,0.76171875,0.2646679687500014
104009,7,earliest,17000,0.6875,0.3430078125000016
104009,7,earliest,17200,0.75,0.2873242187500013
104009,7,earliest,17400,0.73046875,0.2979882812500016
104009,7,earliest,17600,0.66796875,0.3593164062500017
104009,7,earliest,17800,0.7353515625,0.3008398437500018
104009,7,earliest,18000,0.708984375,0.3170898437500014
104009,7,earliest,18200,0.7080078125,0.3273828125000013
104009,7,earliest,18400,0.69140625,0.3409570312500016
104009,7,earliest,18600,0.703125,0.3228320312500014
104009,7,earliest,18800,0.7158203125,0.3135546875000015
104009,7,earliest,19000,0.6943359375,0.3322070312500016
104009,7,earliest,19200,0.7119140625,0.3180859375000016
104009,7,earliest,19400,0.7412109375,0.2952929687500013
104009,7,earliest,19600,0.712890625,0.3199804687500015
104009,7,earliest,19800,0.685546875,0.3459375000000017
104009,7,earliest,20000,0.7255859375,0.3104882812500015
104009,8,earliest,0,0.2509765625,1.0
104009,8,earliest,200,0.236328125,0.7709960937499981
104009,8,earliest,400,0.1640625,0.8452343749999992
104009,8,earliest,600,0.1328125,0.8777539062499992
104009,8,earliest,800,0.111328125,0.8970898437499991
104009,8,earliest,1000,0.1123046875,0.8927539062499987
104009,8,earliest,1200,0.0947265625,0.9149414062499994
104009,8,earliest,1400,0.0849609375,0.9221289062499992
104009,8,earliest,1600,0.107421875,0.9008203124999992
104009,8,earliest,1800,0.091796875,0.914863281249999
104009,8,earliest,2000,0.0830078125,0.925253906249999
104009,8,earliest,2200,0.091796875,0.9145117187499988
104009,8,earliest,2400,0.1357421875,0.8694335937499985
104009,8,earliest,2600,0.1474609375,0.8611132812499982
104009,8,earliest,2800,0.1728515625,0.8309374999999981
104009,8,earliest,3000,0.3046875,0.7077734374999977
104009,8,earliest,3200,0.3232421875,0.6910156249999991
104009,8,earliest,3400,0.3681640625,0.6467578124999978
104009,8,earliest,3600,0.4150390625,0.6049804687499994
104009,8,earliest,3800,0.4638671875,0.5675976562499996
104009,8,earliest,4000,0.5810546875,0.4324023437500013
104009,8,earliest,4200,0.5927734375,0.4308984375000014
104009,8,earliest,4400,0.6240234375,0.4029296875000015
104009,8,earliest,4600,0.697265625,0.3407031250000015
104009,8,earliest,4800,0.640625,0.3874218750000015
104009,8,earliest,5000,0.6337890625,0.3966210937500014
104009,8,earliest,5200,0.6669921875,0.3683984375000014
104009,8,earliest,5400,0.6513671875,0.3757617187500016
104009,8,earliest,5600,0.6455078125,0.3909179687500014
104009,8,earliest,5800,0.6435546875,0.3790429687500017
104009,8,earliest,6000,0.638671875,0.4029687500000014
104009,8,earliest,6200,0.6689453125,0.3599609375000013
104009,8,earliest,6400,0.6650390625,0.3588281250000015
104009,8,earliest,6600,0.6611328125,0.3822851562500015
104009,8,earliest,6800,0.6787109375,0.3613671875000016
104009,8,earliest,7000,0.611328125,0.4140039062500014
104009,8,earliest,7200,0.65234375,0.3874218750000015
104009,8,earliest,7400,0.6669921875,0.3659960937500016
104009,8,earliest,7600,0.705078125,0.3432031250000017
104009,8,earliest,7800,0.7060546875,0.3369531250000015
104009,8,earliest,8000,0.6669921875,0.3814648437500017
104009,8,earliest,8200,0.623046875,0.4050781250000015
104009,8,earliest,8400,0.6787109375,0.3553515625000016
104009,8,earliest,8600,0.68359375,0.3515234375000013
104009,8,earliest,8800,0.6396484375,0.3966601562500016
104009,8,earliest,9000,0.591796875,0.4373828125000016
104009,8,earliest,9200,0.6748046875,0.3634570312500017
104009,8,earliest,9400,0.708984375,0.3223046875000018
104009,8,earliest,9600,0.6708984375,0.3611328125000015
104009,8,earliest,9800,0.7060546875,0.3389062500000016
104009,8,earliest,10000,0.6884765625,0.3486718750000015
104009,8,earliest,10200,0.7080078125,0.3263281250000012
104009,8,earliest,10400,0.6416015625,0.3938476562500015
104009,8,earliest,10600,0.6884765625,0.3446289062500016
104009,8,earliest,10800,0.673828125,0.3630273437500014
104009,8,earliest,11000,0.6728515625,0.3610156250000016
104009,8,earliest,11200,0.6123046875,0.4189062500000015
104009,8,earliest,11400,0.638671875,0.3916601562500014
104009,8,earliest,11600,0.673828125,0.3638476562500018
104009,8,earliest,11800,0.697265625,0.3442968750000017
104009,8,earliest,12000,0.62890625,0.3944335937500014
104009,8,earliest,12200,0.6494140625,0.3828125000000016
104009,8,earliest,12400,0.6826171875,0.3566796875000015
104009,8,earliest,12600,0.6796875,0.3550585937500017
104009,8,earliest,12800,0.720703125,0.3149023437500014
104009,8,earliest,13000,0.7119140625,0.3233007812500018
104009,8,earliest,13200,0.6650390625,0.3658789062500014
104009,8,earliest,13400,0.638671875,0.3859765625000017
104009,8,earliest,13600,0.6318359375,0.3954687500000013
104009,8,earliest,13800,0.67578125,0.3471875000000015
104009,8,earliest,14000,0.673828125,0.3627734375000019
104009,8,earliest,14200,0.7021484375,0.3417773437500016
104009,8,earliest,14400,0.7119140625,0.3280273437500017
104009,8,earliest,14600,0.6962890625,0.3388085937500018
104009,8,earliest,14800,0.6884765625,0.3414062500000018
104009,8,earliest,15000,0.708984375,0.3356054687500017
104009,8,earliest,15200,0.732421875,0.3110742187500016
104009,8,earliest,15400,0.6806640625,0.3551562500000018
104009,8,earliest,15600,0.65625,0.3737304687500019
104009,8,earliest,15800,0.669921875,0.3599023437500015
104009,8,earliest,16000,0.67578125,0.3618945312500018
104009,8,earliest,16200,0.64453125,0.3886328125000013
104009,8,earliest,16400,0.6953125,0.3419921875000015
104009,8,earliest,16600,0.720703125,0.3213281250000013
104009,8,earliest,16800,0.6669921875,0.3644531250000015
104009,8,earliest,17000,0.65625,0.3735742187500015
104009,8,earliest,17200,0.6572265625,0.3844921875000016
104009,8,earliest,17400,0.6318359375,0.3942578125000015
104009,8,earliest,17600,0.6552734375,0.3863281250000015
104009,8,earliest,17800,0.662109375,0.3778906250000015
104009,8,earliest,18000,0.6953125,0.3388476562500017
104009,8,earliest,18200,0.6708984375,0.3603710937500018
104009,8,earliest,18400,0.669921875,0.3635351562500014
104009,8,earliest,18600,0.6689453125,0.3723632812500019
104009,8,earliest,18800,0.6435546875,0.3879492187500018
104009,8,earliest,19000,0.650390625,0.3975976562500018
104009,8,earliest,19200,0.66015625,0.3665625000000015
104009,8,earliest,19400,0.69140625,0.3498828125000016
104009,8,earliest,19600,0.68359375,0.3486328125000018
104009,8,earliest,19800,0.6552734375,0.3750390625000016
104009,8,earliest,20000,0.65625,0.3757226562500012
104009,7,staged,0,0.2509765625,1.0
104009,7,staged,200,0.3369140625,0.6688476562499976
104009,7,staged,400,0.369140625,0.6474023437499983
104009,7,staged,600,0.4990234375,0.5215820312500009
104009,7,staged,800,0.529296875,0.4883789062500014
104009,7,staged,1000,0.6064453125,0.4258398437500013
104009,7,staged,1200,0.6826171875,0.3424609375000016
104009,7,staged,1400,0.736328125,0.3033007812500014
104009,7,staged,1600,0.701171875,0.3262109375000015
104009,7,staged,1800,0.7255859375,0.3017382812500012
104009,7,staged,2000,0.7294921875,0.3073632812500014
104009,7,staged,2200,0.73046875,0.2953125000000014
104009,7,staged,2400,0.7177734375,0.3058203125000014
104009,7,staged,2600,0.75,0.2838281250000014
104009,7,staged,2800,0.72265625,0.3091210937500015
104009,7,staged,3000,0.728515625,0.2932421875000013
104009,7,staged,3200,0.7431640625,0.2902343750000016
104009,7,staged,3400,0.783203125,0.2656640625000016
104009,7,staged,3600,0.7373046875,0.2969531250000014
104009,7,staged,3800,0.7578125,0.2810351562500014
104009,7,staged,4000,0.75,0.2890820312500016
104009,7,staged,4200,0.6845703125,0.3404492187500017
104009,7,staged,4400,0.7333984375,0.2969335937500016
104009,7,staged,4600,0.72265625,0.3094335937500015
104009,7,staged,4800,0.7265625,0.3045507812500019
104009,7,staged,5000,0.728515625,0.2988476562500017
104009,7,staged,5200,0.7373046875,0.2897070312500017
104009,7,staged,5400,0.7587890625,0.2761132812500015
104009,7,staged,5600,0.7216796875,0.3097851562500015
104009,7,staged,5800,0.77734375,0.2563867187500016
104009,7,staged,6000,0.7744140625,0.2756445312500014
104009,7,staged,6200,0.7646484375,0.2664062500000014
104009,7,staged,6400,0.7978515625,0.2449218750000013
104009,7,staged,6600,0.8056640625,0.2410742187500014
104009,7,staged,6800,0.7978515625,0.2412500000000013
104009,7,staged,7000,0.7734375,0.2648632812500013
104009,7,staged,7200,0.7880859375,0.2494726562500014
104009,7,staged,7400,0.7939453125,0.2454101562500013
104009,7,staged,7600,0.751953125,0.2714453125000013
104009,7,staged,7800,0.8046875,0.2311914062500015
104009,7,staged,8000,0.73828125,0.2916210937500016
104009,7,staged,8200,0.7880859375,0.2544726562500017
104009,7,staged,8400,0.7783203125,0.2655468750000015
104009,7,staged,8600,0.78125,0.2539453125000015
104009,7,staged,8800,0.783203125,0.2488476562500013
104009,7,staged,9000,0.8076171875,0.2372656250000015
104009,7,staged,9200,0.8232421875,0.2181250000000014
104009,7,staged,9400,0.796875,0.2453320312500014
104009,7,staged,9600,0.7978515625,0.2477539062500013
104009,7,staged,9800,0.78125,0.2719140625000015
104009,7,staged,10000,0.78125,0.2643945312500014
104009,7,staged,10200,0.7900390625,0.2496875000000015
104009,7,staged,10400,0.787109375,0.2518554687500015
104009,7,staged,10600,0.791015625,0.2440429687500016
104009,7,staged,10800,0.8046875,0.2364062500000013
104009,7,staged,11000,0.8017578125,0.2349609375000011
104009,7,staged,11200,0.77734375,0.2630859375000013
104009,7,staged,11400,0.8125,0.2266210937500012
104009,7,staged,11600,0.78125,0.2570703125000015
104009,7,staged,11800,0.822265625,0.2122070312500014
104009,7,staged,12000,0.787109375,0.2494921875000015
104009,7,staged,12200,0.787109375,0.2496875000000015
104009,7,staged,12400,0.791015625,0.2503906250000015
104009,7,staged,12600,0.8037109375,0.2294726562500013
104009,7,staged,12800,0.7880859375,0.2488476562500014
104009,7,staged,13000,0.8173828125,0.2266992187500014
104009,7,staged,13200,0.802734375,0.2354492187500016
104009,7,staged,13400,0.796875,0.2340429687500015
104009,7,staged,13600,0.794921875,0.2462695312500014
104009,7,staged,13800,0.7685546875,0.2609375000000014
104009,7,staged,14000,0.8203125,0.2214648437500013
104009,7,staged,14200,0.794921875,0.2416601562500014
104009,7,staged,14400,0.7998046875,0.2372460937500013
104009,7,staged,14600,0.80859375,0.2286914062500015
104009,7,staged,14800,0.8095703125,0.2242187500000014
104009,7,staged,15000,0.8056640625,0.2416015625000015
104009,7,staged,15200,0.8017578125,0.2358984375000013
104009,7,staged,15400,0.7939453125,0.2427929687500016
104009,7,staged,15600,0.8115234375,0.2236328125000015
104009,7,staged,15800,0.7939453125,0.2504296875000015
104009,7,staged,16000,0.7783203125,0.2582031250000015
104009,7,staged,16200,0.794921875,0.2416210937500013
104009,7,staged,16400,0.7880859375,0.2505664062500015
104009,7,staged,16600,0.802734375,0.2386718750000014
104009,7,staged,16800,0.8232421875,0.2201757812500013
104009,7,staged,17000,0.7705078125,0.2587695312500015
104009,7,staged,17200,0.8037109375,0.2315625000000013
104009,7,staged,17400,0.806640625,0.2327343750000013
104009,7,staged,17600,0.833984375,0.2118554687500012
104009,7,staged,17800,0.8037109375,0.2290429687500015
104009,7,staged,18000,0.7880859375,0.2385742187500013
104009,7,staged,18200,0.79296875,0.2367578125000015
104009,7,staged,18400,0.783203125,0.2557031250000013
104009,7,staged,18600,0.7919921875,0.2442382812500013
104009,7,staged,18800,0.7978515625,0.2321875000000014
104009,7,staged,19000,0.80078125,0.2325000000000014
104009,7,staged,19200,0.7958984375,0.2436914062500015
104009,7,staged,19400,0.8076171875,0.2385156250000014
104009,7,staged,19600,0.7685546875,0.2593554687500013
104009,7,staged,19800,0.7841796875,0.2588281250000013
104009,7,staged,20000,0.76953125,0.2656445312500014
104009,8,staged,0,0.2509765625,1.0
104009,8,staged,200,0.205078125,0.7992382812499987
104009,8,staged,400,0.140625,0.8685156249999991
104009,8,staged,600,0.107421875,0.8934179687499993
104009,8,staged,800,0.1103515625,0.9011328124999994
104009,8,staged,1000,0.11328125,0.8968749999999993
104009,8,staged,1200,0.10546875,0.9007031249999997
104009,8,staged,1400,0.109375,0.8964453124999999
104009,8,staged,1600,0.1015625,0.9036132812499996
104009,8,staged,1800,0.1005859375,0.9020703124999992
104009,8,staged,2000,0.107421875,0.8952343749999994
104009,8,staged,2200,0.09765625,0.9071484374999992
104009,8,staged,2400,0.1494140625,0.8588281249999993
104009,8,staged,2600,0.1708984375,0.8348046874999993
104009,8,staged,2800,0.1904296875,0.8213671874999987
104009,8,staged,3000,0.2646484375,0.7524023437499993
104009,8,staged,3200,0.3193359375,0.7037499999999992
104009,8,staged,3400,0.3271484375,0.6921679687499995
104009,8,staged,3600,0.416015625,0.5962304687499995
104009,8,staged,3800,0.46484375,0.5497656250000003
104009,8,staged,4000,0.5146484375,0.5161523437500009
104009,8,staged,4200,0.5830078125,0.4460742187500015
104009,8,staged,4400,0.6689453125,0.3636718750000019
104009,8,staged,4600,0.666015625,0.3671289062500015
104009,8,staged,4800,0.708984375,0.3297265625000017
104009,8,staged,5000,0.67578125,0.3506250000000015
104009,8,staged,5200,0.7177734375,0.3230273437500015
104009,8,staged,5400,0.7138671875,0.3211523437500018
104009,8,staged,5600,0.7080078125,0.3268164062500014
104009,8,staged,5800,0.767578125,0.2726171875000014
104009,8,staged,6000,0.73828125,0.3050195312500015
104009,8,staged,6200,0.748046875,0.2818750000000012
104009,8,staged,6400,0.7568359375,0.2916210937500015
104009,8,staged,6600,0.7294921875,0.3004492187500013
104009,8,staged,6800,0.7216796875,0.3223437500000014
104009,8,staged,7000,0.7666015625,0.2748046875000014
104009,8,staged,7200,0.736328125,0.3154296875000016
104009,8,staged,7400,0.7392578125,0.3000781250000018
104009,8,staged,7600,0.740234375,0.2946289062500015
104009,8,staged,7800,0.7255859375,0.3197070312500016
104009,8,staged,8000,0.763671875,0.2869335937500013
104009,8,staged,8200,0.7431640625,0.2962890625000017
104009,8,staged,8400,0.7392578125,0.3045117187500014
104009,8,staged,8600,0.7138671875,0.3246875000000017
104009,8,staged,8800,0.716796875,0.3209375000000014
104009,8,staged,9000,0.7568359375,0.2778710937500014
104009,8,staged,9200,0.763671875,0.2852734375000013
104009,8,staged,9400,0.794921875,0.2497656250000014
104009,8,staged,9600,0.755859375,0.2943554687500018
104009,8,staged,9800,0.7333984375,0.3103515625000015
104009,8,staged,10000,0.724609375,0.3161914062500014
104009,8,staged,10200,0.755859375,0.2816601562500016
104009,8,staged,10400,0.7529296875,0.2738085937500014
104009,8,staged,10600,0.7626953125,0.2773046875000014
104009,8,staged,10800,0.73828125,0.3034570312500017
104009,8,staged,11000,0.74609375,0.2929687500000016
104009,8,staged,11200,0.763671875,0.2700781250000013
104009,8,staged,11400,0.7373046875,0.2996484375000014
104009,8,staged,11600,0.720703125,0.3127734375000017
104009,8,staged,11800,0.720703125,0.3253710937500012
104009,8,staged,12000,0.78125,0.2680664062500015
104009,8,staged,12200,0.7666015625,0.2724804687500013
104009,8,staged,12400,0.7646484375,0.2769335937500015
104009,8,staged,12600,0.7646484375,0.2763085937500016
104009,8,staged,12800,0.7587890625,0.2832812500000017
104009,8,staged,13000,0.7646484375,0.2719921875000018
104009,8,staged,13200,0.7705078125,0.2723828125000014
104009,8,staged,13400,0.77734375,0.2639453125000013
104009,8,staged,13600,0.7919921875,0.2538476562500012
104009,8,staged,13800,0.7646484375,0.2714257812500015
104009,8,staged,14000,0.7578125,0.2783203125000016
104009,8,staged,14200,0.779296875,0.2573046875000013
104009,8,staged,14400,0.7431640625,0.2948632812500015
104009,8,staged,14600,0.728515625,0.3103515625000017
104009,8,staged,14800,0.75,0.2902929687500016
104009,8,staged,15000,0.7685546875,0.2727734375000015
104009,8,staged,15200,0.7333984375,0.2985156250000014
104009,8,staged,15400,0.74609375,0.2827734375000015
104009,8,staged,15600,0.7470703125,0.2941406250000019
104009,8,staged,15800,0.748046875,0.2974609375000018
104009,8,staged,16000,0.697265625,0.3308789062500015
104009,8,staged,16200,0.7802734375,0.2620117187500016
104009,8,staged,16400,0.763671875,0.2817578125000016
104009,8,staged,16600,0.771484375,0.2713476562500014
104009,8,staged,16800,0.7861328125,0.2669335937500013
104009,8,staged,17000,0.7802734375,0.2688476562500016
104009,8,staged,17200,0.7890625,0.2562304687500014
104009,8,staged,17400,0.7919921875,0.2560937500000013
104009,8,staged,17600,0.7919921875,0.2519335937500016
104009,8,staged,17800,0.7783203125,0.2630859375000014
104009,8,staged,18000,0.7568359375,0.2745117187500018
104009,8,staged,18200,0.7705078125,0.2630078125000016
104009,8,staged,18400,0.779296875,0.2623046875000015
104009,8,staged,18600,0.7890625,0.2627929687500015
104009,8,staged,18800,0.751953125,0.2892578125000012
104009,8,staged,19000,0.7470703125,0.2847656250000014
104009,8,staged,19200,0.7646484375,0.2774414062500014
104009,8,staged,19400,0.755859375,0.2680078125000014
104009,8,staged,19600,0.7236328125,0.3150195312500012
104009,8,staged,19800,0.7255859375,0.3102343750000015
104009,8,staged,20000,0.720703125,0.3245898437500018
104010,7,earliest,0,0.2548828125,1.0
104010,7,earliest,200,0.369140625,0.6406835937499992
104010,7,earliest,400,0.4521484375,0.5725000000000001
104010,7,earliest,600,0.4990234375,0.5215429687500006
104010,7,earliest,800,0.5390625,0.4915820312500013
104010,7,earliest,1000,0.5693359375,0.4549218750000014
104010,7,earliest,1200,0.677734375,0.3371093750000014
104010,7,earliest,1400,0.6044921875,0.4285546875000014
104010,7,earliest,1600,0.6162109375,0.4170507812500017
104010,7,earliest,1800,0.6533203125,0.3832226562500013
104010,7,earliest,2000,0.685546875,0.3403710937500016
104010,7,earliest,2200,0.7216796875,0.3184960937500015
104010,7,earliest,2400,0.6923828125,0.3445117187500014
104010,7,earliest,2600,0.7109375,0.3191210937500014
104010,7,earliest,2800,0.6806640625,0.3568164062500014
104010,7,earliest,3000,0.7177734375,0.3205664062500016
104010,7,earliest,3200,0.7255859375,0.3018164062500016
104010,7,earliest,3400,0.6904296875,0.3367187500000016
104010,7,earliest,3600,0.72265625,0.3063085937500015
104010,7,earliest,3800,0.7392578125,0.3050000000000018
104010,7,earliest,4000,0.7109375,0.3212304687500016
104010,7,earliest,4200,0.7138671875,0.3192382812500014
104010,7,earliest,4400,0.7294921875,0.2897460937500015
104010,7,earliest,4600,0.703125,0.3308398437500015
104010,7,earliest,4800,0.69921875,0.3403710937500015
104010,7,earliest,5000,0.68359375,0.3491210937500013
104010,7,earliest,5200,0.6611328125,0.3774023437500017
104010,7,earliest,5400,0.599609375,0.4232421875000016
104010,7,earliest,5600,0.646484375,0.3638085937500015
104010,7,earliest,5800,0.6962890625,0.3415625000000015
104010,7,earliest,6000,0.7099609375,0.3158007812500015
104010,7,earliest,6200,0.6982421875,0.3420703125000015
104010,7,earliest,6400,0.671875,0.3584765625000015
104010,7,earliest,6600,0.6689453125,0.3605664062500015
104010,7,earliest,6800,0.708984375,0.3256445312500016
104010,7,earliest,7000,0.6982421875,0.3268554687500013
104010,7,earliest,7200,0.6953125,0.3451757812500015
104010,7,earliest,7400,0.71484375,0.3239453125000015
104010,7,earliest,7600,0.6767578125,0.3506445312500015
104010,7,earliest,7800,0.685546875,0.3389843750000016
104010,7,earliest,8000,0.6943359375,0.3394921875000015
104010,7,earliest,8200,0.66796875,0.3675585937500015
104010,7,earliest,8400,0.6787109375,0.3485742187500014
104010,7,earliest,8600,0.703125,0.3269140625000016
104010,7,earliest,8800,0.7109375,0.3242773437500016
104010,7,earliest,9000,0.6630859375,0.3635742187500015
104010,7,earliest,9200,0.6728515625,0.3555859375000018
104010,7,earliest,9400,0.666015625,0.3568359375000018
104010,7,earliest,9600,0.677734375,0.3476562500000015
104010,7,earliest,9800,0.6064453125,0.4145898437500015
104010,7,earliest,10000,0.6494140625,0.3764648437500016
104010,7,earliest,10200,0.720703125,0.3085937500000018
104010,7,earliest,10400,0.6396484375,0.3886523437500013
104010,7,earliest,10600,0.6953125,0.3334765625000014
104010,7,earliest,10800,0.7080078125,0.3291406250000014
104010,7,earliest,11000,0.7255859375,0.3013476562500015
104010,7,earliest,11200,0.6357421875,0.3792968750000017
104010,7,earliest,11400,0.658203125,0.3710351562500017
104010,7,earliest,11600,0.673828125,0.3583789062500014
104010,7,earliest,11800,0.7216796875,0.3081054687500013
104010,7,earliest,12000,0.6884765625,0.3386523437500015
104010,7,earliest,12200,0.72265625,0.2971484375000015
104010,7,earliest,12400,0.71484375,0.3224414062500015
104010,7,earliest,12600,0.7421875,0.2896679687500015
104010,7,earliest,12800,0.65234375,0.3728125000000016
104010,7,earliest,13000,0.748046875,0.2861914062500013
104010,7,earliest,13200,0.716796875,0.3182031250000017
104010,7,earliest,13400,0.7060546875,0.3224023437500014
104010,7,earliest,13600,0.705078125,0.3227343750000014
104010,7,earliest,13800,0.701171875,0.3225195312500014
104010,7,earliest,14000,0.71875,0.3189843750000016
104010,7,earliest,14200,0.740234375,0.2950195312500015
104010,7,earliest,14400,0.7470703125,0.2851562500000017
104010,7,earliest,14600,0.6748046875,0.3457617187500015
104010,7,earliest,14800,0.7177734375,0.3106054687500017
104010,7,earliest,15000,0.732421875,0.3049023437500015
104010,7,earliest,15200,0.703125,0.3314257812500018
104010,7,earliest,15400,0.693359375,0.3426562500000016
104010,7,earliest,15600,0.6650390625,0.3683203125000016
104010,7,earliest,15800,0.73046875,0.3017968750000013
104010,7,earliest,16000,0.72265625,0.3135937500000015
104010,7,earliest,16200,0.7109375,0.3128125000000015
104010,7,earliest,16400,0.69140625,0.3445898437500014
104010,7,earliest,16600,0.7177734375,0.3199218750000016
104010,7,earliest,16800,0.6689453125,0.3599609375000017
104010,7,earliest,17000,0.7216796875,0.3149414062500013
104010,7,earliest,17200,0.705078125,0.3219921875000015
104010,7,earliest,17400,0.7060546875,0.3346484375000017
104010,7,earliest,17600,0.689453125,0.3366992187500013
104010,7,earliest,17800,0.689453125,0.3498632812500014
104010,7,earliest,18000,0.748046875,0.2842968750000013
104010,7,earliest,18200,0.7255859375,0.2996875000000016
104010,7,earliest,18400,0.705078125,0.3266210937500015
104010,7,earliest,18600,0.7041015625,0.3275976562500014
104010,7,earliest,18800,0.7529296875,0.2893945312500016
104010,7,earliest,19000,0.7626953125,0.2739648437500015
104010,7,earliest,19200,0.728515625,0.3106835937500015
104010,7,earliest,19400,0.734375,0.2957812500000014
104010,7,earliest,19600,0.75390625,0.2869726562500016
104010,7,earliest,19800,0.71484375,0.3206640625000017
104010,7,earliest,20000,0.728515625,0.3008398437500015
104010,8,earliest,0,0.2548828125,1.0
104010,8,earliest,200,0.205078125,0.8070507812499979
104010,8,earliest,400,0.134765625,0.8709374999999989
104010,8,earliest,600,0.15625,0.8550781249999992
104010,8,earliest,800,0.1416015625,0.8653124999999996
104010,8,earliest,1000,0.1572265625,0.8535742187499991
104010,8,earliest,1200,0.1474609375,0.8630664062499992
104010,8,earliest,1400,0.130859375,0.8766601562499994
104010,8,earliest,1600,0.1171875,0.8911328124999994
104010,8,earliest,1800,0.1767578125,0.82462890625
104010,8,earliest,2000,0.16015625,0.8541406249999995
104010,8,earliest,2200,0.2119140625,0.7957421874999993
104010,8,earliest,2400,0.2802734375,0.7323046874999991
104010,8,earliest,2600,0.365234375,0.6535351562499995
104010,8,earliest,2800,0.4443359375,0.5791601562500003
104010,8,earliest,3000,0.4990234375,0.5201757812500013
104010,8,earliest,3200,0.576171875,0.4492578125000016
104010,8,earliest,3400,0.576171875,0.4413085937500016
104010,8,earliest,3600,0.5947265625,0.4325195312500017
104010,8,earliest,3800,0.6240234375,0.4085156250000014
104010,8,earliest,4000,0.662109375,0.3641992187500016
104010,8,earliest,4200,0.6748046875,0.3488867187500018
104010,8,earliest,4400,0.6474609375,0.3830078125000016
104010,8,earliest,4600,0.66015625,0.3721093750000014
104010,8,earliest,4800,0.701171875,0.3310351562500015
104010,8,earliest,5000,0.7001953125,0.3311328125000017
104010,8,earliest,5200,0.6875,0.3432617187500016
104010,8,earliest,5400,0.701171875,0.3410937500000016
104010,8,earliest,5600,0.73046875,0.3083203125000015
104010,8,earliest,5800,0.7060546875,0.3338281250000017
104010,8,earliest,6000,0.7314453125,0.3174609375000015
104010,8,earliest,6200,0.6953125,0.3488867187500013
104010,8,earliest,6400,0.7021484375,0.3301367187500015
104010,8,earliest,6600,0.6865234375,0.3450585937500017
104010,8,earliest,6800,0.7529296875,0.2857031250000015
104010,8,earliest,7000,0.740234375,0.3067578125000015
104010,8,earliest,7200,0.7421875,0.2932812500000013
104010,8,earliest,7400,0.73828125,0.2861718750000015
104010,8,earliest,7600,0.71875,0.3113085937500016
104010,8,earliest,7800,0.724609375,0.3150781250000017
104010,8,earliest,8000,0.7021484375,0.3383789062500014
104010,8,earliest,8200,0.712890625,0.3181250000000015
104010,8,earliest,8400,0.6923828125,0.3346093750000014
104010,8,earliest,8600,0.7373046875,0.3023046875000014
104010,8,earliest,8800,0.7392578125,0.3095703125000015
104010,8,earliest,9000,0.7138671875,0.3250976562500015
104010,8,earliest,9200,0.66796875,0.3637304687500014
104010,8,earliest,9400,0.681640625,0.3528320312500015
104010,8,earliest,9600,0.7294921875,0.3163281250000013
104010,8,earliest,9800,0.7041015625,0.3296679687500018
104010,8,earliest,10000,0.7265625,0.3131640625000019
104010,8,earliest,10200,0.693359375,0.3441601562500015
104010,8,earliest,10400,0.6611328125,0.3703125000000016
104010,8,earliest,10600,0.6650390625,0.3644140625000014
104010,8,earliest,10800,0.634765625,0.3942382812500016
104010,8,earliest,11000,0.677734375,0.3538476562500015
104010,8,earliest,11200,0.7001953125,0.3376953125000016
104010,8,earliest,11400,0.70703125,0.3257421875000015
104010,8,earliest,11600,0.7333984375,0.3009765625000015
104010,8,earliest,11800,0.7197265625,0.3065625000000014
104010,8,earliest,12000,0.7314453125,0.3015625000000014
104010,8,earliest,12200,0.72265625,0.3019140625000016
104010,8,earliest,12400,0.701171875,0.3285351562500012
104010,8,earliest,12600,0.7353515625,0.3033984375000016
104010,8,earliest,12800,0.693359375,0.3338671875000014
104010,8,earliest,13000,0.7255859375,0.3169921875000016
104010,8,earliest,13200,0.7177734375,0.3127148437500016
104010,8,earliest,13400,0.7109375,0.3230859375000014
104010,8,earliest,13600,0.6904296875,0.3459765625000017
104010,8,earliest,13800,0.708984375,0.3280468750000012
104010,8,earliest,14000,0.7080078125,0.3356640625000014
104010,8,earliest,14200,0.7001953125,0.3371875000000013
104010,8,earliest,14400,0.6943359375,0.3333007812500014
104010,8,earliest,14600,0.7451171875,0.2917187500000014
104010,8,earliest,14800,0.7255859375,0.3108984375000015
104010,8,earliest,15000,0.6923828125,0.3425195312500016
104010,8,earliest,15200,0.6904296875,0.3438867187500017
104010,8,earliest,15400,0.7294921875,0.3054101562500016
104010,8,earliest,15600,0.6787109375,0.3599218750000016
104010,8,earliest,15800,0.716796875,0.3222460937500016
104010,8,earliest,16000,0.712890625,0.3245117187500016
104010,8,earliest,16200,0.673828125,0.3614062500000015
104010,8,earliest,16400,0.6865234375,0.3448828125000019
104010,8,earliest,16600,0.7412109375,0.2999609375000018
104010,8,earliest,16800,0.7392578125,0.3032031250000017
104010,8,earliest,17000,0.681640625,0.3474609375000017
104010,8,earliest,17200,0.703125,0.3303320312500012
104010,8,earliest,17400,0.732421875,0.3043359375000016
104010,8,earliest,17600,0.69921875,0.3362304687500014
104010,8,earliest,17800,0.68359375,0.3471679687500016
104010,8,earliest,18000,0.6884765625,0.3442578125000015
104010,8,earliest,18200,0.7099609375,0.3165429687500015
104010,8,earliest,18400,0.75,0.2883984375000016
104010,8,earliest,18600,0.6923828125,0.3403906250000017
104010,8,earliest,18800,0.71484375,0.3049609375000019
104010,8,earliest,19000,0.7294921875,0.3062695312500015
104010,8,earliest,19200,0.705078125,0.3271875000000016
104010,8,earliest,19400,0.677734375,0.3589062500000014
104010,8,earliest,19600,0.6875,0.3525000000000017
104010,8,earliest,19800,0.7158203125,0.3228515625000014
104010,8,earliest,20000,0.7353515625,0.3085156250000015
104010,7,staged,0,0.2548828125,1.0
104010,7,staged,200,0.3642578125,0.6459960937499986
104010,7,staged,400,0.3857421875,0.6243945312499998
104010,7,staged,600,0.45703125,0.56548828125
104010,7,staged,800,0.58984375,0.4375195312500013
104010,7,staged,1000,0.6357421875,0.3877539062500012
104010,7,staged,1200,0.69140625,0.3333007812500017
104010,7,staged,1400,0.7197265625,0.3101171875000015
104010,7,staged,1600,0.7080078125,0.3265234375000016
104010,7,staged,1800,0.7158203125,0.3150195312500015
104010,7,staged,2000,0.7177734375,0.3146875000000015
104010,7,staged,2200,0.716796875,0.3106835937500015
104010,7,staged,2400,0.712890625,0.3197265625000015
104010,7,staged,2600,0.7197265625,0.3061132812500013
104010,7,staged,2800,0.7568359375,0.2719335937500014
104010,7,staged,3000,0.7412109375,0.2882226562500013
104010,7,staged,3200,0.7021484375,0.3397070312500016
104010,7,staged,3400,0.7607421875,0.2829687500000014
104010,7,staged,3600,0.7509765625,0.2795898437500014
104010,7,staged,3800,0.767578125,0.2736523437500016
104010,7,staged,4000,0.7685546875,0.2683789062500015
104010,7,staged,4200,0.77734375,0.2660351562500014
104010,7,staged,4400,0.7841796875,0.2536718750000013
104010,7,staged,4600,0.80078125,0.2350195312500015
104010,7,staged,4800,0.7900390625,0.2484570312500012
104010,7,staged,5000,0.767578125,0.2775585937500015
104010,7,staged,5200,0.7607421875,0.2694531250000016
104010,7,staged,5400,0.77734375,0.2664843750000013
104010,7,staged,5600,0.755859375,0.2766992187500016
104010,7,staged,5800,0.7646484375,0.2746093750000016
104010,7,staged,6000,0.7783203125,0.2616210937500014
104010,7,staged,6200,0.7724609375,0.2624218750000014
104010,7,staged,6400,0.802734375,0.2333398437500012
104010,7,staged,6600,0.787109375,0.2525585937500012
104010,7,staged,6800,0.7958984375,0.2478515625000013
104010,7,staged,7000,0.7890625,0.2506640625000013
104010,7,staged,7200,0.7919921875,0.2447851562500016
104010,7,staged,7400,0.8251953125,0.2145507812500012
104010,7,staged,7600,0.78515625,0.2489062500000015
104010,7,staged,7800,0.748046875,0.2899804687500018
104010,7,staged,8000,0.775390625,0.2632617187500017
104010,7,staged,8200,0.755859375,0.2858203125000017
104010,7,staged,8400,0.7705078125,0.2716210937500018
104010,7,staged,8600,0.8095703125,0.2327734375000014
104010,7,staged,8800,0.7490234375,0.2807226562500016
104010,7,staged,9000,0.7666015625,0.2621484375000014
104010,7,staged,9200,0.767578125,0.2675781250000015
104010,7,staged,9400,0.802734375,0.2394140625000013
104010,7,staged,9600,0.7939453125,0.2487304687500013
104010,7,staged,9800,0.7802734375,0.2472656250000014
104010,7,staged,10000,0.7373046875,0.2911718750000014
104010,7,staged,10200,0.78515625,0.2499609375000013
104010,7,staged,10400,0.75,0.2882812500000013
104010,7,staged,10600,0.748046875,0.2819531250000015
104010,7,staged,10800,0.7861328125,0.2480859375000015
104010,7,staged,11000,0.7958984375,0.2462890625000014
104010,7,staged,11200,0.80859375,0.2327539062500014
104010,7,staged,11400,0.7822265625,0.2539062500000015
104010,7,staged,11600,0.78515625,0.2567187500000016
104010,7,staged,11800,0.779296875,0.2540234375000015
104010,7,staged,12000,0.7744140625,0.2621484375000017
104010,7,staged,12200,0.779296875,0.2430468750000016
104010,7,staged,12400,0.7890625,0.2462500000000014
104010,7,staged,12600,0.7734375,0.2650390625000015
104010,7,staged,12800,0.83984375,0.1955664062500012
104010,7,staged,13000,0.7841796875,0.2493359375000014
104010,7,staged,13200,0.7880859375,0.2528515625000015
104010,7,staged,13400,0.7744140625,0.2536914062500014
104010,7,staged,13600,0.783203125,0.2566992187500017
104010,7,staged,13800,0.7998046875,0.2369531250000015
104010,7,staged,14000,0.7861328125,0.2509960937500015
104010,7,staged,14200,0.7490234375,0.2880664062500014
104010,7,staged,14400,0.7607421875,0.2723242187500015
104010,7,staged,14600,0.7890625,0.2524218750000015
104010,7,staged,14800,0.7724609375,0.2646093750000016
104010,7,staged,15000,0.7490234375,0.2871679687500016
104010,7,staged,15200,0.7705078125,0.2689843750000013
104010,7,staged,15400,0.76953125,0.2554687500000015
104010,7,staged,15600,0.818359375,0.2188867187500015
104010,7,staged,15800,0.787109375,0.2560742187500015
104010,7,staged,16000,0.8046875,0.2413281250000016
104010,7,staged,16200,0.8046875,0.2267968750000015
104010,7,staged,16400,0.791015625,0.2423437500000016
104010,7,staged,16600,0.7763671875,0.2565429687500013
104010,7,staged,16800,0.767578125,0.2645703125000014
104010,7,staged,17000,0.7998046875,0.2482617187500013
104010,7,staged,17200,0.7509765625,0.2667187500000014
104010,7,staged,17400,0.78125,0.2608007812500016
104010,7,staged,17600,0.830078125,0.2108203125000013
104010,7,staged,17800,0.787109375,0.2509570312500012
104010,7,staged,18000,0.8193359375,0.2245507812500013
104010,7,staged,18200,0.8291015625,0.2158984375000012
104010,7,staged,18400,0.80859375,0.2282617187500014
104010,7,staged,18600,0.80078125,0.2419921875000013
104010,7,staged,18800,0.796875,0.2351757812500016
104010,7,staged,19000,0.828125,0.2077539062500014
104010,7,staged,19200,0.8017578125,0.2273046875000014
104010,7,staged,19400,0.7666015625,0.2771289062500015
104010,7,staged,19600,0.7919921875,0.2432031250000014
104010,7,staged,19800,0.798828125,0.2500390625000015
104010,7,staged,20000,0.759765625,0.2732421875000014
104010,8,staged,0,0.2548828125,1.0
104010,8,staged,200,0.205078125,0.8024023437499989
104010,8,staged,400,0.1357421875,0.8672851562499985
104010,8,staged,600,0.125,0.8810742187499992
104010,8,staged,800,0.109375,0.8943164062499989
104010,8,staged,1000,0.1015625,0.9052343749999994
104010,8,staged,1200,0.0888671875,0.9173046874999996
104010,8,staged,1400,0.0712890625,0.9326562499999996
104010,8,staged,1600,0.08984375,0.9153515624999994
104010,8,staged,1800,0.08984375,0.9136718749999992
104010,8,staged,2000,0.09375,0.9142187499999987
104010,8,staged,2200,0.0771484375,0.9278124999999996
104010,8,staged,2400,0.1533203125,0.8580273437499992
104010,8,staged,2600,0.1787109375,0.8308789062499977
104010,8,staged,2800,0.2646484375,0.7490039062499975
104010,8,staged,3000,0.29296875,0.7233398437499978
104010,8,staged,3200,0.373046875,0.6434570312499978
104010,8,staged,3400,0.4697265625,0.5502343749999999
104010,8,staged,3600,0.5263671875,0.4905664062500014
104010,8,staged,3800,0.5791015625,0.4435937500000014
104010,8,staged,4000,0.6298828125,0.4021093750000016
104010,8,staged,4200,0.6474609375,0.3803320312500016
104010,8,staged,4400,0.6533203125,0.3775000000000016
104010,8,staged,4600,0.6865234375,0.3469921875000016
104010,8,staged,4800,0.736328125,0.2900390625000016
104010,8,staged,5000,0.70703125,0.3278906250000016
104010,8,staged,5200,0.73046875,0.3142578125000015
104010,8,staged,5400,0.7353515625,0.3048632812500017
104010,8,staged,5600,0.7255859375,0.3194921875000016
104010,8,staged,5800,0.7490234375,0.2934375000000015
104010,8,staged,6000,0.724609375,0.3026171875000016
104010,8,staged,6200,0.7607421875,0.2777929687500017
104010,8,staged,6400,0.6962890625,0.3383203125000013
104010,8,staged,6600,0.693359375,0.3340234375000016
104010,8,staged,6800,0.6875,0.3361914062500016
104010,8,staged,7000,0.69140625,0.3516796875000017
104010,8,staged,7200,0.7265625,0.3040039062500015
104010,8,staged,7400,0.7412109375,0.2912304687500015
104010,8,staged,7600,0.7099609375,0.3238671875000014
104010,8,staged,7800,0.7265625,0.3068945312500014
104010,8,staged,8000,0.724609375,0.3207226562500016
104010,8,staged,8200,0.6875,0.3417773437500015
104010,8,staged,8400,0.701171875,0.3372851562500015
104010,8,staged,8600,0.7099609375,0.3373046875000017
104010,8,staged,8800,0.74609375,0.3052343750000017
104010,8,staged,9000,0.7373046875,0.3026953125000016
104010,8,staged,9200,0.7470703125,0.2950781250000014
104010,8,staged,9400,0.72265625,0.3114257812500017
104010,8,staged,9600,0.66796875,0.3651367187500016
104010,8,staged,9800,0.7216796875,0.3193359375000016
104010,8,staged,10000,0.734375,0.3026367187500016
104010,8,staged,10200,0.6865234375,0.3470507812500015
104010,8,staged,10400,0.73046875,0.3052343750000018
104010,8,staged,10600,0.7314453125,0.3029882812500015
104010,8,staged,10800,0.7001953125,0.3310742187500013
104010,8,staged,11000,0.7197265625,0.3128906250000013
104010,8,staged,11200,0.6845703125,0.3550976562500017
104010,8,staged,11400,0.6669921875,0.3670117187500017
104010,8,staged,11600,0.7216796875,0.3243554687500015
104010,8,staged,11800,0.720703125,0.3076562500000016
104010,8,staged,12000,0.673828125,0.3579101562500017
104010,8,staged,12200,0.7197265625,0.3092968750000015
104010,8,staged,12400,0.705078125,0.3222070312500015
104010,8,staged,12600,0.7294921875,0.3157031250000016
104010,8,staged,12800,0.740234375,0.2998242187500016
104010,8,staged,13000,0.7314453125,0.3104882812500016
104010,8,staged,13200,0.7529296875,0.2828125000000016
104010,8,staged,13400,0.7294921875,0.3033398437500017
104010,8,staged,13600,0.755859375,0.2828515625000017
104010,8,staged,13800,0.7177734375,0.3053906250000015
104010,8,staged,14000,0.685546875,0.3429687500000018
104010,8,staged,14200,0.6982421875,0.3369140625000018
104010,8,staged,14400,0.673828125,0.3598046875000013
104010,8,staged,14600,0.7119140625,0.3428515625000014
104010,8,staged,14800,0.701171875,0.3345117187500015
104010,8,staged,15000,0.712890625,0.3218554687500015
104010,8,staged,15200,0.7158203125,0.3226367187500017
104010,8,staged,15400,0.7451171875,0.2916015625000015
104010,8,staged,15600,0.7119140625,0.3199218750000017
104010,8,staged,15800,0.724609375,0.3153515625000015
104010,8,staged,16000,0.650390625,0.3714062500000013
104010,8,staged,16200,0.6806640625,0.3619531250000018
104010,8,staged,16400,0.7060546875,0.3296875000000014
104010,8,staged,16600,0.708984375,0.3240625000000015
104010,8,staged,16800,0.7236328125,0.3115234375000014
104010,8,staged,17000,0.7197265625,0.3164062500000017
104010,8,staged,17200,0.6943359375,0.3453320312500018
104010,8,staged,17400,0.728515625,0.3141796875000015
104010,8,staged,17600,0.701171875,0.3331835937500015
104010,8,staged,17800,0.740234375,0.2933593750000016
104010,8,staged,18000,0.7548828125,0.2789062500000015
104010,8,staged,18200,0.6904296875,0.3379101562500017
104010,8,staged,18400,0.740234375,0.2988671875000018
104010,8,staged,18600,0.6806640625,0.3560742187500017
104010,8,staged,18800,0.72265625,0.3116406250000017
104010,8,staged,19000,0.7080078125,0.3171679687500012
104010,8,staged,19200,0.716796875,0.3135546875000018
104010,8,staged,19400,0.6943359375,0.3315234375000015
104010,8,staged,19600,0.6962890625,0.3285937500000016
104010,8,staged,19800,0.697265625,0.3409960937500017
104010,8,staged,20000,0.693359375,0.3536718750000014
104011,7,earliest,0,0.2646484375,1.0
104011,7,earliest,200,0.3681640625,0.6525390624999987
104011,7,earliest,400,0.4228515625,0.5904687500000001
104011,7,earliest,600,0.4521484375,0.5697265625
104011,7,earliest,800,0.47265625,0.5453906250000004
104011,7,earliest,1000,0.5576171875,0.4720703125000013
104011,7,earliest,1200,0.5888671875,0.4328125000000013
104011,7,earliest,1400,0.658203125,0.369082031250002
104011,7,earliest,1600,0.6640625,0.3694531250000014
104011,7,earliest,1800,0.6708984375,0.3651171875000016
104011,7,earliest,2000,0.6904296875,0.3445507812500013
104011,7,earliest,2200,0.71484375,0.3108203125000016
104011,7,earliest,2400,0.705078125,0.3226367187500014
104011,7,earliest,2600,0.7109375,0.3315820312500016
104011,7,earliest,2800,0.7119140625,0.3168359375000016
104011,7,earliest,3000,0.6806640625,0.3530859375000017
104011,7,earliest,3200,0.689453125,0.3402148437500016
104011,7,earliest,3400,0.7021484375,0.3337695312500015
104011,7,earliest,3600,0.720703125,0.3129492187500013
104011,7,earliest,3800,0.6005859375,0.4267773437500017
104011,7,earliest,4000,0.6904296875,0.3452343750000014
104011,7,earliest,4200,0.6689453125,0.3648437500000013
104011,7,earliest,4400,0.703125,0.3360156250000014
104011,7,earliest,4600,0.6689453125,0.3586523437500014
104011,7,earliest,4800,0.681640625,0.3440234375000015
104011,7,earliest,5000,0.716796875,0.3118554687500016
104011,7,earliest,5200,0.7021484375,0.3250585937500016
104011,7,earliest,5400,0.7001953125,0.3394140625000014
104011,7,earliest,5600,0.7001953125,0.3304101562500016
104011,7,earliest,5800,0.7421875,0.2904687500000014
104011,7,earliest,6000,0.7255859375,0.2942578125000017
104011,7,earliest,6200,0.716796875,0.3191992187500016
104011,7,earliest,6400,0.677734375,0.3534765625000015
104011,7,earliest,6600,0.7021484375,0.3217187500000014
104011,7,earliest,6800,0.6923828125,0.3318164062500018
104011,7,earliest,7000,0.7197265625,0.3187695312500016
104011,7,earliest,7200,0.71875,0.3091210937500015
104011,7,earliest,7400,0.6767578125,0.3539648437500015
104011,7,earliest,7600,0.7041015625,0.3298242187500015
104011,7,earliest,7800,0.70703125,0.3274414062500015
104011,7,earliest,8000,0.6845703125,0.3382031250000018
104011,7,earliest,8200,0.7109375,0.3248242187500016
104011,7,earliest,8400,0.7060546875,0.3283007812500014
104011,7,earliest,8600,0.7099609375,0.3175976562500013
104011,7,earliest,8800,0.7197265625,0.3193945312500017
104011,7,earliest,9000,0.7099609375,0.3171875000000015
104011,7,earliest,9200,0.73828125,0.2925585937500014
104011,7,earliest,9400,0.70703125,0.3170898437500015
104011,7,earliest,9600,0.6748046875,0.3597265625000014
104011,7,earliest,9800,0.677734375,0.3439257812500015
104011,7,earliest,10000,0.681640625,0.3486914062500014
104011,7,earliest,10200,0.6748046875,0.3508984375000013
104011,7,earliest,10400,0.634765625,0.3935937500000016
104011,7,earliest,10600,0.681640625,0.3467968750000013
104011,7,earliest,10800,0.666015625,0.3648242187500014
104011,7,earliest,11000,0.63671875,0.3836914062500014
104011,7,earliest,11200,0.744140625,0.2976171875000014
104011,7,earliest,11400,0.6748046875,0.3559375000000013
104011,7,earliest,11600,0.689453125,0.3404101562500015
104011,7,earliest,11800,0.69140625,0.3384960937500013
104011,7,earliest,12000,0.6552734375,0.3822070312500014
104011,7,earliest,12200,0.6787109375,0.3523242187500015
104011,7,earliest,12400,0.7001953125,0.3259960937500011
104011,7,earliest,12600,0.6787109375,0.3556054687500013
104011,7,earliest,12800,0.69921875,0.3402343750000014
104011,7,earliest,13000,0.6875,0.3330273437500015
104011,7,earliest,13200,0.677734375,0.3595117187500018
104011,7,earliest,13400,0.68359375,0.3534179687500019
104011,7,earliest,13600,0.6806640625,0.3514062500000016
104011,7,earliest,13800,0.7197265625,0.3144531250000015
104011,7,earliest,14000,0.6591796875,0.3702539062500014
104011,7,earliest,14200,0.671875,0.3517773437500015
104011,7,earliest,14400,0.6455078125,0.3745117187500015
104011,7,earliest,14600,0.693359375,0.3369921875000017
104011,7,earliest,14800,0.6669921875,0.3656445312500015
104011,7,earliest,15000,0.677734375,0.3518359375000015
104011,7,earliest,15200,0.701171875,0.3256445312500014
104011,7,earliest,15400,0.658203125,0.3717187500000014
104011,7,earliest,15600,0.689453125,0.3387304687500015
104011,7,earliest,15800,0.65625,0.3686328125000015
104011,7,earliest,16000,0.7099609375,0.3319921875000015
104011,7,earliest,16200,0.6513671875,0.3750195312500017
104011,7,earliest,16400,0.6845703125,0.3377929687500018
104011,7,earliest,16600,0.66015625,0.3740039062500016
104011,7,earliest,16800,0.6748046875,0.3531445312500015
104011,7,earliest,17000,0.6875,0.3616992187500017
104011,7,earliest,17200,0.669921875,0.3601171875000016
104011,7,earliest,17400,0.6630859375,0.3572070312500014
104011,7,earliest,17600,0.7265625,0.3067382812500015
104011,7,earliest,17800,0.7099609375,0.3251562500000015
104011,7,earliest,18000,0.712890625,0.3278125000000017
104011,7,earliest,18200,0.7060546875,0.3325585937500016
104011,7,earliest,18400,0.7470703125,0.2891601562500014
104011,7,earliest,18600,0.6767578125,0.3489453125000013
104011,7,earliest,18800,0.7431640625,0.2941992187500014
104011,7,earliest,19000,0.7158203125,0.3169335937500015
104011,7,earliest,19200,0.7060546875,0.3228906250000017
104011,7,earliest,19400,0.7412109375,0.2860351562500014
104011,7,earliest,19600,0.6943359375,0.3328125000000014
104011,7,earliest,19800,0.71484375,0.3103125000000016
104011,7,earliest,20000,0.7041015625,0.3259375000000014
104011,8,earliest,0,0.2646484375,1.0
104011,8,earliest,200,0.2470703125,0.7634374999999985
104011,8,earliest,400,0.1787109375,0.8333398437499993
104011,8,earliest,600,0.15234375,0.8564062499999989
104011,8,earliest,800,0.1298828125,0.872753906249999
104011,8,earliest,1000,0.12890625,0.8791796874999988
104011,8,earliest,1200,0.1494140625,0.8581445312499986
104011,8,earliest,1400,0.1484375,0.8591406249999985
104011,8,earliest,1600,0.2080078125,0.8015820312499988
104011,8,earliest,1800,0.2646484375,0.7557031249999979
104011,8,earliest,2000,0.330078125,0.6809765624999984
104011,8,earliest,2200,0.369140625,0.6465039062499982
104011,8,earliest,2400,0.380859375,0.6383398437499985
104011,8,earliest,2600,0.412109375,0.6061523437499988
104011,8,earliest,2800,0.453125,0.5661718749999992
104011,8,earliest,3000,0.5439453125,0.4826171875000014
104011,8,earliest,3200,0.5673828125,0.4644335937500013
104011,8,earliest,3400,0.61328125,0.4191992187500015
104011,8,earliest,3600,0.6455078125,0.3904687500000016
104011,8,earliest,3800,0.6826171875,0.3498437500000015
104011,8,earliest,4000,0.701171875,0.3399023437500016
104011,8,earliest,4200,0.6845703125,0.3482226562500014
104011,8,earliest,4400,0.6650390625,0.3738085937500016
104011,8,earliest,4600,0.6767578125,0.3541406250000014
104011,8,earliest,4800,0.6806640625,0.3577929687500015
104011,8,earliest,5000,0.6455078125,0.3853906250000014
104011,8,earliest,5200,0.69921875,0.3323242187500016
104011,8,earliest,5400,0.6953125,0.3408398437500015
104011,8,earliest,5600,0.693359375,0.3430859375000013
104011,8,earliest,5800,0.640625,0.3977734375000017
104011,8,earliest,6000,0.6943359375,0.3483984375000014
104011,8,earliest,6200,0.70703125,0.3282031250000014
104011,8,earliest,6400,0.68359375,0.3515625000000015
104011,8,earliest,6600,0.7021484375,0.3366406250000016
104011,8,earliest,6800,0.6865234375,0.3481835937500016
104011,8,earliest,7000,0.66015625,0.3755468750000017
104011,8,earliest,7200,0.6513671875,0.3835937500000015
104011,8,earliest,7400,0.6943359375,0.3364648437500016
104011,8,earliest,7600,0.677734375,0.3595703125000015
104011,8,earliest,7800,0.7119140625,0.3215820312500014
104011,8,earliest,8000,0.7158203125,0.3222656250000013
104011,8,earliest,8200,0.7060546875,0.3347851562500013
104011,8,earliest,8400,0.69140625,0.3467968750000014
104011,8,earliest,8600,0.7177734375,0.3257031250000015
104011,8,earliest,8800,0.7470703125,0.2825195312500014
104011,8,earliest,9000,0.6630859375,0.3715234375000017
104011,8,earliest,9200,0.7373046875,0.3121875000000013
104011,8,earliest,9400,0.6865234375,0.3476367187500015
104011,8,earliest,9600,0.6875,0.3350390625000015
104011,8,earliest,9800,0.6630859375,0.3780273437500016
104011,8,earliest,10000,0.73046875,0.3123046875000015
104011,8,earliest,10200,0.76171875,0.2788085937500015
104011,8,earliest,10400,0.7216796875,0.3200585937500015
104011,8,earliest,10600,0.6728515625,0.3686523437500015
104011,8,earliest,10800,0.7158203125,0.3260742187500016
104011,8,earliest,11000,0.7021484375,0.3350585937500015
104011,8,earliest,11200,0.7373046875,0.3012109375000016
104011,8,earliest,11400,0.705078125,0.3395312500000017
104011,8,earliest,11600,0.69921875,0.3323828125000016
104011,8,earliest,11800,0.67578125,0.3600781250000015
104011,8,earliest,12000,0.6396484375,0.3837500000000018
104011,8,earliest,12200,0.6787109375,0.3569531250000017
104011,8,earliest,12400,0.6640625,0.3731445312500015
104011,8,earliest,12600,0.7177734375,0.3192578125000015
104011,8,earliest,12800,0.666015625,0.3639648437500016
104011,8,earliest,13000,0.689453125,0.3475000000000017
104011,8,earliest,13200,0.703125,0.3367968750000018
104011,8,earliest,13400,0.703125,0.3425195312500016
104011,8,earliest,13600,0.6943359375,0.3377734375000016
104011,8,earliest,13800,0.6865234375,0.3596093750000014
104011,8,earliest,14000,0.712890625,0.3235351562500015
104011,8,earliest,14200,0.6923828125,0.3475390625000013
104011,8,earliest,14400,0.6943359375,0.3430468750000014
104011,8,earliest,14600,0.740234375,0.2984960937500015
104011,8,earliest,14800,0.689453125,0.3426562500000014
104011,8,earliest,15000,0.7138671875,0.3134570312500017
104011,8,earliest,15200,0.7041015625,0.3363476562500017
104011,8,earliest,15400,0.689453125,0.3428710937500015
104011,8,earliest,15600,0.6953125,0.3470898437500015
104011,8,earliest,15800,0.703125,0.3263085937500015
104011,8,earliest,16000,0.6923828125,0.3447460937500016
104011,8,earliest,16200,0.68359375,0.3474804687500016
104011,8,earliest,16400,0.6884765625,0.3519335937500014
104011,8,earliest,16600,0.712890625,0.3167968750000013
104011,8,earliest,16800,0.6630859375,0.3741992187500015
104011,8,earliest,17000,0.693359375,0.3424023437500013
104011,8,earliest,17200,0.6787109375,0.3628320312500015
104011,8,earliest,17400,0.6962890625,0.3373632812500015
104011,8,earliest,17600,0.7109375,0.3203515625000016
104011,8,earliest,17800,0.65625,0.3732812500000014
104011,8,earliest,18000,0.7080078125,0.3361523437500015
104011,8,earliest,18200,0.7109375,0.3229492187500017
104011,8,earliest,18400,0.6884765625,0.3449414062500015
104011,8,earliest,18600,0.7041015625,0.3336523437500015
104011,8,earliest,18800,0.7294921875,0.3180664062500014
104011,8,earliest,19000,0.7333984375,0.3010156250000016
104011,8,earliest,19200,0.736328125,0.2979687500000018
104011,8,earliest,19400,0.70703125,0.3324804687500016
104011,8,earliest,19600,0.7431640625,0.3021484375000016
104011,8,earliest,19800,0.7001953125,0.3375781250000015
104011,8,earliest,20000,0.7197265625,0.3248242187500016
104011,7,staged,0,0.2646484375,1.0
104011,7,staged,200,0.3369140625,0.6726367187499988
104011,7,staged,400,0.4423828125,0.5712695312500002
104011,7,staged,600,0.537109375,0.4848828125000014
104011,7,staged,800,0.5771484375,0.4474609375000016
104011,7,staged,1000,0.6171875,0.4089648437500013
104011,7,staged,1200,0.63671875,0.3813085937500017
104011,7,staged,1400,0.646484375,0.3798828125000016
104011,7,staged,1600,0.6650390625,0.3589843750000015
104011,7,staged,1800,0.7041015625,0.3246679687500014
104011,7,staged,2000,0.712890625,0.3274218750000016
104011,7,staged,2200,0.708984375,0.3254882812500017
104011,7,staged,2400,0.6982421875,0.3357031250000014
104011,7,staged,2600,0.6953125,0.3234179687500016
104011,7,staged,2800,0.759765625,0.2708203125000013
104011,7,staged,3000,0.7158203125,0.3157421875000014
104011,7,staged,3200,0.740234375,0.2969335937500016
104011,7,staged,3400,0.7578125,0.2779687500000014
104011,7,staged,3600,0.7548828125,0.2797656250000014
104011,7,staged,3800,0.7451171875,0.2846289062500015
104011,7,staged,4000,0.7587890625,0.2738085937500013
104011,7,staged,4200,0.7392578125,0.2973242187500015
104011,7,staged,4400,0.7734375,0.2599609375000013
104011,7,staged,4600,0.751953125,0.2770507812500015
104011,7,staged,4800,0.7861328125,0.2489257812500013
104011,7,staged,5000,0.7705078125,0.2610156250000014
104011,7,staged,5200,0.7451171875,0.2880859375000015
104011,7,staged,5400,0.771484375,0.2591210937500016
104011,7,staged,5600,0.78125,0.2587500000000015
104011,7,staged,5800,0.76171875,0.2761718750000016
104011,7,staged,6000,0.765625,0.2674414062500012
104011,7,staged,6200,0.7626953125,0.2654101562500017
104011,7,staged,6400,0.73828125,0.2866796875000013
104011,7,staged,6600,0.7470703125,0.2931250000000015
104011,7,staged,6800,0.8046875,0.2352343750000013
104011,7,staged,7000,0.828125,0.2144140625000015
104011,7,staged,7200,0.7802734375,0.2606250000000014
104011,7,staged,7400,0.763671875,0.2699218750000018
104011,7,staged,7600,0.744140625,0.2931054687500012
104011,7,staged,7800,0.765625,0.2609179687500014
104011,7,staged,8000,0.755859375,0.2704687500000013
104011,7,staged,8200,0.77734375,0.2583398437500015
104011,7,staged,8400,0.75390625,0.2761523437500014
104011,7,staged,8600,0.8271484375,0.2200390625000015
104011,7,staged,8800,0.7958984375,0.2404687500000013
104011,7,staged,9000,0.7744140625,0.2459960937500013
104011,7,staged,9200,0.7763671875,0.2660937500000014
104011,7,staged,9400,0.76953125,0.2629687500000012
104011,7,staged,9600,0.7646484375,0.2813671875000016
104011,7,staged,9800,0.7783203125,0.2464648437500014
104011,7,staged,10000,0.771484375,0.2662304687500013
104011,7,staged,10200,0.767578125,0.2696679687500014
104011,7,staged,10400,0.81640625,0.2248242187500013
104011,7,staged,10600,0.7783203125,0.2584179687500015
104011,7,staged,10800,0.7373046875,0.2905859375000013
104011,7,staged,11000,0.7509765625,0.2831640625000015
104011,7,staged,11200,0.7734375,0.2622070312500012
104011,7,staged,11400,0.74609375,0.2843164062500017
104011,7,staged,11600,0.75390625,0.2784765625000014
104011,7,staged,11800,0.7734375,0.2607812500000014
104011,7,staged,12000,0.787109375,0.2542968750000014
104011,7,staged,12200,0.783203125,0.2492382812500015
104011,7,staged,12400,0.798828125,0.2340625000000014
104011,7,staged,12600,0.7880859375,0.2497070312500016
104011,7,staged,12800,0.7900390625,0.2526953125000017
104011,7,staged,13000,0.80859375,0.2309375000000013
104011,7,staged,13200,0.7578125,0.2781250000000015
104011,7,staged,13400,0.8134765625,0.2186914062500015
104011,7,staged,13600,0.7880859375,0.2471875000000013
104011,7,staged,13800,0.79296875,0.2460742187500016
104011,7,staged,14000,0.7919921875,0.2486132812500013
104011,7,staged,14200,0.79296875,0.2475781250000014
104011,7,staged,14400,0.802734375,0.2362500000000013
104011,7,staged,14600,0.8037109375,0.2406250000000013
104011,7,staged,14800,0.75390625,0.2787890625000014
104011,7,staged,15000,0.8017578125,0.2389062500000014
104011,7,staged,15200,0.763671875,0.2704296875000014
104011,7,staged,15400,0.783203125,0.2520898437500014
104011,7,staged,15600,0.783203125,0.2477343750000014
104011,7,staged,15800,0.76171875,0.2714062500000014
104011,7,staged,16000,0.7880859375,0.2545312500000014
104011,7,staged,16200,0.787109375,0.2441992187500016
104011,7,staged,16400,0.78125,0.2620117187500016
104011,7,staged,16600,0.802734375,0.2358007812500014
104011,7,staged,16800,0.791015625,0.2398632812500013
104011,7,staged,17000,0.7705078125,0.2631250000000015
104011,7,staged,17200,0.7705078125,0.2646875000000016
104011,7,staged,17400,0.77734375,0.2571679687500017
104011,7,staged,17600,0.8203125,0.2267578125000015
104011,7,staged,17800,0.796875,0.2371289062500015
104011,7,staged,18000,0.7978515625,0.2459179687500016
104011,7,staged,18200,0.810546875,0.2259375000000013
104011,7,staged,18400,0.830078125,0.2157031250000015
104011,7,staged,18600,0.8154296875,0.2274023437500014
104011,7,staged,18800,0.8046875,0.2268554687500017
104011,7,staged,19000,0.7890625,0.2478125000000014
104011,7,staged,19200,0.7802734375,0.2611914062500014
104011,7,staged,19400,0.8095703125,0.2374804687500015
104011,7,staged,19600,0.7626953125,0.2664062500000014
104011,7,staged,19800,0.8095703125,0.2238476562500013
104011,7,staged,20000,0.7822265625,0.2522460937500015
104011,8,staged,0,0.2646484375,1.0
104011,8,staged,200,0.224609375,0.791601562499999
104011,8,staged,400,0.1806640625,0.8339648437499991
104011,8,staged,600,0.1572265625,0.850449218749999
104011,8,staged,800,0.14453125,0.8591992187499994
104011,8,staged,1000,0.1259765625,0.8849804687499992
104011,8,staged,1200,0.111328125,0.8941796874999993
104011,8,staged,1400,0.109375,0.8921874999999996
104011,8,staged,1600,0.1005859375,0.9053124999999996
104011,8,staged,1800,0.1123046875,0.8941210937499999
104011,8,staged,2000,0.12890625,0.8793749999999995
104011,8,staged,2200,0.21875,0.785214843749999
104011,8,staged,2400,0.2880859375,0.7171289062499993
104011,8,staged,2600,0.330078125,0.6837109374999988
104011,8,staged,2800,0.4833984375,0.5387109375000007
104011,8,staged,3000,0.5693359375,0.4539062500000017
104011,8,staged,3200,0.6201171875,0.4026367187500014
104011,8,staged,3400,0.7275390625,0.2953515625000012
104011,8,staged,3600,0.7041015625,0.3262304687500015
104011,8,staged,3800,0.7158203125,0.3215820312500012
104011,8,staged,4000,0.75390625,0.2838867187500016
104011,8,staged,4200,0.7119140625,0.3151367187500015
104011,8,staged,4400,0.8037109375,0.2339453125000014
104011,8,staged,4600,0.7548828125,0.2907421875000018
104011,8,staged,4800,0.8154296875,0.2212109375000014
104011,8,staged,5000,0.7880859375,0.2472070312500012
104011,8,staged,5200,0.794921875,0.2420117187500013
104011,8,staged,5400,0.779296875,0.2620898437500012
104011,8,staged,5600,0.7861328125,0.2521875000000013
104011,8,staged,5800,0.7666015625,0.2683789062500014
104011,8,staged,6000,0.7490234375,0.2832421875000015
104011,8,staged,6200,0.7294921875,0.3142578125000017
104011,8,staged,6400,0.736328125,0.2939843750000015
104011,8,staged,6600,0.77734375,0.2700585937500016
104011,8,staged,6800,0.775390625,0.2641406250000014
104011,8,staged,7000,0.7578125,0.2750585937500014
104011,8,staged,7200,0.7802734375,0.2598437500000015
104011,8,staged,7400,0.7998046875,0.2412304687500013
104011,8,staged,7600,0.8154296875,0.2203125000000014
104011,8,staged,7800,0.7958984375,0.2400976562500016
104011,8,staged,8000,0.78515625,0.2498046875000014
104011,8,staged,8200,0.8037109375,0.2282031250000014
104011,8,staged,8400,0.7734375,0.2661132812500015
104011,8,staged,8600,0.791015625,0.2459375000000015
104011,8,staged,8800,0.7880859375,0.2502734375000011
104011,8,staged,9000,0.80859375,0.2343554687500015
104011,8,staged,9200,0.7490234375,0.2908593750000014
104011,8,staged,9400,0.7919921875,0.2474609375000015
104011,8,staged,9600,0.7880859375,0.2469921875000014
104011,8,staged,9800,0.7734375,0.2641210937500014
104011,8,staged,10000,0.748046875,0.2841406250000015
104011,8,staged,10200,0.7685546875,0.2701757812500016
104011,8,staged,10400,0.80859375,0.2358398437500013
104011,8,staged,10600,0.7919921875,0.2473242187500015
104011,8,staged,10800,0.787109375,0.2494140625000015
104011,8,staged,11000,0.7802734375,0.2502148437500014
104011,8,staged,11200,0.7763671875,0.2592773437500014
104011,8,staged,11400,0.7646484375,0.2796679687500017
104011,8,staged,11600,0.8056640625,0.2417187500000015
104011,8,staged,11800,0.765625,0.2702929687500013
104011,8,staged,12000,0.7509765625,0.2867187500000015
104011,8,staged,12200,0.7548828125,0.2766210937500016
104011,8,staged,12400,0.755859375,0.2662890625000013
104011,8,staged,12600,0.7685546875,0.2697851562500014
104011,8,staged,12800,0.763671875,0.2741210937500014
104011,8,staged,13000,0.7763671875,0.2667578125000014
104011,8,staged,13200,0.7666015625,0.2793945312500014
104011,8,staged,13400,0.765625,0.2755078125000013
104011,8,staged,13600,0.79296875,0.2449218750000013
104011,8,staged,13800,0.798828125,0.2431640625000014
104011,8,staged,14000,0.7646484375,0.2674218750000013
104011,8,staged,14200,0.765625,0.2725195312500013
104011,8,staged,14400,0.826171875,0.2123242187500013
104011,8,staged,14600,0.7998046875,0.2408789062500013
104011,8,staged,14800,0.76953125,0.2703710937500014
104011,8,staged,15000,0.78125,0.2547851562500013
104011,8,staged,15200,0.74609375,0.2805859375000014
104011,8,staged,15400,0.7890625,0.2477929687500013
104011,8,staged,15600,0.767578125,0.2721875000000013
104011,8,staged,15800,0.8212890625,0.2179296875000015
104011,8,staged,16000,0.771484375,0.2720312500000013
104011,8,staged,16200,0.783203125,0.2534960937500014
104011,8,staged,16400,0.78125,0.2530078125000014
104011,8,staged,16600,0.75390625,0.2737890625000012
104011,8,staged,16800,0.759765625,0.2777148437500016
104011,8,staged,17000,0.7578125,0.2725781250000014
104011,8,staged,17200,0.75,0.2882617187500015
104011,8,staged,17400,0.8173828125,0.2317382812500016
104011,8,staged,17600,0.7861328125,0.2583398437500014
104011,8,staged,17800,0.8037109375,0.2314257812500014
104011,8,staged,18000,0.79296875,0.2377539062500015
104011,8,staged,18200,0.76171875,0.2735546875000015
104011,8,staged,18400,0.767578125,0.2673242187500015
104011,8,staged,18600,0.7529296875,0.2774414062500018
104011,8,staged,18800,0.787109375,0.2420703125000013
104011,8,staged,19000,0.7734375,0.2662695312500014
104011,8,staged,19200,0.7763671875,0.2645898437500014
104011,8,staged,19400,0.7685546875,0.2685937500000016
104011,8,staged,19600,0.7734375,0.2513671875000015
104011,8,staged,19800,0.79296875,0.2380468750000016
104011,8,staged,20000,0.771484375,0.2633789062500013
104012,7,earliest,0,0.2470703125,1.0
104012,7,earliest,200,0.4150390625,0.6055078124999991
104012,7,earliest,400,0.427734375,0.5936523437500004
104012,7,earliest,600,0.4716796875,0.5520703125000007
104012,7,earliest,800,0.5546875,0.4698242187500014
104012,7,earliest,1000,0.5341796875,0.4952539062500013
104012,7,earliest,1200,0.6044921875,0.4196679687500015
104012,7,earliest,1400,0.6103515625,0.4158203125000016
104012,7,earliest,1600,0.654296875,0.3604492187500013
104012,7,earliest,1800,0.6513671875,0.3805664062500013
104012,7,earliest,2000,0.630859375,0.3970703125000012
104012,7,earliest,2200,0.6474609375,0.3804296875000015
104012,7,earliest,2400,0.689453125,0.3401367187500011
104012,7,earliest,2600,0.6845703125,0.3472851562500011
104012,7,earliest,2800,0.6669921875,0.3690234375000012
104012,7,earliest,3000,0.6748046875,0.3575585937500014
104012,7,earliest,3200,0.7099609375,0.3305078125000015
104012,7,earliest,3400,0.73046875,0.3000976562500015
104012,7,earliest,3600,0.689453125,0.3385156250000013
104012,7,earliest,3800,0.689453125,0.3402539062500014
104012,7,earliest,4000,0.7138671875,0.3238281250000015
104012,7,earliest,4200,0.71484375,0.3294335937500016
104012,7,earliest,4400,0.677734375,0.3504296875000014
104012,7,earliest,4600,0.6962890625,0.3413281250000017
104012,7,earliest,4800,0.685546875,0.3496484375000015
104012,7,earliest,5000,0.68359375,0.3473632812500014
104012,7,earliest,5200,0.69140625,0.3422851562500015
104012,7,earliest,5400,0.7041015625,0.3255078125000016
104012,7,earliest,5600,0.759765625,0.2758593750000015
104012,7,earliest,5800,0.701171875,0.3308007812500012
104012,7,earliest,6000,0.67578125,0.3501171875000017
104012,7,earliest,6200,0.673828125,0.3598437500000015
104012,7,earliest,6400,0.6533203125,0.3688085937500015
104012,7,earliest,6600,0.671875,0.3538867187500015
104012,7,earliest,6800,0.697265625,0.3336523437500013
104012,7,earliest,7000,0.6572265625,0.3784960937500015
104012,7,earliest,7200,0.640625,0.3789648437500017
104012,7,earliest,7400,0.66796875,0.3571093750000015
104012,7,earliest,7600,0.7158203125,0.3113671875000015
104012,7,earliest,7800,0.6337890625,0.3996289062500014
104012,7,earliest,8000,0.609375,0.4159960937500012
104012,7,earliest,8200,0.6669921875,0.3655078125000017
104012,7,earliest,8400,0.662109375,0.3600585937500015
104012,7,earliest,8600,0.6884765625,0.3415820312500015
104012,7,earliest,8800,0.6591796875,0.3694921875000015
104012,7,earliest,9000,0.7255859375,0.3193164062500017
104012,7,earliest,9200,0.7314453125,0.3000000000000016
104012,7,earliest,9400,0.71875,0.3218164062500015
104012,7,earliest,9600,0.6796875,0.3500195312500016
104012,7,earliest,9800,0.70703125,0.3263085937500015
104012,7,earliest,10000,0.685546875,0.3427148437500015
104012,7,earliest,10200,0.6962890625,0.3416601562500017
104012,7,earliest,10400,0.693359375,0.3354492187500016
104012,7,earliest,10600,0.681640625,0.3553320312500016
104012,7,earliest,10800,0.6884765625,0.3415429687500015
104012,7,earliest,11000,0.685546875,0.3457617187500019
104012,7,earliest,11200,0.7353515625,0.2959765625000015
104012,7,earliest,11400,0.701171875,0.3365625000000014
104012,7,earliest,11600,0.703125,0.3363476562500015
104012,7,earliest,11800,0.7080078125,0.3292187500000015
104012,7,earliest,12000,0.6767578125,0.3511523437500015
104012,7,earliest,12200,0.6826171875,0.3472460937500015
104012,7,earliest,12400,0.72265625,0.3151562500000013
104012,7,earliest,12600,0.7177734375,0.3151953125000016
104012,7,earliest,12800,0.7099609375,0.3280078125000015
104012,7,earliest,13000,0.671875,0.3480078125000015
104012,7,earliest,13200,0.7265625,0.3120312500000017
104012,7,earliest,13400,0.70703125,0.3343750000000015
104012,7,earliest,13600,0.705078125,0.3286132812500017
104012,7,earliest,13800,0.7275390625,0.3062109375000015
104012,7,earliest,14000,0.755859375,0.2790625000000014
104012,7,earliest,14200,0.7138671875,0.3097851562500015
104012,7,earliest,14400,0.70703125,0.3295507812500015
104012,7,earliest,14600,0.69921875,0.3277929687500015
104012,7,earliest,14800,0.6728515625,0.3565625000000015
104012,7,earliest,15000,0.63671875,0.3863671875000016
104012,7,earliest,15200,0.6279296875,0.4033593750000015
104012,7,earliest,15400,0.634765625,0.3826562500000013
104012,7,earliest,15600,0.6201171875,0.4008984375000016
104012,7,earliest,15800,0.677734375,0.3555664062500014
104012,7,earliest,16000,0.6630859375,0.3687304687500015
104012,7,earliest,16200,0.6767578125,0.3466406250000015
104012,7,earliest,16400,0.71484375,0.3249218750000015
104012,7,earliest,16600,0.6875,0.3439843750000016
104012,7,earliest,16800,0.689453125,0.3372070312500016
104012,7,earliest,17000,0.689453125,0.3389648437500015
104012,7,earliest,17200,0.6611328125,0.3759960937500018
104012,7,earliest,17400,0.7041015625,0.3175000000000016
104012,7,earliest,17600,0.716796875,0.3133203125000017
104012,7,earliest,17800,0.6689453125,0.3583984375000014
104012,7,earliest,18000,0.6337890625,0.3891015625000015
104012,7,earliest,18200,0.6689453125,0.3660351562500014
104012,7,earliest,18400,0.7314453125,0.3028320312500016
104012,7,earliest,18600,0.693359375,0.3393554687500018
104012,7,earliest,18800,0.7080078125,0.3263476562500016
104012,7,earliest,19000,0.75,0.2906835937500014
104012,7,earliest,19200,0.673828125,0.3625195312500015
104012,7,earliest,19400,0.67578125,0.3525195312500016
104012,7,earliest,19600,0.6748046875,0.3557812500000017
104012,7,earliest,19800,0.7021484375,0.3298242187500017
104012,7,earliest,20000,0.6884765625,0.3426367187500018
104012,8,earliest,0,0.2470703125,1.0
104012,8,earliest,200,0.2294921875,0.7839843749999988
104012,8,earliest,400,0.1669921875,0.8454687499999995
104012,8,earliest,600,0.1865234375,0.8259765624999988
104012,8,earliest,800,0.1708984375,0.836054687499999
104012,8,earliest,1000,0.18359375,0.8274609374999993
104012,8,earliest,1200,0.154296875,0.8525585937499995
104012,8,earliest,1400,0.1396484375,0.8654882812499993
104012,8,earliest,1600,0.15625,0.8538671874999997
104012,8,earliest,1800,0.193359375,0.8175390625
104012,8,earliest,2000,0.2548828125,0.7578124999999997
104012,8,earliest,2200,0.2998046875,0.7081250000000001
104012,8,earliest,2400,0.37109375,0.6364453125
104012,8,earliest,2600,0.46875,0.5548828125000009
104012,8,earliest,2800,0.5068359375,0.5200195312500011
104012,8,earliest,3000,0.564453125,0.4684960937500015
104012,8,earliest,3200,0.6630859375,0.3790234375000015
104012,8,earliest,3400,0.6513671875,0.3782421875000017
104012,8,earliest,3600,0.685546875,0.3519335937500015
104012,8,earliest,3800,0.6669921875,0.3657421875000014
104012,8,earliest,4000,0.666015625,0.3602929687500013
104012,8,earliest,4200,0.6865234375,0.3492187500000017
104012,8,earliest,4400,0.6630859375,0.3673437500000015
104012,8,earliest,4600,0.701171875,0.3398046875000016
104012,8,earliest,4800,0.6943359375,0.3349023437500015
104012,8,earliest,5000,0.73046875,0.3020898437500015
104012,8,earliest,5200,0.68359375,0.3529101562500012
104012,8,earliest,5400,0.71484375,0.3223046875000016
104012,8,earliest,5600,0.755859375,0.2884179687500015
104012,8,earliest,5800,0.685546875,0.3510351562500017
104012,8,earliest,6000,0.7177734375,0.3209570312500014
104012,8,earliest,6200,0.7412109375,0.2937109375000017
104012,8,earliest,6400,0.7021484375,0.3313867187500016
104012,8,earliest,6600,0.7412109375,0.2984765625000016
104012,8,earliest,6800,0.724609375,0.3051367187500017
104012,8,earliest,7000,0.7470703125,0.2967968750000015
104012,8,earliest,7200,0.669921875,0.3512500000000017
104012,8,earliest,7400,0.6611328125,0.3713476562500017
104012,8,earliest,7600,0.6474609375,0.3881835937500015
104012,8,earliest,7800,0.673828125,0.3664453125000014
104012,8,earliest,8000,0.7275390625,0.3166601562500014
104012,8,earliest,8200,0.7294921875,0.3126562500000015
104012,8,earliest,8400,0.7685546875,0.2769335937500016
104012,8,earliest,8600,0.7587890625,0.2836914062500013
104012,8,earliest,8800,0.7509765625,0.2857031250000014
104012,8,earliest,9000,0.7236328125,0.3107617187500014
104012,8,earliest,9200,0.7041015625,0.3296875000000013
104012,8,earliest,9400,0.7255859375,0.3071484375000013
104012,8,earliest,9600,0.6787109375,0.3567578125000013
104012,8,earliest,9800,0.7021484375,0.3232617187500014
104012,8,earliest,10000,0.7109375,0.3148632812500016
104012,8,earliest,10200,0.7451171875,0.2922656250000014
104012,8,earliest,10400,0.7333984375,0.3025781250000016
104012,8,earliest,10600,0.759765625,0.2797460937500014
104012,8,earliest,10800,0.72265625,0.3133203125000016
104012,8,earliest,11000,0.7255859375,0.3032812500000012
104012,8,earliest,11200,0.7060546875,0.3316406250000015
104012,8,earliest,11400,0.7392578125,0.2980273437500016
104012,8,earliest,11600,0.70703125,0.3173828125000016
104012,8,earliest,11800,0.7138671875,0.3176562500000014
104012,8,earliest,12000,0.740234375,0.2906445312500013
104012,8,earliest,12200,0.7138671875,0.3224023437500013
104012,8,earliest,12400,0.6982421875,0.3319531250000014
104012,8,earliest,12600,0.71875,0.3202734375000015
104012,8,earliest,12800,0.7158203125,0.3141796875000017
104012,8,earliest,13000,0.75390625,0.2809570312500016
104012,8,earliest,13200,0.7021484375,0.3292773437500015
104012,8,earliest,13400,0.7734375,0.2689648437500014
104012,8,earliest,13600,0.728515625,0.2930859375000014
104012,8,earliest,13800,0.7177734375,0.3152343750000016
104012,8,earliest,14000,0.669921875,0.3589453125000016
104012,8,earliest,14200,0.6669921875,0.3623242187500015
104012,8,earliest,14400,0.7333984375,0.3054101562500015
104012,8,earliest,14600,0.6962890625,0.3310937500000017
104012,8,earliest,14800,0.724609375,0.3102148437500015
104012,8,earliest,15000,0.716796875,0.3144140625000016
104012,8,earliest,15200,0.7314453125,0.3087500000000015
104012,8,earliest,15400,0.73046875,0.3082421875000014
104012,8,earliest,15600,0.7421875,0.2891796875000015
104012,8,earliest,15800,0.7431640625,0.2876171875000013
104012,8,earliest,16000,0.7373046875,0.2928125000000014
104012,8,earliest,16200,0.724609375,0.3054687500000016
104012,8,earliest,16400,0.6953125,0.3363281250000016
104012,8,earliest,16600,0.724609375,0.3095117187500016
104012,8,earliest,16800,0.71484375,0.3136718750000016
104012,8,earliest,17000,0.7001953125,0.3380859375000016
104012,8,earliest,17200,0.7255859375,0.3065625000000015
104012,8,earliest,17400,0.72265625,0.3176171875000015
104012,8,earliest,17600,0.7216796875,0.3253515625000015
104012,8,earliest,17800,0.7529296875,0.2937304687500015
104012,8,earliest,18000,0.7451171875,0.2862109375000014
104012,8,earliest,18200,0.7294921875,0.3070898437500018
104012,8,earliest,18400,0.7255859375,0.3093554687500017
104012,8,earliest,18600,0.7099609375,0.3374804687500017
104012,8,earliest,18800,0.7392578125,0.2947070312500015
104012,8,earliest,19000,0.7353515625,0.3049804687500016
104012,8,earliest,19200,0.755859375,0.2788476562500015
104012,8,earliest,19400,0.7294921875,0.3137304687500016
104012,8,earliest,19600,0.71875,0.3163085937500015
104012,8,earliest,19800,0.6748046875,0.3577539062500015
104012,8,earliest,20000,0.7392578125,0.2957226562500015
104012,7,staged,0,0.2470703125,1.0
104012,7,staged,200,0.3486328125,0.6612695312499994
104012,7,staged,400,0.3681640625,0.6476171874999986
104012,7,staged,600,0.5009765625,0.5204296875000008
104012,7,staged,800,0.6025390625,0.4149023437500014
104012,7,staged,1000,0.6630859375,0.3609179687500014
104012,7,staged,1200,0.708984375,0.3226953125000013
104012,7,staged,1400,0.6630859375,0.3600390625000016
104012,7,staged,1600,0.6845703125,0.3462890625000013
104012,7,staged,1800,0.7294921875,0.3140625000000014
104012,7,staged,2000,0.7265625,0.3195117187500016
104012,7,staged,2200,0.7626953125,0.2791015625000014
104012,7,staged,2400,0.75390625,0.2862890625000015
104012,7,staged,2600,0.7421875,0.2851757812500013
104012,7,staged,2800,0.748046875,0.2783984375000014
104012,7,staged,3000,0.748046875,0.2729882812500016
104012,7,staged,3200,0.755859375,0.2754882812500015
104012,7,staged,3400,0.7841796875,0.2623046875000015
104012,7,staged,3600,0.7607421875,0.2663476562500012
104012,7,staged,3800,0.748046875,0.2837695312500014
104012,7,staged,4000,0.7744140625,0.2501953125000014
104012,7,staged,4200,0.7822265625,0.2546093750000015
104012,7,staged,4400,0.767578125,0.2631835937500014
104012,7,staged,4600,0.7490234375,0.2765429687500013
104012,7,staged,4800,0.7705078125,0.2724023437500015
104012,7,staged,5000,0.7431640625,0.2835937500000013
104012,7,staged,5200,0.7705078125,0.2603320312500017
104012,7,staged,5400,0.78515625,0.2555664062500015
104012,7,staged,5600,0.775390625,0.2556835937500012
104012,7,staged,5800,0.80078125,0.2359179687500014
104012,7,staged,6000,0.7685546875,0.2604101562500017
104012,7,staged,6200,0.7724609375,0.2620703125000014
104012,7,staged,6400,0.7783203125,0.2549804687500013
104012,7,staged,6600,0.751953125,0.2827929687500015
104012,7,staged,6800,0.798828125,0.2376757812500016
104012,7,staged,7000,0.7841796875,0.2606445312500015
104012,7,staged,7200,0.7734375,0.2622851562500015
104012,7,staged,7400,0.7412109375,0.2952148437500017
104012,7,staged,7600,0.7919921875,0.2508203125000013
104012,7,staged,7800,0.7724609375,0.2670703125000017
104012,7,staged,8000,0.7763671875,0.2630664062500014
104012,7,staged,8200,0.802734375,0.2368554687500014
104012,7,staged,8400,0.7802734375,0.2540039062500013
104012,7,staged,8600,0.8056640625,0.2326953125000015
104012,7,staged,8800,0.7822265625,0.2507617187500014
104012,7,staged,9000,0.80078125,0.2324609375000017
104012,7,staged,9200,0.765625,0.2674804687500015
104012,7,staged,9400,0.7802734375,0.2524414062500013
104012,7,staged,9600,0.81640625,0.2205664062500014
104012,7,staged,9800,0.775390625,0.2640039062500014
104012,7,staged,10000,0.7666015625,0.2610156250000014
104012,7,staged,10200,0.779296875,0.2615234375000016
104012,7,staged,10400,0.7490234375,0.2847851562500017
104012,7,staged,10600,0.7763671875,0.2594921875000013
104012,7,staged,10800,0.8056640625,0.2280664062500013
104012,7,staged,11000,0.791015625,0.2427734375000015
104012,7,staged,11200,0.7978515625,0.2476367187500014
104012,7,staged,11400,0.7880859375,0.2455273437500014
104012,7,staged,11600,0.8173828125,0.2185546875000012
104012,7,staged,11800,0.794921875,0.2421093750000017
104012,7,staged,12000,0.7861328125,0.2485937500000014
104012,7,staged,12200,0.80078125,0.2411328125000016
104012,7,staged,12400,0.7763671875,0.2607031250000015
104012,7,staged,12600,0.8115234375,0.2287109375000016
104012,7,staged,12800,0.787109375,0.2464843750000015
104012,7,staged,13000,0.806640625,0.2453125000000017
104012,7,staged,13200,0.7412109375,0.2880859375000015
104012,7,staged,13400,0.7841796875,0.2566796875000015
104012,7,staged,13600,0.8095703125,0.2289453125000016
104012,7,staged,13800,0.8251953125,0.2052929687500015
104012,7,staged,14000,0.85546875,0.1895312500000014
104012,7,staged,14200,0.8359375,0.2065625000000012
104012,7,staged,14400,0.8310546875,0.2131054687500011
104012,7,staged,14600,0.794921875,0.2475195312500014
104012,7,staged,14800,0.814453125,0.2278710937500014
104012,7,staged,15000,0.798828125,0.2412695312500014
104012,7,staged,15200,0.8291015625,0.2168554687500014
104012,7,staged,15400,0.8046875,0.2438671875000015
104012,7,staged,15600,0.791015625,0.2506640625000013
104012,7,staged,15800,0.8212890625,0.2237890625000013
104012,7,staged,16000,0.8291015625,0.2107421875000014
104012,7,staged,16200,0.8232421875,0.2243359375000014
104012,7,staged,16400,0.822265625,0.2183203125000013
104012,7,staged,16600,0.7861328125,0.2488476562500013
104012,7,staged,16800,0.7880859375,0.2470312500000015
104012,7,staged,17000,0.7890625,0.2570703125000013
104012,7,staged,17200,0.7578125,0.2829101562500014
104012,7,staged,17400,0.7822265625,0.2456835937500017
104012,7,staged,17600,0.7958984375,0.2387109375000015
104012,7,staged,17800,0.798828125,0.2381835937500014
104012,7,staged,18000,0.830078125,0.2065234375000014
104012,7,staged,18200,0.8056640625,0.2223242187500015
104012,7,staged,18400,0.8251953125,0.2273437500000015
104012,7,staged,18600,0.83203125,0.2070117187500015
104012,7,staged,18800,0.822265625,0.2187304687500013
104012,7,staged,19000,0.82421875,0.2098632812500013
104012,7,staged,19200,0.8076171875,0.2239453125000013
104012,7,staged,19400,0.7998046875,0.2387890625000015
104012,7,staged,19600,0.771484375,0.2634375000000017
104012,7,staged,19800,0.78125,0.2570117187500013
104012,7,staged,20000,0.7958984375,0.2450195312500014
104012,8,staged,0,0.2470703125,1.0
104012,8,staged,200,0.2294921875,0.7793945312499992
104012,8,staged,400,0.1962890625,0.8150195312499993
104012,8,staged,600,0.1787109375,0.8294140624999993
104012,8,staged,800,0.146484375,0.8614843749999999
104012,8,staged,1000,0.142578125,0.8670312499999994
104012,8,staged,1200,0.1474609375,0.8619531249999997
104012,8,staged,1400,0.154296875,0.8569531249999995
104012,8,staged,1600,0.1953125,0.816191406249999
104012,8,staged,1800,0.1708984375,0.842832031249999
104012,8,staged,2000,0.19921875,0.8034765624999985
104012,8,staged,2200,0.3046875,0.7053124999999992
104012,8,staged,2400,0.36328125,0.6561328125000003
104012,8,staged,2600,0.3623046875,0.6547070312499997
104012,8,staged,2800,0.466796875,0.5590625000000006
104012,8,staged,3000,0.5234375,0.5024218750000015
104012,8,staged,3200,0.6103515625,0.4212695312500015
104012,8,staged,3400,0.5947265625,0.4258007812500018
104012,8,staged,3600,0.6787109375,0.3598046875000016
104012,8,staged,3800,0.6328125,0.3992773437500017
104012,8,staged,4000,0.66796875,0.3623437500000015
104012,8,staged,4200,0.6640625,0.3600000000000015
104012,8,staged,4400,0.6923828125,0.3470898437500017
104012,8,staged,4600,0.6982421875,0.3365625000000018
104012,8,staged,4800,0.7275390625,0.3038867187500016
104012,8,staged,5000,0.716796875,0.3160546875000016
104012,8,staged,5200,0.6787109375,0.3505468750000014
104012,8,staged,5400,0.7060546875,0.3273632812500016
104012,8,staged,5600,0.6953125,0.3413671875000016
104012,8,staged,5800,0.7158203125,0.3206445312500015
104012,8,staged,6000,0.7080078125,0.3209179687500015
104012,8,staged,6200,0.701171875,0.3299218750000017
104012,8,staged,6400,0.669921875,0.3651367187500016
104012,8,staged,6600,0.6591796875,0.3710156250000014
104012,8,staged,6800,0.7216796875,0.3213476562500017
104012,8,staged,7000,0.716796875,0.3188281250000015
104012,8,staged,7200,0.7197265625,0.3066601562500014
104012,8,staged,7400,0.7119140625,0.3128906250000013
104012,8,staged,7600,0.71484375,0.3160546875000014
104012,8,staged,7800,0.724609375,0.3196679687500015
104012,8,staged,8000,0.6728515625,0.3616406250000014
104012,8,staged,8200,0.728515625,0.3071093750000014
104012,8,staged,8400,0.6962890625,0.3330078125000015
104012,8,staged,8600,0.7109375,0.3119140625000016
104012,8,staged,8800,0.6796875,0.3483203125000015
104012,8,staged,9000,0.6572265625,0.3732617187500014
104012,8,staged,9200,0.6904296875,0.3421484375000014
104012,8,staged,9400,0.7001953125,0.3322070312500016
104012,8,staged,9600,0.734375,0.3037109375000015
104012,8,staged,9800,0.7412109375,0.2941992187500013
104012,8,staged,10000,0.7626953125,0.2803515625000014
104012,8,staged,10200,0.7509765625,0.2990429687500015
104012,8,staged,10400,0.7451171875,0.2970703125000015
104012,8,staged,10600,0.7119140625,0.3226953125000018
104012,8,staged,10800,0.7158203125,0.3246484375000018
104012,8,staged,11000,0.7392578125,0.2934765625000016
104012,8,staged,11200,0.68359375,0.3408789062500017
104012,8,staged,11400,0.705078125,0.3292773437500014
104012,8,staged,11600,0.6982421875,0.3275976562500014
104012,8,staged,11800,0.6640625,0.3746093750000014
104012,8,staged,12000,0.7021484375,0.3329687500000014
104012,8,staged,12200,0.7109375,0.3225195312500016
104012,8,staged,12400,0.7373046875,0.2968554687500016
104012,8,staged,12600,0.7138671875,0.3220898437500015
104012,8,staged,12800,0.73828125,0.2923632812500017
104012,8,staged,13000,0.7392578125,0.2939843750000015
104012,8,staged,13200,0.7744140625,0.2637109375000014
104012,8,staged,13400,0.7841796875,0.2529492187500014
104012,8,staged,13600,0.7685546875,0.2759179687500015
104012,8,staged,13800,0.75,0.2923828125000013
104012,8,staged,14000,0.7802734375,0.2676562500000014
104012,8,staged,14200,0.724609375,0.3137304687500016
104012,8,staged,14400,0.7451171875,0.2977929687500015
104012,8,staged,14600,0.779296875,0.2586718750000015
104012,8,staged,14800,0.7666015625,0.2700781250000016
104012,8,staged,15000,0.7265625,0.3066992187500018
104012,8,staged,15200,0.736328125,0.2919726562500016
104012,8,staged,15400,0.763671875,0.2813281250000014
104012,8,staged,15600,0.740234375,0.2964062500000015
104012,8,staged,15800,0.7451171875,0.2886718750000015
104012,8,staged,16000,0.7529296875,0.2879882812500016
104012,8,staged,16200,0.7763671875,0.2686328125000014
104012,8,staged,16400,0.7275390625,0.3128710937500016
104012,8,staged,16600,0.720703125,0.3107617187500014
104012,8,staged,16800,0.728515625,0.3048437500000016
104012,8,staged,17000,0.716796875,0.3130078125000015
104012,8,staged,17200,0.6875,0.3482812500000016
104012,8,staged,17400,0.7060546875,0.3213867187500015
104012,8,staged,17600,0.7177734375,0.3250000000000017
104012,8,staged,17800,0.7109375,0.3171484375000015
104012,8,staged,18000,0.7607421875,0.2799609375000015
104012,8,staged,18200,0.7490234375,0.2937695312500016
104012,8,staged,18400,0.75,0.2796875000000015
104012,8,staged,18600,0.6953125,0.3528906250000014
104012,8,staged,18800,0.69140625,0.3410156250000012
104012,8,staged,19000,0.7314453125,0.2989062500000013
104012,8,staged,19200,0.7578125,0.2808593750000015
104012,8,staged,19400,0.759765625,0.2763867187500014
104012,8,staged,19600,0.7314453125,0.3055664062500017
104012,8,staged,19800,0.736328125,0.3049414062500016
104012,8,staged,20000,0.734375,0.2888476562500016
104013,7,earliest,0,0.2255859375,1.0
104013,7,earliest,200,0.3583984375,0.6572656249999996
104013,7,earliest,400,0.5068359375,0.5208984375000008
104013,7,earliest,600,0.4560546875,0.5577929687500004
104013,7,earliest,800,0.5546875,0.4723242187500015
104013,7,earliest,1000,0.537109375,0.4742578125000016
104013,7,earliest,1200,0.5888671875,0.4336718750000015
104013,7,earliest,1400,0.6044921875,0.4162695312500015
104013,7,earliest,1600,0.6337890625,0.4033593750000015
104013,7,earliest,1800,0.64453125,0.3823437500000013
104013,7,earliest,2000,0.6923828125,0.3407226562500017
104013,7,earliest,2200,0.6806640625,0.3409960937500014
104013,7,earliest,2400,0.6748046875,0.3525390625000017
104013,7,earliest,2600,0.736328125,0.2980468750000016
104013,7,earliest,2800,0.654296875,0.3799804687500018
104013,7,earliest,3000,0.70703125,0.3354101562500018
104013,7,earliest,3200,0.7236328125,0.3079687500000017
104013,7,earliest,3400,0.650390625,0.3842382812500015
104013,7,earliest,3600,0.7119140625,0.3306640625000014
104013,7,earliest,3800,0.68359375,0.3449218750000014
104013,7,earliest,4000,0.69140625,0.3401367187500016
104013,7,earliest,4200,0.6630859375,0.3697070312500017
104013,7,earliest,4400,0.6845703125,0.3480273437500016
104013,7,earliest,4600,0.689453125,0.3416601562500016
104013,7,earliest,4800,0.69921875,0.3400976562500015
104013,7,earliest,5000,0.689453125,0.3425976562500014
104013,7,earliest,5200,0.62109375,0.4122656250000017
104013,7,earliest,5400,0.6796875,0.3477734375000017
104013,7,earliest,5600,0.6826171875,0.3381445312500016
104013,7,earliest,5800,0.6962890625,0.3366992187500017
104013,7,earliest,6000,0.71484375,0.3101171875000015
104013,7,earliest,6200,0.6806640625,0.3459179687500016
104013,7,earliest,6400,0.73828125,0.3048046875000013
104013,7,earliest,6600,0.685546875,0.3378515625000018
104013,7,earliest,6800,0.7099609375,0.3257226562500015
104013,7,earliest,7000,0.7333984375,0.3037304687500018
104013,7,earliest,7200,0.71875,0.3160546875000016
104013,7,earliest,7400,0.671875,0.3578320312500016
104013,7,earliest,7600,0.6982421875,0.3317773437500016
104013,7,earliest,7800,0.6962890625,0.3434765625000016
104013,7,earliest,8000,0.7041015625,0.3362500000000019
104013,7,earliest,8200,0.6748046875,0.3613476562500018
104013,7,earliest,8400,0.736328125,0.3011718750000016
104013,7,earliest,8600,0.69140625,0.3436718750000015
104013,7,earliest,8800,0.6962890625,0.3363085937500014
104013,7,earliest,9000,0.7138671875,0.3205273437500018
104013,7,earliest,9200,0.67578125,0.3559375000000016
104013,7,earliest,9400,0.693359375,0.3432031250000015
104013,7,earliest,9600,0.7158203125,0.3174218750000015
104013,7,earliest,9800,0.6669921875,0.3590625000000017
104013,7,earliest,10000,0.6865234375,0.3496875000000014
104013,7,earliest,10200,0.681640625,0.3492578125000014
104013,7,earliest,10400,0.6845703125,0.3436523437500018
104013,7,earliest,10600,0.6943359375,0.3290429687500015
104013,7,earliest,10800,0.66015625,0.3716406250000015
104013,7,earliest,11000,0.7001953125,0.3320898437500012
104013,7,earliest,11200,0.681640625,0.3471875000000012
104013,7,earliest,11400,0.74609375,0.2917382812500015
104013,7,earliest,11600,0.734375,0.3066992187500015
104013,7,earliest,11800,0.734375,0.3043164062500011
104013,7,earliest,12000,0.767578125,0.2765429687500018
104013,7,earliest,12200,0.7041015625,0.3319921875000017
104013,7,earliest,12400,0.6630859375,0.3714648437500016
104013,7,earliest,12600,0.708984375,0.3227148437500017
104013,7,earliest,12800,0.71484375,0.3187304687500013
104013,7,earliest,13000,0.720703125,0.3102539062500014
104013,7,earliest,13200,0.7119140625,0.3244921875000014
104013,7,earliest,13400,0.7060546875,0.3242968750000016
104013,7,earliest,13600,0.6962890625,0.3208203125000015
104013,7,earliest,13800,0.7060546875,0.3185351562500017
104013,7,earliest,14000,0.7109375,0.3310546875000016
104013,7,earliest,14200,0.6708984375,0.3568359375000014
104013,7,earliest,14400,0.6953125,0.3417382812500017
104013,7,earliest,14600,0.72265625,0.3100781250000014
104013,7,earliest,14800,0.734375,0.2999218750000017
104013,7,earliest,15000,0.705078125,0.3283007812500014
104013,7,earliest,15200,0.7138671875,0.3148046875000016
104013,7,earliest,15400,0.66015625,0.3537109375000014
104013,7,earliest,15600,0.6630859375,0.3666796875000015
104013,7,earliest,15800,0.66796875,0.3616015625000012
104013,7,earliest,16000,0.69921875,0.3315820312500016
104013,7,earliest,16200,0.7177734375,0.3095898437500014
104013,7,earliest,16400,0.7060546875,0.3288281250000013
104013,7,earliest,16600,0.7060546875,0.3326757812500014
104013,7,earliest,16800,0.70703125,0.3249609375000015
104013,7,earliest,17000,0.7646484375,0.2734179687500012
104013,7,earliest,17200,0.7548828125,0.2827539062500013
104013,7,earliest,17400,0.716796875,0.3225585937500015
104013,7,earliest,17600,0.7119140625,0.3204101562500016
104013,7,earliest,17800,0.7529296875,0.2848828125000015
104013,7,earliest,18000,0.705078125,0.3281445312500016
104013,7,earliest,18200,0.744140625,0.2810156250000016
104013,7,earliest,18400,0.7392578125,0.2875195312500014
104013,7,earliest,18600,0.6982421875,0.3360937500000016
104013,7,earliest,18800,0.728515625,0.3069140625000018
104013,7,earliest,19000,0.7138671875,0.3208007812500017
104013,7,earliest,19200,0.7236328125,0.3045507812500013
104013,7,earliest,19400,0.7451171875,0.2948632812500015
104013,7,earliest,19600,0.744140625,0.2999804687500015
104013,7,earliest,19800,0.7060546875,0.3241796875000013
104013,7,earliest,20000,0.6943359375,0.3341992187500014
104013,8,earliest,0,0.2255859375,1.0
104013,8,earliest,200,0.236328125,0.7761132812499982
104013,8,earliest,400,0.1396484375,0.8717187499999987
104013,8,earliest,600,0.1279296875,0.8822851562499985
104013,8,earliest,800,0.10546875,0.9029492187499992
104013,8,earliest,1000,0.099609375,0.9059960937499992
104013,8,earliest,1200,0.1025390625,0.9043945312499992
104013,8,earliest,1400,0.08203125,0.9230273437499994
104013,8,earliest,1600,0.080078125,0.9235937499999995
104013,8,earliest,1800,0.0947265625,0.9086328124999998
104013,8,earliest,2000,0.0859375,0.9180078124999996
104013,8,earliest,2200,0.1435546875,0.8632226562499993
104013,8,earliest,2400,0.1201171875,0.8860156249999986
104013,8,earliest,2600,0.1455078125,0.854374999999998
104013,8,earliest,2800,0.1865234375,0.8192187499999992
104013,8,earliest,3000,0.244140625,0.7680468749999986
104013,8,earliest,3200,0.3115234375,0.6991210937499985
104013,8,earliest,3400,0.283203125,0.7264257812499987
104013,8,earliest,3600,0.380859375,0.6351562500000002
104013,8,earliest,3800,0.3935546875,0.6270312499999993
104013,8,earliest,4000,0.4462890625,0.5754882812500005
104013,8,earliest,4200,0.4814453125,0.5452148437500004
104013,8,earliest,4400,0.5322265625,0.4851562500000014
104013,8,earliest,4600,0.5703125,0.4597460937500014
104013,8,earliest,4800,0.6201171875,0.4011718750000015
104013,8,earliest,5000,0.626953125,0.4004492187500016
104013,8,earliest,5200,0.6953125,0.3439257812500014
104013,8,earliest,5400,0.673828125,0.3541796875000014
104013,8,earliest,5600,0.6708984375,0.3601953125000014
104013,8,earliest,5800,0.6279296875,0.4079687500000016
104013,8,earliest,6000,0.61328125,0.4166601562500016
104013,8,earliest,6200,0.6064453125,0.4270312500000014
104013,8,earliest,6400,0.6279296875,0.3980859375000015
104013,8,earliest,6600,0.615234375,0.4153515625000016
104013,8,earliest,6800,0.572265625,0.4562109375000018
104013,8,earliest,7000,0.669921875,0.3606640625000016
104013,8,earliest,7200,0.6435546875,0.3932031250000016
104013,8,earliest,7400,0.626953125,0.3999218750000018
104013,8,earliest,7600,0.662109375,0.3690429687500019
104013,8,earliest,7800,0.6337890625,0.4092578125000017
104013,8,earliest,8000,0.5947265625,0.4378515625000016
104013,8,earliest,8200,0.638671875,0.3878906250000016
104013,8,earliest,8400,0.677734375,0.3582031250000019
104013,8,earliest,8600,0.6767578125,0.3629492187500016
104013,8,earliest,8800,0.69140625,0.3408007812500016
104013,8,earliest,9000,0.7041015625,0.3337890625000016
104013,8,earliest,9200,0.6923828125,0.3375585937500014
104013,8,earliest,9400,0.66015625,0.3608789062500014
104013,8,earliest,9600,0.669921875,0.3670312500000016
104013,8,earliest,9800,0.66796875,0.3675195312500015
104013,8,earliest,10000,0.671875,0.3679687500000016
104013,8,earliest,10200,0.607421875,0.4219531250000015
104013,8,earliest,10400,0.671875,0.3577734375000015
104013,8,earliest,10600,0.6630859375,0.3715625000000016
104013,8,earliest,10800,0.640625,0.3835546875000014
104013,8,earliest,11000,0.654296875,0.3852343750000016
104013,8,earliest,11200,0.6474609375,0.3867382812500015
104013,8,earliest,11400,0.6474609375,0.3925585937500016
104013,8,earliest,11600,0.65234375,0.3823632812500016
104013,8,earliest,11800,0.67578125,0.3508203125000015
104013,8,earliest,12000,0.7119140625,0.3286523437500016
104013,8,earliest,12200,0.6767578125,0.3616015625000018
104013,8,earliest,12400,0.666015625,0.3595117187500016
104013,8,earliest,12600,0.708984375,0.3256054687500017
104013,8,earliest,12800,0.68359375,0.3584179687500017
104013,8,earliest,13000,0.6962890625,0.3471875000000016
104013,8,earliest,13200,0.64453125,0.3781640625000015
104013,8,earliest,13400,0.6787109375,0.3533984375000013
104013,8,earliest,13600,0.640625,0.3931640625000014
104013,8,earliest,13800,0.677734375,0.3598828125000014
104013,8,earliest,14000,0.6875,0.3537109375000017
104013,8,earliest,14200,0.6591796875,0.3705273437500014
104013,8,earliest,14400,0.701171875,0.3378710937500015
104013,8,earliest,14600,0.6689453125,0.3650195312500016
104013,8,earliest,14800,0.671875,0.3646093750000015
104013,8,earliest,15000,0.6572265625,0.3783007812500017
104013,8,earliest,15200,0.6708984375,0.3693750000000017
104013,8,earliest,15400,0.6494140625,0.3763476562500017
104013,8,earliest,15600,0.6484375,0.3836914062500017
104013,8,earliest,15800,0.6298828125,0.4051757812500016
104013,8,earliest,16000,0.6513671875,0.3799609375000015
104013,8,earliest,16200,0.626953125,0.4038671875000016
104013,8,earliest,16400,0.634765625,0.3968164062500015
104013,8,earliest,16600,0.6484375,0.3756250000000016
104013,8,earliest,16800,0.6376953125,0.3925390625000014
104013,8,earliest,17000,0.6181640625,0.4140820312500015
104013,8,earliest,17200,0.6240234375,0.3994531250000018
104013,8,earliest,17400,0.6767578125,0.3536718750000015
104013,8,earliest,17600,0.607421875,0.4136523437500015
104013,8,earliest,17800,0.6396484375,0.3943945312500012
104013,8,earliest,18000,0.6494140625,0.3833007812500015
104013,8,earliest,18200,0.6591796875,0.3809375000000014
104013,8,earliest,18400,0.6396484375,0.3941406250000014
104013,8,earliest,18600,0.681640625,0.3621289062500016
104013,8,earliest,18800,0.6728515625,0.3571289062500014
104013,8,earliest,19000,0.6708984375,0.3668945312500013
104013,8,earliest,19200,0.6259765625,0.4125000000000012
104013,8,earliest,19400,0.654296875,0.3784179687500016
104013,8,earliest,19600,0.61328125,0.4235937500000016
104013,8,earliest,19800,0.6728515625,0.3685937500000015
104013,8,earliest,20000,0.6162109375,0.4141210937500013
104013,7,staged,0,0.2255859375,1.0
104013,7,staged,200,0.31640625,0.6909374999999983
104013,7,staged,400,0.4189453125,0.5915039062499999
104013,7,staged,600,0.5166015625,0.4947460937500012
104013,7,staged,800,0.5615234375,0.4579101562500014
104013,7,staged,1000,0.58984375,0.4372070312500013
104013,7,staged,1200,0.65234375,0.3780078125000015
104013,7,staged,1400,0.669921875,0.3570507812500016
104013,7,staged,1600,0.720703125,0.3103125000000017
104013,7,staged,1800,0.744140625,0.2923046875000013
104013,7,staged,2000,0.779296875,0.2616601562500014
104013,7,staged,2200,0.76171875,0.2756250000000015
104013,7,staged,2400,0.7412109375,0.2871289062500014
104013,7,staged,2600,0.76171875,0.2803515625000017
104013,7,staged,2800,0.74609375,0.2895507812500014
104013,7,staged,3000,0.7138671875,0.3007617187500015
104013,7,staged,3200,0.7587890625,0.2816992187500015
104013,7,staged,3400,0.7119140625,0.3188867187500015
104013,7,staged,3600,0.751953125,0.2830273437500013
104013,7,staged,3800,0.7919921875,0.2489062500000014
104013,7,staged,4000,0.7490234375,0.2722460937500017
104013,7,staged,4200,0.7587890625,0.2690625000000013
104013,7,staged,4400,0.7705078125,0.2656250000000015
104013,7,staged,4600,0.767578125,0.2673046875000016
104013,7,staged,4800,0.771484375,0.2608593750000014
104013,7,staged,5000,0.7802734375,0.2582617187500015
104013,7,staged,5200,0.7919921875,0.2432812500000013
104013,7,staged,5400,0.81640625,0.2218750000000014
104013,7,staged,5600,0.794921875,0.2428710937500015
104013,7,staged,5800,0.767578125,0.2615039062500015
104013,7,staged,6000,0.7744140625,0.2583203125000014
104013,7,staged,6200,0.791015625,0.2464453125000013
104013,7,staged,6400,0.771484375,0.2636523437500014
104013,7,staged,6600,0.794921875,0.2518945312500016
104013,7,staged,6800,0.7919921875,0.2404882812500014
104013,7,staged,7000,0.806640625,0.2322851562500015
104013,7,staged,7200,0.763671875,0.2719335937500014
104013,7,staged,7400,0.80859375,0.2321093750000015
104013,7,staged,7600,0.8310546875,0.2074218750000014
104013,7,staged,7800,0.8349609375,0.2081445312500013
104013,7,staged,8000,0.779296875,0.2573242187500013
104013,7,staged,8200,0.7783203125,0.2509960937500015
104013,7,staged,8400,0.8046875,0.2312890625000015
104013,7,staged,8600,0.7724609375,0.2681445312500015
104013,7,staged,8800,0.765625,0.2706445312500015
104013,7,staged,9000,0.771484375,0.2613085937500015
104013,7,staged,9200,0.7841796875,0.2535351562500015
104013,7,staged,9400,0.7578125,0.2787304687500016
104013,7,staged,9600,0.8349609375,0.2132617187500012
104013,7,staged,9800,0.798828125,0.2471093750000014
104013,7,staged,10000,0.767578125,0.2623242187500014
104013,7,staged,10200,0.76953125,0.2559179687500015
104013,7,staged,10400,0.765625,0.2658203125000015
104013,7,staged,10600,0.8134765625,0.2323828125000013
104013,7,staged,10800,0.80859375,0.2343359375000015
104013,7,staged,11000,0.837890625,0.2099609375000014
104013,7,staged,11200,0.7919921875,0.2493359375000014
104013,7,staged,11400,0.8017578125,0.2392578125000015
104013,7,staged,11600,0.7841796875,0.2542382812500014
104013,7,staged,11800,0.78515625,0.2520703125000014
104013,7,staged,12000,0.8203125,0.2218945312500016
104013,7,staged,12200,0.8203125,0.2190625000000013
104013,7,staged,12400,0.8115234375,0.2163281250000016
104013,7,staged,12600,0.787109375,0.2399023437500016
104013,7,staged,12800,0.7509765625,0.2752343750000016
104013,7,staged,13000,0.7646484375,0.2694921875000015
104013,7,staged,13200,0.7939453125,0.2451562500000014
104013,7,staged,13400,0.7744140625,0.2633593750000015
104013,7,staged,13600,0.7646484375,0.2689062500000015
104013,7,staged,13800,0.82421875,0.2187109375000013
104013,7,staged,14000,0.8203125,0.2192382812500012
104013,7,staged,14200,0.798828125,0.2413085937500014
104013,7,staged,14400,0.8125,0.2229296875000016
104013,7,staged,14600,0.7744140625,0.2479492187500015
104013,7,staged,14800,0.7724609375,0.2631835937500016
104013,7,staged,15000,0.7880859375,0.2510351562500015
104013,7,staged,15200,0.755859375,0.2724804687500016
104013,7,staged,15400,0.7880859375,0.2438476562500014
104013,7,staged,15600,0.7646484375,0.2642968750000014
104013,7,staged,15800,0.7880859375,0.2400195312500013
104013,7,staged,16000,0.7568359375,0.2803125000000015
104013,7,staged,16200,0.765625,0.2604492187500013
104013,7,staged,16400,0.8017578125,0.2416406250000015
104013,7,staged,16600,0.783203125,0.2529882812500013
104013,7,staged,16800,0.7958984375,0.2479882812500013
104013,7,staged,17000,0.771484375,0.2673828125000015
104013,7,staged,17200,0.798828125,0.2279882812500014
104013,7,staged,17400,0.78515625,0.2629687500000014
104013,7,staged,17600,0.794921875,0.2427929687500014
104013,7,staged,17800,0.80078125,0.2519921875000013
104013,7,staged,18000,0.810546875,0.2308593750000013
104013,7,staged,18200,0.78515625,0.2472265625000015
104013,7,staged,18400,0.85546875,0.183320312500001
104013,7,staged,18600,0.8330078125,0.2112500000000014
104013,7,staged,18800,0.833984375,0.1987109375000012
104013,7,staged,19000,0.8115234375,0.2183593750000013
104013,7,staged,19200,0.7958984375,0.2445507812500015
104013,7,staged,19400,0.822265625,0.2164453125000013
104013,7,staged,19600,0.7822265625,0.2492382812500013
104013,7,staged,19800,0.7919921875,0.2437500000000015
104013,7,staged,20000,0.79296875,0.2400390625000013
104013,8,staged,0,0.2255859375,1.0
104013,8,staged,200,0.1962890625,0.8039257812499988
104013,8,staged,400,0.1328125,0.8727539062499989
104013,8,staged,600,0.126953125,0.8800195312499989
104013,8,staged,800,0.0986328125,0.9057421874999994
104013,8,staged,1000,0.080078125,0.9238476562499996
104013,8,staged,1200,0.0927734375,0.9150781249999996
104013,8,staged,1400,0.0751953125,0.9291406249999992
104013,8,staged,1600,0.0859375,0.9199609374999996
104013,8,staged,1800,0.14453125,0.858203125
104013,8,staged,2000,0.1318359375,0.8722656249999997
104013,8,staged,2200,0.134765625,0.8688281249999997
104013,8,staged,2400,0.169921875,0.8314257812500001
104013,8,staged,2600,0.279296875,0.7363085937499994
104013,8,staged,2800,0.326171875,0.6867578124999996
104013,8,staged,3000,0.4228515625,0.5846093750000005
104013,8,staged,3200,0.5166015625,0.502714843750001
104013,8,staged,3400,0.5458984375,0.4871289062500013
104013,8,staged,3600,0.6259765625,0.3927148437500014
104013,8,staged,3800,0.681640625,0.3342578125000013
104013,8,staged,4000,0.6669921875,0.3621679687500015
104013,8,staged,4200,0.671875,0.3580468750000014
104013,8,staged,4400,0.6953125,0.3375585937500014
104013,8,staged,4600,0.7138671875,0.3153710937500017
104013,8,staged,4800,0.736328125,0.3039453125000014
104013,8,staged,5000,0.7421875,0.3042187500000015
104013,8,staged,5200,0.7265625,0.3111914062500015
104013,8,staged,5400,0.7421875,0.2903320312500014
104013,8,staged,5600,0.7451171875,0.2930859375000015
104013,8,staged,5800,0.76171875,0.2835156250000017
104013,8,staged,6000,0.7265625,0.3099023437500015
104013,8,staged,6200,0.7314453125,0.2966406250000016
104013,8,staged,6400,0.7578125,0.2848632812500015
104013,8,staged,6600,0.7568359375,0.2912109375000015
104013,8,staged,6800,0.7666015625,0.2742968750000015
104013,8,staged,7000,0.7529296875,0.2899414062500016
104013,8,staged,7200,0.7275390625,0.3059765625000016
104013,8,staged,7400,0.7255859375,0.3064257812500016
104013,8,staged,7600,0.7265625,0.3039062500000017
104013,8,staged,7800,0.7451171875,0.2952539062500016
104013,8,staged,8000,0.7431640625,0.2905664062500015
104013,8,staged,8200,0.7578125,0.2829882812500014
104013,8,staged,8400,0.7705078125,0.2695117187500016
104013,8,staged,8600,0.7900390625,0.2558789062500016
104013,8,staged,8800,0.7861328125,0.2616601562500016
104013,8,staged,9000,0.7587890625,0.2833984375000015
104013,8,staged,9200,0.7734375,0.2662500000000016
104013,8,staged,9400,0.7626953125,0.2749218750000015
104013,8,staged,9600,0.7421875,0.2927148437500016
104013,8,staged,9800,0.7314453125,0.2947460937500014
104013,8,staged,10000,0.7353515625,0.3035937500000015
104013,8,staged,10200,0.7646484375,0.2824218750000016
104013,8,staged,10400,0.6904296875,0.3459960937500016
104013,8,staged,10600,0.734375,0.3043945312500016
104013,8,staged,10800,0.7490234375,0.2989648437500013
104013,8,staged,11000,0.7353515625,0.3169921875000017
104013,8,staged,11200,0.7392578125,0.2942968750000016
104013,8,staged,11400,0.734375,0.3057031250000016
104013,8,staged,11600,0.744140625,0.2888476562500014
104013,8,staged,11800,0.7626953125,0.2842578125000017
104013,8,staged,12000,0.7705078125,0.2748828125000012
104013,8,staged,12200,0.7509765625,0.2882812500000016
104013,8,staged,12400,0.7138671875,0.3187695312500015
104013,8,staged,12600,0.7392578125,0.2958789062500017
104013,8,staged,12800,0.755859375,0.2755664062500012
104013,8,staged,13000,0.7392578125,0.3051562500000015
104013,8,staged,13200,0.732421875,0.2989648437500017
104013,8,staged,13400,0.7451171875,0.2994335937500017
104013,8,staged,13600,0.78125,0.2648046875000014
104013,8,staged,13800,0.7373046875,0.3034765625000016
104013,8,staged,14000,0.7607421875,0.2864648437500015
104013,8,staged,14200,0.7470703125,0.2900585937500014
104013,8,staged,14400,0.802734375,0.2346875000000015
104013,8,staged,14600,0.7548828125,0.2837500000000015
104013,8,staged,14800,0.71875,0.3239843750000017
104013,8,staged,15000,0.7421875,0.2894921875000016
104013,8,staged,15200,0.7568359375,0.2874609375000014
104013,8,staged,15400,0.7392578125,0.2862109375000015
104013,8,staged,15600,0.775390625,0.2658398437500015
104013,8,staged,15800,0.7587890625,0.2799804687500017
104013,8,staged,16000,0.734375,0.2987500000000014
104013,8,staged,16200,0.7431640625,0.2929687500000017
104013,8,staged,16400,0.73828125,0.2985742187500016
104013,8,staged,16600,0.7734375,0.2681835937500017
104013,8,staged,16800,0.78125,0.2627148437500015
104013,8,staged,17000,0.7373046875,0.2970117187500013
104013,8,staged,17200,0.75,0.2923828125000014
104013,8,staged,17400,0.748046875,0.2880273437500016
104013,8,staged,17600,0.7392578125,0.2922656250000014
104013,8,staged,17800,0.755859375,0.2815820312500015
104013,8,staged,18000,0.7705078125,0.2768750000000014
104013,8,staged,18200,0.791015625,0.2631054687500015
104013,8,staged,18400,0.7861328125,0.2582421875000013
104013,8,staged,18600,0.7607421875,0.2753320312500015
104013,8,staged,18800,0.75390625,0.2905859375000016
104013,8,staged,19000,0.7109375,0.3294921875000013
104013,8,staged,19200,0.7265625,0.3079882812500018
104013,8,staged,19400,0.7490234375,0.2849218750000013
104013,8,staged,19600,0.72265625,0.3053710937500017
104013,8,staged,19800,0.7431640625,0.2989648437500017
104013,8,staged,20000,0.736328125,0.3099804687500015
104014,7,earliest,0,0.2587890625,1.0
104014,7,earliest,200,0.3994140625,0.6208203124999986
104014,7,earliest,400,0.443359375,0.5715625000000004
104014,7,earliest,600,0.47265625,0.5501757812500004
104014,7,earliest,800,0.5126953125,0.5112109375000007
104014,7,earliest,1000,0.5556640625,0.4598632812500015
104014,7,earliest,1200,0.6015625,0.4116015625000014
104014,7,earliest,1400,0.5771484375,0.4424804687500016
104014,7,earliest,1600,0.71875,0.3229296875000016
104014,7,earliest,1800,0.654296875,0.3751171875000015
104014,7,earliest,2000,0.625,0.4027343750000017
104014,7,earliest,2200,0.6904296875,0.3455859375000014
104014,7,earliest,2400,0.6767578125,0.3515429687500015
104014,7,earliest,2600,0.6943359375,0.3443750000000014
104014,7,earliest,2800,0.736328125,0.3007812500000013
104014,7,earliest,3000,0.6953125,0.3350781250000015
104014,7,earliest,3200,0.6904296875,0.3493164062500014
104014,7,earliest,3400,0.705078125,0.3331250000000015
104014,7,earliest,3600,0.71875,0.3172851562500015
104014,7,earliest,3800,0.6689453125,0.3626171875000017
104014,7,earliest,4000,0.67578125,0.3614648437500018
104014,7,earliest,4200,0.65234375,0.3786523437500014
104014,7,earliest,4400,0.7109375,0.3184765625000017
104014,7,earliest,4600,0.716796875,0.3130468750000017
104014,7,earliest,4800,0.6708984375,0.3599218750000015
104014,7,earliest,5000,0.7421875,0.2950390625000016
104014,7,earliest,5200,0.6962890625,0.3337695312500016
104014,7,earliest,5400,0.7099609375,0.3236914062500012
104014,7,earliest,5600,0.7421875,0.2862500000000016
104014,7,earliest,5800,0.701171875,0.3332421875000014
104014,7,earliest,6000,0.7314453125,0.2967382812500017
104014,7,earliest,6200,0.759765625,0.2773242187500013
104014,7,earliest,6400,0.7177734375,0.3137304687500014
104014,7,earliest,6600,0.7265625,0.3161718750000014
104014,7,earliest,6800,0.7060546875,0.3323437500000016
104014,7,earliest,7000,0.6357421875,0.3915625000000014
104014,7,earliest,7200,0.69921875,0.3305468750000014
104014,7,earliest,7400,0.69921875,0.3330859375000015
104014,7,earliest,7600,0.7314453125,0.2966601562500017
104014,7,earliest,7800,0.6943359375,0.3388085937500016
104014,7,earliest,8000,0.6689453125,0.3523046875000014
104014,7,earliest,8200,0.64453125,0.3831835937500014
104014,7,earliest,8400,0.65234375,0.3798046875000015
104014,7,earliest,8600,0.6494140625,0.3830078125000015
104014,7,earliest,8800,0.7060546875,0.3256640625000016
104014,7,earliest,9000,0.6484375,0.3745312500000016
104014,7,earliest,9200,0.71875,0.3196875000000017
104014,7,earliest,9400,0.666015625,0.3636523437500014
104014,7,earliest,9600,0.689453125,0.3463867187500015
104014,7,earliest,9800,0.6826171875,0.3483789062500015
104014,7,earliest,10000,0.6865234375,0.3488867187500014
104014,7,earliest,10200,0.71875,0.3185156250000014
104014,7,earliest,10400,0.7001953125,0.3319140625000016
104014,7,earliest,10600,0.7451171875,0.2970117187500014
104014,7,earliest,10800,0.716796875,0.3191601562500014
104014,7,earliest,11000,0.6943359375,0.3434570312500015
104014,7,earliest,11200,0.724609375,0.3069335937500012
104014,7,earliest,11400,0.6943359375,0.3434179687500016
104014,7,earliest,11600,0.716796875,0.3280859375000017
104014,7,earliest,11800,0.7109375,0.3235546875000014
104014,7,earliest,12000,0.697265625,0.3349414062500017
104014,7,earliest,12200,0.7177734375,0.3185742187500016
104014,7,earliest,12400,0.6826171875,0.3455273437500015
104014,7,earliest,12600,0.7314453125,0.3083007812500015
104014,7,earliest,12800,0.703125,0.3341992187500015
104014,7,earliest,13000,0.6904296875,0.3400781250000013
104014,7,earliest,13200,0.7080078125,0.3264648437500014
104014,7,earliest,13400,0.66015625,0.3645703125000014
104014,7,earliest,13600,0.7119140625,0.3222656250000016
104014,7,earliest,13800,0.7265625,0.3041796875000017
104014,7,earliest,14000,0.7109375,0.3217187500000015
104014,7,earliest,14200,0.7021484375,0.3274804687500017
104014,7,earliest,14400,0.677734375,0.3542382812500012
104014,7,earliest,14600,0.6796875,0.3501367187500016
104014,7,earliest,14800,0.7294921875,0.3079882812500014
104014,7,earliest,15000,0.7021484375,0.3353125000000013
104014,7,earliest,15200,0.7021484375,0.3281054687500015
104014,7,earliest,15400,0.6982421875,0.3394726562500017
104014,7,earliest,15600,0.7373046875,0.2978906250000015
104014,7,earliest,15800,0.7177734375,0.3177734375000013
104014,7,earliest,16000,0.6982421875,0.3352343750000016
104014,7,earliest,16200,0.734375,0.3088867187500016
104014,7,earliest,16400,0.7060546875,0.3253125000000016
104014,7,earliest,16600,0.7021484375,0.3355859375000017
104014,7,earliest,16800,0.6953125,0.3359179687500015
104014,7,earliest,17000,0.734375,0.2991601562500014
104014,7,earliest,17200,0.7080078125,0.3265820312500014
104014,7,earliest,17400,0.69921875,0.3236132812500014
104014,7,earliest,17600,0.6640625,0.3635937500000014
104014,7,earliest,17800,0.685546875,0.3466406250000017
104014,7,earliest,18000,0.71484375,0.3151367187500015
104014,7,earliest,18200,0.703125,0.3252148437500013
104014,7,earliest,18400,0.7021484375,0.3316406250000015
104014,7,earliest,18600,0.6728515625,0.3554882812500017
104014,7,earliest,18800,0.7080078125,0.3283007812500013
104014,7,earliest,19000,0.73828125,0.3007812500000016
104014,7,earliest,19200,0.7353515625,0.2957031250000017
104014,7,earliest,19400,0.7197265625,0.3111328125000016
104014,7,earliest,19600,0.7236328125,0.3040625000000016
104014,7,earliest,19800,0.6728515625,0.3566796875000014
104014,7,earliest,20000,0.7080078125,0.3269726562500014
104014,8,earliest,0,0.2587890625,1.0
104014,8,earliest,200,0.2255859375,0.7836914062499993
104014,8,earliest,400,0.154296875,0.8532812499999984
104014,8,earliest,600,0.13671875,0.871738281249999
104014,8,earliest,800,0.154296875,0.8530468749999986
104014,8,earliest,1000,0.1728515625,0.8322265624999989
104014,8,earliest,1200,0.134765625,0.8751953124999989
104014,8,earliest,1400,0.1318359375,0.8746484374999987
104014,8,earliest,1600,0.1513671875,0.8562890624999989
104014,8,earliest,1800,0.19140625,0.812949218749999
104014,8,earliest,2000,0.1630859375,0.8462499999999985
104014,8,earliest,2200,0.228515625,0.7795312499999986
104014,8,earliest,2400,0.267578125,0.7357226562499983
104014,8,earliest,2600,0.353515625,0.663984374999999
104014,8,earliest,2800,0.3828125,0.6305468749999998
104014,8,earliest,3000,0.4775390625,0.539140625
104014,8,earliest,3200,0.521484375,0.5037304687500014
104014,8,earliest,3400,0.6357421875,0.4072460937500014
104014,8,earliest,3600,0.6826171875,0.3525390625000017
104014,8,earliest,3800,0.638671875,0.3887695312500015
104014,8,earliest,4000,0.693359375,0.3321093750000014
104014,8,earliest,4200,0.6796875,0.3504296875000017
104014,8,earliest,4400,0.6728515625,0.3628125000000015
104014,8,earliest,4600,0.6982421875,0.3327343750000018
104014,8,earliest,4800,0.681640625,0.3467578125000014
104014,8,earliest,5000,0.6640625,0.3661132812500017
104014,8,earliest,5200,0.654296875,0.3750781250000015
104014,8,earliest,5400,0.685546875,0.3526562500000017
104014,8,earliest,5600,0.65625,0.3753710937500017
104014,8,earliest,5800,0.6865234375,0.354492187500002
104014,8,earliest,6000,0.66796875,0.3677734375000015
104014,8,earliest,6200,0.7041015625,0.3272851562500016
104014,8,earliest,6400,0.7294921875,0.3044140625000017
104014,8,earliest,6600,0.6943359375,0.3411328125000013
104014,8,earliest,6800,0.6455078125,0.3890039062500018
104014,8,earliest,7000,0.6904296875,0.3458398437500014
104014,8,earliest,7200,0.6865234375,0.3459179687500016
104014,8,earliest,7400,0.693359375,0.3539648437500014
104014,8,earliest,7600,0.6552734375,0.3769335937500017
104014,8,earliest,7800,0.681640625,0.3517968750000017
104014,8,earliest,8000,0.6796875,0.3491210937500015
104014,8,earliest,8200,0.68359375,0.3504101562500017
104014,8,earliest,8400,0.666015625,0.3607421875000017
104014,8,earliest,8600,0.6728515625,0.3677148437500015
104014,8,earliest,8800,0.6787109375,0.3575000000000014
104014,8,earliest,9000,0.6787109375,0.3560546875000015
104014,8,earliest,9200,0.705078125,0.3223437500000015
104014,8,earliest,9400,0.69921875,0.3350000000000017
104014,8,earliest,9600,0.7119140625,0.3192382812500015
104014,8,earliest,9800,0.681640625,0.3546484375000018
104014,8,earliest,10000,0.6650390625,0.3683593750000014
104014,8,earliest,10200,0.72265625,0.3251171875000016
104014,8,earliest,10400,0.716796875,0.3230664062500012
104014,8,earliest,10600,0.6826171875,0.3427734375000015
104014,8,earliest,10800,0.6953125,0.3458203125000014
104014,8,earliest,11000,0.7490234375,0.2892578125000013
104014,8,earliest,11200,0.712890625,0.3262304687500017
104014,8,earliest,11400,0.7099609375,0.3246679687500015
104014,8,earliest,11600,0.689453125,0.3423828125000016
104014,8,earliest,11800,0.697265625,0.3386718750000015
104014,8,earliest,12000,0.705078125,0.3384960937500017
104014,8,earliest,12200,0.7158203125,0.3255273437500018
104014,8,earliest,12400,0.7294921875,0.3075390625000016
104014,8,earliest,12600,0.7119140625,0.3288281250000018
104014,8,earliest,12800,0.7255859375,0.3122265625000013
104014,8,earliest,13000,0.7509765625,0.2848632812500014
104014,8,earliest,13200,0.724609375,0.3191796875000017
104014,8,earliest,13400,0.7177734375,0.3185546875000016
104014,8,earliest,13600,0.671875,0.3592773437500018
104014,8,earliest,13800,0.6982421875,0.3335156250000014
104014,8,earliest,14000,0.7314453125,0.3078320312500014
104014,8,earliest,14200,0.6943359375,0.3317187500000017
104014,8,earliest,14400,0.728515625,0.3193359375000013
104014,8,earliest,14600,0.7197265625,0.3182617187500014
104014,8,earliest,14800,0.73828125,0.2918945312500014
104014,8,earliest,15000,0.71875,0.3223632812500014
104014,8,earliest,15200,0.7080078125,0.3306445312500015
104014,8,earliest,15400,0.71875,0.3229492187500015
104014,8,earliest,15600,0.6904296875,0.3398046875000016
104014,8,earliest,15800,0.71875,0.3140234375000015
104014,8,earliest,16000,0.6982421875,0.3293945312500016
104014,8,earliest,16200,0.69921875,0.3416992187500016
104014,8,earliest,16400,0.7119140625,0.3303320312500015
104014,8,earliest,16600,0.7001953125,0.3336914062500015
104014,8,earliest,16800,0.65234375,0.3941210937500015
104014,8,earliest,17000,0.689453125,0.3556640625000017
104014,8,earliest,17200,0.7060546875,0.3376757812500015
104014,8,earliest,17400,0.7060546875,0.3265820312500015
104014,8,earliest,17600,0.7099609375,0.3274218750000017
104014,8,earliest,17800,0.685546875,0.3544726562500017
104014,8,earliest,18000,0.703125,0.3280664062500015
104014,8,earliest,18200,0.6796875,0.3486523437500017
104014,8,earliest,18400,0.728515625,0.3034765625000017
104014,8,earliest,18600,0.626953125,0.3899414062500017
104014,8,earliest,18800,0.6669921875,0.3527734375000016
104014,8,earliest,19000,0.6650390625,0.3652539062500013
104014,8,earliest,19200,0.724609375,0.3088867187500014
104014,8,earliest,19400,0.6982421875,0.3407617187500016
104014,8,earliest,19600,0.7099609375,0.3273046875000014
104014,8,earliest,19800,0.7548828125,0.2898828125000015
104014,8,earliest,20000,0.7265625,0.3151562500000017
104014,7,staged,0,0.2587890625,1.0
104014,7,staged,200,0.4189453125,0.5974218749999995
104014,7,staged,400,0.4326171875,0.5774023437500003
104014,7,staged,600,0.4990234375,0.5095898437500009
104014,7,staged,800,0.556640625,0.4634375000000013
104014,7,staged,1000,0.5,0.5250195312500007
104014,7,staged,1200,0.66015625,0.3710937500000015
104014,7,staged,1400,0.6337890625,0.4023828125000012
104014,7,staged,1600,0.6796875,0.3565234375000012
104014,7,staged,1800,0.7265625,0.308457031250001
104014,7,staged,2000,0.7314453125,0.2948828125000014
104014,7,staged,2200,0.732421875,0.3049218750000013
104014,7,staged,2400,0.7470703125,0.2833984375000014
104014,7,staged,2600,0.7685546875,0.2654296875000014
104014,7,staged,2800,0.751953125,0.2805468750000014
104014,7,staged,3000,0.763671875,0.2690820312500015
104014,7,staged,3200,0.7822265625,0.2633007812500015
104014,7,staged,3400,0.765625,0.2657031250000015
104014,7,staged,3600,0.7802734375,0.2576367187500014
104014,7,staged,3800,0.7265625,0.2988671875000015
104014,7,staged,4000,0.7890625,0.2495507812500014
104014,7,staged,4200,0.759765625,0.2801953125000014
104014,7,staged,4400,0.775390625,0.2566992187500015
104014,7,staged,4600,0.7880859375,0.2448632812500014
104014,7,staged,4800,0.7548828125,0.2809960937500016
104014,7,staged,5000,0.7822265625,0.2464648437500015
104014,7,staged,5200,0.7529296875,0.2871875000000015
104014,7,staged,5400,0.77734375,0.2556250000000016
104014,7,staged,5600,0.734375,0.2899218750000016
104014,7,staged,5800,0.7666015625,0.2675390625000014
104014,7,staged,6000,0.7568359375,0.2778320312500016
104014,7,staged,6200,0.7236328125,0.3195898437500019
104014,7,staged,6400,0.796875,0.2484960937500014
104014,7,staged,6600,0.7705078125,0.2676367187500013
104014,7,staged,6800,0.7666015625,0.2605468750000015
104014,7,staged,7000,0.712890625,0.3222851562500015
104014,7,staged,7200,0.7412109375,0.2936718750000015
104014,7,staged,7400,0.751953125,0.2835546875000016
104014,7,staged,7600,0.7490234375,0.2770117187500015
104014,7,staged,7800,0.7548828125,0.2800585937500013
104014,7,staged,8000,0.7509765625,0.2823437500000016
104014,7,staged,8200,0.72265625,0.3091406250000017
104014,7,staged,8400,0.759765625,0.2833593750000015
104014,7,staged,8600,0.771484375,0.2641601562500016
104014,7,staged,8800,0.8134765625,0.2309570312500013
104014,7,staged,9000,0.8037109375,0.2281445312500014
104014,7,staged,9200,0.796875,0.2408593750000012
104014,7,staged,9400,0.8076171875,0.2284375000000013
104014,7,staged,9600,0.794921875,0.2342187500000015
104014,7,staged,9800,0.7744140625,0.2614843750000014
104014,7,staged,10000,0.7880859375,0.2470117187500013
104014,7,staged,10200,0.80859375,0.2422460937500015
104014,7,staged,10400,0.8173828125,0.2200585937500013
104014,7,staged,10600,0.8203125,0.2219921875000013
104014,7,staged,10800,0.8056640625,0.2236328125000013
104014,7,staged,11000,0.810546875,0.2352929687500014
104014,7,staged,11200,0.7861328125,0.2461328125000013
104014,7,staged,11400,0.779296875,0.2507812500000014
104014,7,staged,11600,0.7802734375,0.2464843750000015
104014,7,staged,11800,0.78125,0.2394335937500015
104014,7,staged,12000,0.7841796875,0.2584570312500015
104014,7,staged,12200,0.7587890625,0.2791601562500013
104014,7,staged,12400,0.783203125,0.2533007812500014
104014,7,staged,12600,0.81640625,0.2189257812500013
104014,7,staged,12800,0.78125,0.2557226562500014
104014,7,staged,13000,0.814453125,0.2273046875000013
104014,7,staged,13200,0.81640625,0.2329101562500014
104014,7,staged,13400,0.8154296875,0.2235546875000014
104014,7,staged,13600,0.791015625,0.2432617187500015
104014,7,staged,13800,0.7763671875,0.2703125000000014
104014,7,staged,14000,0.8212890625,0.2223242187500015
104014,7,staged,14200,0.7822265625,0.2557617187500013
104014,7,staged,14400,0.7939453125,0.2449023437500015
104014,7,staged,14600,0.7607421875,0.2812500000000015
104014,7,staged,14800,0.78125,0.2534375000000014
104014,7,staged,15000,0.8173828125,0.2290429687500015
104014,7,staged,15200,0.7939453125,0.2515039062500016
104014,7,staged,15400,0.783203125,0.2499804687500015
104014,7,staged,15600,0.79296875,0.2446093750000014
104014,7,staged,15800,0.802734375,0.2351367187500014
104014,7,staged,16000,0.7890625,0.2374414062500014
104014,7,staged,16200,0.798828125,0.2397070312500014
104014,7,staged,16400,0.77734375,0.2660156250000015
104014,7,staged,16600,0.8037109375,0.2467382812500014
104014,7,staged,16800,0.783203125,0.2569726562500013
104014,7,staged,17000,0.8017578125,0.2481835937500014
104014,7,staged,17200,0.7919921875,0.2448828125000014
104014,7,staged,17400,0.794921875,0.2499218750000015
104014,7,staged,17600,0.767578125,0.2583398437500016
104014,7,staged,17800,0.775390625,0.2635546875000014
104014,7,staged,18000,0.76171875,0.2732031250000015
104014,7,staged,18200,0.8046875,0.2454101562500015
104014,7,staged,18400,0.7890625,0.2428125000000014
104014,7,staged,18600,0.8251953125,0.2205664062500015
104014,7,staged,18800,0.8388671875,0.2024023437500011
104014,7,staged,19000,0.8203125,0.2193750000000012
104014,7,staged,19200,0.8046875,0.2366796875000013
104014,7,staged,19400,0.818359375,0.2274414062500015
104014,7,staged,19600,0.80078125,0.2277734375000015
104014,7,staged,19800,0.8173828125,0.2200781250000015
104014,7,staged,20000,0.802734375,0.2389843750000015
104014,8,staged,0,0.2587890625,1.0
104014,8,staged,200,0.2353515625,0.7766406249999993
104014,8,staged,400,0.16796875,0.8422851562499988
104014,8,staged,600,0.1455078125,0.8653320312499991
104014,8,staged,800,0.119140625,0.8819531249999991
104014,8,staged,1000,0.111328125,0.8890820312499988
104014,8,staged,1200,0.109375,0.8979101562499995
104014,8,staged,1400,0.0830078125,0.9234374999999994
104014,8,staged,1600,0.146484375,0.859921874999999
104014,8,staged,1800,0.1357421875,0.8682421874999993
104014,8,staged,2000,0.1318359375,0.8763085937499993
104014,8,staged,2200,0.1796875,0.8315429687499991
104014,8,staged,2400,0.298828125,0.7092968749999997
104014,8,staged,2600,0.3359375,0.6763476562499993
104014,8,staged,2800,0.4150390625,0.6052148437499991
104014,8,staged,3000,0.435546875,0.5815820312499997
104014,8,staged,3200,0.548828125,0.4731250000000013
104014,8,staged,3400,0.6005859375,0.4303906250000013
104014,8,staged,3600,0.634765625,0.3922265625000014
104014,8,staged,3800,0.7138671875,0.3249414062500015
104014,8,staged,4000,0.6962890625,0.3373828125000017
104014,8,staged,4200,0.6875,0.3525390625000015
104014,8,staged,4400,0.7109375,0.3183984375000014
104014,8,staged,4600,0.7509765625,0.2871289062500014
104014,8,staged,4800,0.7236328125,0.3070898437500016
104014,8,staged,5000,0.7021484375,0.3424218750000016
104014,8,staged,5200,0.708984375,0.3241796875000017
104014,8,staged,5400,0.703125,0.3277929687500018
104014,8,staged,5600,0.74609375,0.2877734375000014
104014,8,staged,5800,0.7333984375,0.3078710937500018
104014,8,staged,6000,0.72265625,0.3190429687500016
104014,8,staged,6200,0.7255859375,0.3139062500000015
104014,8,staged,6400,0.7138671875,0.3263085937500016
104014,8,staged,6600,0.720703125,0.3203125000000015
104014,8,staged,6800,0.7158203125,0.3219335937500014
104014,8,staged,7000,0.7265625,0.3142382812500016
104014,8,staged,7200,0.673828125,0.3596875000000016
104014,8,staged,7400,0.6943359375,0.3401367187500018
104014,8,staged,7600,0.693359375,0.3337109375000015
104014,8,staged,7800,0.6787109375,0.3498632812500017
104014,8,staged,8000,0.6650390625,0.3648632812500015
104014,8,staged,8200,0.697265625,0.3409960937500018
104014,8,staged,8400,0.7216796875,0.3220117187500015
104014,8,staged,8600,0.7666015625,0.2744921875000014
104014,8,staged,8800,0.728515625,0.3067773437500014
104014,8,staged,9000,0.7607421875,0.2818945312500018
104014,8,staged,9200,0.7333984375,0.3032421875000017
104014,8,staged,9400,0.7412109375,0.3055078125000016
104014,8,staged,9600,0.7724609375,0.2638281250000014
104014,8,staged,9800,0.7724609375,0.2775976562500016
104014,8,staged,10000,0.7109375,0.3313671875000017
104014,8,staged,10200,0.751953125,0.2869140625000015
104014,8,staged,10400,0.7138671875,0.3151562500000015
104014,8,staged,10600,0.666015625,0.3616015625000014
104014,8,staged,10800,0.72265625,0.3178515625000015
104014,8,staged,11000,0.732421875,0.3104492187500014
104014,8,staged,11200,0.734375,0.2923437500000013
104014,8,staged,11400,0.748046875,0.2947851562500015
104014,8,staged,11600,0.7275390625,0.3143750000000016
104014,8,staged,11800,0.75,0.2893359375000015
104014,8,staged,12000,0.7626953125,0.2772070312500015
104014,8,staged,12200,0.744140625,0.2966210937500015
104014,8,staged,12400,0.75390625,0.2875000000000015
104014,8,staged,12600,0.734375,0.3031054687500014
104014,8,staged,12800,0.74609375,0.2941992187500017
104014,8,staged,13000,0.78125,0.2798632812500015
104014,8,staged,13200,0.7529296875,0.2848828125000014
104014,8,staged,13400,0.7529296875,0.2804101562500014
104014,8,staged,13600,0.75390625,0.2899414062500013
104014,8,staged,13800,0.78515625,0.2484765625000014
104014,8,staged,14000,0.70703125,0.3278515625000015
104014,8,staged,14200,0.7587890625,0.2844921875000014
104014,8,staged,14400,0.7529296875,0.2912695312500015
104014,8,staged,14600,0.7421875,0.2807617187500013
104014,8,staged,14800,0.69140625,0.3428320312500016
104014,8,staged,15000,0.7685546875,0.2801367187500015
104014,8,staged,15200,0.8056640625,0.2409960937500018
104014,8,staged,15400,0.71875,0.3177148437500017
104014,8,staged,15600,0.7490234375,0.2934960937500017
104014,8,staged,15800,0.759765625,0.2751367187500014
104014,8,staged,16000,0.7529296875,0.2820898437500015
104014,8,staged,16200,0.7578125,0.2803320312500014
104014,8,staged,16400,0.7099609375,0.3200781250000016
104014,8,staged,16600,0.734375,0.3013671875000014
104014,8,staged,16800,0.7451171875,0.2943945312500016
104014,8,staged,17000,0.748046875,0.2941406250000016
104014,8,staged,17200,0.7421875,0.2886718750000018
104014,8,staged,17400,0.7138671875,0.3238867187500015
104014,8,staged,17600,0.73828125,0.2984179687500016
104014,8,staged,17800,0.740234375,0.2929101562500014
104014,8,staged,18000,0.775390625,0.2641796875000015
104014,8,staged,18200,0.74609375,0.2948046875000018
104014,8,staged,18400,0.73828125,0.2968945312500014
104014,8,staged,18600,0.736328125,0.3037304687500015
104014,8,staged,18800,0.7158203125,0.3193750000000016
104014,8,staged,19000,0.708984375,0.3264062500000015
104014,8,staged,19200,0.73046875,0.3074609375000015
104014,8,staged,19400,0.720703125,0.3096679687500014
104014,8,staged,19600,0.7529296875,0.2904296875000016
104014,8,staged,19800,0.765625,0.2742382812500012
104014,8,staged,20000,0.7412109375,0.2950390625000013
104015,7,earliest,0,0.2587890625,1.0
104015,7,earliest,200,0.369140625,0.6434570312499992
104015,7,earliest,400,0.462890625,0.5522656250000005
104015,7,earliest,600,0.53125,0.4971875000000015
104015,7,earliest,800,0.54296875,0.4714648437500015
104015,7,earliest,1000,0.544921875,0.4881835937500013
104015,7,earliest,1200,0.6220703125,0.3901171875000015
104015,7,earliest,1400,0.63671875,0.3858203125000017
104015,7,earliest,1600,0.6796875,0.3515820312500014
104015,7,earliest,1800,0.6806640625,0.3538085937500015
104015,7,earliest,2000,0.666015625,0.3646679687500016
104015,7,earliest,2200,0.6884765625,0.3486328125000012
104015,7,earliest,2400,0.7216796875,0.3200976562500013
104015,7,earliest,2600,0.677734375,0.3563085937500016
104015,7,earliest,2800,0.701171875,0.3322851562500015
104015,7,earliest,3000,0.72265625,0.3104101562500012
104015,7,earliest,3200,0.6875,0.3342968750000016
104015,7,earliest,3400,0.6875,0.3506835937500016
104015,7,earliest,3600,0.6806640625,0.3435156250000016
104015,7,earliest,3800,0.6845703125,0.3528710937500015
104015,7,earliest,4000,0.7197265625,0.3180859375000016
104015,7,earliest,4200,0.7109375,0.3209765625000017
104015,7,earliest,4400,0.7353515625,0.3058007812500016
104015,7,earliest,4600,0.6455078125,0.3819140625000016
104015,7,earliest,4800,0.6865234375,0.3457421875000014
104015,7,earliest,5000,0.6923828125,0.3336132812500015
104015,7,earliest,5200,0.6689453125,0.3545507812500013
104015,7,earliest,5400,0.7099609375,0.3192187500000016
104015,7,earliest,5600,0.703125,0.3332812500000015
104015,7,earliest,5800,0.6494140625,0.3807421875000017
104015,7,earliest,6000,0.69140625,0.3434179687500018
104015,7,earliest,6200,0.70703125,0.3293945312500015
104015,7,earliest,6400,0.6845703125,0.3421679687500014
104015,7,earliest,6600,0.6884765625,0.3423046875000014
104015,7,earliest,6800,0.7060546875,0.3423437500000015
104015,7,earliest,7000,0.6904296875,0.3401171875000017
104015,7,earliest,7200,0.703125,0.3305273437500015
104015,7,earliest,7400,0.689453125,0.3534570312500015
104015,7,earliest,7600,0.74609375,0.2860742187500017
104015,7,earliest,7800,0.6689453125,0.3667578125000014
104015,7,earliest,8000,0.7001953125,0.3290820312500016
104015,7,earliest,8200,0.6796875,0.3509960937500017
104015,7,earliest,8400,0.7001953125,0.3331640625000016
104015,7,earliest,8600,0.703125,0.3294335937500016
104015,7,earliest,8800,0.6533203125,0.3795898437500014
104015,7,earliest,9000,0.6796875,0.3513281250000012
104015,7,earliest,9200,0.703125,0.3251757812500017
104015,7,earliest,9400,0.7041015625,0.3305468750000015
104015,7,earliest,9600,0.7001953125,0.3288085937500014
104015,7,earliest,9800,0.673828125,0.3584765625000014
104015,7,earliest,10000,0.6787109375,0.3488867187500013
104015,7,earliest,10200,0.671875,0.3621093750000013
104015,7,earliest,10400,0.6875,0.3440039062500015
104015,7,earliest,10600,0.666015625,0.3581250000000016
104015,7,earliest,10800,0.701171875,0.3256250000000015
104015,7,earliest,11000,0.7119140625,0.3216796875000015
104015,7,earliest,11200,0.6796875,0.3465625000000017
104015,7,earliest,11400,0.7275390625,0.3108007812500016
104015,7,earliest,11600,0.734375,0.2984570312500014
104015,7,earliest,11800,0.7080078125,0.3316210937500014
104015,7,earliest,12000,0.6455078125,0.3800976562500015
104015,7,earliest,12200,0.7109375,0.3274218750000015
104015,7,earliest,12400,0.6884765625,0.3439257812500013
104015,7,earliest,12600,0.7080078125,0.3146484375000012
104015,7,earliest,12800,0.724609375,0.3133398437500014
104015,7,earliest,13000,0.7314453125,0.3032812500000013
104015,7,earliest,13200,0.703125,0.3316210937500018
104015,7,earliest,13400,0.7412109375,0.2922265625000016
104015,7,earliest,13600,0.7216796875,0.3146679687500016
104015,7,earliest,13800,0.7197265625,0.3125390625000016
104015,7,earliest,14000,0.6845703125,0.3446289062500016
104015,7,earliest,14200,0.7353515625,0.3085546875000018
104015,7,earliest,14400,0.716796875,0.3168359375000018
104015,7,earliest,14600,0.6787109375,0.3452734375000018
104015,7,earliest,14800,0.7109375,0.3235351562500015
104015,7,earliest,15000,0.6962890625,0.3385351562500018
104015,7,earliest,15200,0.7080078125,0.3225390625000015
104015,7,earliest,15400,0.7001953125,0.3357031250000013
104015,7,earliest,15600,0.69140625,0.3360742187500017
104015,7,earliest,15800,0.6962890625,0.3444531250000016
104015,7,earliest,16000,0.6953125,0.3361914062500017
104015,7,earliest,16200,0.677734375,0.3528320312500015
104015,7,earliest,16400,0.6923828125,0.3349414062500016
104015,7,earliest,16600,0.6767578125,0.3445898437500016
104015,7,earliest,16800,0.7236328125,0.2972460937500014
104015,7,earliest,17000,0.630859375,0.3991796875000013
104015,7,earliest,17200,0.662109375,0.3643750000000014
104015,7,earliest,17400,0.685546875,0.3388671875000016
104015,7,earliest,17600,0.6396484375,0.3757617187500015
104015,7,earliest,17800,0.7099609375,0.3227929687500015
104015,7,earliest,18000,0.7158203125,0.3136523437500016
104015,7,earliest,18200,0.74609375,0.2865429687500015
104015,7,earliest,18400,0.7099609375,0.3224218750000015
104015,7,earliest,18600,0.689453125,0.3420898437500016
104015,7,earliest,18800,0.6923828125,0.3464648437500014
104015,7,earliest,19000,0.701171875,0.3347070312500012
104015,7,earliest,19200,0.7099609375,0.3140234375000016
104015,7,earliest,19400,0.6708984375,0.3575390625000017
104015,7,earliest,19600,0.693359375,0.3425000000000014
104015,7,earliest,19800,0.6591796875,0.3705078125000017
104015,7,earliest,20000,0.6796875,0.3550781250000014
104015,8,earliest,0,0.2587890625,1.0
104015,8,earliest,200,0.244140625,0.7629882812499987
104015,8,earliest,400,0.1806640625,0.828359374999999
104015,8,earliest,600,0.1689453125,0.840917968749999
104015,8,earliest,800,0.162109375,0.844414062499999
104015,8,earliest,1000,0.158203125,0.8532226562499988
104015,8,earliest,1200,0.1484375,0.8601757812499989
104015,8,earliest,1400,0.15625,0.849648437499999
104015,8,earliest,1600,0.1533203125,0.8523046874999991
104015,8,earliest,1800,0.193359375,0.8154296874999986
104015,8,earliest,2000,0.2685546875,0.7439257812499983
104015,8,earliest,2200,0.2900390625,0.727851562499998
104015,8,earliest,2400,0.361328125,0.6535156249999993
104015,8,earliest,2600,0.3994140625,0.6244531249999992
104015,8,earliest,2800,0.419921875,0.5979296874999994
104015,8,earliest,3000,0.48046875,0.5436132812500004
104015,8,earliest,3200,0.515625,0.5129687500000006
104015,8,earliest,3400,0.5654296875,0.4540234375000014
104015,8,earliest,3600,0.642578125,0.3792187500000016
104015,8,earliest,3800,0.61328125,0.4100390625000015
104015,8,earliest,4000,0.6083984375,0.4150000000000015
104015,8,earliest,4200,0.63671875,0.3961132812500013
104015,8,earliest,4400,0.599609375,0.4201953125000014
104015,8,earliest,4600,0.650390625,0.3849804687500015
104015,8,earliest,4800,0.6875,0.3378906250000016
104015,8,earliest,5000,0.6650390625,0.3725390625000015
104015,8,earliest,5200,0.658203125,0.3816796875000016
104015,8,earliest,5400,0.7060546875,0.3356835937500016
104015,8,earliest,5600,0.689453125,0.3480468750000014
104015,8,earliest,5800,0.7109375,0.3188671875000018
104015,8,earliest,6000,0.71484375,0.3198437500000017
104015,8,earliest,6200,0.6904296875,0.3387695312500013
104015,8,earliest,6400,0.6484375,0.3786914062500014
104015,8,earliest,6600,0.685546875,0.3357421875000014
104015,8,earliest,6800,0.6826171875,0.3517578125000017
104015,8,earliest,7000,0.71484375,0.3232031250000015
104015,8,earliest,7200,0.658203125,0.3680468750000017
104015,8,earliest,7400,0.66796875,0.3697656250000016
104015,8,earliest,7600,0.728515625,0.3074609375000018
104015,8,earliest,7800,0.7626953125,0.2799023437500016
104015,8,earliest,8000,0.7080078125,0.3336914062500016
104015,8,earliest,8200,0.6611328125,0.3706445312500015
104015,8,earliest,8400,0.66015625,0.3779882812500015
104015,8,earliest,8600,0.689453125,0.3462500000000013
104015,8,earliest,8800,0.734375,0.2995898437500015
104015,8,earliest,9000,0.6884765625,0.3483984375000014
104015,8,earliest,9200,0.7041015625,0.3257812500000014
104015,8,earliest,9400,0.681640625,0.3486328125000016
104015,8,earliest,9600,0.6611328125,0.3678906250000015
104015,8,earliest,9800,0.7119140625,0.3236914062500014
104015,8,earliest,10000,0.7236328125,0.3105468750000012
104015,8,earliest,10200,0.701171875,0.3358593750000014
104015,8,earliest,10400,0.6435546875,0.4057226562500014
104015,8,earliest,10600,0.6533203125,0.3750781250000016
104015,8,earliest,10800,0.65234375,0.3796484375000015
104015,8,earliest,11000,0.666015625,0.3687500000000015
104015,8,earliest,11200,0.67578125,0.3595703125000013
104015,8,earliest,11400,0.7275390625,0.3053320312500014
104015,8,earliest,11600,0.6875,0.3481835937500015
104015,8,earliest,11800,0.724609375,0.3111523437500014
104015,8,earliest,12000,0.7041015625,0.3266210937500015
104015,8,earliest,12200,0.71875,0.3177148437500014
104015,8,earliest,12400,0.7275390625,0.3066601562500014
104015,8,earliest,12600,0.75390625,0.2892578125000016
104015,8,earliest,12800,0.7197265625,0.3160742187500014
104015,8,earliest,13000,0.75390625,0.2934179687500014
104015,8,earliest,13200,0.7138671875,0.3257421875000017
104015,8,earliest,13400,0.755859375,0.2757421875000015
104015,8,earliest,13600,0.7470703125,0.3041601562500014
104015,8,earliest,13800,0.720703125,0.3131250000000015
104015,8,earliest,14000,0.767578125,0.2784570312500014
104015,8,earliest,14200,0.6796875,0.3558593750000016
104015,8,earliest,14400,0.7451171875,0.2939648437500016
104015,8,earliest,14600,0.7353515625,0.3033789062500016
104015,8,earliest,14800,0.671875,0.3649609375000017
104015,8,earliest,15000,0.7236328125,0.3248632812500015
104015,8,earliest,15200,0.736328125,0.2955664062500016
104015,8,earliest,15400,0.712890625,0.317812500000002
104015,8,earliest,15600,0.6708984375,0.3637695312500015
104015,8,earliest,15800,0.7119140625,0.3295703125000016
104015,8,earliest,16000,0.71875,0.3161132812500018
104015,8,earliest,16200,0.734375,0.3048437500000018
104015,8,earliest,16400,0.7265625,0.3054101562500016
104015,8,earliest,16600,0.7265625,0.3173242187500018
104015,8,earliest,16800,0.7314453125,0.2992773437500017
104015,8,earliest,17000,0.7763671875,0.2643359375000013
104015,8,earliest,17200,0.74609375,0.2933593750000017
104015,8,earliest,17400,0.732421875,0.3145117187500015
104015,8,earliest,17600,0.73046875,0.3106054687500015
104015,8,earliest,17800,0.7158203125,0.3083789062500014
104015,8,earliest,18000,0.75390625,0.2869140625000014
104015,8,earliest,18200,0.71484375,0.3232226562500016
104015,8,earliest,18400,0.7392578125,0.3016796875000015
104015,8,earliest,18600,0.7275390625,0.3051171875000017
104015,8,earliest,18800,0.7109375,0.3271289062500018
104015,8,earliest,19000,0.705078125,0.3335742187500015
104015,8,earliest,19200,0.748046875,0.2903320312500013
104015,8,earliest,19400,0.685546875,0.3406640625000013
104015,8,earliest,19600,0.6630859375,0.3664648437500014
104015,8,earliest,19800,0.72265625,0.3160156250000017
104015,8,earliest,20000,0.7529296875,0.2886914062500017
104015,7,staged,0,0.2587890625,1.0
104015,7,staged,200,0.34765625,0.6629882812499989
104015,7,staged,400,0.3623046875,0.6474414062499991
104015,7,staged,600,0.4716796875,0.5488281249999998
104015,7,staged,800,0.5205078125,0.4937500000000012
104015,7,staged,1000,0.5361328125,0.4927148437500014
104015,7,staged,1200,0.630859375,0.4017382812500014
104015,7,staged,1400,0.6923828125,0.3407421875000016
104015,7,staged,1600,0.697265625,0.3309179687500014
104015,7,staged,1800,0.7333984375,0.2987695312500016
104015,7,staged,2000,0.759765625,0.2769140625000013
104015,7,staged,2200,0.7705078125,0.2660351562500016
104015,7,staged,2400,0.7587890625,0.2749023437500015
104015,7,staged,2600,0.76171875,0.2801757812500013
104015,7,staged,2800,0.76171875,0.2674804687500014
104015,7,staged,3000,0.7236328125,0.3070703125000015
104015,7,staged,3200,0.748046875,0.2887500000000012
104015,7,staged,3400,0.7841796875,0.2556250000000014
104015,7,staged,3600,0.7841796875,0.2483398437500015
104015,7,staged,3800,0.7763671875,0.2544726562500013
104015,7,staged,4000,0.7783203125,0.2550000000000015
104015,7,staged,4200,0.779296875,0.2486132812500014
104015,7,staged,4400,0.7919921875,0.2425976562500013
104015,7,staged,4600,0.75,0.2727343750000013
104015,7,staged,4800,0.7568359375,0.2691015625000015
104015,7,staged,5000,0.76171875,0.2645703125000013
104015,7,staged,5200,0.7509765625,0.2831054687500016
104015,7,staged,5400,0.7451171875,0.2863281250000017
104015,7,staged,5600,0.7783203125,0.2515039062500013
104015,7,staged,5800,0.77734375,0.2492578125000013
104015,7,staged,6000,0.787109375,0.2566992187500015
104015,7,staged,6200,0.7607421875,0.2751757812500016
104015,7,staged,6400,0.783203125,0.2557226562500011
104015,7,staged,6600,0.734375,0.3026367187500014
104015,7,staged,6800,0.7822265625,0.2564062500000014
104015,7,staged,7000,0.7529296875,0.2765234375000017
104015,7,staged,7200,0.78125,0.2536328125000015
104015,7,staged,7400,0.7265625,0.3038281250000016
104015,7,staged,7600,0.7314453125,0.3033984375000013
104015,7,staged,7800,0.732421875,0.2995117187500013
104015,7,staged,8000,0.7744140625,0.2613476562500012
104015,7,staged,8200,0.7783203125,0.2422851562500012
104015,7,staged,8400,0.7548828125,0.2778515625000013
104015,7,staged,8600,0.8037109375,0.2295117187500014
104015,7,staged,8800,0.7666015625,0.2711914062500014
104015,7,staged,9000,0.767578125,0.2701562500000015
104015,7,staged,9200,0.78125,0.2554296875000016
104015,7,staged,9400,0.775390625,0.2539648437500013
104015,7,staged,9600,0.80078125,0.2348437500000015
104015,7,staged,9800,0.7880859375,0.2518359375000014
104015,7,staged,10000,0.8193359375,0.2216015625000012
104015,7,staged,10200,0.7646484375,0.2709570312500017
104015,7,staged,10400,0.75390625,0.2823242187500013
104015,7,staged,10600,0.77734375,0.2588085937500012
104015,7,staged,10800,0.767578125,0.2612890625000014
104015,7,staged,11000,0.748046875,0.2778125000000015
104015,7,staged,11200,0.787109375,0.2476171875000014
104015,7,staged,11400,0.7431640625,0.2894140625000014
104015,7,staged,11600,0.7841796875,0.2507226562500014
104015,7,staged,11800,0.78515625,0.2532617187500013
104015,7,staged,12000,0.791015625,0.2429101562500015
104015,7,staged,12200,0.8134765625,0.2182617187500013
104015,7,staged,12400,0.822265625,0.2191601562500013
104015,7,staged,12600,0.7841796875,0.2468945312500015
104015,7,staged,12800,0.787109375,0.2588085937500018
104015,7,staged,13000,0.7734375,0.2617187500000016
104015,7,staged,13200,0.8125,0.2267773437500014
104015,7,staged,13400,0.794921875,0.2381640625000016
104015,7,staged,13600,0.7685546875,0.2616601562500015
104015,7,staged,13800,0.7587890625,0.2794140625000013
104015,7,staged,14000,0.794921875,0.2512109375000013
104015,7,staged,14200,0.7880859375,0.2587890625000012
104015,7,staged,14400,0.80859375,0.2324218750000013
104015,7,staged,14600,0.81640625,0.2237890625000014
104015,7,staged,14800,0.80078125,0.2430078125000015
104015,7,staged,15000,0.8125,0.2321289062500014
104015,7,staged,15200,0.82421875,0.2134765625000015
104015,7,staged,15400,0.7734375,0.2561523437500012
104015,7,staged,15600,0.8017578125,0.2365625000000016
104015,7,staged,15800,0.767578125,0.2721875000000018
104015,7,staged,16000,0.7744140625,0.2603515625000015
104015,7,staged,16200,0.8134765625,0.2289843750000016
104015,7,staged,16400,0.79296875,0.2415234375000016
104015,7,staged,16600,0.798828125,0.2351562500000017
104015,7,staged,16800,0.8017578125,0.2389257812500016
104015,7,staged,17000,0.7802734375,0.2637109375000015
104015,7,staged,17200,0.765625,0.2764648437500016
104015,7,staged,17400,0.75390625,0.2830859375000015
104015,7,staged,17600,0.7646484375,0.2678710937500014
104015,7,staged,17800,0.7998046875,0.2380078125000014
104015,7,staged,18000,0.8056640625,0.2245507812500013
104015,7,staged,18200,0.78515625,0.2561132812500014
104015,7,staged,18400,0.794921875,0.2442968750000013
104015,7,staged,18600,0.7939453125,0.2391796875000014
104015,7,staged,18800,0.7900390625,0.2427148437500014
104015,7,staged,19000,0.8154296875,0.2264257812500012
104015,7,staged,19200,0.7744140625,0.2666601562500015
104015,7,staged,19400,0.7958984375,0.2369726562500015
104015,7,staged,19600,0.7607421875,0.2713476562500015
104015,7,staged,19800,0.74609375,0.2849414062500015
104015,7,staged,20000,0.7666015625,0.2621875000000014
104015,8,staged,0,0.2587890625,1.0
104015,8,staged,200,0.2197265625,0.7903710937499985
104015,8,staged,400,0.17578125,0.8306054687499989
104015,8,staged,600,0.1474609375,0.8601171874999984
104015,8,staged,800,0.1455078125,0.8644140624999991
104015,8,staged,1000,0.1142578125,0.8868359374999993
104015,8,staged,1200,0.1220703125,0.8852343749999988
104015,8,staged,1400,0.1162109375,0.8937499999999989
104015,8,staged,1600,0.1015625,0.9053320312499988
104015,8,staged,1800,0.087890625,0.9168359374999993
104015,8,staged,2000,0.0869140625,0.9208593749999994
104015,8,staged,2200,0.08203125,0.9266406249999992
104015,8,staged,2400,0.0654296875,0.9397656249999992
104015,8,staged,2600,0.05859375,0.9446093749999996
104015,8,staged,2800,0.0498046875,0.9507226562499996
104015,8,staged,3000,0.0478515625,0.9535546874999996
104015,8,staged,3200,0.0390625,0.9641406249999998
104015,8,staged,3400,0.0576171875,0.9461132812499998
104015,8,staged,3600,0.0380859375,0.9630468749999997
104015,8,staged,3800,0.046875,0.9512695312499996
104015,8,staged,4000,0.046875,0.9568164062499996
104015,8,staged,4200,0.0615234375,0.9437890624999996
104015,8,staged,4400,0.052734375,0.9503515625
104015,8,staged,4600,0.080078125,0.9190429687499994
104015,8,staged,4800,0.0869140625,0.9181445312499996
104015,8,staged,5000,0.0908203125,0.9155468749999992
104015,8,staged,5200,0.1171875,0.8916210937499994
104015,8,staged,5400,0.15234375,0.8562499999999992
104015,8,staged,5600,0.189453125,0.8207226562499992
104015,8,staged,5800,0.2275390625,0.7846289062499997
104015,8,staged,6000,0.2734375,0.7388085937499989
104015,8,staged,6200,0.2607421875,0.7577734374999977
104015,8,staged,6400,0.3046875,0.7184960937499985
104015,8,staged,6600,0.314453125,0.7036523437499979
104015,8,staged,6800,0.3681640625,0.651035156249999
104015,8,staged,7000,0.3935546875,0.6337695312499988
104015,8,staged,7200,0.4052734375,0.6177734374999995
104015,8,staged,7400,0.4404296875,0.5735156249999998
104015,8,staged,7600,0.4990234375,0.5263476562500009
104015,8,staged,7800,0.52734375,0.5057226562500012
104015,8,staged,8000,0.533203125,0.5025390625000011
104015,8,staged,8200,0.5341796875,0.4914453125000014
104015,8,staged,8400,0.490234375,0.5446289062500006
104015,8,staged,8600,0.4970703125,0.5342578125000006
104015,8,staged,8800,0.5244140625,0.5040234375000012
104015,8,staged,9000,0.5146484375,0.5056835937500014
104015,8,staged,9200,0.5302734375,0.5009765625000016
104015,8,staged,9400,0.548828125,0.4762304687500016
104015,8,staged,9600,0.556640625,0.4803906250000013
104015,8,staged,9800,0.595703125,0.4377148437500013
104015,8,staged,10000,0.568359375,0.4642578125000015
104015,8,staged,10200,0.57421875,0.4666015625000014
104015,8,staged,10400,0.6201171875,0.4079101562500014
104015,8,staged,10600,0.5810546875,0.4566992187500013
104015,8,staged,10800,0.5927734375,0.4359960937500015
104015,8,staged,11000,0.5458984375,0.4783789062500016
104015,8,staged,11200,0.552734375,0.4765234375000013
104015,8,staged,11400,0.5830078125,0.4580273437500012
104015,8,staged,11600,0.6005859375,0.4351953125000016
104015,8,staged,11800,0.6162109375,0.4169140625000017
104015,8,staged,12000,0.6123046875,0.4277734375000016
104015,8,staged,12200,0.6220703125,0.4051562500000016
104015,8,staged,12400,0.615234375,0.4298242187500014
104015,8,staged,12600,0.595703125,0.4375976562500015
104015,8,staged,12800,0.544921875,0.4798632812500015
104015,8,staged,13000,0.5537109375,0.4724609375000016
104015,8,staged,13200,0.564453125,0.4720312500000012
104015,8,staged,13400,0.5625,0.4658984375000014
104015,8,staged,13600,0.51953125,0.5068554687500014
104015,8,staged,13800,0.5263671875,0.5013671875000013
104015,8,staged,14000,0.58203125,0.4531250000000015
104015,8,staged,14200,0.56640625,0.4738476562500013
104015,8,staged,14400,0.5849609375,0.4474414062500013
104015,8,staged,14600,0.625,0.4200195312500016
104015,8,staged,14800,0.591796875,0.4447460937500017
104015,8,staged,15000,0.58984375,0.4404101562500012
104015,8,staged,15200,0.576171875,0.4611523437500015
104015,8,staged,15400,0.576171875,0.4553906250000015
104015,8,staged,15600,0.6240234375,0.4069140625000015
104015,8,staged,15800,0.587890625,0.4398046875000014
104015,8,staged,16000,0.5810546875,0.4587890625000014
104015,8,staged,16200,0.5888671875,0.4394726562500015
104015,8,staged,16400,0.626953125,0.4080468750000015
104015,8,staged,16600,0.6005859375,0.4261132812500013
104015,8,staged,16800,0.5751953125,0.4493359375000012
104015,8,staged,17000,0.58984375,0.4409375000000016
104015,8,staged,17200,0.6259765625,0.4153906250000017
104015,8,staged,17400,0.615234375,0.4252539062500014
104015,8,staged,17600,0.6123046875,0.4189843750000015
104015,8,staged,17800,0.6826171875,0.3576757812500017
104015,8,staged,18000,0.6611328125,0.3764843750000014
104015,8,staged,18200,0.609375,0.4212890625000013
104015,8,staged,18400,0.603515625,0.4291601562500013
104015,8,staged,18600,0.6171875,0.4116796875000013
104015,8,staged,18800,0.5966796875,0.4410351562500013
104015,8,staged,19000,0.611328125,0.4183593750000017
104015,8,staged,19200,0.6220703125,0.4124023437500017
104015,8,staged,19400,0.5703125,0.4666015625000015
104015,8,staged,19600,0.5673828125,0.4637500000000012
104015,8,staged,19800,0.564453125,0.4594726562500017
104015,8,staged,20000,0.5634765625,0.4627734375000016
104016,7,earliest,0,0.267578125,1.0
104016,7,earliest,200,0.388671875,0.6285546874999987
104016,7,earliest,400,0.43359375,0.5833984375
104016,7,earliest,600,0.486328125,0.5358789062500007
104016,7,earliest,800,0.56640625,0.4530859375000013
104016,7,earliest,1000,0.537109375,0.4921679687500014
104016,7,earliest,1200,0.6484375,0.3622070312500015
104016,7,earliest,1400,0.6728515625,0.3630078125000015
104016,7,earliest,1600,0.640625,0.3857812500000014
104016,7,earliest,1800,0.6572265625,0.3635742187500015
104016,7,earliest,2000,0.6435546875,0.3844140625000014
104016,7,earliest,2200,0.685546875,0.3504296875000017
104016,7,earliest,2400,0.6923828125,0.3413867187500016
104016,7,earliest,2600,0.708984375,0.3163281250000015
104016,7,earliest,2800,0.666015625,0.3541992187500015
104016,7,earliest,3000,0.6220703125,0.3953320312500015
104016,7,earliest,3200,0.705078125,0.3308203125000016
104016,7,earliest,3400,0.69921875,0.3281640625000014
104016,7,earliest,3600,0.720703125,0.3210546875000014
104016,7,earliest,3800,0.7431640625,0.2807031250000013
104016,7,earliest,4000,0.6953125,0.3306445312500015
104016,7,earliest,4200,0.69140625,0.3403125000000015
104016,7,earliest,4400,0.6953125,0.3394531250000014
104016,7,earliest,4600,0.681640625,0.3466992187500014
104016,7,earliest,4800,0.740234375,0.2831640625000015
104016,7,earliest,5000,0.693359375,0.3397460937500015
104016,7,earliest,5200,0.716796875,0.3130468750000015
104016,7,earliest,5400,0.71875,0.3096679687500014
104016,7,earliest,5600,0.716796875,0.3026562500000014
104016,7,earliest,5800,0.6767578125,0.3532226562500016
104016,7,earliest,6000,0.693359375,0.3398632812500016
104016,7,earliest,6200,0.6982421875,0.3237500000000014
104016,7,earliest,6400,0.74609375,0.3001562500000016
104016,7,earliest,6600,0.7021484375,0.3331445312500014
104016,7,earliest,6800,0.7294921875,0.3011718750000015
104016,7,earliest,7000,0.67578125,0.3546289062500015
104016,7,earliest,7200,0.666015625,0.3648632812500015
104016,7,earliest,7400,0.6689453125,0.3711718750000017
104016,7,earliest,7600,0.6923828125,0.3430078125000014
104016,7,earliest,7800,0.697265625,0.3338281250000016
104016,7,earliest,8000,0.705078125,0.3224609375000014
104016,7,earliest,8200,0.7041015625,0.3208984375000016
104016,7,earliest,8400,0.6845703125,0.3390234375000018
104016,7,earliest,8600,0.7080078125,0.3223828125000015
104016,7,earliest,8800,0.673828125,0.3557226562500017
104016,7,earliest,9000,0.6953125,0.3360351562500016
104016,7,earliest,9200,0.697265625,0.3297460937500017
104016,7,earliest,9400,0.724609375,0.3060937500000016
104016,7,earliest,9600,0.7412109375,0.3037695312500016
104016,7,earliest,9800,0.716796875,0.3211914062500017
104016,7,earliest,10000,0.7099609375,0.3228515625000014
104016,7,earliest,10200,0.64453125,0.3862695312500016
104016,7,earliest,10400,0.7099609375,0.3210156250000015
104016,7,earliest,10600,0.6572265625,0.3721679687500014
104016,7,earliest,10800,0.7216796875,0.3122460937500012
104016,7,earliest,11000,0.703125,0.3282812500000014
104016,7,earliest,11200,0.689453125,0.3474804687500016
104016,7,earliest,11400,0.7138671875,0.3061718750000012
104016,7,earliest,11600,0.7099609375,0.3171093750000013
104016,7,earliest,11800,0.6875,0.3399218750000017
104016,7,earliest,12000,0.6884765625,0.3375000000000015
104016,7,earliest,12200,0.677734375,0.3573242187500018
104016,7,earliest,12400,0.7021484375,0.3255859375000012
104016,7,earliest,12600,0.7470703125,0.2882031250000016
104016,7,earliest,12800,0.6826171875,0.3405468750000013
104016,7,earliest,13000,0.724609375,0.3099023437500016
104016,7,earliest,13200,0.6640625,0.3728125000000016
104016,7,earliest,13400,0.72265625,0.3197460937500014
104016,7,earliest,13600,0.7001953125,0.3282617187500016
104016,7,earliest,13800,0.701171875,0.3264257812500016
104016,7,earliest,14000,0.666015625,0.3648828125000015
104016,7,earliest,14200,0.6708984375,0.3673437500000015
104016,7,earliest,14400,0.6650390625,0.3674609375000019
104016,7,earliest,14600,0.7275390625,0.3044531250000018
104016,7,earliest,14800,0.7265625,0.3024609375000014
104016,7,earliest,15000,0.712890625,0.3138085937500017
104016,7,earliest,15200,0.7373046875,0.2960546875000013
104016,7,earliest,15400,0.6845703125,0.3522460937500014
104016,7,earliest,15600,0.6611328125,0.3656250000000015
104016,7,earliest,15800,0.6494140625,0.3748437500000015
104016,7,earliest,16000,0.6796875,0.3421875000000013
104016,7,earliest,16200,0.732421875,0.2940820312500014
104016,7,earliest,16400,0.69921875,0.3290625000000014
104016,7,earliest,16600,0.7333984375,0.2995898437500015
104016,7,earliest,16800,0.720703125,0.3152343750000015
104016,7,earliest,17000,0.708984375,0.3244726562500014
104016,7,earliest,17200,0.7177734375,0.3036718750000016
104016,7,earliest,17400,0.630859375,0.3918750000000016
104016,7,earliest,17600,0.6728515625,0.3535546875000014
104016,7,earliest,17800,0.71484375,0.3213476562500015
104016,7,earliest,18000,0.7001953125,0.3147265625000015
104016,7,earliest,18200,0.728515625,0.3077148437500015
104016,7,earliest,18400,0.697265625,0.3368750000000015
104016,7,earliest,18600,0.748046875,0.2863085937500015
104016,7,earliest,18800,0.755859375,0.2889453125000017
104016,7,earliest,19000,0.6943359375,0.3348437500000015
104016,7,earliest,19200,0.705078125,0.3249414062500016
104016,7,earliest,19400,0.6513671875,0.3873437500000016
104016,7,earliest,19600,0.6953125,0.3353515625000015
104016,7,earliest,19800,0.69921875,0.3322656250000012
104016,7,earliest,20000,0.658203125,0.3741601562500016
104016,8,earliest,0,0.267578125,1.0
104016,8,earliest,200,0.2314453125,0.7747070312499997
104016,8,earliest,400,0.1455078125,0.8639257812499995
104016,8,earliest,600,0.1396484375,0.8680078124999993
104016,8,earliest,800,0.1220703125,0.8864843749999994
104016,8,earliest,1000,0.0927734375,0.9143164062499995
104016,8,earliest,1200,0.072265625,0.9343945312499996
104016,8,earliest,1400,0.08203125,0.9227929687499992
104016,8,earliest,1600,0.0576171875,0.9454687499999996
104016,8,earliest,1800,0.0556640625,0.9485937499999996
104016,8,earliest,2000,0.0546875,0.9490820312499996
104016,8,earliest,2200,0.0546875,0.9505664062499996
104016,8,earliest,2400,0.0458984375,0.9561132812499996
104016,8,earliest,2600,0.083984375,0.9193749999999996
104016,8,earliest,2800,0.08203125,0.9219335937499996
104016,8,earliest,3000,0.0966796875,0.9083789062499996
104016,8,earliest,3200,0.1103515625,0.8941601562499994
104016,8,earliest,3400,0.1669921875,0.8428124999999991
104016,8,earliest,3600,0.232421875,0.7810742187499997
104016,8,earliest,3800,0.2333984375,0.7813085937499996
104016,8,earliest,4000,0.337890625,0.6725781249999999
104016,8,earliest,4200,0.4287109375,0.5903125000000004
104016,8,earliest,4400,0.482421875,0.5360546875000006
104016,8,earliest,4600,0.580078125,0.4505468750000013
104016,8,earliest,4800,0.6318359375,0.4004687500000016
104016,8,earliest,5000,0.703125,0.3346679687500016
104016,8,earliest,5200,0.7158203125,0.3184570312500016
104016,8,earliest,5400,0.712890625,0.3151171875000016
104016,8,earliest,5600,0.78125,0.2665429687500013
104016,8,earliest,5800,0.75390625,0.2861523437500014
104016,8,earliest,6000,0.771484375,0.2666210937500012
104016,8,earliest,6200,0.7568359375,0.2842382812500016
104016,8,earliest,6400,0.80078125,0.2470507812500015
104016,8,earliest,6600,0.775390625,0.2672656250000017
104016,8,earliest,6800,0.759765625,0.2777734375000016
104016,8,earliest,7000,0.7587890625,0.2756640625000015
104016,8,earliest,7200,0.75,0.2923828125000015
104016,8,earliest,7400,0.7626953125,0.2770898437500013
104016,8,earliest,7600,0.7783203125,0.2665234375000015
104016,8,earliest,7800,0.8046875,0.2472460937500014
104016,8,earliest,8000,0.7919921875,0.2460156250000012
104016,8,earliest,8200,0.7734375,0.2677148437500014
104016,8,earliest,8400,0.7861328125,0.2487304687500012
104016,8,earliest,8600,0.7783203125,0.2628320312500013
104016,8,earliest,8800,0.763671875,0.2807617187500016
104016,8,earliest,9000,0.76171875,0.2768554687500015
104016,8,earliest,9200,0.6982421875,0.3404687500000013
104016,8,earliest,9400,0.75390625,0.2856445312500013
104016,8,earliest,9600,0.7900390625,0.2590039062500013
104016,8,earliest,9800,0.7783203125,0.2575390625000016
104016,8,earliest,10000,0.755859375,0.2722851562500017
104016,8,earliest,10200,0.755859375,0.2840039062500016
104016,8,earliest,10400,0.7431640625,0.2927539062500013
104016,8,earliest,10600,0.703125,0.3394921875000016
104016,8,earliest,10800,0.751953125,0.2735937500000015
104016,8,earliest,11000,0.7255859375,0.3106835937500017
104016,8,earliest,11200,0.7412109375,0.2918750000000014
104016,8,earliest,11400,0.798828125,0.2414062500000014
104016,8,earliest,11600,0.755859375,0.2767773437500017
104016,8,earliest,11800,0.798828125,0.2468554687500014
104016,8,earliest,12000,0.7607421875,0.2783984375000015
104016,8,earliest,12200,0.7939453125,0.2374609375000014
104016,8,earliest,12400,0.8232421875,0.2269921875000014
104016,8,earliest,12600,0.8076171875,0.2375781250000015
104016,8,earliest,12800,0.75,0.2845507812500016
104016,8,earliest,13000,0.767578125,0.2702539062500014
104016,8,earliest,13200,0.7470703125,0.2717773437500014
104016,8,earliest,13400,0.7353515625,0.2875000000000013
104016,8,earliest,13600,0.7421875,0.2951562500000014
104016,8,earliest,13800,0.76171875,0.2808203125000014
104016,8,earliest,14000,0.7353515625,0.2990820312500013
104016,8,earliest,14200,0.7763671875,0.2712500000000016
104016,8,earliest,14400,0.7890625,0.2512890625000013
104016,8,earliest,14600,0.751953125,0.2842773437500015
104016,8,earliest,14800,0.775390625,0.2560937500000015
104016,8,earliest,15000,0.755859375,0.2886328125000017
104016,8,earliest,15200,0.783203125,0.2481054687500015
104016,8,earliest,15400,0.74609375,0.2907031250000014
104016,8,earliest,15600,0.7939453125,0.2543750000000016
104016,8,earliest,15800,0.7822265625,0.2559960937500018
104016,8,earliest,16000,0.7763671875,0.2562500000000014
104016,8,earliest,16200,0.8037109375,0.2373046875000015
104016,8,earliest,16400,0.787109375,0.2605468750000016
104016,8,earliest,16600,0.7734375,0.2695703125000015
104016,8,earliest,16800,0.7568359375,0.2765625000000014
104016,8,earliest,17000,0.7470703125,0.2940820312500016
104016,8,earliest,17200,0.783203125,0.2467773437500014
104016,8,earliest,17400,0.8046875,0.2299609375000016
104016,8,earliest,17600,0.7529296875,0.2783203125000013
104016,8,earliest,17800,0.779296875,0.2628906250000014
104016,8,earliest,18000,0.7666015625,0.2784960937500013
104016,8,earliest,18200,0.73046875,0.3106250000000017
104016,8,earliest,18400,0.775390625,0.2578710937500016
104016,8,earliest,18600,0.767578125,0.2667187500000015
104016,8,earliest,18800,0.74609375,0.2911523437500017
104016,8,earliest,19000,0.763671875,0.2776953125000014
104016,8,earliest,19200,0.7578125,0.2873437500000014
104016,8,earliest,19400,0.7685546875,0.2649023437500014
104016,8,earliest,19600,0.7861328125,0.2480468750000016
104016,8,earliest,19800,0.748046875,0.2854687500000016
104016,8,earliest,20000,0.76171875,0.2593945312500013
104016,7,staged,0,0.267578125,1.0
104016,7,staged,200,0.353515625,0.6559765624999985
104016,7,staged,400,0.369140625,0.6417578124999993
104016,7,staged,600,0.478515625,0.5275585937500009
104016,7,staged,800,0.55859375,0.4479492187500014
104016,7,staged,1000,0.6337890625,0.3874023437500011
104016,7,staged,1200,0.607421875,0.4212890625000017
104016,7,staged,1400,0.6728515625,0.3505468750000016
104016,7,staged,1600,0.69921875,0.3248828125000013
104016,7,staged,1800,0.6875,0.3521289062500016
104016,7,staged,2000,0.7119140625,0.3198828125000015
104016,7,staged,2200,0.7275390625,0.3065820312500016
104016,7,staged,2400,0.7509765625,0.2863281250000017
104016,7,staged,2600,0.7421875,0.2962109375000014
104016,7,staged,2800,0.779296875,0.2547460937500012
104016,7,staged,3000,0.794921875,0.2426953125000012
104016,7,staged,3200,0.779296875,0.2516601562500016
104016,7,staged,3400,0.7685546875,0.2665234375000015
104016,7,staged,3600,0.7568359375,0.2799609375000015
104016,7,staged,3800,0.7685546875,0.2707421875000015
104016,7,staged,4000,0.7470703125,0.2874218750000015
104016,7,staged,4200,0.8076171875,0.2322070312500013
104016,7,staged,4400,0.7841796875,0.2514453125000013
104016,7,staged,4600,0.767578125,0.2610351562500015
104016,7,staged,4800,0.75,0.2841406250000016
104016,7,staged,5000,0.7578125,0.2811914062500016
104016,7,staged,5200,0.748046875,0.2858593750000013
104016,7,staged,5400,0.7763671875,0.2619335937500013
104016,7,staged,5600,0.7587890625,0.2751367187500015
104016,7,staged,5800,0.796875,0.2458984375000014
104016,7,staged,6000,0.796875,0.2407031250000014
104016,7,staged,6200,0.7724609375,0.2629492187500015
104016,7,staged,6400,0.8115234375,0.2262890625000016
104016,7,staged,6600,0.7763671875,0.2601757812500014
104016,7,staged,6800,0.7587890625,0.2735937500000013
104016,7,staged,7000,0.79296875,0.2407031250000016
104016,7,staged,7200,0.7939453125,0.2344726562500016
104016,7,staged,7400,0.7763671875,0.2539453125000017
104016,7,staged,7600,0.7978515625,0.2411328125000014
104016,7,staged,7800,0.7919921875,0.2479101562500013
104016,7,staged,8000,0.7763671875,0.2592187500000015
104016,7,staged,8200,0.80078125,0.2351953125000014
104016,7,staged,8400,0.736328125,0.3016796875000015
104016,7,staged,8600,0.76953125,0.2674804687500012
104016,7,staged,8800,0.7998046875,0.2395507812500015
104016,7,staged,9000,0.8203125,0.2250390625000017
104016,7,staged,9200,0.7666015625,0.2725000000000016
104016,7,staged,9400,0.78515625,0.2506250000000014
104016,7,staged,9600,0.7861328125,0.2493554687500017
104016,7,staged,9800,0.775390625,0.2593359375000016
104016,7,staged,10000,0.7802734375,0.2601367187500014
104016,7,staged,10200,0.7998046875,0.2413476562500014
104016,7,staged,10400,0.8330078125,0.1963085937500014
104016,7,staged,10600,0.802734375,0.2311132812500015
104016,7,staged,10800,0.8037109375,0.2300390625000015
104016,7,staged,11000,0.7861328125,0.2542773437500018
104016,7,staged,11200,0.7861328125,0.2569335937500016
104016,7,staged,11400,0.826171875,0.2139257812500014
104016,7,staged,11600,0.7919921875,0.2452539062500016
104016,7,staged,11800,0.7666015625,0.2708007812500013
104016,7,staged,12000,0.7763671875,0.2685156250000016
104016,7,staged,12200,0.810546875,0.2222656250000012
104016,7,staged,12400,0.796875,0.2346093750000014
104016,7,staged,12600,0.7587890625,0.2714453125000014
104016,7,staged,12800,0.7998046875,0.2399023437500014
104016,7,staged,13000,0.7958984375,0.2368164062500016
104016,7,staged,13200,0.791015625,0.2463281250000015
104016,7,staged,13400,0.7607421875,0.2731640625000017
104016,7,staged,13600,0.8330078125,0.2136328125000014
104016,7,staged,13800,0.79296875,0.2433007812500015
104016,7,staged,14000,0.8173828125,0.2270703125000013
104016,7,staged,14200,0.7880859375,0.2511914062500014
104016,7,staged,14400,0.8173828125,0.2262695312500013
104016,7,staged,14600,0.7958984375,0.2417968750000015
104016,7,staged,14800,0.78125,0.2518750000000015
104016,7,staged,15000,0.8193359375,0.2162695312500013
104016,7,staged,15200,0.8125,0.2285546875000014
104016,7,staged,15400,0.7958984375,0.2364062500000014
104016,7,staged,15600,0.794921875,0.2279296875000014
104016,7,staged,15800,0.7958984375,0.2410156250000012
104016,7,staged,16000,0.8037109375,0.2321875000000014
104016,7,staged,16200,0.81640625,0.2239062500000013
104016,7,staged,16400,0.794921875,0.2360937500000014
104016,7,staged,16600,0.7314453125,0.3028710937500014
104016,7,staged,16800,0.755859375,0.2825390625000014
104016,7,staged,17000,0.748046875,0.2811132812500011
104016,7,staged,17200,0.80078125,0.2358593750000016
104016,7,staged,17400,0.78125,0.2511328125000015
104016,7,staged,17600,0.775390625,0.2625195312500014
104016,7,staged,17800,0.775390625,0.2500390625000015
104016,7,staged,18000,0.7705078125,0.2662109375000013
104016,7,staged,18200,0.7275390625,0.3103125000000015
104016,7,staged,18400,0.76171875,0.2606054687500014
104016,7,staged,18600,0.75390625,0.2801953125000012
104016,7,staged,18800,0.7578125,0.2786132812500014
104016,7,staged,19000,0.7958984375,0.2440625000000013
104016,7,staged,19200,0.7861328125,0.2502734375000014
104016,7,staged,19400,0.763671875,0.2702929687500013
104016,7,staged,19600,0.7841796875,0.2600976562500014
104016,7,staged,19800,0.78515625,0.2535546875000014
104016,7,staged,20000,0.796875,0.2437109375000012
104016,8,staged,0,0.267578125,1.0
104016,8,staged,200,0.2470703125,0.7589453124999991
104016,8,staged,400,0.1494140625,0.8549804687499988
104016,8,staged,600,0.138671875,0.8704492187499993
104016,8,staged,800,0.142578125,0.8720507812499992
104016,8,staged,1000,0.1123046875,0.8934179687499995
104016,8,staged,1200,0.0712890625,0.9330664062499998
104016,8,staged,1400,0.0947265625,0.9114062499999996
104016,8,staged,1600,0.068359375,0.9349023437499996
104016,8,staged,1800,0.076171875,0.9278710937499998
104016,8,staged,2000,0.0908203125,0.9150781249999996
104016,8,staged,2200,0.1318359375,0.8789062499999994
104016,8,staged,2400,0.185546875,0.8201171874999994
104016,8,staged,2600,0.2177734375,0.796367187499999
104016,8,staged,2800,0.2265625,0.7862304687499986
104016,8,staged,3000,0.3173828125,0.6905664062499987
104016,8,staged,3200,0.408203125,0.612851562499999
104016,8,staged,3400,0.482421875,0.5417578125000002
104016,8,staged,3600,0.5400390625,0.4867187500000013
104016,8,staged,3800,0.6533203125,0.3824804687500015
104016,8,staged,4000,0.7158203125,0.3150585937500012
104016,8,staged,4200,0.7490234375,0.2908398437500015
104016,8,staged,4400,0.7275390625,0.3027734375000014
104016,8,staged,4600,0.755859375,0.2890234375000018
104016,8,staged,4800,0.76953125,0.2699218750000013
104016,8,staged,5000,0.783203125,0.2602734375000013
104016,8,staged,5200,0.767578125,0.2746875000000015
104016,8,staged,5400,0.740234375,0.3004492187500014
104016,8,staged,5600,0.7919921875,0.2506250000000012
104016,8,staged,5800,0.7900390625,0.2543945312500013
104016,8,staged,6000,0.76171875,0.2697070312500014
104016,8,staged,6200,0.7412109375,0.2888085937500015
104016,8,staged,6400,0.7744140625,0.2663281250000015
104016,8,staged,6600,0.8095703125,0.2333593750000012
104016,8,staged,6800,0.7626953125,0.2795898437500014
104016,8,staged,7000,0.767578125,0.2736523437500015
104016,8,staged,7200,0.79296875,0.2573046875000013
104016,8,staged,7400,0.8125,0.2353906250000015
104016,8,staged,7600,0.7861328125,0.2462500000000015
104016,8,staged,7800,0.751953125,0.2868945312500015
104016,8,staged,8000,0.7529296875,0.2870507812500016
104016,8,staged,8200,0.759765625,0.2839453125000015
104016,8,staged,8400,0.7783203125,0.2502929687500015
104016,8,staged,8600,0.79296875,0.2463085937500015
104016,8,staged,8800,0.7724609375,0.2734570312500016
104016,8,staged,9000,0.7822265625,0.2551562500000013
104016,8,staged,9200,0.7822265625,0.2557031250000015
104016,8,staged,9400,0.7783203125,0.2552734375000015
104016,8,staged,9600,0.8056640625,0.2278710937500013
104016,8,staged,9800,0.802734375,0.2328710937500016
104016,8,staged,10000,0.78515625,0.2627539062500016
104016,8,staged,10200,0.810546875,0.2298828125000014
104016,8,staged,10400,0.7939453125,0.2377343750000016
104016,8,staged,10600,0.7744140625,0.2599609375000014
104016,8,staged,10800,0.7646484375,0.2797656250000015
104016,8,staged,11000,0.787109375,0.2495898437500014
104016,8,staged,11200,0.8017578125,0.2342968750000014
104016,8,staged,11400,0.8271484375,0.2154296875000014
104016,8,staged,11600,0.8046875,0.2362109375000011
104016,8,staged,11800,0.8095703125,0.2371875000000012
104016,8,staged,12000,0.79296875,0.2490820312500016
104016,8,staged,12200,0.7783203125,0.2667187500000016
104016,8,staged,12400,0.7724609375,0.2769726562500016
104016,8,staged,12600,0.75,0.2868750000000014
104016,8,staged,12800,0.77734375,0.2576367187500014
104016,8,staged,13000,0.7880859375,0.2568164062500015
104016,8,staged,13200,0.7587890625,0.2819531250000017
104016,8,staged,13400,0.787109375,0.2568359375000013
104016,8,staged,13600,0.7626953125,0.2744726562500017
104016,8,staged,13800,0.7607421875,0.2784179687500016
104016,8,staged,14000,0.7763671875,0.2730078125000017
104016,8,staged,14200,0.77734375,0.2692773437500016
104016,8,staged,14400,0.7724609375,0.2680664062500015
104016,8,staged,14600,0.7919921875,0.2513085937500014
104016,8,staged,14800,0.7880859375,0.2506445312500015
104016,8,staged,15000,0.779296875,0.2574804687500015
104016,8,staged,15200,0.7451171875,0.2839062500000017
104016,8,staged,15400,0.76171875,0.2756640625000012
104016,8,staged,15600,0.76171875,0.2640234375000014
104016,8,staged,15800,0.75,0.3009570312500016
104016,8,staged,16000,0.78515625,0.2557031250000013
104016,8,staged,16200,0.763671875,0.2777148437500016
104016,8,staged,16400,0.7822265625,0.2617187500000018
104016,8,staged,16600,0.7890625,0.2576953125000013
104016,8,staged,16800,0.7734375,0.2747851562500016
104016,8,staged,17000,0.76953125,0.2656835937500014
104016,8,staged,17200,0.7822265625,0.2532031250000013
104016,8,staged,17400,0.755859375,0.2826953125000014
104016,8,staged,17600,0.7568359375,0.2777539062500015
104016,8,staged,17800,0.810546875,0.2335937500000013
104016,8,staged,18000,0.763671875,0.2742187500000014
104016,8,staged,18200,0.74609375,0.2870898437500015
104016,8,staged,18400,0.7978515625,0.2422070312500012
104016,8,staged,18600,0.744140625,0.2950585937500017
104016,8,staged,18800,0.7587890625,0.2777734375000015
104016,8,staged,19000,0.7724609375,0.2783593750000015
104016,8,staged,19200,0.77734375,0.2562695312500014
104016,8,staged,19400,0.7578125,0.2924804687500015
104016,8,staged,19600,0.775390625,0.2578515625000017
104016,8,staged,19800,0.77734375,0.2658593750000015
104016,8,staged,20000,0.79296875,0.2499218750000014
104017,7,earliest,0,0.2294921875,1.0
104017,7,earliest,200,0.4091796875,0.6054296875
104017,7,earliest,400,0.4208984375,0.6037499999999993
104017,7,earliest,600,0.4697265625,0.5511914062499995
104017,7,earliest,800,0.5390625,0.4848242187500014
104017,7,earliest,1000,0.59765625,0.4200195312500014
104017,7,earliest,1200,0.6298828125,0.4036718750000013
104017,7,earliest,1400,0.6484375,0.3730078125000014
104017,7,earliest,1600,0.66796875,0.3652539062500016
104017,7,earliest,1800,0.6240234375,0.4069531250000013
104017,7,earliest,2000,0.66015625,0.3665039062500016
104017,7,earliest,2200,0.6787109375,0.3429101562500016
104017,7,earliest,2400,0.6669921875,0.3581640625000015
104017,7,earliest,2600,0.6689453125,0.3505664062500014
104017,7,earliest,2800,0.6162109375,0.4041992187500011
104017,7,earliest,3000,0.7080078125,0.3384179687500017
104017,7,earliest,3200,0.7138671875,0.3242773437500015
104017,7,earliest,3400,0.671875,0.3536328125000016
104017,7,earliest,3600,0.69921875,0.3215625000000018
104017,7,earliest,3800,0.6884765625,0.3452343750000015
104017,7,earliest,4000,0.736328125,0.2929687500000016
104017,7,earliest,4200,0.6201171875,0.4020117187500015
104017,7,earliest,4400,0.6484375,0.3725195312500016
104017,7,earliest,4600,0.6826171875,0.3503320312500016
104017,7,earliest,4800,0.7099609375,0.3087695312500016
104017,7,earliest,5000,0.6484375,0.3713867187500014
104017,7,earliest,5200,0.6650390625,0.3551953125000014
104017,7,earliest,5400,0.6962890625,0.3402929687500013
104017,7,earliest,5600,0.7275390625,0.3063671875000019
104017,7,earliest,5800,0.697265625,0.3349609375000015
104017,7,earliest,6000,0.72265625,0.3167187500000014
104017,7,earliest,6200,0.7041015625,0.3267578125000018
104017,7,earliest,6400,0.70703125,0.3236523437500016
104017,7,earliest,6600,0.69921875,0.3297851562500016
104017,7,earliest,6800,0.7041015625,0.3199804687500014
104017,7,earliest,7000,0.70703125,0.3127539062500013
104017,7,earliest,7200,0.6806640625,0.3438281250000015
104017,7,earliest,7400,0.71875,0.3099414062500016
104017,7,earliest,7600,0.662109375,0.3600195312500014
104017,7,earliest,7800,0.6923828125,0.3340625000000015
104017,7,earliest,8000,0.708984375,0.3286718750000017
104017,7,earliest,8200,0.671875,0.3491210937500018
104017,7,earliest,8400,0.6640625,0.3698242187500017
104017,7,earliest,8600,0.7216796875,0.3066796875000018
104017,7,earliest,8800,0.69921875,0.3313671875000014
104017,7,earliest,9000,0.6865234375,0.3465234375000015
104017,7,earliest,9200,0.66796875,0.3560156250000016
104017,7,earliest,9400,0.7119140625,0.3214062500000016
104017,7,earliest,9600,0.6806640625,0.3439062500000014
104017,7,earliest,9800,0.7294921875,0.3141015625000012
104017,7,earliest,10000,0.6796875,0.3400976562500016
104017,7,earliest,10200,0.7060546875,0.3268945312500012
104017,7,earliest,10400,0.701171875,0.3249218750000014
104017,7,earliest,10600,0.673828125,0.3542773437500014
104017,7,earliest,10800,0.720703125,0.3148632812500012
104017,7,earliest,11000,0.6357421875,0.3839257812500013
104017,7,earliest,11200,0.65625,0.3710351562500013
104017,7,earliest,11400,0.693359375,0.3358398437500015
104017,7,earliest,11600,0.697265625,0.3349218750000015
104017,7,earliest,11800,0.712890625,0.3180859375000015
104017,7,earliest,12000,0.6708984375,0.3609375000000015
104017,7,earliest,12200,0.7041015625,0.3243945312500017
104017,7,earliest,12400,0.6982421875,0.3353515625000015
104017,7,earliest,12600,0.67578125,0.3510351562500015
104017,7,earliest,12800,0.7431640625,0.2879687500000016
104017,7,earliest,13000,0.7392578125,0.2874023437500015
104017,7,earliest,13200,0.669921875,0.3671679687500017
104017,7,earliest,13400,0.7041015625,0.3277148437500019
104017,7,earliest,13600,0.740234375,0.2994726562500017
104017,7,earliest,13800,0.7177734375,0.3060156250000017
104017,7,earliest,14000,0.70703125,0.3202539062500015
104017,7,earliest,14200,0.701171875,0.3376562500000016
104017,7,earliest,14400,0.705078125,0.3230078125000014
104017,7,earliest,14600,0.666015625,0.3564453125000016
104017,7,earliest,14800,0.712890625,0.3179296875000013
104017,7,earliest,15000,0.6923828125,0.3350000000000015
104017,7,earliest,15200,0.689453125,0.3375781250000014
104017,7,earliest,15400,0.73828125,0.2869726562500014
104017,7,earliest,15600,0.701171875,0.3306445312500015
104017,7,earliest,15800,0.6689453125,0.3635351562500014
104017,7,earliest,16000,0.7216796875,0.3146679687500016
104017,7,earliest,16200,0.7099609375,0.3217773437500016
104017,7,earliest,16400,0.7314453125,0.2912500000000015
104017,7,earliest,16600,0.7255859375,0.3091015625000015
104017,7,earliest,16800,0.67578125,0.3561718750000016
104017,7,earliest,17000,0.736328125,0.3021484375000015
104017,7,earliest,17200,0.69921875,0.3362890625000016
104017,7,earliest,17400,0.7041015625,0.3348046875000014
104017,7,earliest,17600,0.7109375,0.3247070312500017
104017,7,earliest,17800,0.7177734375,0.3109570312500015
104017,7,earliest,18000,0.7353515625,0.2987695312500016
104017,7,earliest,18200,0.6982421875,0.3369140625000015
104017,7,earliest,18400,0.6416015625,0.3853515625000014
104017,7,earliest,18600,0.6865234375,0.3494140625000016
104017,7,earliest,18800,0.70703125,0.3188671875000017
104017,7,earliest,19000,0.7255859375,0.2976953125000015
104017,7,earliest,19200,0.7109375,0.3241601562500015
104017,7,earliest,19400,0.7470703125,0.2946484375000015
104017,7,earliest,19600,0.7412109375,0.2971093750000014
104017,7,earliest,19800,0.6923828125,0.3369531250000016
104017,7,earliest,20000,0.69921875,0.3266015625000013
104017,8,earliest,0,0.2294921875,1.0
104017,8,earliest,200,0.2109375,0.801367187499998
104017,8,earliest,400,0.1455078125,0.8627734374999992
104017,8,earliest,600,0.146484375,0.8617578124999985
104017,8,earliest,800,0.1513671875,0.8575781249999987
104017,8,earliest,1000,0.1259765625,0.878574218749998
104017,8,earliest,1200,0.103515625,0.9033984374999992
104017,8,earliest,1400,0.0966796875,0.9090039062499994
104017,8,earliest,1600,0.09765625,0.9052929687499996
104017,8,earliest,1800,0.1044921875,0.9049999999999998
104017,8,earliest,2000,0.154296875,0.8547070312499994
104017,8,earliest,2200,0.1953125,0.8131249999999991
104017,8,earliest,2400,0.2373046875,0.7695703124999989
104017,8,earliest,2600,0.3115234375,0.7072656249999995
104017,8,earliest,2800,0.46484375,0.5574023437500002
104017,8,earliest,3000,0.5048828125,0.5180468750000004
104017,8,earliest,3200,0.5556640625,0.4647460937500015
104017,8,earliest,3400,0.5986328125,0.4325976562500016
104017,8,earliest,3600,0.6640625,0.3581640625000013
104017,8,earliest,3800,0.666015625,0.3618554687500015
104017,8,earliest,4000,0.685546875,0.3522851562500015
104017,8,earliest,4200,0.716796875,0.3302343750000014
104017,8,earliest,4400,0.7158203125,0.3177734375000014
104017,8,earliest,4600,0.7421875,0.2998632812500015
104017,8,earliest,4800,0.6796875,0.3601953125000017
104017,8,earliest,5000,0.736328125,0.3049609375000019
104017,8,earliest,5200,0.7568359375,0.2882031250000015
104017,8,earliest,5400,0.7001953125,0.3360742187500016
104017,8,earliest,5600,0.7373046875,0.3033984375000013
104017,8,earliest,5800,0.763671875,0.2761718750000015
104017,8,earliest,6000,0.7119140625,0.3283984375000015
104017,8,earliest,6200,0.712890625,0.3250585937500017
104017,8,earliest,6400,0.7275390625,0.3161914062500014
104017,8,earliest,6600,0.7353515625,0.3089062500000015
104017,8,earliest,6800,0.740234375,0.2910742187500016
104017,8,earliest,7000,0.70703125,0.3272265625000014
104017,8,earliest,7200,0.732421875,0.3169726562500016
104017,8,earliest,7400,0.7509765625,0.2987304687500014
104017,8,earliest,7600,0.71484375,0.3253710937500016
104017,8,earliest,7800,0.7646484375,0.2684375000000014
104017,8,earliest,8000,0.734375,0.3072070312500016
104017,8,earliest,8200,0.7392578125,0.2985351562500017
104017,8,earliest,8400,0.6357421875,0.3919921875000015
104017,8,earliest,8600,0.6640625,0.3729492187500017
104017,8,earliest,8800,0.6904296875,0.3520117187500015
104017,8,earliest,9000,0.703125,0.3266210937500014
104017,8,earliest,9200,0.6611328125,0.3751367187500016
104017,8,earliest,9400,0.759765625,0.2927929687500016
104017,8,earliest,9600,0.7060546875,0.3375390625000015
104017,8,earliest,9800,0.71484375,0.3264062500000015
104017,8,earliest,10000,0.7109375,0.3283398437500016
104017,8,earliest,10200,0.755859375,0.2858789062500014
104017,8,earliest,10400,0.71875,0.3219335937500015
104017,8,earliest,10600,0.72265625,0.3209960937500014
104017,8,earliest,10800,0.72265625,0.3154296875000016
104017,8,earliest,11000,0.73046875,0.3021289062500013
104017,8,earliest,11200,0.76171875,0.2884765625000014
104017,8,earliest,11400,0.7099609375,0.3242773437500015
104017,8,earliest,11600,0.7685546875,0.2693164062500014
104017,8,earliest,11800,0.7197265625,0.3233203125000013
104017,8,earliest,12000,0.7265625,0.3100000000000017
104017,8,earliest,12200,0.685546875,0.3474609375000016
104017,8,earliest,12400,0.712890625,0.3337500000000017
104017,8,earliest,12600,0.6943359375,0.3380078125000015
104017,8,earliest,12800,0.7421875,0.3087695312500015
104017,8,earliest,13000,0.73046875,0.3063281250000016
104017,8,earliest,13200,0.75,0.2872265625000014
104017,8,earliest,13400,0.7568359375,0.2845703125000017
104017,8,earliest,13600,0.7685546875,0.2748046875000016
104017,8,earliest,13800,0.6982421875,0.3377929687500015
104017,8,earliest,14000,0.740234375,0.3048828125000018
104017,8,earliest,14200,0.755859375,0.2865039062500016
104017,8,earliest,14400,0.732421875,0.3007226562500015
104017,8,earliest,14600,0.7431640625,0.2846093750000017
104017,8,earliest,14800,0.7470703125,0.2921484375000015
104017,8,earliest,15000,0.728515625,0.3147265625000015
104017,8,earliest,15200,0.7001953125,0.3371679687500015
104017,8,earliest,15400,0.6865234375,0.3480664062500014
104017,8,earliest,15600,0.7421875,0.2977734375000016
104017,8,earliest,15800,0.716796875,0.3225585937500016
104017,8,earliest,16000,0.728515625,0.3195312500000017
104017,8,earliest,16200,0.7548828125,0.2872851562500016
104017,8,earliest,16400,0.7548828125,0.2866601562500014
104017,8,earliest,16600,0.716796875,0.3339257812500016
104017,8,earliest,16800,0.7353515625,0.3050976562500016
104017,8,earliest,17000,0.6982421875,0.3298632812500015
104017,8,earliest,17200,0.703125,0.3358593750000016
104017,8,earliest,17400,0.7001953125,0.3453710937500015
104017,8,earliest,17600,0.70703125,0.3433203125000015
104017,8,earliest,17800,0.69921875,0.3331640625000015
104017,8,earliest,18000,0.7412109375,0.3014648437500014
104017,8,earliest,18200,0.681640625,0.3520312500000016
104017,8,earliest,18400,0.6806640625,0.3561328125000015
104017,8,earliest,18600,0.7314453125,0.3102734375000015
104017,8,earliest,18800,0.71875,0.3172656250000017
104017,8,earliest,19000,0.7353515625,0.3054492187500013
104017,8,earliest,19200,0.703125,0.3303515625000017
104017,8,earliest,19400,0.6904296875,0.3405078125000014
104017,8,earliest,19600,0.7724609375,0.2788867187500014
104017,8,earliest,19800,0.7001953125,0.3310937500000015
104017,8,earliest,20000,0.7041015625,0.3323632812500017
104017,7,staged,0,0.2294921875,1.0
104017,7,staged,200,0.3427734375,0.6644921874999983
104017,7,staged,400,0.330078125,0.684023437499999
104017,7,staged,600,0.3935546875,0.6175195312499998
104017,7,staged,800,0.548828125,0.4605468750000015
104017,7,staged,1000,0.5849609375,0.4354101562500013
104017,7,staged,1200,0.65234375,0.3749609375000013
104017,7,staged,1400,0.6982421875,0.3351757812500013
104017,7,staged,1600,0.669921875,0.3489257812500014
104017,7,staged,1800,0.7509765625,0.2792382812500013
104017,7,staged,2000,0.7109375,0.3212500000000016
104017,7,staged,2200,0.71875,0.3154101562500014
104017,7,staged,2400,0.734375,0.3013085937500015
104017,7,staged,2600,0.7294921875,0.3093554687500016
104017,7,staged,2800,0.712890625,0.3151953125000016
104017,7,staged,3000,0.75390625,0.2763085937500013
104017,7,staged,3200,0.7822265625,0.2580859375000016
104017,7,staged,3400,0.7333984375,0.3068750000000014
104017,7,staged,3600,0.7587890625,0.2769921875000014
104017,7,staged,3800,0.7822265625,0.2601171875000015
104017,7,staged,4000,0.755859375,0.2792382812500016
104017,7,staged,4200,0.78125,0.2619921875000016
104017,7,staged,4400,0.7919921875,0.2391015625000013
104017,7,staged,4600,0.7685546875,0.2690625000000014
104017,7,staged,4800,0.7802734375,0.2567578125000016
104017,7,staged,5000,0.78515625,0.2509375000000013
104017,7,staged,5200,0.806640625,0.2346679687500014
104017,7,staged,5400,0.783203125,0.2488476562500014
104017,7,staged,5600,0.8154296875,0.2261718750000012
104017,7,staged,5800,0.822265625,0.2097070312500012
104017,7,staged,6000,0.783203125,0.2570312500000014
104017,7,staged,6200,0.7548828125,0.2818945312500015
104017,7,staged,6400,0.76171875,0.2788671875000016
104017,7,staged,6600,0.8125,0.2396679687500015
104017,7,staged,6800,0.7763671875,0.2544335937500016
104017,7,staged,7000,0.759765625,0.2759765625000014
104017,7,staged,7200,0.787109375,0.2478710937500015
104017,7,staged,7400,0.771484375,0.2703515625000014
104017,7,staged,7600,0.7724609375,0.2651562500000014
104017,7,staged,7800,0.7734375,0.2648632812500014
104017,7,staged,8000,0.798828125,0.2374609375000016
104017,7,staged,8200,0.80859375,0.2159960937500014
104017,7,staged,8400,0.765625,0.2681250000000012
104017,7,staged,8600,0.787109375,0.2489453125000013
104017,7,staged,8800,0.7685546875,0.2673437500000016
104017,7,staged,9000,0.7958984375,0.2472460937500015
104017,7,staged,9200,0.802734375,0.2275976562500014
104017,7,staged,9400,0.806640625,0.2376562500000015
104017,7,staged,9600,0.765625,0.2679687500000016
104017,7,staged,9800,0.7744140625,0.2519140625000013
104017,7,staged,10000,0.806640625,0.2234765625000014
104017,7,staged,10200,0.80078125,0.2277734375000013
104017,7,staged,10400,0.8046875,0.2373828125000016
104017,7,staged,10600,0.765625,0.2610156250000014
104017,7,staged,10800,0.755859375,0.2761328125000014
104017,7,staged,11000,0.8017578125,0.2310937500000014
104017,7,staged,11200,0.767578125,0.2618554687500013
104017,7,staged,11400,0.8046875,0.2368750000000015
104017,7,staged,11600,0.8037109375,0.2396679687500016
104017,7,staged,11800,0.818359375,0.2127929687500015
104017,7,staged,12000,0.7939453125,0.2337695312500014
104017,7,staged,12200,0.80859375,0.2356250000000016
104017,7,staged,12400,0.8369140625,0.2131250000000015
104017,7,staged,12600,0.8212890625,0.2163476562500013
104017,7,staged,12800,0.830078125,0.2083789062500014
104017,7,staged,13000,0.8095703125,0.2231250000000017
104017,7,staged,13200,0.833984375,0.2127148437500013
104017,7,staged,13400,0.830078125,0.2125976562500015
104017,7,staged,13600,0.8046875,0.2340039062500014
104017,7,staged,13800,0.7978515625,0.2340625000000014
104017,7,staged,14000,0.7666015625,0.2648828125000014
104017,7,staged,14200,0.8134765625,0.2207031250000013
104017,7,staged,14400,0.796875,0.2467578125000018
104017,7,staged,14600,0.7861328125,0.2595898437500017
104017,7,staged,14800,0.775390625,0.2681835937500016
104017,7,staged,15000,0.75,0.2851757812500016
104017,7,staged,15200,0.78515625,0.2455078125000014
104017,7,staged,15400,0.8134765625,0.2298828125000014
104017,7,staged,15600,0.82421875,0.2146679687500013
104017,7,staged,15800,0.8203125,0.2133593750000014
104017,7,staged,16000,0.806640625,0.2330078125000013
104017,7,staged,16200,0.818359375,0.2164453125000014
104017,7,staged,16400,0.802734375,0.2362695312500012
104017,7,staged,16600,0.783203125,0.2553906250000013
104017,7,staged,16800,0.833984375,0.2104492187500014
104017,7,staged,17000,0.7939453125,0.2485937500000013
104017,7,staged,17200,0.7958984375,0.2383984375000014
104017,7,staged,17400,0.802734375,0.2339257812500014
104017,7,staged,17600,0.8125,0.2212500000000015
104017,7,staged,17800,0.8232421875,0.2210937500000015
104017,7,staged,18000,0.8193359375,0.2240625000000014
104017,7,staged,18200,0.828125,0.2116406250000015
104017,7,staged,18400,0.8515625,0.1985546875000013
104017,7,staged,18600,0.8076171875,0.2317382812500013
104017,7,staged,18800,0.8583984375,0.1873828125000012
104017,7,staged,19000,0.8408203125,0.205195312500001
104017,7,staged,19200,0.818359375,0.2135156250000013
104017,7,staged,19400,0.7861328125,0.2440234375000014
104017,7,staged,19600,0.791015625,0.2354101562500013
104017,7,staged,19800,0.7705078125,0.2675585937500013
104017,7,staged,20000,0.806640625,0.2218554687500015
104017,8,staged,0,0.2294921875,1.0
104017,8,staged,200,0.232421875,0.7767382812499987
104017,8,staged,400,0.169921875,0.8437304687499991
104017,8,staged,600,0.1416015625,0.8643359374999986
104017,8,staged,800,0.138671875,0.8734374999999989
104017,8,staged,1000,0.123046875,0.8840429687499989
104017,8,staged,1200,0.1484375,0.8658593749999993
104017,8,staged,1400,0.1455078125,0.8626953124999988
104017,8,staged,1600,0.1396484375,0.8701367187499986
104017,8,staged,1800,0.18359375,0.8266210937499991
104017,8,staged,2000,0.193359375,0.8183984374999985
104017,8,staged,2200,0.1904296875,0.8214062499999988
104017,8,staged,2400,0.2099609375,0.7994140624999979
104017,8,staged,2600,0.228515625,0.7817773437499983
104017,8,staged,2800,0.2890625,0.7213671874999984
104017,8,staged,3000,0.3349609375,0.6811132812499991
104017,8,staged,3200,0.3740234375,0.6438085937499997
104017,8,staged,3400,0.435546875,0.5740820312500003
104017,8,staged,3600,0.4873046875,0.5432226562500004
104017,8,staged,3800,0.5048828125,0.5127148437500012
104017,8,staged,4000,0.61328125,0.4078710937500013
104017,8,staged,4200,0.6220703125,0.4087500000000015
104017,8,staged,4400,0.6337890625,0.3902343750000016
104017,8,staged,4600,0.6533203125,0.3796289062500012
104017,8,staged,4800,0.705078125,0.3300000000000014
104017,8,staged,5000,0.7080078125,0.3337695312500013
104017,8,staged,5200,0.6884765625,0.3422265625000014
104017,8,staged,5400,0.63671875,0.3949804687500015
104017,8,staged,5600,0.6943359375,0.3358593750000015
104017,8,staged,5800,0.712890625,0.3189843750000014
104017,8,staged,6000,0.70703125,0.3334765625000014
104017,8,staged,6200,0.669921875,0.3606445312500015
104017,8,staged,6400,0.7109375,0.3141210937500014
104017,8,staged,6600,0.7021484375,0.3314453125000014
104017,8,staged,6800,0.7333984375,0.3019921875000017
104017,8,staged,7000,0.716796875,0.3280664062500017
104017,8,staged,7200,0.69140625,0.3404492187500015
104017,8,staged,7400,0.732421875,0.2967773437500015
104017,8,staged,7600,0.71875,0.3179296875000014
104017,8,staged,7800,0.732421875,0.2996484375000017
104017,8,staged,8000,0.712890625,0.3204492187500014
104017,8,staged,8200,0.701171875,0.3273828125000014
104017,8,staged,8400,0.740234375,0.2982421875000016
104017,8,staged,8600,0.7197265625,0.3114257812500015
104017,8,staged,8800,0.759765625,0.2787890625000015
104017,8,staged,9000,0.689453125,0.3497460937500017
104017,8,staged,9200,0.7216796875,0.3175976562500015
104017,8,staged,9400,0.755859375,0.2830859375000017
104017,8,staged,9600,0.74609375,0.2832031250000015
104017,8,staged,9800,0.7373046875,0.2952343750000014
104017,8,staged,10000,0.712890625,0.3172265625000013
104017,8,staged,10200,0.7109375,0.3222460937500016
104017,8,staged,10400,0.7236328125,0.3166210937500016
104017,8,staged,10600,0.7099609375,0.3179687500000015
104017,8,staged,10800,0.7265625,0.3168359375000016
104017,8,staged,11000,0.724609375,0.3087695312500016
104017,8,staged,11200,0.71484375,0.3321093750000015
104017,8,staged,11400,0.7236328125,0.3052539062500015
104017,8,staged,11600,0.7021484375,0.3329296875000016
104017,8,staged,11800,0.67578125,0.3526562500000014
104017,8,staged,12000,0.7265625,0.3057812500000014
104017,8,staged,12200,0.693359375,0.3371289062500014
104017,8,staged,12400,0.734375,0.3029101562500013
104017,8,staged,12600,0.6923828125,0.3458593750000013
104017,8,staged,12800,0.7109375,0.3139843750000014
104017,8,staged,13000,0.759765625,0.2770117187500013
104017,8,staged,13200,0.701171875,0.3355859375000017
104017,8,staged,13400,0.72265625,0.3161523437500017
104017,8,staged,13600,0.681640625,0.3473242187500015
104017,8,staged,13800,0.7451171875,0.2980859375000015
104017,8,staged,14000,0.73828125,0.3049609375000013
104017,8,staged,14200,0.7314453125,0.3107031250000017
104017,8,staged,14400,0.73828125,0.3118164062500017
104017,8,staged,14600,0.7041015625,0.3252734375000015
104017,8,staged,14800,0.73046875,0.3015625000000016
104017,8,staged,15000,0.7490234375,0.2914843750000019
104017,8,staged,15200,0.736328125,0.2924414062500015
104017,8,staged,15400,0.7451171875,0.2926562500000016
104017,8,staged,15600,0.73828125,0.2989843750000014
104017,8,staged,15800,0.732421875,0.3123437500000018
104017,8,staged,16000,0.712890625,0.3209765625000016
104017,8,staged,16200,0.7373046875,0.2955078125000014
104017,8,staged,16400,0.6875,0.3394726562500015
104017,8,staged,16600,0.6953125,0.3257812500000019
104017,8,staged,16800,0.6416015625,0.3846289062500016
104017,8,staged,17000,0.7001953125,0.3294921875000013
104017,8,staged,17200,0.7275390625,0.3045117187500013
104017,8,staged,17400,0.7451171875,0.2968164062500014
104017,8,staged,17600,0.751953125,0.2877929687500013
104017,8,staged,17800,0.751953125,0.2919335937500015
104017,8,staged,18000,0.6982421875,0.3397265625000014
104017,8,staged,18200,0.7783203125,0.2598632812500014
104017,8,staged,18400,0.7578125,0.2823242187500015
104017,8,staged,18600,0.7646484375,0.2736328125000013
104017,8,staged,18800,0.73828125,0.2917187500000014
104017,8,staged,19000,0.7138671875,0.3108789062500014
104017,8,staged,19200,0.701171875,0.3363867187500018
104017,8,staged,19400,0.7080078125,0.3273828125000016
104017,8,staged,19600,0.732421875,0.3051562500000015
104017,8,staged,19800,0.7666015625,0.2707226562500014
104017,8,staged,20000,0.7587890625,0.2792773437500016
104018,7,earliest,0,0.2548828125,1.0
104018,7,earliest,200,0.435546875,0.5822851562499997
104018,7,earliest,400,0.4091796875,0.6007617187499995
104018,7,earliest,600,0.52734375,0.4988281250000016
104018,7,earliest,800,0.505859375,0.519199218750001
104018,7,earliest,1000,0.533203125,0.4819921875000015
104018,7,earliest,1200,0.5908203125,0.4434765625000015
104018,7,earliest,1400,0.6474609375,0.3829101562500015
104018,7,earliest,1600,0.6650390625,0.3694531250000017
104018,7,earliest,1800,0.63671875,0.3844531250000013
104018,7,earliest,2000,0.69921875,0.3310156250000014
104018,7,earliest,2200,0.650390625,0.3773046875000016
104018,7,earliest,2400,0.666015625,0.3654492187500016
104018,7,earliest,2600,0.646484375,0.3796484375000013
104018,7,earliest,2800,0.6845703125,0.3519140625000016
104018,7,earliest,3000,0.740234375,0.2973632812500015
104018,7,earliest,3200,0.6962890625,0.3394726562500015
104018,7,earliest,3400,0.7177734375,0.3220507812500018
104018,7,earliest,3600,0.7041015625,0.3272460937500014
104018,7,earliest,3800,0.7236328125,0.3073828125000013
104018,7,earliest,4000,0.701171875,0.3222070312500016
104018,7,earliest,4200,0.6591796875,0.3687890625000014
104018,7,earliest,4400,0.6689453125,0.3617382812500015
104018,7,earliest,4600,0.671875,0.3599023437500015
104018,7,earliest,4800,0.6484375,0.3796875000000014
104018,7,earliest,5000,0.6826171875,0.3482031250000014
104018,7,earliest,5200,0.6865234375,0.3552343750000016
104018,7,earliest,5400,0.6943359375,0.3332617187500017
104018,7,earliest,5600,0.689453125,0.3298046875000014
104018,7,earliest,5800,0.6455078125,0.3735742187500015
104018,7,earliest,6000,0.6787109375,0.3482226562500015
104018,7,earliest,6200,0.6953125,0.3423242187500015
104018,7,earliest,6400,0.6787109375,0.3543359375000013
104018,7,earliest,6600,0.7001953125,0.3334375000000014
104018,7,earliest,6800,0.67578125,0.3471484375000015
104018,7,earliest,7000,0.6806640625,0.3474609375000015
104018,7,earliest,7200,0.697265625,0.3300585937500015
104018,7,earliest,7400,0.69921875,0.3401171875000016
104018,7,earliest,7600,0.6689453125,0.3657617187500015
104018,7,earliest,7800,0.6357421875,0.3923242187500016
104018,7,earliest,8000,0.7138671875,0.3179687500000015
104018,7,earliest,8200,0.6591796875,0.3635546875000016
104018,7,earliest,8400,0.6953125,0.3391015625000015
104018,7,earliest,8600,0.6904296875,0.3346289062500018
104018,7,earliest,8800,0.658203125,0.3704882812500016
104018,7,earliest,9000,0.724609375,0.3106835937500016
104018,7,earliest,9200,0.7021484375,0.3310156250000012
104018,7,earliest,9400,0.75,0.2904492187500016
104018,7,earliest,9600,0.7158203125,0.3145703125000016
104018,7,earliest,9800,0.701171875,0.3416992187500013
104018,7,earliest,10000,0.693359375,0.3360937500000014
104018,7,earliest,10200,0.703125,0.3234765625000016
104018,7,earliest,10400,0.673828125,0.3643554687500017
104018,7,earliest,10600,0.6318359375,0.3835742187500015
104018,7,earliest,10800,0.6806640625,0.3439062500000015
104018,7,earliest,11000,0.630859375,0.3941992187500013
104018,7,earliest,11200,0.6279296875,0.3922460937500013
104018,7,earliest,11400,0.6064453125,0.4239257812500016
104018,7,earliest,11600,0.6611328125,0.3750000000000014
104018,7,earliest,11800,0.6787109375,0.3545117187500014
104018,7,earliest,12000,0.685546875,0.3508593750000015
104018,7,earliest,12200,0.685546875,0.3394531250000016
104018,7,earliest,12400,0.6884765625,0.3406445312500015
104018,7,earliest,12600,0.7119140625,0.3218164062500016
104018,7,earliest,12800,0.71875,0.3116406250000016
104018,7,earliest,13000,0.734375,0.3022656250000014
104018,7,earliest,13200,0.685546875,0.3394140625000017
104018,7,earliest,13400,0.69921875,0.3201757812500016
104018,7,earliest,13600,0.6982421875,0.3276562500000014
104018,7,earliest,13800,0.6875,0.3433007812500016
104018,7,earliest,14000,0.6416015625,0.3885937500000015
104018,7,earliest,14200,0.6181640625,0.4085937500000015
104018,7,earliest,14400,0.65234375,0.3717773437500013
104018,7,earliest,14600,0.65234375,0.3700976562500014
104018,7,earliest,14800,0.65625,0.3851171875000016
104018,7,earliest,15000,0.697265625,0.3426367187500016
104018,7,earliest,15200,0.640625,0.3895703125000016
104018,7,earliest,15400,0.7021484375,0.3369140625000014
104018,7,earliest,15600,0.677734375,0.3579882812500014
104018,7,earliest,15800,0.6689453125,0.3645312500000016
104018,7,earliest,16000,0.6298828125,0.3959375000000015
104018,7,earliest,16200,0.6875,0.3582031250000015
104018,7,earliest,16400,0.701171875,0.3272265625000014
104018,7,earliest,16600,0.69921875,0.3344531250000015
104018,7,earliest,16800,0.6806640625,0.3409179687500015
104018,7,earliest,17000,0.736328125,0.2978125000000015
104018,7,earliest,17200,0.6923828125,0.3324218750000014
104018,7,earliest,17400,0.6953125,0.3347265625000012
104018,7,earliest,17600,0.724609375,0.3100195312500015
104018,7,earliest,17800,0.7021484375,0.3338867187500014
104018,7,earliest,18000,0.7001953125,0.3290429687500013
104018,7,earliest,18200,0.6953125,0.3433984375000013
104018,7,earliest,18400,0.693359375,0.3323242187500018
104018,7,earliest,18600,0.69921875,0.3279101562500015
104018,7,earliest,18800,0.677734375,0.3561523437500016
104018,7,earliest,19000,0.673828125,0.3564648437500013
104018,7,earliest,19200,0.6806640625,0.3544921875000013
104018,7,earliest,19400,0.662109375,0.3644921875000015
104018,7,earliest,19600,0.69921875,0.3368750000000016
104018,7,earliest,19800,0.67578125,0.3457812500000016
104018,7,earliest,20000,0.6884765625,0.3494726562500016
104018,8,earliest,0,0.2548828125,1.0
104018,8,earliest,200,0.2177734375,0.7896874999999987
104018,8,earliest,400,0.1748046875,0.8344726562499986
104018,8,earliest,600,0.146484375,0.8588867187499987
104018,8,earliest,800,0.142578125,0.8667773437499982
104018,8,earliest,1000,0.1103515625,0.8957617187499985
104018,8,earliest,1200,0.1083984375,0.899843749999999
104018,8,earliest,1400,0.0908203125,0.9149023437499996
104018,8,earliest,1600,0.05859375,0.9460546874999992
104018,8,earliest,1800,0.0654296875,0.9395117187499992
104018,8,earliest,2000,0.0810546875,0.9233593749999992
104018,8,earliest,2200,0.0986328125,0.9079492187499985
104018,8,earliest,2400,0.1025390625,0.903906249999999
104018,8,earliest,2600,0.0966796875,0.9068164062499992
104018,8,earliest,2800,0.14453125,0.8644140624999993
104018,8,earliest,3000,0.1572265625,0.851796874999999
104018,8,earliest,3200,0.1728515625,0.8334570312499991
104018,8,earliest,3400,0.2294921875,0.7832031249999988
104018,8,earliest,3600,0.2666015625,0.7449609374999989
104018,8,earliest,3800,0.3115234375,0.6995312499999984
104018,8,earliest,4000,0.3046875,0.7167773437499984
104018,8,earliest,4200,0.3837890625,0.6346874999999985
104018,8,earliest,4400,0.4697265625,0.5591992187499994
104018,8,earliest,4600,0.4375,0.582207031249999
104018,8,earliest,4800,0.4423828125,0.5790039062499988
104018,8,earliest,5000,0.494140625,0.5246289062500002
104018,8,earliest,5200,0.546875,0.4895117187500014
104018,8,earliest,5400,0.5263671875,0.4985156250000012
104018,8,earliest,5600,0.5126953125,0.5067578125000007
104018,8,earliest,5800,0.556640625,0.4749804687500012
104018,8,earliest,6000,0.4970703125,0.5262695312500008
104018,8,earliest,6200,0.54296875,0.4880664062500013
104018,8,earliest,6400,0.568359375,0.4606640625000015
104018,8,earliest,6600,0.61328125,0.4222656250000014
104018,8,earliest,6800,0.5830078125,0.4421093750000015
104018,8,earliest,7000,0.5703125,0.4568164062500017
104018,8,earliest,7200,0.6083984375,0.4151562500000016
104018,8,earliest,7400,0.59375,0.4336132812500017
104018,8,earliest,7600,0.5810546875,0.4499023437500017
104018,8,earliest,7800,0.607421875,0.4248828125000014
104018,8,earliest,8000,0.6474609375,0.3842968750000013
104018,8,earliest,8200,0.6083984375,0.4263085937500015
104018,8,earliest,8400,0.6142578125,0.4216015625000012
104018,8,earliest,8600,0.6376953125,0.3931250000000017
104018,8,earliest,8800,0.607421875,0.4257812500000015
104018,8,earliest,9000,0.62109375,0.4053515625000013
104018,8,earliest,9200,0.6201171875,0.4041210937500012
104018,8,earliest,9400,0.634765625,0.4013476562500017
104018,8,earliest,9600,0.568359375,0.4581250000000014
104018,8,earliest,9800,0.568359375,0.4577539062500018
104018,8,earliest,10000,0.60546875,0.4310156250000014
104018,8,earliest,10200,0.6357421875,0.3908789062500016
104018,8,earliest,10400,0.5810546875,0.4490625000000013
104018,8,earliest,10600,0.6201171875,0.4088671875000016
104018,8,earliest,10800,0.623046875,0.4063085937500013
104018,8,earliest,11000,0.58984375,0.4360546875000016
104018,8,earliest,11200,0.6416015625,0.3857421875000017
104018,8,earliest,11400,0.6767578125,0.3645312500000015
104018,8,earliest,11600,0.6337890625,0.4074414062500015
104018,8,earliest,11800,0.6123046875,0.4179101562500015
104018,8,earliest,12000,0.6171875,0.4261523437500012
104018,8,earliest,12200,0.60546875,0.4192578125000012
104018,8,earliest,12400,0.6279296875,0.4049218750000014
104018,8,earliest,12600,0.5810546875,0.4484179687500014
104018,8,earliest,12800,0.6337890625,0.4003710937500018
104018,8,earliest,13000,0.5888671875,0.4413671875000014
104018,8,earliest,13200,0.5810546875,0.4475976562500015
104018,8,earliest,13400,0.60546875,0.4184179687500017
104018,8,earliest,13600,0.568359375,0.4664453125000012
104018,8,earliest,13800,0.5634765625,0.4614453125000013
104018,8,earliest,14000,0.5712890625,0.4530078125000014
104018,8,earliest,14200,0.6171875,0.4195312500000015
104018,8,earliest,14400,0.6298828125,0.3985742187500013
104018,8,earliest,14600,0.609375,0.4328906250000014
104018,8,earliest,14800,0.6015625,0.4248437500000014
104018,8,earliest,15000,0.6015625,0.4284570312500015
104018,8,earliest,15200,0.55078125,0.4745507812500013
104018,8,earliest,15400,0.583984375,0.4429687500000014
104018,8,earliest,15600,0.58203125,0.4477929687500013
104018,8,earliest,15800,0.576171875,0.4430468750000016
104018,8,earliest,16000,0.6328125,0.4115039062500015
104018,8,earliest,16200,0.6494140625,0.3876953125000013
104018,8,earliest,16400,0.6123046875,0.4184765625000014
104018,8,earliest,16600,0.6142578125,0.4261914062500015
104018,8,earliest,16800,0.6591796875,0.3799218750000014
104018,8,earliest,17000,0.6484375,0.3846093750000015
104018,8,earliest,17200,0.6337890625,0.3967382812500014
104018,8,earliest,17400,0.6162109375,0.4208984375000015
104018,8,earliest,17600,0.62109375,0.4127929687500016
104018,8,earliest,17800,0.6689453125,0.3614453125000015
104018,8,earliest,18000,0.611328125,0.4171875000000016
104018,8,earliest,18200,0.654296875,0.3771289062500014
104018,8,earliest,18400,0.6279296875,0.4086914062500016
104018,8,earliest,18600,0.671875,0.3702539062500017
104018,8,earliest,18800,0.6083984375,0.4238867187500015
104018,8,earliest,19000,0.607421875,0.4248437500000015
104018,8,earliest,19200,0.64453125,0.3942968750000014
104018,8,earliest,19400,0.6767578125,0.3517773437500013
104018,8,earliest,19600,0.63671875,0.3980468750000014
104018,8,earliest,19800,0.603515625,0.4253320312500019
104018,8,earliest,20000,0.6240234375,0.4104101562500017
104018,7,staged,0,0.2548828125,1.0
104018,7,staged,200,0.3330078125,0.673164062499999
104018,7,staged,400,0.4267578125,0.5920312500000001
104018,7,staged,600,0.4541015625,0.5660351562500001
104018,7,staged,800,0.533203125,0.4786523437500014
104018,7,staged,1000,0.578125,0.4390625000000013
104018,7,staged,1200,0.6455078125,0.3859179687500015
104018,7,staged,1400,0.6728515625,0.3520898437500016
104018,7,staged,1600,0.7080078125,0.3231054687500015
104018,7,staged,1800,0.755859375,0.2815234375000014
104018,7,staged,2000,0.7626953125,0.2625585937500015
104018,7,staged,2200,0.7763671875,0.2598046875000015
104018,7,staged,2400,0.787109375,0.2507617187500013
104018,7,staged,2600,0.755859375,0.2719140625000015
104018,7,staged,2800,0.748046875,0.2786523437500013
104018,7,staged,3000,0.80078125,0.2291992187500014
104018,7,staged,3200,0.81640625,0.2185546875000014
104018,7,staged,3400,0.7509765625,0.2851367187500017
104018,7,staged,3600,0.8173828125,0.2240039062500013
104018,7,staged,3800,0.7802734375,0.2445117187500015
104018,7,staged,4000,0.7568359375,0.2803906250000015
104018,7,staged,4200,0.7353515625,0.3022656250000018
104018,7,staged,4400,0.7666015625,0.2750781250000017
104018,7,staged,4600,0.7919921875,0.2525781250000015
104018,7,staged,4800,0.814453125,0.2258398437500015
104018,7,staged,5000,0.7587890625,0.2788671875000014
104018,7,staged,5200,0.7958984375,0.2303906250000013
104018,7,staged,5400,0.7998046875,0.2453125000000015
104018,7,staged,5600,0.7958984375,0.2404296875000013
104018,7,staged,5800,0.77734375,0.2590820312500017
104018,7,staged,6000,0.7802734375,0.2533203125000015
104018,7,staged,6200,0.8134765625,0.2283203125000014
104018,7,staged,6400,0.8154296875,0.2260937500000014
104018,7,staged,6600,0.76953125,0.2738281250000015
104018,7,staged,6800,0.767578125,0.2661132812500013
104018,7,staged,7000,0.76953125,0.2662890625000011
104018,7,staged,7200,0.783203125,0.2580273437500013
104018,7,staged,7400,0.783203125,0.2471289062500015
104018,7,staged,7600,0.7998046875,0.2471093750000014
104018,7,staged,7800,0.7890625,0.2446875000000013
104018,7,staged,8000,0.802734375,0.2360156250000015
104018,7,staged,8200,0.7724609375,0.2628515625000015
104018,7,staged,8400,0.7890625,0.2488867187500014
104018,7,staged,8600,0.8154296875,0.2221289062500012
104018,7,staged,8800,0.7626953125,0.2762109375000013
104018,7,staged,9000,0.8046875,0.2472656250000014
104018,7,staged,9200,0.7802734375,0.2469531250000013
104018,7,staged,9400,0.796875,0.2423632812500012
104018,7,staged,9600,0.75,0.2811718750000016
104018,7,staged,9800,0.787109375,0.2543750000000016
104018,7,staged,10000,0.796875,0.2470507812500014
104018,7,staged,10200,0.8193359375,0.224082031250001
104018,7,staged,10400,0.7919921875,0.2445703125000014
104018,7,staged,10600,0.83203125,0.2130859375000015
104018,7,staged,10800,0.7958984375,0.2369921875000013
104018,7,staged,11000,0.8173828125,0.2166796875000016
104018,7,staged,11200,0.787109375,0.2513671875000013
104018,7,staged,11400,0.8017578125,0.2372460937500014
104018,7,staged,11600,0.7900390625,0.2445507812500013
104018,7,staged,11800,0.767578125,0.2668750000000014
104018,7,staged,12000,0.78125,0.2548828125000014
104018,7,staged,12200,0.7724609375,0.2601953125000014
104018,7,staged,12400,0.7724609375,0.2717187500000017
104018,7,staged,12600,0.806640625,0.2271093750000014
104018,7,staged,12800,0.8232421875,0.2192578125000012
104018,7,staged,13000,0.7958984375,0.2436523437500014
104018,7,staged,13200,0.80078125,0.2279101562500014
104018,7,staged,13400,0.7880859375,0.2516406250000015
104018,7,staged,13600,0.7861328125,0.2576562500000016
104018,7,staged,13800,0.810546875,0.2360351562500017
104018,7,staged,14000,0.7919921875,0.2531835937500015
104018,7,staged,14200,0.791015625,0.2507226562500014
104018,7,staged,14400,0.798828125,0.2392968750000014
104018,7,staged,14600,0.7900390625,0.2431250000000014
104018,7,staged,14800,0.81640625,0.2243554687500013
104018,7,staged,15000,0.802734375,0.2254687500000013
104018,7,staged,15200,0.7734375,0.2567773437500013
104018,7,staged,15400,0.779296875,0.2624804687500015
104018,7,staged,15600,0.7978515625,0.2371093750000015
104018,7,staged,15800,0.8154296875,0.2268359375000014
104018,7,staged,16000,0.791015625,0.2479296875000013
104018,7,staged,16200,0.7685546875,0.2696875000000015
104018,7,staged,16400,0.7900390625,0.2462500000000013
104018,7,staged,16600,0.7880859375,0.2412695312500012
104018,7,staged,16800,0.7548828125,0.2801953125000016
104018,7,staged,17000,0.841796875,0.1977539062500013
104018,7,staged,17200,0.8017578125,0.2322460937500013
104018,7,staged,17400,0.80078125,0.2439843750000015
104018,7,staged,17600,0.8056640625,0.2244140625000014
104018,7,staged,17800,0.77734375,0.2566796875000015
104018,7,staged,18000,0.8095703125,0.2262304687500013
104018,7,staged,18200,0.78515625,0.2508593750000015
104018,7,staged,18400,0.8251953125,0.2172851562500016
104018,7,staged,18600,0.7939453125,0.2362304687500015
104018,7,staged,18800,0.7978515625,0.2376367187500013
104018,7,staged,19000,0.7685546875,0.2585937500000016
104018,7,staged,19200,0.779296875,0.2559765625000015
104018,7,staged,19400,0.80859375,0.2294531250000016
104018,7,staged,19600,0.802734375,0.2283007812500014
104018,7,staged,19800,0.765625,0.2701562500000015
104018,7,staged,20000,0.7685546875,0.2692578125000015
104018,8,staged,0,0.2548828125,1.0
104018,8,staged,200,0.20703125,0.8012890624999988
104018,8,staged,400,0.1572265625,0.8537499999999989
104018,8,staged,600,0.1376953125,0.8684179687499992
104018,8,staged,800,0.125,0.8841992187499992
104018,8,staged,1000,0.091796875,0.915097656249999
104018,8,staged,1200,0.091796875,0.9115234374999992
104018,8,staged,1400,0.080078125,0.9255468749999995
104018,8,staged,1600,0.1015625,0.9050195312499995
104018,8,staged,1800,0.1162109375,0.887246093749999
104018,8,staged,2000,0.119140625,0.888183593749999
104018,8,staged,2200,0.1416015625,0.8685351562499982
104018,8,staged,2400,0.19921875,0.807304687499999
104018,8,staged,2600,0.236328125,0.7684179687499981
104018,8,staged,2800,0.328125,0.6900976562499999
104018,8,staged,3000,0.396484375,0.6162109375000002
104018,8,staged,3200,0.48828125,0.5262109375000013
104018,8,staged,3400,0.5224609375,0.4979882812500016
104018,8,staged,3600,0.6123046875,0.4229882812500016
104018,8,staged,3800,0.6181640625,0.4052929687500014
104018,8,staged,4000,0.67578125,0.3575585937500017
104018,8,staged,4200,0.70703125,0.3278710937500014
104018,8,staged,4400,0.671875,0.3539843750000016
104018,8,staged,4600,0.693359375,0.3251757812500015
104018,8,staged,4800,0.6171875,0.4068359375000017
104018,8,staged,5000,0.6904296875,0.3452929687500015
104018,8,staged,5200,0.689453125,0.3456445312500016
104018,8,staged,5400,0.666015625,0.366816406250002
104018,8,staged,5600,0.6416015625,0.3868945312500016
104018,8,staged,5800,0.71484375,0.3267187500000016
104018,8,staged,6000,0.6611328125,0.3763867187500014
104018,8,staged,6200,0.67578125,0.3534570312500015
104018,8,staged,6400,0.7119140625,0.3215429687500017
104018,8,staged,6600,0.6669921875,0.3623632812500019
104018,8,staged,6800,0.6845703125,0.3458593750000016
104018,8,staged,7000,0.697265625,0.3367187500000016
104018,8,staged,7200,0.72265625,0.3083007812500012
104018,8,staged,7400,0.697265625,0.3355664062500018
104018,8,staged,7600,0.7001953125,0.3426562500000014
104018,8,staged,7800,0.7236328125,0.3158789062500017
104018,8,staged,8000,0.7255859375,0.3216796875000016
104018,8,staged,8200,0.72265625,0.3083203125000016
104018,8,staged,8400,0.697265625,0.3329687500000012
104018,8,staged,8600,0.666015625,0.3583007812500017
104018,8,staged,8800,0.728515625,0.3062695312500017
104018,8,staged,9000,0.66015625,0.3707031250000014
104018,8,staged,9200,0.6826171875,0.3482031250000017
104018,8,staged,9400,0.6640625,0.3606054687500017
104018,8,staged,9600,0.6845703125,0.3480859375000017
104018,8,staged,9800,0.6689453125,0.3639257812500018
104018,8,staged,10000,0.6962890625,0.3282421875000015
104018,8,staged,10200,0.6748046875,0.3506054687500015
104018,8,staged,10400,0.685546875,0.3525781250000016
104018,8,staged,10600,0.69140625,0.3358984375000015
104018,8,staged,10800,0.681640625,0.3569726562500014
104018,8,staged,11000,0.705078125,0.3337695312500018
104018,8,staged,11200,0.69140625,0.3399804687500017
104018,8,staged,11400,0.662109375,0.3697460937500017
104018,8,staged,11600,0.68359375,0.3475976562500016
104018,8,staged,11800,0.6943359375,0.3437695312500014
104018,8,staged,12000,0.689453125,0.3446679687500018
104018,8,staged,12200,0.6826171875,0.3485351562500017
104018,8,staged,12400,0.6923828125,0.3433007812500016
104018,8,staged,12600,0.7373046875,0.3058007812500014
104018,8,staged,12800,0.66796875,0.3662695312500017
104018,8,staged,13000,0.66796875,0.3605859375000015
104018,8,staged,13200,0.6796875,0.3484570312500014
104018,8,staged,13400,0.68359375,0.3580664062500015
104018,8,staged,13600,0.6953125,0.3386328125000016
104018,8,staged,13800,0.66796875,0.3607617187500017
104018,8,staged,14000,0.6767578125,0.3489648437500013
104018,8,staged,14200,0.6611328125,0.3658593750000017
104018,8,staged,14400,0.6953125,0.3425195312500015
104018,8,staged,14600,0.71875,0.3144726562500019
104018,8,staged,14800,0.6728515625,0.3577539062500012
104018,8,staged,15000,0.69921875,0.3325585937500012
104018,8,staged,15200,0.671875,0.3589453125000015
104018,8,staged,15400,0.689453125,0.3426953125000015
104018,8,staged,15600,0.7109375,0.3303515625000015
104018,8,staged,15800,0.720703125,0.3215039062500015
104018,8,staged,16000,0.7109375,0.3285156250000016
104018,8,staged,16200,0.72265625,0.3120507812500019
104018,8,staged,16400,0.7119140625,0.3223046875000017
104018,8,staged,16600,0.70703125,0.3357812500000018
104018,8,staged,16800,0.7236328125,0.3166992187500017
104018,8,staged,17000,0.703125,0.3335937500000016
104018,8,staged,17200,0.6923828125,0.3396875000000014
104018,8,staged,17400,0.7109375,0.3232812500000016
104018,8,staged,17600,0.705078125,0.3306640625000016
104018,8,staged,17800,0.6943359375,0.3383789062500011
104018,8,staged,18000,0.689453125,0.3514062500000017
104018,8,staged,18200,0.7060546875,0.3231640625000014
104018,8,staged,18400,0.7080078125,0.3365429687500016
104018,8,staged,18600,0.6982421875,0.3378320312500014
104018,8,staged,18800,0.69921875,0.3340625000000015
104018,8,staged,19000,0.673828125,0.3598242187500017
104018,8,staged,19200,0.7177734375,0.3279882812500015
104018,8,staged,19400,0.6904296875,0.3436718750000016
104018,8,staged,19600,0.6396484375,0.3783398437500013
104018,8,staged,19800,0.72265625,0.2987304687500013
104018,8,staged,20000,0.6767578125,0.3601367187500016
104019,7,earliest,0,0.2529296875,1.0
104019,7,earliest,200,0.396484375,0.6134374999999999
104019,7,earliest,400,0.38671875,0.6263671874999996
104019,7,earliest,600,0.390625,0.6202539062499995
104019,7,earliest,800,0.470703125,0.5572265624999995
104019,7,earliest,1000,0.599609375,0.4326953125000013
104019,7,earliest,1200,0.5810546875,0.4420312500000013
104019,7,earliest,1400,0.580078125,0.4367382812500015
104019,7,earliest,1600,0.646484375,0.3816601562500016
104019,7,earliest,1800,0.642578125,0.3876953125000014
104019,7,earliest,2000,0.6865234375,0.3344531250000016
104019,7,earliest,2200,0.7119140625,0.3217578125000016
104019,7,earliest,2400,0.6962890625,0.3371679687500017
104019,7,earliest,2600,0.701171875,0.3313476562500016
104019,7,earliest,2800,0.6298828125,0.3907617187500015
104019,7,earliest,3000,0.6162109375,0.4094921875000014
104019,7,earliest,3200,0.63671875,0.3945117187500016
104019,7,earliest,3400,0.65234375,0.3846875000000015
104019,7,earliest,3600,0.6328125,0.3947851562500018
104019,7,earliest,3800,0.673828125,0.3632226562500013
104019,7,earliest,4000,0.65625,0.3729492187500013
104019,7,earliest,4200,0.64453125,0.3826367187500014
104019,7,earliest,4400,0.6494140625,0.3737695312500016
104019,7,earliest,4600,0.6279296875,0.4078320312500015
104019,7,earliest,4800,0.6767578125,0.3544726562500016
104019,7,earliest,5000,0.6845703125,0.3531250000000018
104019,7,earliest,5200,0.669921875,0.3566210937500016
104019,7,earliest,5400,0.697265625,0.3333984375000015
104019,7,earliest,5600,0.69921875,0.3306835937500017
104019,7,earliest,5800,0.671875,0.3666015625000015
104019,7,earliest,6000,0.68359375,0.3484570312500016
104019,7,earliest,6200,0.607421875,0.4229492187500014
104019,7,earliest,6400,0.6650390625,0.3583593750000014
104019,7,earliest,6600,0.69140625,0.3312500000000014
104019,7,earliest,6800,0.6611328125,0.3630273437500016
104019,7,earliest,7000,0.625,0.3972460937500013
104019,7,earliest,7200,0.68359375,0.3397656250000017
104019,7,earliest,7400,0.697265625,0.3396484375000015
104019,7,earliest,7600,0.6787109375,0.3493554687500015
104019,7,earliest,7800,0.658203125,0.3717968750000015
104019,7,earliest,8000,0.6484375,0.3815429687500016
104019,7,earliest,8200,0.697265625,0.3403710937500016
104019,7,earliest,8400,0.671875,0.3518164062500017
104019,7,earliest,8600,0.6708984375,0.3654492187500017
104019,7,earliest,8800,0.7021484375,0.3298242187500016
104019,7,earliest,9000,0.6748046875,0.3490625000000013
104019,7,earliest,9200,0.7421875,0.2924414062500016
104019,7,earliest,9400,0.71875,0.3133789062500015
104019,7,earliest,9600,0.732421875,0.2976757812500015
104019,7,earliest,9800,0.7099609375,0.3186523437500015
104019,7,earliest,10000,0.6826171875,0.3500976562500014
104019,7,earliest,10200,0.7119140625,0.3173242187500017
104019,7,earliest,10400,0.666015625,0.3656250000000013
104019,7,earliest,10600,0.6943359375,0.3433984375000014
104019,7,earliest,10800,0.6669921875,0.3614257812500016
104019,7,earliest,11000,0.6884765625,0.3503515625000015
104019,7,earliest,11200,0.669921875,0.3676367187500014
104019,7,earliest,11400,0.6875,0.3437890625000013
104019,7,earliest,11600,0.6875,0.3520898437500012
104019,7,earliest,11800,0.7177734375,0.3304882812500017
104019,7,earliest,12000,0.7158203125,0.3194726562500016
104019,7,earliest,12200,0.6982421875,0.3362695312500014
104019,7,earliest,12400,0.69921875,0.3388281250000014
104019,7,earliest,12600,0.650390625,0.3778125000000016
104019,7,earliest,12800,0.708984375,0.3271679687500016
104019,7,earliest,13000,0.6875,0.3475195312500015
104019,7,earliest,13200,0.7041015625,0.3240234375000014
104019,7,earliest,13400,0.64453125,0.3781054687500017
104019,7,earliest,13600,0.6552734375,0.3708789062500012
104019,7,earliest,13800,0.6875,0.3444726562500016
104019,7,earliest,14000,0.6708984375,0.3490234375000014
104019,7,earliest,14200,0.6611328125,0.3678710937500017
104019,7,earliest,14400,0.705078125,0.3233203125000017
104019,7,earliest,14600,0.6865234375,0.3427539062500018
104019,7,earliest,14800,0.7255859375,0.3154101562500016
104019,7,earliest,15000,0.681640625,0.3489453125000017
104019,7,earliest,15200,0.7001953125,0.3314257812500017
104019,7,earliest,15400,0.669921875,0.3649414062500016
104019,7,earliest,15600,0.6953125,0.3339648437500018
104019,7,earliest,15800,0.6953125,0.3487890625000016
104019,7,earliest,16000,0.6689453125,0.3552148437500013
104019,7,earliest,16200,0.71875,0.3116210937500014
104019,7,earliest,16400,0.703125,0.3305664062500013
104019,7,earliest,16600,0.6875,0.3450000000000014
104019,7,earliest,16800,0.6806640625,0.3446289062500014
104019,7,earliest,17000,0.7001953125,0.3314062500000016
104019,7,earliest,17200,0.6669921875,0.3626562500000015
104019,7,earliest,17400,0.62109375,0.4114843750000016
104019,7,earliest,17600,0.7158203125,0.3092382812500015
104019,7,earliest,17800,0.669921875,0.3484179687500018
104019,7,earliest,18000,0.66796875,0.3678320312500014
104019,7,earliest,18200,0.701171875,0.3326757812500014
104019,7,earliest,18400,0.7314453125,0.3008789062500016
104019,7,earliest,18600,0.671875,0.3514257812500015
104019,7,earliest,18800,0.666015625,0.3494335937500017
104019,7,earliest,19000,0.7421875,0.3023632812500013
104019,7,earliest,19200,0.6904296875,0.3353125000000015
104019,7,earliest,19400,0.7158203125,0.3218750000000016
104019,7,earliest,19600,0.6875,0.3468359375000016
104019,7,earliest,19800,0.67578125,0.3564062500000015
104019,7,earliest,20000,0.6787109375,0.3521093750000016
104019,8,earliest,0,0.2529296875,1.0
104019,8,earliest,200,0.2236328125,0.7882812499999992
104019,8,earliest,400,0.1591796875,0.8521484374999992
104019,8,earliest,600,0.1552734375,0.855078124999999
104019,8,earliest,800,0.1845703125,0.8203710937499987
104019,8,earliest,1000,0.169921875,0.8323828124999983
104019,8,earliest,1200,0.23046875,0.7788476562499985
104019,8,earliest,1400,0.2998046875,0.715761718749998
104019,8,earliest,1600,0.3779296875,0.6347460937499984
104019,8,earliest,1800,0.392578125,0.6228515624999995
104019,8,earliest,2000,0.4560546875,0.553769531250001
104019,8,earliest,2200,0.51171875,0.5110156250000011
104019,8,earliest,2400,0.552734375,0.4723046875000016
104019,8,earliest,2600,0.5439453125,0.4853515625000015
104019,8,earliest,2800,0.58203125,0.4502539062500016
104019,8,earliest,3000,0.6337890625,0.4003710937500016
104019,8,earliest,3200,0.64453125,0.3885546875000016
104019,8,earliest,3400,0.6533203125,0.3733593750000016
104019,8,earliest,3600,0.6953125,0.3371484375000016
104019,8,earliest,3800,0.685546875,0.3550781250000018
104019,8,earliest,4000,0.6591796875,0.3781250000000016
104019,8,earliest,4200,0.7197265625,0.3140429687500016
104019,8,earliest,4400,0.6923828125,0.3501562500000016
104019,8,earliest,4600,0.7578125,0.2734570312500014
104019,8,earliest,4800,0.7412109375,0.3081835937500017
104019,8,earliest,5000,0.736328125,0.3094726562500015
104019,8,earliest,5200,0.763671875,0.2755859375000014
104019,8,earliest,5400,0.7099609375,0.3151757812500016
104019,8,earliest,5600,0.740234375,0.2957226562500013
104019,8,earliest,5800,0.69140625,0.3464257812500014
104019,8,earliest,6000,0.7021484375,0.3291992187500016
104019,8,earliest,6200,0.703125,0.3338867187500015
104019,8,earliest,6400,0.6943359375,0.3381250000000016
104019,8,earliest,6600,0.7138671875,0.3281640625000015
104019,8,earliest,6800,0.7080078125,0.3316210937500016
104019,8,earliest,7000,0.728515625,0.3083789062500014
104019,8,earliest,7200,0.7431640625,0.2929882812500017
104019,8,earliest,7400,0.681640625,0.3537890625000013
104019,8,earliest,7600,0.6884765625,0.3431250000000016
104019,8,earliest,7800,0.7197265625,0.3106250000000016
104019,8,earliest,8000,0.7412109375,0.2953515625000013
104019,8,earliest,8200,0.708984375,0.3299023437500012
104019,8,earliest,8400,0.666015625,0.3648242187500015
104019,8,earliest,8600,0.6982421875,0.3284765625000016
104019,8,earliest,8800,0.7294921875,0.3123828125000013
104019,8,earliest,9000,0.7236328125,0.3166406250000014
104019,8,earliest,9200,0.69921875,0.3333984375000015
104019,8,earliest,9400,0.6787109375,0.3577734375000014
104019,8,earliest,9600,0.7216796875,0.3254492187500016
104019,8,earliest,9800,0.724609375,0.3150976562500017
104019,8,earliest,10000,0.765625,0.2787304687500014
104019,8,earliest,10200,0.748046875,0.2931640625000016
104019,8,earliest,10400,0.7138671875,0.3248632812500014
104019,8,earliest,10600,0.73828125,0.3033593750000013
104019,8,earliest,10800,0.71484375,0.3197851562500015
104019,8,earliest,11000,0.7783203125,0.2603320312500016
104019,8,earliest,11200,0.7197265625,0.3120703125000015
104019,8,earliest,11400,0.7626953125,0.2821289062500015
104019,8,earliest,11600,0.7666015625,0.2687890625000015
104019,8,earliest,11800,0.75,0.2868359375000014
104019,8,earliest,12000,0.7685546875,0.2739062500000016
104019,8,earliest,12200,0.7724609375,0.2743164062500015
104019,8,earliest,12400,0.767578125,0.2760937500000016
104019,8,earliest,12600,0.755859375,0.2809765625000013
104019,8,earliest,12800,0.7451171875,0.2923242187500017
104019,8,earliest,13000,0.775390625,0.2633398437500014
104019,8,earliest,13200,0.7509765625,0.2928710937500014
104019,8,earliest,13400,0.7490234375,0.2856250000000016
104019,8,earliest,13600,0.7724609375,0.2771679687500016
104019,8,earliest,13800,0.7763671875,0.2622070312500013
104019,8,earliest,14000,0.7529296875,0.2739062500000014
104019,8,earliest,14200,0.70703125,0.3350585937500017
104019,8,earliest,14400,0.734375,0.3089257812500014
104019,8,earliest,14600,0.7421875,0.2939453125000014
104019,8,earliest,14800,0.7158203125,0.3210156250000015
104019,8,earliest,15000,0.76171875,0.2820898437500017
104019,8,earliest,15200,0.7197265625,0.3161132812500014
104019,8,earliest,15400,0.7255859375,0.3011132812500013
104019,8,earliest,15600,0.7548828125,0.2913671875000016
104019,8,earliest,15800,0.7548828125,0.2903125000000016
104019,8,earliest,16000,0.771484375,0.2671289062500016
104019,8,earliest,16200,0.6962890625,0.3384765625000017
104019,8,earliest,16400,0.7353515625,0.3122265625000017
104019,8,earliest,16600,0.7275390625,0.3000976562500016
104019,8,earliest,16800,0.67578125,0.3525195312500015
104019,8,earliest,17000,0.7314453125,0.3034960937500015
104019,8,earliest,17200,0.73828125,0.2916015625000015
104019,8,earliest,17400,0.669921875,0.3627539062500015
104019,8,earliest,17600,0.6767578125,0.3600585937500013
104019,8,earliest,17800,0.7275390625,0.3026757812500016
104019,8,earliest,18000,0.6904296875,0.3461132812500015
104019,8,earliest,18200,0.6728515625,0.3645703125000016
104019,8,earliest,18400,0.6982421875,0.3362109375000015
104019,8,earliest,18600,0.7177734375,0.3231250000000016
104019,8,earliest,18800,0.70703125,0.3230859375000014
104019,8,earliest,19000,0.7333984375,0.3068750000000015
104019,8,earliest,19200,0.712890625,0.3242187500000017
104019,8,earliest,19400,0.73046875,0.3045507812500015
104019,8,earliest,19600,0.7626953125,0.2787695312500013
104019,8,earliest,19800,0.736328125,0.3066406250000014
104019,8,earliest,20000,0.720703125,0.3173242187500014
104019,7,staged,0,0.2529296875,1.0
104019,7,staged,200,0.396484375,0.6138085937499989
104019,7,staged,400,0.3955078125,0.6209960937499994
104019,7,staged,600,0.525390625,0.4904687500000014
104019,7,staged,800,0.5380859375,0.4969335937500011
104019,7,staged,1000,0.6123046875,0.4162695312500013
104019,7,staged,1200,0.6572265625,0.3777148437500016
104019,7,staged,1400,0.6552734375,0.3702148437500015
104019,7,staged,1600,0.72265625,0.3125976562500015
104019,7,staged,1800,0.7333984375,0.2952343750000014
104019,7,staged,2000,0.751953125,0.2828710937500014
104019,7,staged,2200,0.7587890625,0.2756835937500018
104019,7,staged,2400,0.7490234375,0.2790625000000016
104019,7,staged,2600,0.771484375,0.2594335937500013
104019,7,staged,2800,0.744140625,0.2855664062500015
104019,7,staged,3000,0.7255859375,0.3099804687500014
104019,7,staged,3200,0.7880859375,0.2463671875000016
104019,7,staged,3400,0.7841796875,0.2449023437500013
104019,7,staged,3600,0.7509765625,0.2828515625000017
104019,7,staged,3800,0.771484375,0.2667773437500015
104019,7,staged,4000,0.806640625,0.2318945312500013
104019,7,staged,4200,0.79296875,0.2415234375000014
104019,7,staged,4400,0.8095703125,0.2325195312500013
104019,7,staged,4600,0.78125,0.2564843750000016
104019,7,staged,4800,0.798828125,0.2352148437500011
104019,7,staged,5000,0.765625,0.2618750000000014
104019,7,staged,5200,0.7880859375,0.2589062500000013
104019,7,staged,5400,0.7529296875,0.2827343750000016
104019,7,staged,5600,0.775390625,0.2601953125000013
104019,7,staged,5800,0.7724609375,0.2567968750000015
104019,7,staged,6000,0.77734375,0.2656250000000015
104019,7,staged,6200,0.791015625,0.2511718750000013
104019,7,staged,6400,0.76953125,0.2573437500000014
104019,7,staged,6600,0.75,0.2871875000000015
104019,7,staged,6800,0.77734375,0.2580859375000014
104019,7,staged,7000,0.7685546875,0.2635351562500013
104019,7,staged,7200,0.7626953125,0.2616015625000012
104019,7,staged,7400,0.7255859375,0.2987500000000016
104019,7,staged,7600,0.7333984375,0.2998632812500016
104019,7,staged,7800,0.7470703125,0.2877929687500015
104019,7,staged,8000,0.75390625,0.2859960937500015
104019,7,staged,8200,0.78515625,0.2444726562500014
104019,7,staged,8400,0.8134765625,0.2239062500000015
104019,7,staged,8600,0.8046875,0.2411523437500015
104019,7,staged,8800,0.7880859375,0.2466601562500014
104019,7,staged,9000,0.7939453125,0.2426953125000014
104019,7,staged,9200,0.7783203125,0.2559960937500014
104019,7,staged,9400,0.802734375,0.2416796875000014
104019,7,staged,9600,0.8291015625,0.2195703125000014
104019,7,staged,9800,0.771484375,0.2603710937500017
104019,7,staged,10000,0.7861328125,0.2510351562500016
104019,7,staged,10200,0.78515625,0.2518359375000016
104019,7,staged,10400,0.7744140625,0.2574609375000014
104019,7,staged,10600,0.8212890625,0.2170703125000015
104019,7,staged,10800,0.78515625,0.2493750000000014
104019,7,staged,11000,0.7880859375,0.2425976562500013
104019,7,staged,11200,0.8056640625,0.2312695312500014
104019,7,staged,11400,0.8173828125,0.2293554687500015
104019,7,staged,11600,0.802734375,0.2370703125000016
104019,7,staged,11800,0.7998046875,0.2384765625000014
104019,7,staged,12000,0.84375,0.2039648437500015
104019,7,staged,12200,0.8056640625,0.2349609375000015
104019,7,staged,12400,0.814453125,0.2215039062500016
104019,7,staged,12600,0.8125,0.2204687500000014
104019,7,staged,12800,0.8115234375,0.2286523437500014
104019,7,staged,13000,0.822265625,0.2161523437500014
104019,7,staged,13200,0.8115234375,0.2304687500000016
104019,7,staged,13400,0.791015625,0.2347070312500015
104019,7,staged,13600,0.794921875,0.2447851562500016
104019,7,staged,13800,0.80078125,0.2435742187500015
104019,7,staged,14000,0.7802734375,0.2519921875000014
104019,7,staged,14200,0.80859375,0.2319140625000016
104019,7,staged,14400,0.8173828125,0.2147656250000012
104019,7,staged,14600,0.798828125,0.2402734375000014
104019,7,staged,14800,0.796875,0.2454687500000014
104019,7,staged,15000,0.810546875,0.2225585937500015
104019,7,staged,15200,0.8203125,0.2137695312500014
104019,7,staged,15400,0.7763671875,0.2666601562500016
104019,7,staged,15600,0.810546875,0.2293164062500014
104019,7,staged,15800,0.826171875,0.2091601562500013
104019,7,staged,16000,0.791015625,0.2454687500000013
104019,7,staged,16200,0.80859375,0.2319921875000014
104019,7,staged,16400,0.81640625,0.2284375000000015
104019,7,staged,16600,0.740234375,0.2973437500000015
104019,7,staged,16800,0.7783203125,0.2560156250000016
104019,7,staged,17000,0.8134765625,0.2290234375000013
104019,7,staged,17200,0.7998046875,0.2407226562500015
104019,7,staged,17400,0.767578125,0.2685156250000017
104019,7,staged,17600,0.7783203125,0.2597265625000014
104019,7,staged,17800,0.7890625,0.2507421875000016
104019,7,staged,18000,0.7958984375,0.2436328125000014
104019,7,staged,18200,0.8095703125,0.2262890625000012
104019,7,staged,18400,0.787109375,0.2556835937500014
104019,7,staged,18600,0.798828125,0.2388085937500015
104019,7,staged,18800,0.8076171875,0.2274804687500013
104019,7,staged,19000,0.7744140625,0.2575585937500012
104019,7,staged,19200,0.787109375,0.2437890625000012
104019,7,staged,19400,0.73828125,0.2907031250000016
104019,7,staged,19600,0.7578125,0.2771484375000013
104019,7,staged,19800,0.73828125,0.2934179687500014
104019,7,staged,20000,0.7705078125,0.2661132812500015
104019,8,staged,0,0.2529296875,1.0
104019,8,staged,200,0.2236328125,0.7842187499999986
104019,8,staged,400,0.173828125,0.8384960937499988
104019,8,staged,600,0.162109375,0.8451953124999994
104019,8,staged,800,0.138671875,0.8699218749999997
104019,8,staged,1000,0.1171875,0.8878124999999992
104019,8,staged,1200,0.1240234375,0.8804296874999991
104019,8,staged,1400,0.1171875,0.8901953124999993
104019,8,staged,1600,0.1513671875,0.8589062499999994
104019,8,staged,1800,0.1455078125,0.8657421874999994
104019,8,staged,2000,0.166015625,0.8379492187499986
104019,8,staged,2200,0.1845703125,0.8236914062499991
104019,8,staged,2400,0.2158203125,0.7964257812499985
104019,8,staged,2600,0.3212890625,0.6888671874999984
104019,8,staged,2800,0.3662109375,0.6496679687499989
104019,8,staged,3000,0.4189453125,0.5953320312499994
104019,8,staged,3200,0.4443359375,0.5801562499999993
104019,8,staged,3400,0.5595703125,0.4644531250000015
104019,8,staged,3600,0.576171875,0.4414453125000014
104019,8,staged,3800,0.5966796875,0.4283398437500014
104019,8,staged,4000,0.6533203125,0.3654687500000015
104019,8,staged,4200,0.6640625,0.3591601562500014
104019,8,staged,4400,0.638671875,0.3851171875000015
104019,8,staged,4600,0.6708984375,0.3616406250000014
104019,8,staged,4800,0.716796875,0.3285351562500015
104019,8,staged,5000,0.70703125,0.3258007812500015
104019,8,staged,5200,0.724609375,0.3106640625000017
104019,8,staged,5400,0.724609375,0.3120703125000016
104019,8,staged,5600,0.6982421875,0.3390625000000016
104019,8,staged,5800,0.712890625,0.3231250000000017
104019,8,staged,6000,0.703125,0.3336328125000015
104019,8,staged,6200,0.7138671875,0.3183398437500014
104019,8,staged,6400,0.7109375,0.3237695312500015
104019,8,staged,6600,0.7080078125,0.3262890625000015
104019,8,staged,6800,0.6884765625,0.3363867187500018
104019,8,staged,7000,0.7060546875,0.3244335937500015
104019,8,staged,7200,0.7197265625,0.3205664062500017
104019,8,staged,7400,0.71484375,0.3179882812500017
104019,8,staged,7600,0.7548828125,0.2833789062500015
104019,8,staged,7800,0.724609375,0.3173437500000018
104019,8,staged,8000,0.7294921875,0.3171484375000017
104019,8,staged,8200,0.693359375,0.3297851562500016
104019,8,staged,8400,0.7197265625,0.3135351562500016
104019,8,staged,8600,0.6923828125,0.3407812500000015
104019,8,staged,8800,0.685546875,0.3368164062500014
104019,8,staged,9000,0.67578125,0.3508203125000016
104019,8,staged,9200,0.677734375,0.3455664062500016
104019,8,staged,9400,0.6884765625,0.3489062500000015
104019,8,staged,9600,0.7421875,0.2850781250000013
104019,8,staged,9800,0.6865234375,0.3474609375000015
104019,8,staged,10000,0.720703125,0.3124804687500012
104019,8,staged,10200,0.7255859375,0.3105273437500015
104019,8,staged,10400,0.7255859375,0.3104492187500014
104019,8,staged,10600,0.7490234375,0.2908789062500015
104019,8,staged,10800,0.73046875,0.3070312500000017
104019,8,staged,11000,0.7294921875,0.3053515625000018
104019,8,staged,11200,0.7373046875,0.2945117187500015
104019,8,staged,11400,0.71484375,0.3147851562500014
104019,8,staged,11600,0.7060546875,0.3314843750000015
104019,8,staged,11800,0.73828125,0.2934570312500016
104019,8,staged,12000,0.7412109375,0.2971484375000016
104019,8,staged,12200,0.7392578125,0.2947070312500016
104019,8,staged,12400,0.7607421875,0.2854101562500015
104019,8,staged,12600,0.693359375,0.3429101562500016
104019,8,staged,12800,0.7705078125,0.2664062500000014
104019,8,staged,13000,0.765625,0.2760156250000016
104019,8,staged,13200,0.7431640625,0.2963281250000014
104019,8,staged,13400,0.7373046875,0.2912500000000017
104019,8,staged,13600,0.73046875,0.3029101562500015
104019,8,staged,13800,0.748046875,0.2786718750000014
104019,8,staged,14000,0.78515625,0.2480859375000014
104019,8,staged,14200,0.7587890625,0.2715429687500016
104019,8,staged,14400,0.73828125,0.2980859375000015
104019,8,staged,14600,0.724609375,0.3154687500000018
104019,8,staged,14800,0.7529296875,0.2852929687500017
104019,8,staged,15000,0.7744140625,0.2638867187500014
104019,8,staged,15200,0.734375,0.3043554687500016
104019,8,staged,15400,0.705078125,0.3265039062500016
104019,8,staged,15600,0.7666015625,0.2649218750000015
104019,8,staged,15800,0.6962890625,0.3395898437500017
104019,8,staged,16000,0.7109375,0.3192968750000015
104019,8,staged,16200,0.7294921875,0.2901367187500016
104019,8,staged,16400,0.7373046875,0.3028906250000016
104019,8,staged,16600,0.736328125,0.2968750000000016
104019,8,staged,16800,0.7197265625,0.3145312500000017
104019,8,staged,17000,0.736328125,0.2931640625000016
104019,8,staged,17200,0.7275390625,0.3107031250000016
104019,8,staged,17400,0.755859375,0.2926953125000018
104019,8,staged,17600,0.767578125,0.2764648437500016
104019,8,staged,17800,0.751953125,0.2911132812500016
104019,8,staged,18000,0.7119140625,0.3158203125000018
104019,8,staged,18200,0.7431640625,0.2978125000000015
104019,8,staged,18400,0.7509765625,0.2847070312500015
104019,8,staged,18600,0.7734375,0.2616210937500014
104019,8,staged,18800,0.7421875,0.2900585937500017
104019,8,staged,19000,0.7421875,0.2923437500000017
104019,8,staged,19200,0.763671875,0.2811523437500014
104019,8,staged,19400,0.7275390625,0.3127343750000015
104019,8,staged,19600,0.759765625,0.2671093750000014
104019,8,staged,19800,0.732421875,0.2975781250000016
104019,8,staged,20000,0.7353515625,0.2930468750000014
