seed,fraction,lam,rule,cap,mode,prefix,seconds,auc,late,extinct,births,updates,sum_norm,sum_sq,max_step,p99_step,median_step,max_abs_child,norm_hit,box_hit,min_scale,mean_tv_a,mean_tv_r,reached0.9,time0.9,reached0.95,time0.95,reached0.99,time0.99
101000,0.5,0.25,0,-1,7,0000,1.994824375025928,0.9282861328125,0.999609375,False,44590,44590,1683.1431911799696,93.54411302314567,0.2105922396225507,0.12157256699981024,0.0311374687140223,0.3243184889004335,0.0,0.0,1.0,,,True,2200,True,2400,True,4200
101000,0.5,0.25,0,-1,8,0001,1.9988883750047535,0.8530029296875,0.9990234375,False,40944,40944,3816.686891835925,420.6472694942205,0.2680261558594195,0.19221332372504632,0.090467990510921,0.6826384347611981,0.0,0.0,1.0,,,True,3800,True,4000,True,5000
101000,0.5,0.25,1,-1,7,0002,2.3764575419481844,0.9280810546875,0.99921875,False,44732,44732,1673.9851069090098,92.56706440571907,0.1841261006694567,0.12200124705551428,0.03087555032788315,0.3367606081004169,0.00022355360815523562,0.0,0.8812084638652992,0.007775115898573689,0.011774779578470998,True,2200,True,2400,True,4000
101000,0.5,0.25,1,-1,8,0003,2.199719834025018,0.85291015625,0.9986328125,False,41373,41373,3811.998567969039,412.85456709954127,0.1841261006694568,0.1841261006694566,0.0895277095257446,0.7569230390160651,0.01493727793488507,0.0,0.7074152121045786,0.03291268107622518,0.029328900717255156,True,3800,True,4000,True,5200
101000,0.5,0.25,2,-1,7,0004,2.4573658748995513,0.9280810546875,0.99921875,False,44732,44732,1673.9851069090098,92.56706440571907,0.1841261006694567,0.12200124705551428,0.03087555032788315,0.3367606081004169,0.00022355360815523562,0.0,0.8812084638652992,0.007775115898573689,0.011774779578470998,True,2200,True,2400,True,4000
101000,0.5,0.25,2,-1,8,0005,2.2735780420480296,0.8530029296875,0.9986328125,False,40738,40738,3862.244012204964,430.08076267170054,0.1841261006694568,0.1841261006694567,0.09221560666001585,0.6199999996804243,0.021650547400461486,0.0014482792478766754,2.8694314842985887e-06,0.033632242291185895,0.029858207861824283,True,3800,True,4000,True,5200
101000,0.5,0.25,2,1024,7,0006,3.038735834066756,0.850703125,0.9458984375,False,59301,1024,59.93102410450876,4.563293970939794,0.1508676296741014,0.0393676674565031,0.0,0.2351467991662584,0.0,0.0,0.9717949590701984,0.0004826640518288045,0.0005803274379156046,True,3800,False,20000,False,20000
101000,0.5,0.25,2,1024,8,0007,2.437257583020255,0.8231494140625,0.9900390625,False,46581,1024,83.87621933643386,8.358395744596208,0.1790004350533534,0.0865988239638668,0.0,0.1718552216321231,0.0,0.0,0.8151204725611785,0.0011244106368476401,0.0010911632201612944,True,4600,True,5200,False,20000
101000,0.5,0.25,3,-1,7,0008,2.4770397909451276,0.9280810546875,0.99921875,False,44732,44732,1673.9851069090098,92.56706440571907,0.1841261006694567,0.12200124705551428,0.03087555032788315,0.3367606081004169,0.00022355360815523562,0.0,0.8812084638652992,0.007775115898573689,0.011774779578470998,True,2200,True,2400,True,4000
101000,0.5,0.25,3,-1,8,0009,2.305685125058517,0.85291015625,0.9986328125,False,41373,41373,3811.998567969039,412.85456709954127,0.1841261006694568,0.1841261006694566,0.0895277095257446,0.7569230390160651,0.01493727793488507,0.0,0.7074152121045786,0.03291268107622518,0.029328900717255156,True,3800,True,4000,True,5200
101000,0.5,0.5,0,-1,7,0010,1.960568540962413,0.9543701171875,0.9998046875,False,43007,43007,2445.3575060156045,226.16069219910617,0.3850780904601811,0.22748538997299017,0.0454551354532212,0.3977480339735032,0.0,0.0,1.0,,,True,1400,True,1600,True,1800
101000,0.5,0.5,0,-1,8,0011,2.138553166994825,0.905869140625,0.9994140625,False,41858,41858,7695.693094269952,1768.2583839309477,0.6945844131203194,0.4344520334913817,0.1737407416639424,2.7773914717526913,0.0,0.0,1.0,,,True,2800,True,3000,True,3200
101000,0.5,0.5,1,-1,7,0012,2.3667156669544056,0.954296875,0.99921875,False,43432,43432,2480.147553650943,217.15450198402593,0.1841261006694568,0.1841261006694567,0.04622152049972045,0.4021020581753466,0.027836618161724076,0.0,0.4454834279193914,0.007915162879136696,0.01166648618817918,True,1600,True,1600,True,1800
101000,0.5,0.5,1,-1,8,0013,2.2737086670240387,0.8941357421875,0.998828125,False,41018,41018,6195.715139498815,1016.8903616657686,0.1841261006694568,0.1841261006694567,0.1841261006694565,1.4356709332160706,0.5011214588717149,0.0,0.3122532354031966,0.03345302164090556,0.02941675059831451,True,3000,True,3000,True,3600
101000,0.5,0.5,2,-1,7,0014,2.4669201669748873,0.954296875,0.99921875,False,43432,43432,2480.147553650943,217.15450198402593,0.1841261006694568,0.1841261006694567,0.04622152049972045,0.4021020581753466,0.027836618161724076,0.0,0.4454834279193914,0.007915162879136696,0.01166648618817918,True,1600,True,1600,True,1800
101000,0.5,0.5,2,-1,8,0015,2.3021155829774216,0.8940673828125,0.999609375,False,40897,40897,6153.739403715708,1005.557146813381,0.1841261006694568,0.1841261006694567,0.178597316570177,0.62,0.5015037777832115,0.05773039587255789,0.0,0.03379983492574837,0.029741035788077304,True,3000,True,3000,True,3600
101000,0.5,0.5,2,1024,7,0016,2.803400250035338,0.936123046875,0.9904296875,False,55528,1024,94.4562843935334,11.207936394760894,0.1841261006694567,0.06630952956365552,0.0,0.3569602531752602,0.1455078125,0.0,0.4778926601844772,0.0004734016040706179,0.0005537981213681975,True,1800,True,2200,True,17000
101000,0.5,0.5,2,1024,8,0017,2.390013833064586,0.8930322265625,0.9978515625,False,45402,1024,142.75087550099417,22.343468086210873,0.1841261006694567,0.17618508168025826,0.0,0.2888867402689637,0.4228515625,0.0,0.3227591935783788,0.0011484327966462548,0.001114267520336841,True,3000,True,3200,True,3800
101000,0.5,0.5,3,-1,7,0018,2.3948325829114765,0.954296875,0.99921875,False,43432,43432,2480.147553650943,217.15450198402593,0.1841261006694568,0.1841261006694567,0.04622152049972045,0.4021020581753466,0.027836618161724076,0.0,0.4454834279193914,0.007915162879136696,0.01166648618817918,True,1600,True,1600,True,1800
101000,0.5,0.5,3,-1,8,0019,2.304183083004318,0.8941455078125,0.9990234375,False,41001,41001,6199.237519560814,1017.8319324021024,0.1841261006694568,0.1841261006694567,0.1841261006694565,0.9999999992414114,0.5019633667471525,0.0010731445574498183,7.206712148467962e-07,0.03349537206409594,0.029417422745786632,True,3000,True,3000,True,3600
101000,0.5,1.0,0,-1,7,0020,1.960023874999024,0.97421875,0.99921875,False,42768,42768,3871.5849498171438,611.4747263371236,0.8686139667529736,0.421026634862105,0.069263997343931,0.4187306278894046,0.0,0.0,1.0,,,True,1000,True,1000,True,1000
101000,0.5,1.0,0,-1,8,0021,2.1178579999832436,0.9248828125,0.9984375,False,42960,42960,20141.72570201062,13992.867081440656,7.3690717641049615,1.6135640136185185,0.410155756569513,18.504724347473832,0.0,0.0,1.0,,,True,2200,True,2400,True,2800
101000,0.5,1.0,1,-1,7,0022,2.306921749957837,0.9651318359375,0.9990234375,False,42840,42840,3755.6606254525555,448.5077129520997,0.1841261006694567,0.1841261006694567,0.07559140818983545,0.4173322035336394,0.12173202614379085,0.0,0.2614949524759031,0.008218635110294076,0.012715793565690114,True,1200,True,1200,True,1400
101000,0.5,1.0,1,-1,8,0023,2.2983104169834405,0.9042236328125,0.998828125,False,42765,42765,7525.84562473396,1351.7574625651878,0.1841261006694568,0.1841261006694567,0.1841261006694567,1.9728190253071645,0.8608207646439846,0.0,0.1420381754407419,0.03309700969932571,0.028738585267352533,True,2800,True,2800,True,3200
101000,0.5,1.0,2,-1,7,0024,2.3763761249138042,0.9651318359375,0.9990234375,False,42840,42840,3755.6606254525555,448.5077129520997,0.1841261006694567,0.1841261006694567,0.07559140818983545,0.4173322035336394,0.12173202614379085,0.0,0.2614949524759031,0.008218635110294076,0.012715793565690114,True,1200,True,1200,True,1400
101000,0.5,1.0,2,-1,8,0025,2.3483192500425503,0.9044091796875,1.0,False,42254,42254,7234.240996460547,1274.5344876280815,0.1841261006694568,0.1841261006694567,0.1841261006694566,0.62,0.8664268471623988,0.1675107682112936,0.0,0.033238831062345126,0.029015993678113257,True,2800,True,2800,True,3400
101000,0.5,1.0,2,1024,7,0026,2.601891291909851,0.9580810546875,0.99765625,False,48594,1024,131.81398289438854,19.31850538411512,0.1841261006694567,0.12732826061271701,0.0,0.416096219322438,0.2919921875,0.0,0.2334634176778596,0.0005244573768537941,0.0006098092957292382,True,1400,True,1400,True,5600
101000,0.5,1.0,2,1024,8,0027,2.4338199590565637,0.90814453125,0.9984375,False,46223,1024,174.15696963397744,30.249726519568505,0.1841261006694567,0.1841261006694566,0.0,0.6192757348339336,0.705078125,0.0009765625,0.0039854020723438,0.001067661571800473,0.0010403117089976836,True,2600,True,2800,True,3600
101000,0.5,1.0,3,-1,7,0028,2.4696377920918167,0.9651318359375,0.9990234375,False,42840,42840,3755.6606254525555,448.5077129520997,0.1841261006694567,0.1841261006694567,0.07559140818983545,0.4173322035336394,0.12173202614379085,0.0,0.2614949524759031,0.008218635110294076,0.012715793565690114,True,1200,True,1200,True,1400
101000,0.5,1.0,3,-1,8,0029,2.3560824579326436,0.904375,0.99921875,False,42442,42442,7441.126674255612,1332.8834365805803,0.1841261006694568,0.1841261006694567,0.1841261006694566,0.9999999999999992,0.8580180010367089,0.013005984637858724,2.8957053990427644e-13,0.0333229515181502,0.028987433094968765,True,2800,True,2800,True,3200
101000,0.65,0.25,0,-1,7,0030,2.177967833005823,0.97068359375,0.998828125,False,51057,51057,1677.3646404734893,88.18281905078366,0.1822570685919034,0.1194586920690825,0.0259878806382918,0.410563822931296,0.0,0.0,1.0,,,True,1400,True,2200,True,4000
101000,0.65,0.25,0,-1,8,0031,2.2234671670012176,0.9069189453125,0.99921875,False,47119,47119,3706.926194132709,382.7235533938917,0.3015477752560893,0.18980107214875833,0.0752745842835243,0.6738098450951455,0.0,0.0,1.0,,,True,2800,True,3000,True,4800
101000,0.65,0.25,1,-1,7,0032,2.5841394159942865,0.97068359375,0.998828125,False,51057,51057,1677.3646404734893,88.18281905078366,0.1822570685919034,0.1194586920690825,0.0259878806382918,0.410563822931296,0.0,0.0,1.0,0.0062913510982006695,0.009665890930316404,True,1400,True,2200,True,4000
101000,0.65,0.25,1,-1,8,0033,2.43013383296784,0.9068505859375,0.9994140625,False,47508,47508,3674.077275236719,371.2526905911061,0.1841261006694568,0.1841261006694566,0.07375015458415245,0.7235989780133388,0.011534899385366676,0.0,0.6480526260374336,0.02723291340405821,0.02404579393207455,True,2800,True,3000,True,5400
101000,0.65,0.25,2,-1,7,0034,2.6858249589568004,0.97068359375,0.998828125,False,51057,51057,1677.3646404734893,88.18281905078366,0.1822570685919034,0.1194586920690825,0.0259878806382918,0.410563822931296,0.0,0.0,1.0,0.0062913510982006695,0.009665890930316404,True,1400,True,2200,True,4000
101000,0.65,0.25,2,-1,8,0035,2.529114875011146,0.9069677734375,0.9982421875,False,47547,47547,3682.455020572612,372.1310897158759,0.1841261006694568,0.1841261006694566,0.0740904749553332,0.619999991759284,0.011588533451111532,0.0009254001303972911,1.6904024028907556e-05,0.027390189794659268,0.024171811794995775,True,2800,True,3000,True,5400
101000,0.65,0.25,2,1024,7,0036,4.229168833000585,0.7257080078125,0.7857421875,False,91500,1024,29.862735402502448,0.9196071998440553,0.0738285435388565,0.0231876210818631,0.0,0.2254176833329036,0.0,0.0,0.8801024213659215,9.154997723132928e-05,0.0001126664959016389,False,20000,False,20000,False,20000
101000,0.65,0.25,2,1024,8,0037,3.6232739579863846,0.7909521484375,0.88046875,False,76138,1024,46.12823742160125,2.7973497351282077,0.1449723158708484,0.02985539597749979,0.0,0.2286391788007877,0.0,0.0,0.8691639544507369,0.00035280989234460147,0.00035436956031591676,False,20000,False,20000,False,20000
101000,0.65,0.25,3,-1,7,0038,2.6928841250482947,0.97068359375,0.998828125,False,51057,51057,1677.3646404734893,88.18281905078366,0.1822570685919034,0.1194586920690825,0.0259878806382918,0.410563822931296,0.0,0.0,1.0,0.0062913510982006695,0.009665890930316404,True,1400,True,2200,True,4000
101000,0.65,0.25,3,-1,8,0039,2.545790542033501,0.9068505859375,0.9994140625,False,47508,47508,3674.077275236719,371.2526905911061,0.1841261006694568,0.1841261006694566,0.07375015458415245,0.7235989780133388,0.011534899385366676,0.0,0.6480526260374336,0.02723291340405821,0.02404579393207455,True,2800,True,3000,True,5400
101000,0.65,0.5,0,-1,7,0040,2.0744511249940842,0.9791796875,0.99921875,False,47674,47674,2394.644704556472,212.78087629351958,0.3598343488583563,0.22190996300519922,0.038996337826187596,0.4187060540277586,0.0,0.0,1.0,,,True,1000,True,1000,True,1800
101000,0.65,0.5,0,-1,8,0041,2.250825291965157,0.9459423828125,0.9984375,False,47990,47990,7378.384888199628,1587.3363876351304,0.6876048362468089,0.42038590746890564,0.14078039281474536,1.4761303085867472,0.0,0.0,1.0,,,True,1800,True,2000,True,4000
101000,0.65,0.5,1,-1,7,0042,2.4785210840636864,0.9781787109375,0.999609375,False,47776,47776,2369.690645407327,195.85579353814825,0.1841261006694568,0.1841261006694567,0.0393341840141791,0.4173276721147228,0.022124079035498994,0.0,0.4986853523755671,0.006477207763835364,0.009512332508302595,True,1000,True,1200,True,1600
101000,0.65,0.5,1,-1,8,0043,2.4341843749862164,0.9380029296875,0.998828125,False,46798,46798,6212.097067604949,981.018877078515,0.1841261006694568,0.1841261006694567,0.15675149245941344,1.530695291011526,0.40747467840506,0.0,0.2953620136015459,0.028608268849630275,0.024758350272269424,True,2000,True,2200,True,4800
101000,0.65,0.5,2,-1,7,0044,2.5766040419694036,0.9781787109375,0.999609375,False,47776,47776,2369.690645407327,195.85579353814825,0.1841261006694568,0.1841261006694567,0.0393341840141791,0.4173276721147228,0.022124079035498994,0.0,0.4986853523755671,0.006477207763835364,0.009512332508302595,True,1000,True,1200,True,1600
101000,0.65,0.5,2,-1,8,0045,2.541512707946822,0.93841796875,0.9990234375,False,46842,46842,6108.4170995248805,955.6244141333456,0.1841261006694568,0.1841261006694567,0.15110009742209385,0.62,0.38890312113060926,0.01867981725801631,0.0,0.02766304978705003,0.024056157757283297,True,2000,True,2200,True,4000
101000,0.65,0.5,2,1024,7,0046,4.451455041998997,0.7252490234375,0.7666015625,False,99230,1024,54.04729662624619,3.1632896670267883,0.1650701880719718,0.023560869432037834,0.0,0.3683074076037135,0.0,0.0,0.4580585664880352,8.580195106486578e-05,0.00010230664134670254,False,20000,False,20000,False,20000
101000,0.65,0.5,2,1024,8,0047,3.293382209027186,0.8891357421875,0.973828125,False,69006,1024,84.73878817586717,9.18540980617838,0.1841261006694568,0.060056501060472084,0.0,0.3825726662764872,0.0947265625,0.0,0.3985056782376287,0.00038622660529519085,0.00039332517281105906,True,4600,True,11200,False,20000
101000,0.65,0.5,3,-1,7,0048,2.5584008749574423,0.9781787109375,0.999609375,False,47776,47776,2369.690645407327,195.85579353814825,0.1841261006694568,0.1841261006694567,0.0393341840141791,0.4173276721147228,0.022124079035498994,0.0,0.4986853523755671,0.006477207763835364,0.009512332508302595,True,1000,True,1200,True,1600
101000,0.65,0.5,3,-1,8,0049,2.5244975419482216,0.9380126953125,0.9986328125,False,46795,46795,6204.32570286716,978.922756219914,0.1841261006694568,0.1841261006694567,0.1561567934130057,1.0,0.40621861309969015,0.0016241051394379742,0.0,0.028580232485664374,0.024743601301777208,True,2000,True,2200,True,4800
101000,0.65,1.0,0,-1,7,0050,2.0066937080118805,0.9854736328125,0.9998046875,False,44980,44980,3665.327543653833,571.1153485629001,0.8790073320119676,0.4121971016751783,0.0607488509557381,0.4199925069496132,0.0,0.0,1.0,,,True,600,True,600,True,800
101000,0.65,1.0,0,-1,8,0051,2.225642459001392,0.9497216796875,0.998828125,False,46929,46929,18437.7874576781,12180.320233982848,7.911361244791332,1.4724219294642593,0.3307964376552016,15.1801512857128,0.0,0.0,1.0,,,True,1600,True,1600,True,3000
101000,0.65,1.0,1,-1,7,0052,2.412542458041571,0.9810107421875,0.99921875,False,46684,46684,3588.788175681138,409.69736067830377,0.1841261006694567,0.1841261006694567,0.0642440701411197,0.4199979108615369,0.09410076257390113,0.0,0.2395420436609008,0.0067635606439929085,0.010494529766176092,True,800,True,1000,True,1200
101000,0.65,1.0,1,-1,8,0053,2.4294338750187308,0.9531884765625,0.99921875,False,47586,47586,7621.336180446487,1333.9308328631844,0.1841261006694568,0.1841261006694567,0.1841261006694566,2.0214991206228783,0.7298575211196571,0.0,0.1272266452969005,0.02760070528008933,0.023866112691582907,True,1400,True,1600,True,2400
101000,0.65,1.0,2,-1,7,0054,2.50618945795577,0.9810107421875,0.99921875,False,46684,46684,3588.737068786522,409.69264113980466,0.1841261006694567,0.1841261006694567,0.0642440701411197,0.4199979108615369,0.09410076257390113,0.0005140947648016451,0.0150398843460709,0.0067635606439929085,0.010494529766176092,True,800,True,1000,True,1200
101000,0.65,1.0,2,-1,8,0055,2.535505249979906,0.9535009765625,0.9982421875,False,47593,47593,7656.503945203779,1338.7988029655023,0.1841261006694568,0.1841261006694567,0.1841261006694566,0.62,0.7538293446515244,0.05662597440800118,0.0,0.02786357106087024,0.02417719484745651,True,1400,True,1600,True,2000
101000,0.65,1.0,2,1024,7,0056,4.703790624975227,0.7994580078125,0.862890625,False,109200,1024,91.03175594379077,9.782381057931236,0.1841261006694567,0.0,0.0,0.4151577296806511,0.0283203125,0.0,0.2245205279981222,7.840997977716695e-05,8.877477773962115e-05,False,20000,False,20000,False,20000
101000,0.65,1.0,2,1024,8,0057,3.116605667048134,0.940966796875,0.99140625,False,66827,1024,120.4894549233654,17.544022564378643,0.1841261006694568,0.10601335793183035,0.0,0.4256467225932221,0.2412109375,0.0,0.1596714390544327,0.000348287368877848,0.000355136131977593,True,1600,True,1800,True,12800
101000,0.65,1.0,3,-1,7,0058,2.514127957983874,0.9810107421875,0.99921875,False,46684,46684,3588.788175681138,409.69736067830377,0.1841261006694567,0.1841261006694567,0.0642440701411197,0.4199979108615369,0.09410076257390113,0.0,0.2395420436609008,0.0067635606439929085,0.010494529766176092,True,800,True,1000,True,1200
101000,0.65,1.0,3,-1,8,0059,2.5506946250097826,0.9531787109375,0.9990234375,False,47796,47796,7661.1618315981095,1340.2330725798151,0.1841261006694568,0.1841261006694567,0.1841261006694566,1.0,0.7369654364381957,0.010293748430831032,0.0,0.027583527735933217,0.02394464124438581,True,1400,True,1600,True,2400
101001,0.5,0.25,0,-1,7,0060,2.0038529159501195,0.92951171875,0.999609375,False,44998,44998,1687.5859714390058,92.45234082039264,0.2062927954225044,0.11963253504878789,0.031124358032995597,0.3179106551930929,0.0,0.0,1.0,,,True,2200,True,2400,True,3400
101001,0.5,0.25,0,-1,8,0061,2.0584450830938295,0.86173828125,0.99921875,False,42342,42342,3693.174491616024,386.3322789348206,0.2925817627810397,0.1855624683004344,0.08432666514147545,0.638809243819136,0.0,0.0,1.0,,,True,4000,True,4000,True,5400
101001,0.5,0.25,1,-1,7,0062,2.3618474589893594,0.929560546875,0.9990234375,False,44922,44922,1699.3051475085053,94.36106563493061,0.1841261006694567,0.12257293275246776,0.0311665030776673,0.322016775920199,0.00020034726859890478,0.0,0.8910388042086577,0.007797468157769724,0.011715394936872016,True,2200,True,2400,True,3800
101001,0.5,0.25,1,-1,8,0063,2.2412718340056017,0.8622802734375,0.998046875,False,42175,42175,3622.5754669300845,371.81768014465365,0.1841261006694568,0.18103521512493562,0.0833944756457691,0.5753602666092874,0.007753408417308832,0.0,0.7342306683333327,0.03277098770005922,0.029286211346571767,True,4000,True,4000,True,5400
101001,0.5,0.25,2,-1,7,0064,2.451199625036679,0.929560546875,0.9990234375,False,44922,44922,1699.3051475085053,94.36106563493061,0.1841261006694567,0.12257293275246776,0.0311665030776673,0.322016775920199,0.00020034726859890478,0.0,0.8910388042086577,0.007797468157769724,0.011715394936872016,True,2200,True,2400,True,3800
101001,0.5,0.25,2,-1,8,0065,2.3228390000294894,0.8622802734375,0.998046875,False,42175,42175,3622.5754669300845,371.81768014465365,0.1841261006694568,0.18103521512493562,0.0833944756457691,0.5753602666092874,0.007753408417308832,0.0,0.7342306683333327,0.03277098770005922,0.029286211346571767,True,4000,True,4000,True,5400
101001,0.5,0.25,2,1024,7,0066,3.0215633750194684,0.842333984375,0.9435546875,False,58354,1024,57.91791267298583,4.262817946374881,0.1545724081681012,0.03819710460141847,0.0,0.2026046047319369,0.0,0.0,0.955132058193033,0.000468069660677359,0.0005574397838337264,True,5600,False,20000,False,20000
101001,0.5,0.25,2,1024,8,0067,2.5589437499875203,0.8432275390625,0.9896484375,False,50694,1024,81.30496257183665,7.786873442505302,0.1637180035334521,0.07907015995002022,0.0,0.1415453463461216,0.0,0.0,0.7865252505692325,0.001016590248188476,0.000986040322819267,True,4200,True,4400,True,16400
101001,0.5,0.25,3,-1,7,0068,2.5005027500446886,0.929560546875,0.9990234375,False,44922,44922,1699.3051475085053,94.36106563493061,0.1841261006694567,0.12257293275246776,0.0311665030776673,0.322016775920199,0.00020034726859890478,0.0,0.8910388042086577,0.007797468157769724,0.011715394936872016,True,2200,True,2400,True,3800
101001,0.5,0.25,3,-1,8,0069,2.4760637499857694,0.8622802734375,0.998046875,False,42175,42175,3622.5754669300845,371.81768014465365,0.1841261006694568,0.18103521512493562,0.0833944756457691,0.5753602666092874,0.007753408417308832,0.0,0.7342306683333327,0.03277098770005922,0.029286211346571767,True,4000,True,4000,True,5400
101001,0.5,0.5,0,-1,7,0070,2.2898351250914857,0.9576220703125,0.9986328125,False,43803,43803,2509.519393352817,233.12585320070923,0.405668594049513,0.22722316680234328,0.0456038912614643,0.3864980939077135,0.0,0.0,1.0,,,True,1400,True,1400,True,1800
101001,0.5,0.5,0,-1,8,0071,2.3388465410098433,0.913359375,0.9994140625,False,43047,43047,8135.527591887287,1908.3316922783217,0.6120753174878246,0.4365527886104463,0.1789528031790649,1.9475205096331143,0.0,0.0,1.0,,,True,2600,True,2600,True,2800
101001,0.5,0.5,1,-1,7,0072,2.582329333992675,0.9573974609375,0.9984375,False,43709,43709,2462.7410742118436,213.88256566269484,0.1841261006694567,0.1841261006694567,0.0453745060349098,0.3970950571147469,0.02683657827907296,0.0,0.3823506187215493,0.007809731036037542,0.011526328602232908,True,1400,True,1400,True,1800
101001,0.5,0.5,1,-1,8,0073,2.298177166027017,0.90861328125,0.9994140625,False,42351,42351,6457.278357167049,1065.296864926008,0.1841261006694568,0.1841261006694567,0.1841261006694566,1.4799256416028146,0.5103303345847796,0.0,0.271239528711574,0.03338281133168829,0.029309142272319372,True,2600,True,2600,True,3000
101001,0.5,0.5,2,-1,7,0074,2.432144916965626,0.9573974609375,0.9984375,False,43709,43709,2462.7410742118436,213.88256566269484,0.1841261006694567,0.1841261006694567,0.0453745060349098,0.3970950571147469,0.02683657827907296,0.0,0.3823506187215493,0.007809731036037542,0.011526328602232908,True,1400,True,1400,True,1800
101001,0.5,0.5,2,-1,8,0075,2.340304790996015,0.9085498046875,0.998828125,False,42372,42372,6386.566395333639,1046.7128944971064,0.1841261006694568,0.1841261006694567,0.1802768796213132,0.62,0.5105022184461436,0.05666477862739545,0.0,0.03336585775984135,0.029383772744973034,True,2600,True,2600,True,3000
101001,0.5,0.5,2,1024,7,0076,2.7667247920762748,0.939267578125,0.9875,False,54551,1024,93.44422694383063,10.936992843855155,0.1841261006694567,0.06750140060926195,0.0,0.3239174716891636,0.130859375,0.0,0.4516344365706736,0.0004721976529608368,0.0005557347329410387,True,1800,True,1800,False,20000
101001,0.5,0.5,2,1024,8,0077,2.3493772499496117,0.9089453125,0.9982421875,False,44341,1024,130.2639298381694,19.21347578105358,0.1841261006694567,0.14893915127791818,0.0,0.3922582733284334,0.314453125,0.0,0.3674031374763355,0.0010180717103433225,0.0010004408307210015,True,2600,True,2800,True,3000
101001,0.5,0.5,3,-1,7,0078,2.4102057080017403,0.9573974609375,0.9984375,False,43709,43709,2462.7410742118436,213.88256566269484,0.1841261006694567,0.1841261006694567,0.0453745060349098,0.3970950571147469,0.02683657827907296,0.0,0.3823506187215493,0.007809731036037542,0.011526328602232908,True,1400,True,1400,True,1800
101001,0.5,0.5,3,-1,8,0079,2.344447790994309,0.9087109375,0.99921875,False,42121,42121,6450.783926913024,1067.2550414551642,0.1841261006694568,0.1841261006694567,0.1841261006694566,1.0,0.5256760285843166,0.012321644785261508,0.0,0.034079670275317886,0.02986646419937002,True,2600,True,2600,True,3000
101001,0.5,1.0,0,-1,7,0080,1.9385750410147011,0.974697265625,0.99921875,False,42955,42955,3952.401543531089,643.2079373934628,0.9122637968503422,0.4336818755250802,0.070425886011424,0.413947162100814,0.0,0.0,1.0,,,True,800,True,1000,True,1000
101001,0.5,1.0,0,-1,8,0081,2.1061716250842437,0.937958984375,0.99921875,False,42779,42779,19909.405584708962,15575.370513423379,11.1668533679204,1.8502016569017363,0.3963293993229656,19.64116330964932,0.0,0.0,1.0,,,True,2000,True,2200,True,3400
101001,0.5,1.0,1,-1,7,0082,2.299874125048518,0.965107421875,0.9986328125,False,43341,43341,3772.8392239255213,448.3586951674184,0.1841261006694567,0.1841261006694567,0.0747181506911004,0.4169009469956167,0.11813294570960522,0.0,0.2318968146810873,0.007933665462072054,0.012260052968993901,True,1200,True,1200,True,1400
101001,0.5,1.0,1,-1,8,0083,2.2055352919269353,0.8950732421875,0.9990234375,False,40806,40806,7152.833913482877,1282.8321230202853,0.1841261006694568,0.1841261006694567,0.1841261006694567,1.4799283628729587,0.8556584815958438,0.0,0.1470838122711576,0.03303236975465204,0.02904636611343914,True,3000,True,3200,True,3800
101001,0.5,1.0,2,-1,7,0084,2.40358137502335,0.965107421875,0.9986328125,False,43341,43341,3772.8392239255213,448.3586951674184,0.1841261006694567,0.1841261006694567,0.0747181506911004,0.4169009469956167,0.11813294570960522,0.0,0.2318968146810873,0.007933665462072054,0.012260052968993901,True,1200,True,1200,True,1400
101001,0.5,1.0,2,-1,8,0085,2.3053782909410074,0.895244140625,0.9998046875,False,41197,41197,7162.020845061364,1277.1834662184779,0.1841261006694568,0.1841261006694567,0.1841261006694566,0.62,0.8548195256936185,0.04866859237323106,0.0,0.03309244301769541,0.028921898262211594,True,3000,True,3200,True,3600
101001,0.5,1.0,2,1024,7,0086,2.624659958994016,0.9584228515625,0.9978515625,False,50956,1024,131.08578283099197,19.208714972589533,0.1841261006694567,0.12547883496799497,0.0,0.4052225637226905,0.2919921875,0.0,0.2268887666714602,0.0004919660058023904,0.000564185430812857,True,1400,True,1400,True,4800
101001,0.5,1.0,2,1024,8,0087,2.2887388330418617,0.8962158203125,0.9990234375,False,42063,1024,172.25591727622714,29.6915013702392,0.1841261006694567,0.1841261006694566,0.0,0.4099863301306347,0.6845703125,0.0,0.173244549763641,0.0011242003562117124,0.0011003212443239886,True,2800,True,3000,True,3200
101001,0.5,1.0,3,-1,7,0088,2.3864878329914063,0.965107421875,0.9986328125,False,43341,43341,3772.8392239255213,448.3586951674184,0.1841261006694567,0.1841261006694567,0.0747181506911004,0.4169009469956167,0.11813294570960522,0.0,0.2318968146810873,0.007933665462072054,0.012260052968993901,True,1200,True,1200,True,1400
101001,0.5,1.0,3,-1,8,0089,2.2853686249582097,0.895146484375,0.9990234375,False,40636,40636,7119.631237157581,1276.4919594529122,0.1841261006694568,0.1841261006694567,0.1841261006694566,0.9999999999999356,0.8572448075597991,0.003937395412934344,3.00539773592838e-11,0.03302152353106435,0.029117410772877852,True,3000,True,3200,True,3800
101001,0.65,0.25,0,-1,7,0090,2.235810542013496,0.970185546875,0.9986328125,False,51944,51944,1681.9898690020482,87.38736070864132,0.1883057979009782,0.11850829958807103,0.025579975577324998,0.404239861531331,0.0,0.0,1.0,,,True,1600,True,2200,True,3600
101001,0.65,0.25,0,-1,8,0091,2.3598014999879524,0.921103515625,0.999609375,False,49747,49747,3865.6043321779266,394.19734153708754,0.2746568783474981,0.18941885115627824,0.0739273642766749,0.6548496449017586,0.0,0.0,1.0,,,True,2400,True,2600,True,4600
101001,0.65,0.25,1,-1,7,0092,2.624044374912046,0.970185546875,0.9986328125,False,51944,51944,1681.9836139537695,87.38484646599699,0.1841261006694567,0.11850829958807103,0.025579975577324998,0.404239861531331,5.7754504851378404e-05,0.0,0.97780367212209,0.006155676415546837,0.009400151034046242,True,1600,True,2200,True,3600
101001,0.65,0.25,1,-1,8,0093,2.503755540936254,0.921181640625,0.9984375,False,49316,49316,3942.1710075044666,409.77623216452827,0.1841261006694568,0.1841261006694566,0.07676308048610356,0.6313175230574821,0.015086381701678968,0.0,0.7077989568887856,0.028627353973186474,0.024954993688660828,True,2400,True,2600,True,4600
101001,0.65,0.25,2,-1,7,0094,2.728364749928005,0.970185546875,0.9986328125,False,51944,51944,1681.9836139537695,87.38484646599699,0.1841261006694567,0.11850829958807103,0.025579975577324998,0.404239861531331,5.7754504851378404e-05,0.0,0.97780367212209,0.006155676415546837,0.009400151034046242,True,1600,True,2200,True,3600
101001,0.65,0.25,2,-1,8,0095,2.5992752499878407,0.921162109375,0.998828125,False,49342,49342,3941.9550715978594,409.36594067311523,0.1841261006694568,0.1841261006694566,0.0767049051366959,0.6198979720907187,0.015240565846540472,0.0003648007782416603,0.0033617003191256,0.028571205396349237,0.024965359231655194,True,2400,True,2600,True,4600
101001,0.65,0.25,2,1024,7,0096,4.41676629090216,0.6833935546875,0.72578125,False,97383,1024,29.272912329868888,0.8905799265536669,0.0723872794756051,0.01988392902822392,0.0,0.2615114869351707,0.0,0.0,0.905269400109366,8.22086931668426e-05,0.00010180820082389426,False,20000,False,20000,False,20000
101001,0.65,0.25,2,1024,8,0097,3.9536785000236705,0.7076171875,0.7951171875,False,85233,1024,47.30502124388561,2.887296058192453,0.1354996095908913,0.028967034440399757,0.0,0.2338702009844417,0.0,0.0,0.8859964705724392,0.00033620615694625246,0.0003369898542817915,False,20000,False,20000,False,20000
101001,0.65,0.25,3,-1,7,0098,2.7218628749251366,0.970185546875,0.9986328125,False,51944,51944,1681.9836139537695,87.38484646599699,0.1841261006694567,0.11850829958807103,0.025579975577324998,0.404239861531331,5.7754504851378404e-05,0.0,0.97780367212209,0.006155676415546837,0.009400151034046242,True,1600,True,2200,True,3600
101001,0.65,0.25,3,-1,8,0099,2.6047349999425933,0.921181640625,0.9984375,False,49316,49316,3942.1710075044666,409.77623216452827,0.1841261006694568,0.1841261006694566,0.07676308048610356,0.6313175230574821,0.015086381701678968,0.0,0.7077989568887856,0.028627353973186474,0.024954993688660828,True,2400,True,2600,True,4600
101001,0.65,0.5,0,-1,7,0100,2.0777043339330703,0.9799267578125,0.9984375,False,47855,47855,2408.4717386091525,214.41749262126515,0.4101446885662,0.21847388874931417,0.0389584603952526,0.4198446048362851,0.0,0.0,1.0,,,True,1000,True,1200,True,1600
101001,0.65,0.5,0,-1,8,0101,2.198928458034061,0.9340283203125,0.9982421875,False,46881,46881,7666.750114110206,1704.8037396310435,0.7894594312315472,0.4267496334275974,0.1518478606242957,3.853282706582024,0.0,0.0,1.0,,,True,2000,True,2000,True,4000
101001,0.65,0.5,1,-1,7,0102,2.4540581250330433,0.9804638671875,0.998828125,False,48134,48134,2384.233194084139,196.85039167731384,0.1841261006694567,0.1841261006694567,0.0393566846639533,0.4194497913863721,0.02083766152823368,0.0,0.4770624831942915,0.006477449347135046,0.009562804434408765,True,1000,True,1200,True,1600
101001,0.65,0.5,1,-1,8,0103,2.4574132920242846,0.9401123046875,0.999609375,False,48358,48358,6291.182329680932,979.3394432737791,0.1841261006694568,0.1841261006694567,0.14971041640214872,1.3683569986261468,0.3826874560569089,0.0,0.2294081963041622,0.027939747021347675,0.02429828376380325,True,2000,True,2200,True,3800
101001,0.65,0.5,2,-1,7,0104,2.5527774579823017,0.9804638671875,0.998828125,False,48134,48134,2384.233194084139,196.85039167731384,0.1841261006694567,0.1841261006694567,0.0393566846639533,0.4194497913863721,0.02083766152823368,0.0,0.4770624831942915,0.006477449347135046,0.009562804434408765,True,1000,True,1200,True,1600
101001,0.65,0.5,2,-1,8,0105,2.5650079579791054,0.9399365234375,0.999609375,False,48393,48393,6198.96284975614,954.3293444405315,0.1841261006694568,0.1841261006694567,0.1440621368772322,0.62,0.3689169921269605,0.03773272994028062,0.0,0.02786248732168559,0.02426383981154294,True,2000,True,2200,True,3800
101001,0.65,0.5,2,1024,7,0106,4.464127209037542,0.7112109375,0.7349609375,False,99625,1024,53.21439354805439,3.1039050585245347,0.1357850395195873,0.0221600690974471,0.0,0.3864980939077134,0.0,0.0,0.4457765937280203,8.146369196988671e-05,9.826301756587164e-05,False,20000,False,20000,False,20000
101001,0.65,0.5,2,1024,8,0107,3.226803958066739,0.900712890625,0.9830078125,False,68434,1024,94.38971868623777,11.00280380247091,0.1841261006694567,0.06139643253955979,0.0,0.3198420098938009,0.125,0.0,0.4009408429662743,0.00045195994802778246,0.0004444043865865885,True,3000,True,5200,False,20000
101001,0.65,0.5,3,-1,7,0108,2.5506748750340194,0.9804638671875,0.998828125,False,48134,48134,2384.233194084139,196.85039167731384,0.1841261006694567,0.1841261006694567,0.0393566846639533,0.4194497913863721,0.02083766152823368,0.0,0.4770624831942915,0.006477449347135046,0.009562804434408765,True,1000,True,1200,True,1600
101001,0.65,0.5,3,-1,8,0109,2.575026165926829,0.9400341796875,0.99921875,False,48482,48482,6301.3524971440875,979.8930096236935,0.1841261006694568,0.1841261006694567,0.14926775134242398,1.0,0.3820799471968978,0.0074460624561693,2.6370826218720448e-15,0.027854254113210353,0.024203428054913795,True,2000,True,2200,True,3800
101001,0.65,1.0,0,-1,7,0110,2.0133905420079827,0.985615234375,0.9994140625,False,45858,45858,3708.665362516741,558.2564629151159,0.7306319063263611,0.38893610058236344,0.060856685398805704,0.4199987428747515,0.0,0.0,1.0,,,True,600,True,600,True,800
101001,0.65,1.0,0,-1,8,0111,2.27074404200539,0.9588330078125,0.9984375,False,48211,48211,18294.86685250973,12692.29195992561,7.442688605739357,1.6028006539589037,0.3094196542337832,18.846886775435188,0.0,0.0,1.0,,,True,1200,True,1400,True,3800
101001,0.65,1.0,1,-1,7,0112,2.427081875037402,0.980556640625,0.9990234375,False,46834,46834,3596.310038523194,410.77643363787854,0.1841261006694567,0.1841261006694567,0.0637320661773417,0.4199994334338776,0.09668189776657983,0.0,0.2425433550088073,0.006769340360813334,0.010513979560789127,True,800,True,1000,True,1400
101001,0.65,1.0,1,-1,8,0113,2.4949128329753876,0.9380810546875,0.9994140625,False,47976,47976,7703.497541364544,1349.7866293092984,0.1841261006694568,0.1841261006694567,0.1841261006694566,2.178364451855286,0.7354719026179757,0.0,0.1032664939153602,0.02610486015577228,0.022320749676053252,True,2000,True,2400,True,4800
101001,0.65,1.0,2,-1,7,0114,2.561887666932307,0.980556640625,0.9990234375,False,46834,46834,3596.2020280738484,410.77148775975905,0.1841261006694567,0.1841261006694567,0.0637320661773417,0.4199994334338776,0.09668189776657983,0.0004270401844813597,0.0026408042058984,0.006769340360813334,0.010513979560789127,True,800,True,1000,True,1400
101001,0.65,1.0,2,-1,8,0115,2.6413686249870807,0.9389306640625,0.998828125,False,47788,47788,7444.711177624934,1285.279300047916,0.1841261006694568,0.1841261006694567,0.1841261006694566,0.62,0.6996735582154516,0.045325186239223235,0.0,0.02669574365775225,0.023065152339499403,True,1800,True,2200,True,4400
101001,0.65,1.0,2,1024,7,0116,4.811144917039201,0.7923583984375,0.846484375,False,110591,1024,89.45644342536602,9.519506694393455,0.1841261006694567,0.0,0.0,0.4124339526260175,0.0302734375,0.0,0.2443608042331592,7.29384954095116e-05,8.349729615580499e-05,False,20000,False,20000,False,20000
101001,0.65,1.0,2,1024,8,0117,3.057143707992509,0.91884765625,0.982421875,False,62364,1024,128.38848666156304,19.20515722895813,0.1841261006694568,0.1205162229743365,0.0,0.4192891301606314,0.294921875,0.0,0.0169421820815588,0.0004556456516045572,0.00045405886542449614,True,2200,True,3200,False,20000
101001,0.65,1.0,3,-1,7,0118,2.5070063750026748,0.980556640625,0.9990234375,False,46834,46834,3596.310038523194,410.77643363787854,0.1841261006694567,0.1841261006694567,0.0637320661773417,0.4199994334338776,0.09668189776657983,0.0,0.2425433550088073,0.006769340360813334,0.010513979560789127,True,800,True,1000,True,1400
101001,0.65,1.0,3,-1,8,0119,2.576526999939233,0.938017578125,0.9994140625,False,47959,47959,7692.316462769076,1346.978871647938,0.1841261006694568,0.1841261006694567,0.1841261006694566,1.0,0.7386934673366834,0.006130236243457953,1.1303106079308318e-15,0.027340853102823883,0.02351800224757948,True,2000,True,2400,True,4800
101002,0.5,0.25,0,-1,7,0120,1.9693863750435412,0.9182177734375,0.998828125,False,43984,43984,1649.3623214064166,91.01621810340772,0.1985551220313231,0.12178744244983118,0.0310272396287919,0.3251070727831222,0.0,0.0,1.0,,,True,2600,True,2800,True,4200
101002,0.5,0.25,0,-1,8,0121,1.9746892920229584,0.8510888671875,0.9990234375,False,40483,40483,3884.2530013543296,437.4971664720882,0.2569913260448509,0.19672667190630863,0.0933770849514177,0.7941445468736101,0.0,0.0,1.0,,,True,4000,True,4200,True,5400
101002,0.5,0.25,1,-1,7,0122,2.411520624998957,0.9183984375,0.99921875,False,44057,44057,1651.6782915860504,91.1925257575522,0.1841261006694567,0.12166006895987946,0.0309190514891908,0.3251070727831222,0.00011348934335065937,0.0,0.9273298960296265,0.007893873927998538,0.011775434084916464,True,2600,True,2800,True,4200
101002,0.5,0.25,1,-1,8,0123,2.2386933339294046,0.850556640625,0.998828125,False,40072,40072,3823.0589677932026,425.6080692900229,0.1841261006694568,0.1841261006694567,0.0931351952184375,1.2293135150328902,0.021561189858255142,0.0,0.6717753156154823,0.03551752678512006,0.031892034442170696,True,4200,True,4200,True,4600
101002,0.5,0.25,2,-1,7,0124,2.5127404999220744,0.9183984375,0.99921875,False,44057,44057,1651.6782915860504,91.1925257575522,0.1841261006694567,0.12166006895987946,0.0309190514891908,0.3251070727831222,0.00011348934335065937,0.0,0.9273298960296265,0.007893873927998538,0.011775434084916464,True,2600,True,2800,True,4200
101002,0.5,0.25,2,-1,8,0125,2.323549000080675,0.8507861328125,0.998828125,False,39774,39774,3719.646383464454,408.34430653402285,0.1841261006694568,0.1841261006694567,0.0913197346570005,0.6199996782658305,0.019158244079046614,0.0005782672097350027,0.0003111605758923,0.03535028575514149,0.03157820527124079,True,4200,True,4200,True,4600
101002,0.5,0.25,2,1024,7,0126,2.950338124996051,0.8385498046875,0.9337890625,False,57562,1024,61.35763064675203,4.7901173296992265,0.1505787264833394,0.04068813526919161,0.0,0.1811039612438868,0.0,0.0,0.9417677893938838,0.0005323166487873933,0.000636218428969342,True,4200,False,20000,False,20000
101002,0.5,0.25,2,1024,8,0127,2.451801958028227,0.8063037109375,0.9814453125,False,47219,1024,84.33881498753448,8.336032585651033,0.1664126214066497,0.08813051270775031,0.0,0.1634735422452643,0.0,0.0,0.7748028686862465,0.0011302278567243396,0.0011232595503575522,True,5000,True,5400,False,20000
101002,0.5,0.25,3,-1,7,0128,2.415105666965246,0.9183984375,0.99921875,False,44057,44057,1651.6782915860504,91.1925257575522,0.1841261006694567,0.12166006895987946,0.0309190514891908,0.3251070727831222,0.00011348934335065937,0.0,0.9273298960296265,0.007893873927998538,0.011775434084916464,True,2600,True,2800,True,4200
101002,0.5,0.25,3,-1,8,0129,2.2488828749628738,0.850556640625,0.998828125,False,40072,40072,3822.7933371820063,425.5561530010444,0.1841261006694568,0.1841261006694567,0.093124274496918,0.9999986339906644,0.021561189858255142,7.48652425633859e-05,0.0011003466219333,0.03551752678512006,0.031892034442170696,True,4200,True,4200,True,4600
101002,0.5,0.5,0,-1,7,0130,1.9622741249622777,0.9573779296875,0.99921875,False,43465,43465,2507.0822815828806,238.18068762059914,0.4037583447713512,0.2350626393891808,0.0456088391585768,0.4039761421719682,0.0,0.0,1.0,,,True,1400,True,1400,True,1800
101002,0.5,0.5,0,-1,8,0131,2.0549022080376744,0.904384765625,0.99921875,False,41952,41952,8069.363218299789,1944.420410407117,0.8798043315793008,0.44966956948021924,0.18226356904480884,3.3230630233054503,0.0,0.0,1.0,,,True,2800,True,3000,True,3400
101002,0.5,0.5,1,-1,7,0132,2.3005392500199378,0.951474609375,0.998828125,False,43497,43497,2451.294473368945,213.72147799415066,0.1841261006694567,0.1841261006694567,0.0454201353710762,0.3898482845169421,0.02726624824700554,0.0,0.5268080000116618,0.0075891773067682435,0.01126348632281149,True,1600,True,1600,True,2000
101002,0.5,0.5,1,-1,8,0133,2.196635458036326,0.890869140625,0.99921875,False,41392,41392,6286.155234990465,1036.2019121159956,0.1841261006694568,0.1841261006694567,0.1841261006694566,1.5236979514735838,0.5121521066872826,0.0,0.320271461008768,0.03381849401253055,0.029644824935977913,True,3200,True,3200,True,3400
101002,0.5,0.5,2,-1,7,0134,2.399570500012487,0.951474609375,0.998828125,False,43497,43497,2451.294473368945,213.72147799415066,0.1841261006694567,0.1841261006694567,0.0454201353710762,0.3898482845169421,0.02726624824700554,0.0,0.5268080000116618,0.0075891773067682435,0.01126348632281149,True,1600,True,1600,True,2000
101002,0.5,0.5,2,-1,8,0135,2.3116091249976307,0.891025390625,0.99921875,False,41463,41463,6394.331923491254,1062.9297863267109,0.1841261006694568,0.1841261006694567,0.1841261006694566,0.62,0.5472107662253093,0.029785591973566793,0.0,0.03499824956889269,0.030584647758242225,True,3200,True,3200,True,3400
101002,0.5,0.5,2,1024,7,0136,2.7333592500071973,0.934990234375,0.9876953125,False,53584,1024,96.31689801123726,11.683303308450151,0.1841261006694567,0.06962965645581638,0.0,0.3335257245202473,0.1484375,0.0,0.4604444470531657,0.0005245342009741703,0.0006123259255716868,True,1800,True,2000,True,13800
101002,0.5,0.5,2,1024,8,0137,2.4538629160961136,0.884072265625,0.9951171875,False,47464,1024,142.69133843886655,22.346334848184707,0.1841261006694567,0.1725869619983377,0.0,0.2639433028531916,0.4228515625,0.0,0.3195302329011399,0.001101094930719421,0.0010814446211865818,True,3400,True,3600,True,4000
101002,0.5,0.5,3,-1,7,0138,2.4213040000759065,0.951474609375,0.998828125,False,43497,43497,2451.294473368945,213.72147799415066,0.1841261006694567,0.1841261006694567,0.0454201353710762,0.3898482845169421,0.02726624824700554,0.0,0.5268080000116618,0.0075891773067682435,0.01126348632281149,True,1600,True,1600,True,2000
101002,0.5,0.5,3,-1,8,0139,2.3197191670769826,0.8910107421875,0.9994140625,False,41215,41215,6244.726482711229,1029.0402265561627,0.1841261006694568,0.1841261006694567,0.1841261006694566,0.9999999998721288,0.515370617493631,0.0007278903311901007,1.698866394388697e-07,0.034228982798536076,0.029980245233329234,True,3200,True,3200,True,3400
101002,0.5,1.0,0,-1,7,0140,1.955213249893859,0.976474609375,0.9998046875,False,43063,43063,3919.049417216326,626.6883340295909,0.708008051228816,0.42685532747214977,0.0692512299142612,0.4105424407825218,0.0,0.0,1.0,,,True,800,True,1000,True,1000
101002,0.5,1.0,0,-1,8,0141,2.1101126670837402,0.9247265625,0.9990234375,False,42818,42818,20727.49095585268,17214.89984497309,8.398467358522154,2.0268125071274863,0.40653187881801695,20.03340700559612,0.0,0.0,1.0,,,True,2200,True,2400,True,2600
101002,0.5,1.0,1,-1,7,0142,2.3037314590765163,0.964013671875,0.9994140625,False,43183,43183,3728.4194338317448,440.07933101049747,0.1841261006694568,0.1841261006694567,0.0744460952318335,0.4157028662039691,0.11481369983558344,0.0,0.2193413527332535,0.007950290225609575,0.012274002621594868,True,1200,True,1200,True,1400
101002,0.5,1.0,1,-1,8,0143,2.2583066249499097,0.8878125,0.9986328125,False,42144,42144,7408.32688188985,1330.4909617853598,0.1841261006694568,0.1841261006694567,0.1841261006694567,1.790370100460644,0.8619257782839788,0.0,0.1424415190517388,0.033332221075360616,0.029416059620981972,True,3400,True,3600,True,4200
101002,0.5,1.0,2,-1,7,0144,2.3919510409468785,0.964013671875,0.9994140625,False,43183,43183,3728.4194338317448,440.07933101049747,0.1841261006694568,0.1841261006694567,0.0744460952318335,0.4157028662039691,0.11481369983558344,0.0,0.2193413527332535,0.007950290225609575,0.012274002621594868,True,1200,True,1200,True,1400
101002,0.5,1.0,2,-1,8,0145,2.369549500057474,0.8879541015625,0.9984375,False,41552,41552,7269.3230232708265,1300.1077653904783,0.1841261006694568,0.1841261006694567,0.1841261006694566,0.62,0.8659270311898344,0.04603869849826723,0.0,0.03341225051341286,0.0295650881225131,True,3400,True,3600,True,4600
101002,0.5,1.0,2,1024,7,0146,2.4792084579821676,0.9594482421875,0.9984375,False,46302,1024,132.18022385589882,19.43892291656836,0.1841261006694567,0.13509304443744172,0.0,0.4071939019723012,0.29296875,0.0,0.2416367187502517,0.000560143021629734,0.0006489184907419392,True,1400,True,1400,True,2000
101002,0.5,1.0,2,1024,8,0147,2.2948530830908567,0.874169921875,0.99765625,False,41921,1024,175.97462694701045,30.770839997713278,0.1841261006694567,0.1841261006694567,0.0,0.4125163119004381,0.728515625,0.0,0.1583323112628534,0.0013396943805014177,0.0013341469917622813,True,3800,True,4200,True,6400
101002,0.5,1.0,3,-1,7,0148,2.405349125037901,0.964013671875,0.9994140625,False,43183,43183,3728.4194338317448,440.07933101049747,0.1841261006694568,0.1841261006694567,0.0744460952318335,0.4157028662039691,0.11481369983558344,0.0,0.2193413527332535,0.007950290225609575,0.012274002621594868,True,1200,True,1200,True,1400
101002,0.5,1.0,3,-1,8,0149,2.329310499946587,0.8878515625,0.9986328125,False,41929,41929,7364.216851981861,1321.7661669429888,0.1841261006694568,0.1841261006694567,0.1841261006694567,0.9999999999999204,0.8608600252808318,0.004746118438312385,2.0212212877536462e-09,0.033269426316908685,0.029369353053177144,True,3400,True,3600,True,4200
101002,0.65,0.25,0,-1,7,0150,2.261801665998064,0.969912109375,0.999609375,False,52026,52026,1670.531457070408,85.82460721038932,0.1889948612869951,0.1165341648174399,0.02555312813667655,0.4123141748014339,0.0,0.0,1.0,,,True,1600,True,1800,True,4200
101002,0.65,0.25,0,-1,8,0151,2.332291292026639,0.9179833984375,0.9984375,False,48653,48653,3883.0402493629576,414.9092617251777,0.2781408739253428,0.19483512062651553,0.0767378406997441,0.6152720797042783,0.0,0.0,1.0,,,True,2600,True,2800,True,6600
101002,0.65,0.25,1,-1,7,0152,2.655845124972984,0.9699609375,0.9986328125,False,51320,51320,1668.945348404726,86.08494398982515,0.1841261006694567,0.11528231893177923,0.02584905661074225,0.413063542758294,7.79423226812159e-05,0.0,0.9281405628593228,0.006200370124545303,0.009494803337717551,True,1600,True,1800,True,3800
101002,0.65,0.25,1,-1,8,0153,2.491949458955787,0.919501953125,0.998828125,False,47541,47541,3787.727036135534,401.0334774535004,0.1841261006694568,0.1841261006694567,0.0762560482153371,0.6897465242514431,0.018026545508087757,0.0,0.6561349903063658,0.028038662790188063,0.02449906177474876,True,2400,True,2800,True,4600
101002,0.65,0.25,2,-1,7,0154,2.7006960000144318,0.9699609375,0.9986328125,False,51320,51320,1668.945348404726,86.08494398982515,0.1841261006694567,0.11528231893177923,0.02584905661074225,0.413063542758294,7.79423226812159e-05,0.0,0.9281405628593228,0.006200370124545303,0.009494803337717551,True,1600,True,1800,True,3800
101002,0.65,0.25,2,-1,8,0155,2.5501719169551507,0.919501953125,0.998828125,False,47541,47541,3787.218247136032,400.8915459450704,0.1841261006694568,0.1841261006694567,0.0762530630051781,0.6199957550964582,0.01798447655707705,0.0002944826570749458,0.0073029237650267,0.028038818905435955,0.02449906177474876,True,2400,True,2800,True,4600
101002,0.65,0.25,2,1024,7,0156,4.394389917026274,0.68298828125,0.724609375,False,96877,1024,29.4272103400049,0.901101653432091,0.0768600808143083,0.01913886249223625,0.0,0.284115911111042,0.0,0.0,0.9163587769917698,8.73113694857049e-05,0.00010920943890190613,False,20000,False,20000,False,20000
101002,0.65,0.25,2,1024,8,0157,4.076439041993581,0.730537109375,0.8095703125,False,88858,1024,47.8441252451538,3.005709098573393,0.1446544076767403,0.028045148781564867,0.0,0.2135734874196393,0.0,0.0,0.8678796686040336,0.0003232700511865366,0.0003304810531034527,False,20000,False,20000,False,20000
101002,0.65,0.25,3,-1,7,0158,2.7166196670150384,0.9699609375,0.9986328125,False,51320,51320,1668.945348404726,86.08494398982515,0.1841261006694567,0.11528231893177923,0.02584905661074225,0.413063542758294,7.79423226812159e-05,0.0,0.9281405628593228,0.006200370124545303,0.009494803337717551,True,1600,True,1800,True,3800
101002,0.65,0.25,3,-1,8,0159,2.5517179999733344,0.919501953125,0.998828125,False,47541,47541,3787.727036135534,401.0334774535004,0.1841261006694568,0.1841261006694567,0.0762560482153371,0.6897465242514431,0.018026545508087757,0.0,0.6561349903063658,0.028038662790188063,0.02449906177474876,True,2400,True,2800,True,4600
101002,0.65,0.5,0,-1,7,0160,2.6660283339442685,0.978291015625,0.9990234375,False,47934,47934,2384.709763803452,208.1434812109481,0.3779445549627382,0.21403451882930566,0.038505617487080146,0.4195048122477349,0.0,0.0,1.0,,,True,1000,True,1200,True,1800
101002,0.65,0.5,0,-1,8,0161,2.9990412920014933,0.9367724609375,0.998828125,False,46346,46346,7779.6843037889885,1792.5270822688135,1.0610501758662336,0.4397481854489079,0.15589907385198026,3.548302179351402,0.0,0.0,1.0,,,True,2000,True,2200,True,3000
101002,0.65,0.5,1,-1,7,0162,3.305535458959639,0.9797998046875,0.9994140625,False,48211,48211,2407.5189348388412,201.3978390854305,0.1841261006694567,0.1841261006694567,0.0393608697802656,0.4184220171070225,0.023148244176640187,0.0,0.5013415830992175,0.006647322987319595,0.009732753546908344,True,1000,True,1200,True,1800
101002,0.65,0.5,1,-1,8,0163,3.2784754999447614,0.9412841796875,0.9994140625,False,48104,48104,6370.5020127742655,1002.2607164282512,0.1841261006694568,0.1841261006694567,0.15538466075434845,1.1392733664330554,0.4036462664227507,0.0,0.275590389450015,0.028406960158372085,0.02448747656986247,True,2000,True,2000,True,4200
101002,0.65,0.5,2,-1,7,0164,3.4007905420148745,0.9797998046875,0.9994140625,False,48211,48211,2407.5189348388412,201.3978390854305,0.1841261006694567,0.1841261006694567,0.0393608697802656,0.4184220171070225,0.023148244176640187,0.0,0.5013415830992175,0.006647322987319595,0.009732753546908344,True,1000,True,1200,True,1800
101002,0.65,0.5,2,-1,8,0165,3.19718154205475,0.9412646484375,0.998828125,False,48405,48405,6461.256887792657,1019.0236133595415,0.1841261006694568,0.1841261006694567,0.1575330911090305,0.62,0.42018386530317114,0.041152773473814686,0.0,0.02836136020297485,0.024254860250318443,True,2000,True,2000,True,3200
101002,0.65,0.5,2,1024,7,0166,5.284228791017085,0.719599609375,0.7677734375,False,98031,1024,54.02502189202051,3.187366879203272,0.1441455736581748,0.02607564576604154,0.0,0.3412123267851142,0.0,0.0,0.4461253772972945,8.728040003502261e-05,0.00010471881449915466,False,20000,False,20000,False,20000
101002,0.65,0.5,2,1024,8,0167,4.365417083026841,0.8753759765625,0.952734375,False,75357,1024,83.83509755109465,8.914552673252222,0.1841261006694567,0.05725300199561353,0.0,0.3728088138230394,0.0869140625,0.0,0.3995405226557365,0.00034793065563473345,0.00035695886192833144,True,4800,True,13800,False,20000
101002,0.65,0.5,3,-1,7,0168,2.872540249954909,0.9797998046875,0.9994140625,False,48211,48211,2407.5189348388412,201.3978390854305,0.1841261006694567,0.1841261006694567,0.0393608697802656,0.4184220171070225,0.023148244176640187,0.0,0.5013415830992175,0.006647322987319595,0.009732753546908344,True,1000,True,1200,True,1800
101002,0.65,0.5,3,-1,8,0169,2.8477729589212686,0.9413134765625,0.9990234375,False,48126,48126,6375.4074112947355,1003.3361931774597,0.1841261006694568,0.1841261006694567,0.15554504809077746,0.9999999990127038,0.40454224327806176,0.00037401820221917467,1.2196250112559186e-06,0.028426822732687755,0.024494068954411287,True,2000,True,2000,True,4200
101002,0.65,1.0,0,-1,7,0170,2.0429477910511196,0.9867431640625,0.998828125,False,44931,44931,3678.310486201378,572.8198119068804,0.8032985748492579,0.4117926913516579,0.0609301210354824,0.4199998312715053,0.0,0.0,1.0,,,True,600,True,600,True,800
101002,0.65,1.0,0,-1,8,0171,2.3130050000036135,0.9616162109375,0.9982421875,False,48588,48588,18131.286501941486,13683.520714891622,12.780141848195257,1.45119591825194,0.3112537128052472,33.66651061276003,0.0,0.0,1.0,,,True,1200,True,1200,True,3200
101002,0.65,1.0,1,-1,7,0172,2.479261124972254,0.982138671875,0.999609375,False,47312,47312,3608.5335429312136,410.45195896157867,0.1841261006694567,0.1841261006694567,0.06284466162467756,0.4199997125689795,0.09617010483598241,0.0,0.244801020751694,0.006860434126120186,0.010415468118113051,True,800,True,1000,True,1400
101002,0.65,1.0,1,-1,8,0173,2.467926749959588,0.9450830078125,0.9986328125,False,47440,47440,7686.35073810581,1350.4554471759816,0.1841261006694568,0.1841261006694567,0.1841261006694566,2.1588809054456037,0.7471753794266441,0.0,0.1496857026065243,0.026446426846191633,0.023358515910448234,True,1600,True,1800,True,2400
101002,0.65,1.0,2,-1,7,0174,2.5513825000962242,0.982138671875,0.999609375,False,47312,47312,3608.504149752988,410.4485539128574,0.1841261006694567,0.1841261006694567,0.06284368418477845,0.4199997125689795,0.09617010483598241,0.00033818058843422386,0.0011494277687864,0.006860434126120186,0.010415468118113051,True,800,True,1000,True,1400
101002,0.65,1.0,2,-1,8,0175,2.555874833953567,0.9451904296875,0.9994140625,False,47145,47145,7438.778914327032,1287.2150919837168,0.1841261006694568,0.1841261006694567,0.1841261006694566,0.62,0.7183370452858203,0.07039983031074346,0.0,0.025620857195884982,0.022676560787640916,True,1600,True,1800,True,2000
101002,0.65,1.0,2,1024,7,0176,4.677814083057456,0.800146484375,0.829296875,False,107483,1024,89.36086060820885,9.703405650092,0.1841261006694567,0.0,0.0,0.416709869445178,0.0380859375,0.0,0.2314380654140406,7.977763537799744e-05,9.232201255082167e-05,False,20000,False,20000,False,20000
101002,0.65,1.0,2,1024,8,0177,2.485074333031662,0.9417578125,0.9974609375,False,47070,1024,137.94493607857078,21.021550724606673,0.1841261006694567,0.14323816311418427,0.0,0.4646211614551243,0.328125,0.001953125,5.821950945055345e-06,0.0006501039011047364,0.0006514178793994747,True,1800,True,1800,True,2600
101002,0.65,1.0,3,-1,7,0178,2.539292542031035,0.982138671875,0.999609375,False,47312,47312,3608.5335429312136,410.45195896157867,0.1841261006694567,0.1841261006694567,0.06284466162467756,0.4199997125689795,0.09617010483598241,0.0,0.244801020751694,0.006860434126120186,0.010415468118113051,True,800,True,1000,True,1400
101002,0.65,1.0,3,-1,8,0179,2.526142540969886,0.9449853515625,0.9986328125,False,47036,47036,7591.2158153331975,1331.853773214949,0.1841261006694568,0.1841261006694567,0.1841261006694566,1.0,0.7451739093460328,0.005782804660260227,0.0,0.02688696612257982,0.023597910155696292,True,1600,True,1800,True,2400
101003,0.5,0.25,0,-1,7,0180,1.9976273339707404,0.92978515625,0.9986328125,False,44727,44727,1706.6051171303857,95.05672165789896,0.1880321353563973,0.12213712181957295,0.0315995508983014,0.3283471841046258,0.0,0.0,1.0,,,True,2200,True,2400,True,4400
101003,0.5,0.25,0,-1,8,0181,2.0064440409187227,0.8615380859375,0.998828125,False,40641,40641,3992.1844972721683,461.1857783775837,0.2819389871457185,0.2010295826599233,0.0954569143671208,1.4072391660581467,0.0,0.0,1.0,,,True,4000,True,4200,True,4400
101003,0.5,0.25,1,-1,7,0182,2.404507291968912,0.92978515625,0.9986328125,False,44727,44727,1706.5985546913766,95.05428271169691,0.1841261006694567,0.12213712181957295,0.0315995508983014,0.3283471841046258,4.4715719811299664e-05,0.0,0.979226770575481,0.007826872494056497,0.01192845391672438,True,2200,True,2400,True,4400
101003,0.5,0.25,1,-1,8,0183,2.230545917060226,0.8615869140625,0.99921875,False,40525,40525,3857.322069429812,430.83565258764935,0.1841261006694568,0.1841261006694567,0.0929447988119827,0.6794173861039677,0.020283775447254782,0.0,0.7444522442967269,0.03530840659058189,0.0315219225529508,True,4000,True,4200,True,5000
101003,0.5,0.25,2,-1,7,0184,2.502815749961883,0.92978515625,0.9986328125,False,44727,44727,1706.5985546913766,95.05428271169691,0.1841261006694567,0.12213712181957295,0.0315995508983014,0.3283471841046258,4.4715719811299664e-05,0.0,0.979226770575481,0.007826872494056497,0.01192845391672438,True,2200,True,2400,True,4400
101003,0.5,0.25,2,-1,8,0185,2.325508209061809,0.8617041015625,0.9998046875,False,40607,40607,3865.844210763001,431.0841627421999,0.1841261006694568,0.1841261006694567,0.0931939050483967,0.6196956784325358,0.01945477380747162,0.0005664048070529712,4.618913908399897e-05,0.0355623209463064,0.03167546415437398,True,4000,True,4200,True,5000
101003,0.5,0.25,2,1024,7,0186,3.0191384999779984,0.8286328125,0.932421875,False,58593,1024,60.37003917470374,4.612374407221393,0.154305907124524,0.0397152241936651,0.0,0.1930487631816925,0.0,0.0,0.9588267196798936,0.0005416547109580769,0.0006419548836891768,True,7000,False,20000,False,20000
101003,0.5,0.25,2,1024,8,0187,2.477481042034924,0.7904052734375,0.9853515625,False,47946,1024,84.44844549120049,8.426126359434768,0.1737753273614421,0.08694142336735837,0.0,0.150046750094778,0.0,0.0,0.8072497443916503,0.0011740285729431707,0.0011430692645545667,True,5800,True,6000,False,20000
101003,0.5,0.25,3,-1,7,0188,2.4531951249809936,0.92978515625,0.9986328125,False,44727,44727,1706.5985546913766,95.05428271169691,0.1841261006694567,0.12213712181957295,0.0315995508983014,0.3283471841046258,4.4715719811299664e-05,0.0,0.979226770575481,0.007826872494056497,0.01192845391672438,True,2200,True,2400,True,4400
101003,0.5,0.25,3,-1,8,0189,2.2728358330205083,0.8615869140625,0.99921875,False,40525,40525,3857.322069429812,430.83565258764935,0.1841261006694568,0.1841261006694567,0.0929447988119827,0.6794173861039677,0.020283775447254782,0.0,0.7444522442967269,0.03530840659058189,0.0315219225529508,True,4000,True,4200,True,5000
101003,0.5,0.5,0,-1,7,0190,1.9570268749957904,0.959189453125,0.99921875,False,43604,43604,2516.750561665397,237.0653079757056,0.3919184794010325,0.23173480063332932,0.045547114613089204,0.3689378050719607,0.0,0.0,1.0,,,True,1400,True,1600,True,2000
101003,0.5,0.5,0,-1,8,0191,2.0769854580285028,0.9230712890625,0.999609375,False,42334,42334,7974.457600429914,1871.7594075165423,0.7363139575060166,0.44185006207886524,0.17852795475534028,2.7612746095660663,0.0,0.0,1.0,,,True,2400,True,2600,True,2800
101003,0.5,0.5,1,-1,7,0192,2.321183416992426,0.9571484375,0.99921875,False,44056,44056,2499.5744115407356,217.72116739599824,0.1841261006694567,0.1841261006694567,0.045902908388982,0.3928634560652479,0.027555838024332667,0.0,0.4674801786179568,0.00781877752179041,0.011540609063842943,True,1400,True,1600,True,2000
101003,0.5,0.5,1,-1,8,0193,2.247897999943234,0.9041748046875,0.9982421875,False,42172,42172,6382.921375816631,1047.5648052999982,0.1841261006694568,0.1841261006694567,0.1828291270329069,1.2226848740971574,0.4942378829555155,0.0,0.3304949194963564,0.03464169366424004,0.030389643775293195,True,2800,True,3000,True,3200
101003,0.5,0.5,2,-1,7,0194,2.4099541660398245,0.9571484375,0.99921875,False,44056,44056,2499.5744115407356,217.72116739599824,0.1841261006694567,0.1841261006694567,0.045902908388982,0.3928634560652479,0.027555838024332667,0.0,0.4674801786179568,0.00781877752179041,0.011540609063842943,True,1400,True,1600,True,2000
101003,0.5,0.5,2,-1,8,0195,2.352647167048417,0.904052734375,0.9994140625,False,42664,42664,6485.240069739733,1067.4204613049505,0.1841261006694568,0.1841261006694567,0.18378931095337814,0.62,0.5202981436339771,0.03386930433152072,6.787423990536285e-16,0.03498310685433458,0.030869565456239395,True,2800,True,3000,True,3200
101003,0.5,0.5,2,1024,7,0196,2.813763582962565,0.9310205078125,0.9865234375,False,55341,1024,100.88952414435079,12.502338946249443,0.1841261006694567,0.07154794027860423,0.0,0.3132416352101818,0.1640625,0.0,0.4287609223079512,0.0005275730339320444,0.0006164890839672804,True,2000,True,2200,False,20000
101003,0.5,0.5,2,1024,8,0197,2.3645664579235017,0.8947900390625,0.996875,False,44042,1024,137.3947080172677,20.954565399554284,0.1841261006694568,0.16692474448355113,0.0,0.2866544858078573,0.3759765625,0.0,0.3595650753710488,0.0012063650417026154,0.0011834465775093454,True,3200,True,3400,True,5800
101003,0.5,0.5,3,-1,7,0198,2.4100859171012416,0.9571484375,0.99921875,False,44056,44056,2499.5744115407356,217.72116739599824,0.1841261006694567,0.1841261006694567,0.045902908388982,0.3928634560652479,0.027555838024332667,0.0,0.4674801786179568,0.00781877752179041,0.011540609063842943,True,1400,True,1600,True,2000
101003,0.5,0.5,3,-1,8,0199,2.341035541961901,0.9041748046875,0.9982421875,False,42172,42172,6382.474935352843,1047.4243588353916,0.1841261006694568,0.1841261006694567,0.18277023515978197,0.9999999997629636,0.4942378829555155,0.00042682348477662905,1.6485748569788902e-06,0.03464169366424004,0.030389819765879362,True,2800,True,3000,True,3200
101003,0.5,1.0,0,-1,7,0200,1.9283478340366855,0.977265625,0.9994140625,False,42930,42930,3926.4724908844564,640.1545686747776,0.8300215536682622,0.431393172202356,0.06969410667391684,0.4124339526260175,0.0,0.0,1.0,,,True,800,True,800,True,1000
101003,0.5,1.0,0,-1,8,0201,2.1078067909693345,0.93630859375,0.998046875,False,43485,43485,21072.359231226197,19459.956758174372,21.016864184248774,1.800784752654174,0.4143359000933992,53.94390865986347,0.0,0.0,1.0,,,True,2000,True,2000,True,2400
101003,0.5,1.0,1,-1,7,0202,2.288456790964119,0.9675341796875,0.9994140625,False,43162,43162,3751.365484713737,444.70480960820805,0.1841261006694568,0.1841261006694567,0.0745719672193344,0.4186375378501768,0.11709373986376906,0.0,0.2290390094307857,0.008122042694287372,0.012468607851427903,True,1200,True,1200,True,1400
101003,0.5,1.0,1,-1,8,0203,2.276180708082393,0.91162109375,0.9982421875,False,42988,42988,7618.822809034015,1374.0542387615455,0.1841261006694568,0.1841261006694567,0.1841261006694567,2.7004854775476987,0.8808504698985763,0.0,0.1327965352809233,0.03409105145137397,0.030038554848639876,True,2600,True,2800,True,3400
101003,0.5,1.0,2,-1,7,0204,2.376198458019644,0.9675341796875,0.9994140625,False,43162,43162,3751.365484713737,444.70480960820805,0.1841261006694568,0.1841261006694567,0.0745719672193344,0.4186375378501768,0.11709373986376906,0.0,0.2290390094307857,0.008122042694287372,0.012468607851427903,True,1200,True,1200,True,1400
101003,0.5,1.0,2,-1,8,0205,2.3667700410587713,0.91162109375,0.9982421875,False,42553,42553,7443.274415126911,1330.5330897480785,0.1841261006694568,0.1841261006694567,0.1841261006694566,0.62,0.8762249430122435,0.0698423142904143,0.0,0.035388307424466685,0.031088516330615098,True,2600,True,2800,True,3000
101003,0.5,1.0,2,1024,7,0206,2.524990458972752,0.9620751953125,0.9974609375,False,46699,1024,136.8628918569348,20.448821886565565,0.1841261006694567,0.13922313396751498,0.0,0.4039146300620306,0.314453125,0.0,0.2384061099788284,0.0005917496002769497,0.0006834257581354333,True,1200,True,1400,True,2400
101003,0.5,1.0,2,1024,8,0207,2.475115375011228,0.9132080078125,0.9986328125,False,45782,1024,174.24639987643005,30.269644330709227,0.1841261006694567,0.1841261006694566,0.0,0.408488015413182,0.7021484375,0.0,0.1816373244966829,0.001168675393713685,0.0011706747921308212,True,2400,True,2600,True,5600
101003,0.5,1.0,3,-1,7,0208,2.432766666985117,0.9675341796875,0.9994140625,False,43162,43162,3751.365484713737,444.70480960820805,0.1841261006694568,0.1841261006694567,0.0745719672193344,0.4186375378501768,0.11709373986376906,0.0,0.2290390094307857,0.008122042694287372,0.012468607851427903,True,1200,True,1200,True,1400
101003,0.5,1.0,3,-1,8,0209,2.4163853339850903,0.911845703125,0.9986328125,False,42505,42505,7504.040993204732,1350.1726820430124,0.1841261006694568,0.1841261006694567,0.1841261006694567,1.0,0.8920127043877191,0.025008822491471593,0.0,0.034205173165902,0.030085498519781935,True,2600,True,2800,True,3400
101003,0.65,0.25,0,-1,7,0210,2.20781487505883,0.9699462890625,0.999609375,False,51766,51766,1693.7847217425003,88.16094537567088,0.2097403705578053,0.1166536039148999,0.02596371941761935,0.4034103805592959,0.0,0.0,1.0,,,True,1400,True,2200,True,3600
101003,0.65,0.25,0,-1,8,0211,2.3197557920357212,0.9240185546875,0.99765625,False,49707,49707,3854.552759921208,396.43817074398373,0.2764655006398478,0.18964490138070894,0.073676815856174,0.6259950636629902,0.0,0.0,1.0,,,True,2600,True,2800,True,5400
101003,0.65,0.25,1,-1,7,0212,2.590244583087042,0.9700244140625,0.9986328125,False,51342,51342,1676.2833651767792,87.30243194955881,0.1841261006694567,0.1167704658306981,0.0258198978781417,0.4034103805592959,5.84316933504733e-05,0.0,0.918269053799226,0.006254211190399639,0.009626715315109098,True,1400,True,2200,True,3800
101003,0.65,0.25,1,-1,8,0213,2.5228632499929518,0.9240087890625,0.99921875,False,49608,49608,3847.0849517687893,391.80210561910053,0.1841261006694568,0.1841261006694566,0.07431107696632255,0.6190472299682658,0.011812610869214642,0.0,0.702749502094855,0.02696119871458899,0.024040802810702526,True,2600,True,3000,True,4400
101003,0.65,0.25,2,-1,7,0214,2.4055407089181244,0.9700244140625,0.9986328125,False,51342,51342,1676.2833651767792,87.30243194955881,0.1841261006694567,0.1167704658306981,0.0258198978781417,0.4034103805592959,5.84316933504733e-05,0.0,0.918269053799226,0.006254211190399639,0.009626715315109098,True,1400,True,2200,True,3800
101003,0.65,0.25,2,-1,8,0215,2.284737915964797,0.9240087890625,0.99921875,False,49608,49608,3847.008644761316,391.77838167567177,0.1841261006694568,0.1841261006694566,0.07431107696632255,0.6190472299682658,0.01179245283018868,6.047411707789066e-05,0.008465669057586,0.02696119871458899,0.024040952421148423,True,2600,True,3000,True,4400
101003,0.65,0.25,2,1024,7,0216,3.36813479103148,0.6822705078125,0.6861328125,False,95818,1024,29.869343647397518,0.9296825026260694,0.0788333664254051,0.02102023188290996,0.0,0.2615114869351707,0.0,0.0,0.8636147287140443,9.22267127957861e-05,0.00011290801093392293,False,20000,False,20000,False,20000
101003,0.65,0.25,2,1024,8,0217,2.7969497910235077,0.8056884765625,0.8666015625,False,76993,1024,44.131090781076864,2.4641838991686424,0.1269909977182569,0.02947222576993586,0.0,0.2309969249635655,0.0,0.0,0.9062134181854447,0.0003464499207720174,0.00035188027104195537,False,20000,False,20000,False,20000
101003,0.65,0.25,3,-1,7,0218,1.993556083063595,0.9700244140625,0.9986328125,False,51342,51342,1676.2833651767792,87.30243194955881,0.1841261006694567,0.1167704658306981,0.0258198978781417,0.4034103805592959,5.84316933504733e-05,0.0,0.918269053799226,0.006254211190399639,0.009626715315109098,True,1400,True,2200,True,3800
101003,0.65,0.25,3,-1,8,0219,1.9405331250745803,0.9240087890625,0.99921875,False,49608,49608,3847.0849517687893,391.80210561910053,0.1841261006694568,0.1841261006694566,0.07431107696632255,0.6190472299682658,0.011812610869214642,0.0,0.702749502094855,0.02696119871458899,0.024040802810702526,True,2600,True,3000,True,4400
101003,0.65,0.5,0,-1,7,0220,1.5091547499177977,0.980703125,0.9990234375,False,47787,47787,2400.743803839654,211.826206741033,0.3759742749196042,0.2176140402606213,0.0391648332749535,0.4185798153963203,0.0,0.0,1.0,,,True,1000,True,1200,True,1600
101003,0.65,0.5,0,-1,8,0221,1.6091447500512004,0.9505322265625,0.9994140625,False,46874,46874,8100.090405672196,2010.180043207342,2.039595043008792,0.5125154832938363,0.15744524033220259,7.707940033285965,0.0,0.0,1.0,,,True,1600,True,1800,True,2400
101003,0.65,0.5,1,-1,7,0222,1.7982747920323163,0.9798779296875,0.9984375,False,48257,48257,2387.4210100655037,197.68836677402933,0.1841261006694567,0.1841261006694567,0.0390376293734494,0.4184192367044027,0.021344053712414778,0.0,0.421663007196663,0.006441124851921277,0.009612766401333793,True,1000,True,1200,True,1800
101003,0.65,0.5,1,-1,8,0223,1.8305659160250798,0.94763671875,0.998828125,False,50068,50068,6513.58229886505,1016.7425084671626,0.1841261006694568,0.1841261006694567,0.15036221466333605,1.5406963941357057,0.3822800990652712,0.0,0.2902884582277042,0.027468902708982404,0.023775753516883654,True,1800,True,1800,True,3000
101003,0.65,0.5,2,-1,7,0224,1.8628800408914685,0.9798779296875,0.9984375,False,48257,48257,2387.4210100655037,197.68836677402933,0.1841261006694567,0.1841261006694567,0.0390376293734494,0.4184192367044027,0.021344053712414778,0.0,0.421663007196663,0.006441124851921277,0.009612766401333793,True,1000,True,1200,True,1800
101003,0.65,0.5,2,-1,8,0225,1.9129225830547512,0.9477490234375,0.99921875,False,50257,50257,6448.146379133893,999.4160106583707,0.1841261006694568,0.1841261006694567,0.146394946143129,0.62,0.372087470402133,0.021409952842390115,0.0,0.02728516570660135,0.023664385889859404,True,1800,True,1800,True,3000
101003,0.65,0.5,2,1024,7,0226,3.2716716250870377,0.713779296875,0.72890625,False,100817,1024,54.6446022098141,3.25191189982463,0.1527337491761975,0.020374839211135306,0.0,0.3421731520682225,0.0,0.0,0.4643948879462452,8.823033007826026e-05,0.00010608252452463335,False,20000,False,20000,False,20000
101003,0.65,0.5,2,1024,8,0227,2.692665584036149,0.8664013671875,0.93046875,False,80961,1024,85.80237956597453,9.198267429004916,0.1841261006694567,0.05588305927059289,0.0,0.3613816468215794,0.087890625,0.0,0.4138506521075041,0.0003332896523223108,0.0003392177895324078,True,3200,False,20000,False,20000
101003,0.65,0.5,3,-1,7,0228,1.8623069160385057,0.9798779296875,0.9984375,False,48257,48257,2387.4210100655037,197.68836677402933,0.1841261006694567,0.1841261006694567,0.0390376293734494,0.4184192367044027,0.021344053712414778,0.0,0.421663007196663,0.006441124851921277,0.009612766401333793,True,1000,True,1200,True,1800
101003,0.65,0.5,3,-1,8,0229,1.908280917094089,0.947626953125,0.9986328125,False,50225,50225,6537.63807365764,1021.2707560685262,0.1841261006694568,0.1841261006694567,0.150721257518379,0.9999999999999988,0.38427078148332505,0.0015530114484818317,5.15491345978736e-13,0.02729048189397705,0.02364133793761402,True,1800,True,1800,True,3000
101003,0.65,1.0,0,-1,7,0230,1.4783572920132428,0.9858203125,0.99921875,False,46015,46015,3699.8079602041553,562.3812685616057,0.7754030510814718,0.40385206096087806,0.0598890747619879,0.4199642703514732,0.0,0.0,1.0,,,True,600,True,600,True,800
101003,0.65,1.0,0,-1,8,0231,1.65065154095646,0.96421875,0.999609375,False,47999,47999,19460.925081592963,23286.532872284086,32.53234251153443,1.7757362313491185,0.3190050261787341,67.43376320971903,0.0,0.0,1.0,,,True,1200,True,1400,True,2400
101003,0.65,1.0,1,-1,7,0232,1.7884174580685794,0.98193359375,0.9990234375,False,47526,47526,3606.568220354741,407.09085198898504,0.1841261006694568,0.1841261006694567,0.06332593606722489,0.4199997266719662,0.08978243487775113,0.0,0.2434460151293058,0.006635040063596732,0.010214773338979322,True,800,True,1000,True,1800
101003,0.65,1.0,1,-1,8,0233,1.833461208967492,0.9504638671875,0.9994140625,False,48260,48260,7692.906745956065,1342.5191082578888,0.1841261006694568,0.1841261006694567,0.1841261006694566,1.529047137932796,0.7197886448404476,0.0,0.1593249092005935,0.027337444635826724,0.023591033054461887,True,1600,True,2000,True,3800
101003,0.65,1.0,2,-1,7,0234,1.8398390830261633,0.98193359375,0.9990234375,False,47526,47526,3606.518003005185,407.08423217183343,0.1841261006694568,0.1841261006694567,0.06332593606722489,0.4199997266719662,0.08978243487775113,0.000610192315785044,0.0005906663994659,0.006635040063596732,0.010214773338979322,True,800,True,1000,True,1800
101003,0.65,1.0,2,-1,8,0235,1.86678387504071,0.9505224609375,0.999609375,False,47875,47875,7579.610741570452,1312.6876403396802,0.1841261006694568,0.1841261006694567,0.1841261006694566,0.62,0.7288355091383812,0.0714360313315927,0.0,0.027027355308964263,0.02362458387728454,True,1600,True,2000,True,3800
101003,0.65,1.0,2,1024,7,0236,3.402189292013645,0.803740234375,0.825,False,107749,1024,92.1007231058183,9.949403742473711,0.1841261006694567,0.0,0.0,0.4081068498625659,0.0283203125,0.0,0.2345862273923956,8.043022247692908e-05,9.24040623346849e-05,False,20000,False,20000,False,20000
101003,0.65,1.0,2,1024,8,0237,2.037822916987352,0.9300390625,0.978125,False,54763,1024,129.57690299600995,19.367615785412937,0.1841261006694567,0.12540868077302775,0.0,0.5802611068144035,0.2919921875,0.0,0.2030351803415494,0.00048351580522737274,0.0004901566370846484,True,2000,True,2600,False,20000
101003,0.65,1.0,3,-1,7,0238,1.8596264999359846,0.98193359375,0.9990234375,False,47526,47526,3606.568220354741,407.09085198898504,0.1841261006694568,0.1841261006694567,0.06332593606722489,0.4199997266719662,0.08978243487775113,0.0,0.2434460151293058,0.006635040063596732,0.010214773338979322,True,800,True,1000,True,1800
101003,0.65,1.0,3,-1,8,0239,1.902069541043602,0.950419921875,0.9998046875,False,48029,48029,7636.86502212009,1329.6701984977567,0.1841261006694568,0.1841261006694567,0.1841261006694566,1.0,0.7202731682941557,0.012221782672968414,0.0,0.0268408176353522,0.023313125815479483,True,1600,True,2000,True,3800
101004,0.5,0.25,0,-1,7,0240,1.4494164580246434,0.9231103515625,0.9994140625,False,44020,44020,1654.9203906171742,91.06889408698164,0.1907248135143791,0.12099107129603405,0.031256122817724455,0.3570460932994973,0.0,0.0,1.0,,,True,2400,True,2600,True,3600
101004,0.5,0.25,0,-1,8,0241,1.3532341250684112,0.8287939453125,0.99921875,False,37763,37763,3789.926329439625,447.03227822830223,0.2811859420049225,0.2061077194631638,0.0979577631656497,0.731220500754411,0.0,0.0,1.0,,,True,4200,True,4400,True,4600
101004,0.5,0.25,1,-1,7,0242,1.6833516249898821,0.9231787109375,0.9998046875,False,43911,43911,1655.4131179742249,91.20022023914014,0.1841261006694566,0.12058186893977076,0.0313527205195598,0.3570460932994973,2.277333697706725e-05,0.0,0.9782070779825902,0.007724027958066656,0.011606803332782932,True,2400,True,2600,True,3600
101004,0.5,0.25,1,-1,8,0243,1.4784873750759289,0.828642578125,0.999609375,False,37848,37848,3704.470892976128,426.7077183370169,0.1841261006694568,0.1841261006694567,0.09563211562852615,0.6076975819651276,0.030543225533713803,0.0,0.6471739223248214,0.03515624999999994,0.031360598644578255,True,4200,True,4400,True,4600
101004,0.5,0.25,2,-1,7,0244,1.7442922500194982,0.9231787109375,0.9998046875,False,43911,43911,1655.4131179742249,91.20022023914014,0.1841261006694566,0.12058186893977076,0.0313527205195598,0.3570460932994973,2.277333697706725e-05,0.0,0.9782070779825902,0.007724027958066656,0.011606803332782932,True,2400,True,2600,True,3600
101004,0.5,0.25,2,-1,8,0245,1.538158708019182,0.828642578125,0.999609375,False,37848,37848,3704.3125318387965,426.66176461237603,0.1841261006694568,0.1841261006694567,0.09563211562852615,0.6076975819651276,0.030543225533713803,0.0001056859015007398,0.3296817375715505,0.03515624999999994,0.031360598644578255,True,4200,True,4400,True,4600
101004,0.5,0.25,2,1024,7,0246,2.0739517499459907,0.855908203125,0.9572265625,False,55679,1024,60.51882077823224,4.697555738303498,0.1560088950563836,0.0416329190211696,0.0,0.2238006557705731,0.0,0.0,0.8492395031102233,0.0005261699129534164,0.0006309195810658705,True,3800,True,10800,False,20000
101004,0.5,0.25,2,1024,8,0247,1.5487197920447215,0.8224462890625,0.9955078125,False,39583,1024,80.33981260022838,7.575827923558471,0.1833955160503027,0.08967985855955428,0.0,0.1941788586150345,0.0,0.0,0.7101992832779886,0.001202635127453703,0.0011654473142931711,True,4400,True,4600,True,5600
101004,0.5,0.25,3,-1,7,0248,1.7398338339990005,0.9231787109375,0.9998046875,False,43911,43911,1655.4131179742249,91.20022023914014,0.1841261006694566,0.12058186893977076,0.0313527205195598,0.3570460932994973,2.277333697706725e-05,0.0,0.9782070779825902,0.007724027958066656,0.011606803332782932,True,2400,True,2600,True,3600
101004,0.5,0.25,3,-1,8,0249,1.5332287079654634,0.828642578125,0.999609375,False,37848,37848,3704.470892976128,426.7077183370169,0.1841261006694568,0.1841261006694567,0.09563211562852615,0.6076975819651276,0.030543225533713803,0.0,0.6471739223248214,0.03515624999999994,0.031360598644578255,True,4200,True,4400,True,4600
101004,0.5,0.5,0,-1,7,0250,1.4019028750481084,0.955400390625,0.9990234375,False,43122,43122,2444.464346282365,226.1977894591314,0.3670172723431317,0.22693104618030946,0.04503031167038225,0.3689378050719607,0.0,0.0,1.0,,,True,1400,True,1600,True,2000
101004,0.5,0.5,0,-1,8,0251,1.4676795420236886,0.8910693359375,0.999609375,False,41426,41426,7831.442055908512,1853.6784754540622,0.6935443790977108,0.4496669742408713,0.1789515786969677,2.07707937234116,0.0,0.0,1.0,,,True,3200,True,3400,True,3800
101004,0.5,0.5,1,-1,7,0252,1.6690580829745159,0.95419921875,0.9990234375,False,43220,43220,2473.3223201259084,217.39470114279897,0.1841261006694567,0.1841261006694567,0.04602685550526755,0.3980193994128508,0.027325312355391023,0.0,0.440094244452309,0.0078399350344169,0.011580494779615874,True,1600,True,1600,True,2200
101004,0.5,0.5,1,-1,8,0253,1.5923400829778984,0.881318359375,0.9994140625,False,40752,40752,6058.605348097698,982.7533165021173,0.1841261006694568,0.1841261006694567,0.17584543853766477,1.530419078187578,0.4642962308598351,0.0,0.3022798667610122,0.033083789727089,0.028890772743259987,True,3200,True,3400,True,3800
101004,0.5,0.5,2,-1,7,0254,1.7363560838857666,0.95419921875,0.9990234375,False,43220,43220,2473.3223201259084,217.39470114279897,0.1841261006694567,0.1841261006694567,0.04602685550526755,0.3980193994128508,0.027325312355391023,0.0,0.440094244452309,0.0078399350344169,0.011580494779615874,True,1600,True,1600,True,2200
101004,0.5,0.5,2,-1,8,0255,1.6503307920647785,0.88150390625,0.9990234375,False,40377,40377,6062.225618861073,989.3620216532066,0.1841261006694568,0.1841261006694567,0.177169942697694,0.62,0.49951705178690836,0.06954454268519207,0.0,0.03357021207927775,0.029475807054965223,True,3200,True,3400,True,3800
101004,0.5,0.5,2,1024,7,0256,1.9263739159796387,0.938271484375,0.993359375,False,51950,1024,94.8766683095746,11.273954527223102,0.1841261006694567,0.06967037661200715,0.0,0.3011234505036969,0.1357421875,0.0,0.4218888875869852,0.0004947916666666655,0.0005803920536573615,True,2000,True,2600,True,10800
101004,0.5,0.5,2,1024,8,0257,1.7342119999229908,0.8792578125,0.998046875,False,46475,1024,138.536142834953,21.161942419017844,0.1841261006694567,0.16080409726894582,0.0,0.3404090336192375,0.3681640625,0.0,0.344964842778742,0.0010563895239375993,0.0010179027703066147,True,3400,True,3400,True,5000
101004,0.5,0.5,3,-1,7,0258,1.725771583034657,0.95419921875,0.9990234375,False,43220,43220,2473.3223201259084,217.39470114279897,0.1841261006694567,0.1841261006694567,0.04602685550526755,0.3980193994128508,0.027325312355391023,0.0,0.440094244452309,0.0078399350344169,0.011580494779615874,True,1600,True,1600,True,2200
101004,0.5,0.5,3,-1,8,0259,1.653985874960199,0.881435546875,0.998828125,False,40464,40464,5903.219905811662,948.329808850743,0.1841261006694568,0.1841261006694567,0.17000081335008285,1.0,0.4495353894820087,0.013394622380387505,0.0,0.03256773188822157,0.028497537291378293,True,3200,True,3400,True,3800
101004,0.5,1.0,0,-1,7,0260,1.4010194160509855,0.9745556640625,0.9990234375,False,42702,42702,3942.308442046841,639.5427460335679,0.8230813505942731,0.4327629155995904,0.07032677264841125,0.4124339526260175,0.0,0.0,1.0,,,True,800,True,1000,True,1000
101004,0.5,1.0,0,-1,8,0261,1.4971323750214651,0.9172021484375,0.9990234375,False,42364,42364,23025.234614678637,20056.02139028598,6.361368380947125,2.125829921182201,0.4596908211698002,16.607687897839156,0.0,0.0,1.0,,,True,2600,True,2600,True,3000
101004,0.5,1.0,1,-1,7,0262,1.6587902080500498,0.9641552734375,0.999609375,False,42704,42704,3711.6346825440396,439.6207913962126,0.1841261006694568,0.1841261006694567,0.074967533820405,0.4175192069292479,0.11460284750843013,0.0,0.2382343698773641,0.008003664213246962,0.012312061723823639,True,1200,True,1200,True,1400
101004,0.5,1.0,1,-1,8,0263,1.6338036248926073,0.90208984375,0.998828125,False,41993,41993,7505.588864063942,1359.3348279836146,0.1841261006694568,0.1841261006694567,0.1841261006694567,1.676943787239353,0.902769509203915,0.0,0.1173072241557301,0.03473674803935571,0.030489078288841738,True,3000,True,3000,True,3600
101004,0.5,1.0,2,-1,7,0264,1.7173861250048503,0.9641552734375,0.999609375,False,42704,42704,3711.6346825440396,439.6207913962126,0.1841261006694568,0.1841261006694567,0.074967533820405,0.4175192069292479,0.11460284750843013,0.0,0.2382343698773641,0.008003664213246962,0.012312061723823639,True,1200,True,1200,True,1400
101004,0.5,1.0,2,-1,8,0265,1.708359666983597,0.9027294921875,0.9994140625,False,41790,41790,7327.954603306291,1309.7200799341456,0.1841261006694568,0.1841261006694567,0.1841261006694566,0.62,0.8942569992821249,0.1037329504666188,0.0,0.03533213874431676,0.03104424029871574,True,2800,True,3000,True,3400
101004,0.5,1.0,2,1024,7,0266,1.8178064589155838,0.9594482421875,0.9982421875,False,47733,1024,126.95051493703879,18.312649352157173,0.1841261006694567,0.12565493837108652,0.0,0.408170656820526,0.2666015625,0.0,0.2213738488135374,0.0004931279526218747,0.0005762618257634468,True,1400,True,1400,True,2800
101004,0.5,1.0,2,1024,8,0267,1.7692621669266373,0.903642578125,0.99765625,False,47016,1024,174.1040349320806,30.318538134400416,0.1841261006694568,0.1841261006694566,0.0,0.3948543068739612,0.720703125,0.0,0.1773117120096383,0.0010292373872724163,0.0009894044270390206,True,2800,True,3000,True,3200
101004,0.5,1.0,3,-1,7,0268,1.711147667025216,0.9641552734375,0.999609375,False,42704,42704,3711.6346825440396,439.6207913962126,0.1841261006694568,0.1841261006694567,0.074967533820405,0.4175192069292479,0.11460284750843013,0.0,0.2382343698773641,0.008003664213246962,0.012312061723823639,True,1200,True,1200,True,1400
101004,0.5,1.0,3,-1,8,0269,1.7061850830214098,0.902109375,0.9994140625,False,42148,42148,7523.7771191062775,1361.3828337916382,0.1841261006694569,0.1841261006694567,0.1841261006694567,0.9999999999999992,0.9051675049824428,0.008090538103824619,2.1124005686620354e-13,0.03483592538989587,0.03057012578196666,True,3000,True,3000,True,3600
101004,0.65,0.25,0,-1,7,0270,1.6025792910950258,0.9686962890625,0.9994140625,False,51343,51343,1659.4311304808652,85.4449469182434,0.1797761971590163,0.11478236001720117,0.025637624792943,0.4057764750320263,0.0,0.0,1.0,,,True,1400,True,2200,True,3600
101004,0.65,0.25,0,-1,8,0271,1.6736838329816237,0.9216650390625,0.9990234375,False,49134,49134,4001.5043372190125,423.4624052276743,0.2697575376746645,0.1942697132879667,0.0784133989498041,0.814893636904375,0.0,0.0,1.0,,,True,2400,True,3000,True,5600
101004,0.65,0.25,1,-1,7,0272,1.902475958922878,0.9686962890625,0.9994140625,False,51343,51343,1659.4311304808652,85.4449469182434,0.1797761971590163,0.11478236001720117,0.025637624792943,0.4057764750320263,0.0,0.0,1.0,0.006137674612004848,0.009412056739315285,True,1400,True,2200,True,3600
101004,0.65,0.25,1,-1,8,0273,1.82445800001733,0.9219580078125,0.998828125,False,49241,49241,3950.3378153928534,411.71443282621533,0.1841261006694568,0.1841261006694566,0.0771741456093299,0.9400425036227508,0.01423610405962511,0.0,0.6778553273718863,0.027695009197958288,0.024247464532435654,True,2400,True,3000,True,5000
101004,0.65,0.25,2,-1,7,0274,1.9563911670120433,0.9686962890625,0.9994140625,False,51343,51343,1659.4311304808652,85.4449469182434,0.1797761971590163,0.11478236001720117,0.025637624792943,0.4057764750320263,0.0,0.0,1.0,0.006137674612004848,0.009412056739315285,True,1400,True,2200,True,3600
101004,0.65,0.25,2,-1,8,0275,1.8847329169511795,0.92201171875,0.99921875,False,49170,49170,3954.4359347369855,413.6912867663716,0.1841261006694568,0.1841261006694566,0.0772145707313237,0.6199999528211281,0.015944681716493797,0.0005897905226764287,3.635941983934944e-06,0.02786541484475624,0.02433339529947117,True,2400,True,3000,True,5000
101004,0.65,0.25,2,1024,7,0276,3.15295524999965,0.6886181640625,0.7451171875,False,95709,1024,29.284293147865373,0.8997416118916953,0.0761601834346641,0.020459668114014517,0.0,0.2973646097777153,0.0,0.0,0.8360866752093986,8.241875002176702e-05,0.00010154682749271188,False,20000,False,20000,False,20000
101004,0.65,0.25,2,1024,8,0277,2.8922555410536006,0.722783203125,0.784375,False,85710,1024,46.22056531187115,2.72978035105281,0.1415579778671933,0.028112427633516533,0.0,0.2132872274097345,0.0,0.0,0.8864664313144724,0.00031534237302142807,0.00032278935995410805,False,20000,False,20000,False,20000
101004,0.65,0.25,3,-1,7,0278,1.955549041973427,0.9686962890625,0.9994140625,False,51343,51343,1659.4311304808652,85.4449469182434,0.1797761971590163,0.11478236001720117,0.025637624792943,0.4057764750320263,0.0,0.0,1.0,0.006137674612004848,0.009412056739315285,True,1400,True,2200,True,3600
101004,0.65,0.25,3,-1,8,0279,1.892421833006665,0.9219580078125,0.998828125,False,49241,49241,3950.3378153928534,411.71443282621533,0.1841261006694568,0.1841261006694566,0.0771741456093299,0.9400425036227508,0.01423610405962511,0.0,0.6778553273718863,0.027695009197958288,0.024247464532435654,True,2400,True,3000,True,5000
101004,0.65,0.5,0,-1,7,0280,1.4921955830650404,0.9797021484375,0.998828125,False,47611,47611,2372.574218132003,206.66487426256884,0.3846061090792458,0.21470666038713687,0.0388444767063788,0.4184220171070226,0.0,0.0,1.0,,,True,1000,True,1200,True,1600
101004,0.65,0.5,0,-1,8,0281,1.59406116604805,0.9348193359375,0.9990234375,False,46929,46929,6936.999116771017,1423.1991515623483,0.8215049022303517,0.39719382118844415,0.13454891139304,3.3722388265564676,0.0,0.0,1.0,,,True,1800,True,2000,True,3800
101004,0.65,0.5,1,-1,7,0282,1.7888045830186456,0.9782861328125,0.9994140625,False,48158,48158,2383.44028037513,197.3879463945456,0.1841261006694567,0.1841261006694567,0.03925413230795905,0.4183259631521448,0.022654595290502098,0.0,0.4727860175827105,0.006367393797932466,0.009459533484398538,True,1000,True,1200,True,1600
101004,0.65,0.5,1,-1,8,0283,1.7471988750621676,0.9397412109375,0.9990234375,False,46891,46891,5851.848964241148,886.8070459951957,0.1841261006694568,0.1841261006694567,0.1359360168947058,1.2568146508490592,0.32087180908916424,0.0,0.3078229446171639,0.02549315111553029,0.0223313109125418,True,1800,True,2000,True,2800
101004,0.65,0.5,2,-1,7,0284,1.863923666998744,0.9782861328125,0.9994140625,False,48158,48158,2383.44028037513,197.3879463945456,0.1841261006694567,0.1841261006694567,0.03925413230795905,0.4183259631521448,0.022654595290502098,0.0,0.4727860175827105,0.006367393797932466,0.009459533484398538,True,1000,True,1200,True,1600
101004,0.65,0.5,2,-1,8,0285,1.8224808329250664,0.9396630859375,0.9990234375,False,46605,46605,5894.2070610601,898.9772405624877,0.1841261006694568,0.1841261006694567,0.1396352102802327,0.62,0.342280871151164,0.03478167578585989,0.0,0.026284048899438493,0.02275786865679643,True,1800,True,2000,True,2800
101004,0.65,0.5,2,1024,7,0286,3.281258791917935,0.7329345703125,0.773046875,False,101894,1024,51.72307421926462,2.935325212256661,0.1526066440004468,0.015747548631375646,0.0,0.3499558368614003,0.0,0.0,0.4713542641745978,7.438093856524067e-05,8.907017239320565e-05,False,20000,False,20000,False,20000
101004,0.65,0.5,2,1024,8,0287,2.5360334999859333,0.907333984375,0.97734375,False,77512,1024,94.31064908418443,11.166997991313098,0.1841261006694567,0.0599332962550867,0.0,0.3807246753641334,0.134765625,0.0,0.3658764740473819,0.00040046386634757554,0.0004025703950141044,True,2200,True,4800,False,20000
101004,0.65,0.5,3,-1,7,0288,1.8646080419421196,0.9782861328125,0.9994140625,False,48158,48158,2383.44028037513,197.3879463945456,0.1841261006694567,0.1841261006694567,0.03925413230795905,0.4183259631521448,0.022654595290502098,0.0,0.4727860175827105,0.006367393797932466,0.009459533484398538,True,1000,True,1200,True,1600
101004,0.65,0.5,3,-1,8,0289,1.8241540410090238,0.9396337890625,0.9982421875,False,46725,46725,5860.66347116708,890.0767683456154,0.1841261006694568,0.1841261006694567,0.1371408321420795,0.9999999999966928,0.3247726056714821,0.0007276618512573569,3.854419411771715e-09,0.025588168249509494,0.022428649456037047,True,1800,True,2000,True,2800
101004,0.65,1.0,0,-1,7,0290,1.4534629579866305,0.9856005859375,0.99921875,False,45234,45234,3647.184511321001,560.2471559194934,0.8151284017434962,0.40658139657592407,0.060104276559783704,0.4199996704521588,0.0,0.0,1.0,,,True,600,True,800,True,800
101004,0.65,1.0,0,-1,8,0291,1.6020553329726681,0.958193359375,0.9986328125,False,46575,46575,19545.695883011325,14610.112740125041,10.297402426514385,1.5962627873361563,0.3554133426348241,21.152779506143887,0.0,0.0,1.0,,,True,1400,True,1600,True,2600
101004,0.65,1.0,1,-1,7,0292,1.751678750035353,0.9823095703125,0.9990234375,False,46916,46916,3566.6387255070404,405.0162363945269,0.1841261006694567,0.1841261006694567,0.0628046773978864,0.419999518137151,0.0939125245118936,0.0,0.2468158217999723,0.006768424329297715,0.010495998666499659,True,800,True,1000,True,1200
101004,0.65,1.0,1,-1,8,0293,1.779915291001089,0.9370654296875,0.9984375,False,48018,48018,7553.612477215649,1309.5303491334248,0.1841261006694568,0.1841261006694567,0.1841261006694566,2.1799505810640656,0.6958223999333584,0.0,0.1371079978322344,0.025298436805815828,0.021904253352909277,True,2000,True,2200,True,3200
101004,0.65,1.0,2,-1,7,0294,1.8235452909721062,0.9823095703125,0.9990234375,False,46916,46916,3566.558154784265,405.0089975406864,0.1841261006694567,0.1841261006694567,0.06280467739951451,0.4199994711749454,0.0939125245118936,0.0005968113223633728,0.0055720591556706,0.006768424329297715,0.010495998666499659,True,800,True,1000,True,1200
101004,0.65,1.0,2,-1,8,0295,1.8376407499890774,0.935634765625,0.998828125,False,47145,47145,7273.289059432345,1247.781721404838,0.1841261006694568,0.1841261006694567,0.1841261006694566,0.62,0.6907201187824796,0.06501219641531446,0.0,0.025934870700321654,0.02241140199119732,True,2000,True,2200,True,4400
101004,0.65,1.0,2,1024,7,0296,3.420320124947466,0.811474609375,0.8345703125,False,109933,1024,84.32157758774666,8.830533628544881,0.1841261006694567,0.0,0.0,0.4169009469956167,0.0263671875,0.0,0.2374783821229321,6.82666042422806e-05,7.781965303108835e-05,False,20000,False,20000,False,20000
101004,0.65,1.0,2,1024,8,0297,2.530800334061496,0.8791259765625,0.9470703125,False,74829,1024,130.5970531123516,19.727801184851963,0.1841261006694568,0.09979036461036057,0.0,0.4577823883165338,0.3076171875,0.0,0.0493662929431227,0.000358849426692859,0.0003631143590720167,True,2600,True,18000,False,20000
101004,0.65,1.0,3,-1,7,0298,1.8328930410789326,0.9823095703125,0.9990234375,False,46916,46916,3566.6387255070404,405.0162363945269,0.1841261006694567,0.1841261006694567,0.0628046773978864,0.419999518137151,0.0939125245118936,0.0,0.2468158217999723,0.006768424329297715,0.010495998666499659,True,800,True,1000,True,1200
101004,0.65,1.0,3,-1,8,0299,1.8680230000754818,0.93728515625,0.999609375,False,48604,48604,7636.388572992281,1324.023936144828,0.1841261006694568,0.1841261006694567,0.1841261006694566,1.0,0.7048596823306724,0.012159493045839848,0.0,0.024806160929827396,0.02143284514048907,True,2000,True,2200,True,3200
101005,0.5,0.25,0,-1,7,0300,1.413791959057562,0.91021484375,0.99921875,False,43680,43680,1621.42026325453,87.9284884333903,0.1757501192869879,0.12061952225557265,0.030864627190639,0.3386411765274294,0.0,0.0,1.0,,,True,2600,True,2800,True,4200
101005,0.5,0.25,0,-1,8,0301,1.4157816249644384,0.848544921875,0.9984375,False,39543,39543,4037.2102552861497,478.2798070664813,0.2620709782732788,0.20533047155103626,0.0995775092192743,0.7186873179785259,0.0,0.0,1.0,,,True,4000,True,4200,True,5200
101005,0.5,0.25,1,-1,7,0302,1.6705354580190033,0.91021484375,0.99921875,False,43680,43680,1621.42026325453,87.9284884333903,0.1757501192869879,0.12061952225557265,0.030864627190639,0.3386411765274294,0.0,0.0,1.0,0.007415333283253166,0.011363811562786126,True,2600,True,2800,True,4200
101005,0.5,0.25,1,-1,8,0303,1.5483460000250489,0.848564453125,0.9998046875,False,39731,39731,3936.9201204570804,454.38406178511804,0.1841261006694568,0.1841261006694567,0.0971144319861318,0.6977441270278214,0.025748156351463592,0.0,0.6717053535157768,0.035765824649937446,0.03150615296724634,True,4000,True,4200,True,4800
101005,0.5,0.25,2,-1,7,0304,1.743929999996908,0.91021484375,0.99921875,False,43680,43680,1621.42026325453,87.9284884333903,0.1757501192869879,0.12061952225557265,0.030864627190639,0.3386411765274294,0.0,0.0,1.0,0.007415333283253166,0.011363811562786126,True,2600,True,2800,True,4200
101005,0.5,0.25,2,-1,8,0305,1.6250418749405071,0.8485107421875,0.9986328125,False,39763,39763,3936.2779161177814,453.9851068615117,0.1841261006694568,0.1841261006694567,0.0968993078246602,0.6199999898462851,0.02582803108417373,0.0006790232125342655,2.1706620641990443e-05,0.03572335357828462,0.03144284508106358,True,4000,True,4200,True,4800
101005,0.5,0.25,2,1024,7,0306,2.131804208038375,0.848798828125,0.9525390625,False,57964,1024,59.39021109611709,4.577205273998269,0.1609536982341371,0.038803485692463044,0.0,0.2254176833329036,0.0,0.0,0.9438696418397932,0.00047548707495169304,0.0005698546457715122,True,3800,True,11200,False,20000
101005,0.5,0.25,2,1024,8,0307,1.6848683749558404,0.8252197265625,0.99296875,False,42811,1024,85.08319969010152,8.533525630418096,0.1698001410343218,0.09333263597981209,0.0,0.1849794461027785,0.0,0.0,0.7891969009153628,0.0012643417433603496,0.0012335407858572157,True,4800,True,5200,True,19200
101005,0.5,0.25,3,-1,7,0308,1.734132417012006,0.91021484375,0.99921875,False,43680,43680,1621.42026325453,87.9284884333903,0.1757501192869879,0.12061952225557265,0.030864627190639,0.3386411765274294,0.0,0.0,1.0,0.007415333283253166,0.011363811562786126,True,2600,True,2800,True,4200
101005,0.5,0.25,3,-1,8,0309,1.6105668749660254,0.848564453125,0.9998046875,False,39731,39731,3936.9201204570804,454.38406178511804,0.1841261006694568,0.1841261006694567,0.0971144319861318,0.6977441270278214,0.025748156351463592,0.0,0.6717053535157768,0.035765824649937446,0.03150615296724634,True,4000,True,4200,True,4800
101005,0.5,0.5,0,-1,7,0310,1.398717000032775,0.950986328125,0.9994140625,False,42852,42852,2427.356411840413,223.8067901278373,0.3524905474687523,0.22887637644433956,0.04509677595079295,0.4055785279547713,0.0,0.0,1.0,,,True,1600,True,1600,True,1800
101005,0.5,0.5,0,-1,8,0311,1.4916790829738602,0.8978564453125,0.9986328125,False,42504,42504,8088.632639146495,1935.4777394601688,0.7333113810149426,0.44962844963266696,0.18018409981236538,2.3838067680014565,0.0,0.0,1.0,,,True,3000,True,3200,True,3400
101005,0.5,0.5,1,-1,7,0312,1.6504112919792533,0.947451171875,0.9990234375,False,43003,43003,2426.3016910070473,210.95186272434725,0.1841261006694567,0.1841261006694567,0.0454912622743732,0.3864142318353732,0.028137571797316466,0.0,0.5097742926441376,0.007695026970017556,0.011377832348421385,True,1600,True,1600,True,2000
101005,0.5,0.5,1,-1,8,0313,1.6248785420320928,0.89486328125,0.9982421875,False,41732,41732,6432.787977240411,1068.8500900716397,0.1841261006694568,0.1841261006694567,0.1841261006694566,1.1164639192539525,0.5353206172721173,0.0,0.3009605549022161,0.03645104788192109,0.03157675951607874,True,3000,True,3200,True,3800
101005,0.5,0.5,2,-1,7,0314,1.7143685420742258,0.947451171875,0.9990234375,False,43003,43003,2426.3016910070473,210.95186272434725,0.1841261006694567,0.1841261006694567,0.0454912622743732,0.3864142318353732,0.028137571797316466,0.0,0.5097742926441376,0.007695026970017556,0.011377832348421385,True,1600,True,1600,True,2000
101005,0.5,0.5,2,-1,8,0315,1.6972142499871552,0.894755859375,0.9990234375,False,41946,41946,6444.204841419639,1069.5134076202578,0.1841261006694568,0.1841261006694567,0.1841261006694566,0.62,0.5478949125065561,0.028632050731893385,0.0,0.035835238684856656,0.03118511002240971,True,3000,True,3200,True,3800
101005,0.5,0.5,2,1024,7,0316,1.9341971670510247,0.9331591796875,0.9923828125,False,52255,1024,89.00809219207817,10.184116008080082,0.1841261006694567,0.06568121030628288,0.0,0.3569602531752602,0.1201171875,0.0,0.4618425933512135,0.0004468559129110441,0.0005289740016904272,True,1800,True,2000,True,11800
101005,0.5,0.5,2,1024,8,0317,1.7992354169255123,0.8971484375,0.9970703125,False,48411,1024,137.9527808283504,21.143046998578725,0.1841261006694567,0.15777890316016915,0.0,0.4782489649340953,0.369140625,0.0,0.3498479047129709,0.0010215535122871508,0.0009695304269690757,True,3000,True,3000,True,4200
101005,0.5,0.5,3,-1,7,0318,1.7213990830350667,0.947451171875,0.9990234375,False,43003,43003,2426.3016910070473,210.95186272434725,0.1841261006694567,0.1841261006694567,0.0454912622743732,0.3864142318353732,0.028137571797316466,0.0,0.5097742926441376,0.007695026970017556,0.011377832348421385,True,1600,True,1600,True,2000
101005,0.5,0.5,3,-1,8,0319,1.6967735830694437,0.8948779296875,0.9984375,False,41779,41779,6437.4804155651345,1069.3940815464725,0.1841261006694568,0.1841261006694567,0.1841261006694566,0.9999999999996828,0.5343593671461739,0.000287225639675435,2.315436488178269e-09,0.03642241766198324,0.03156480441230437,True,3000,True,3200,True,3800
101005,0.5,1.0,0,-1,7,0320,1.3945388750871643,0.9715966796875,0.99921875,False,42593,42593,3884.3730463455295,619.7467667295765,0.7439132799655008,0.4317946146113979,0.0699472400103186,0.413947162100814,0.0,0.0,1.0,,,True,1000,True,1000,True,1000
101005,0.5,1.0,0,-1,8,0321,1.50820508308243,0.924609375,0.998828125,False,42400,42400,21984.89741999569,28948.18425289353,33.081638254953084,2.429016202360355,0.420910332165461,64.9815501626039,0.0,0.0,1.0,,,True,2200,True,2400,True,2600
101005,0.5,1.0,1,-1,7,0322,1.6531121670268476,0.9600244140625,0.9994140625,False,42836,42836,3692.2013269969766,436.1533186389163,0.1841261006694568,0.1841261006694567,0.07383899590715245,0.4191057724480388,0.11537024932299934,0.0,0.2562160311756242,0.007996009368093776,0.012438894550825582,True,1200,True,1400,True,1400
101005,0.5,1.0,1,-1,8,0323,1.6284498340683058,0.9037255859375,0.998828125,False,41768,41768,7447.164805667066,1346.381296977481,0.1841261006694568,0.1841261006694567,0.1841261006694567,1.6915185690337378,0.8940337100172381,0.0,0.1396262292690516,0.0343511673360387,0.029935381527125975,True,2800,True,3000,True,3800
101005,0.5,1.0,2,-1,7,0324,1.7149913330795243,0.9600244140625,0.9994140625,False,42836,42836,3692.200090246178,436.1530321154828,0.1841261006694568,0.1841261006694567,0.07383899590715245,0.4191057724480388,0.11537024932299934,2.334485012606219e-05,0.2562160311756242,0.007996009368093776,0.012438894550825582,True,1200,True,1400,True,1400
101005,0.5,1.0,2,-1,8,0325,1.7100724169285968,0.9045849609375,0.998828125,False,42101,42101,7371.220683382868,1316.8760585788648,0.1841261006694569,0.1841261006694567,0.1841261006694566,0.62,0.872544595140258,0.07009334695137882,0.0,0.034032455063418864,0.030000586387496676,True,2800,True,2800,True,3200
101005,0.5,1.0,2,1024,7,0326,1.7856363749597222,0.9570361328125,0.99921875,False,46357,1024,119.55410185230156,16.842687731614593,0.1841261006694567,0.1227680740257824,0.0,0.4189316865280922,0.232421875,0.0,0.220475559881853,0.00045661253963802547,0.000540879860826483,True,1400,True,1400,True,1800
101005,0.5,1.0,2,1024,8,0327,1.7783706670161337,0.9009765625,0.9953125,False,46813,1024,175.37362397920123,30.617436877666826,0.1841261006694567,0.1841261006694566,0.0,0.4151257156716249,0.7275390625,0.0,0.1545069672496943,0.0010542054735507929,0.0010484450766880978,True,2800,True,3000,True,5000
101005,0.5,1.0,3,-1,7,0328,1.7213287920458242,0.9600244140625,0.9994140625,False,42836,42836,3692.2013269969766,436.1533186389163,0.1841261006694568,0.1841261006694567,0.07383899590715245,0.4191057724480388,0.11537024932299934,0.0,0.2562160311756242,0.007996009368093776,0.012438894550825582,True,1200,True,1400,True,1400
101005,0.5,1.0,3,-1,8,0329,1.7086076659616083,0.9037548828125,0.9990234375,False,42148,42148,7491.465661438807,1351.3946042379955,0.1841261006694568,0.1841261006694567,0.1841261006694567,1.0,0.8951551675049825,0.019384075163708835,0.0,0.03446672168113942,0.030101430771724978,True,2800,True,3000,True,3800
101005,0.65,0.25,0,-1,7,0330,1.5824591250857338,0.9707958984375,0.9990234375,False,51065,51065,1674.7302077996537,88.02967361764598,0.1860197717451525,0.11832057651812021,0.0258364793732886,0.4084148500165543,0.0,0.0,1.0,,,True,1400,True,2000,True,3600
101005,0.65,0.25,0,-1,8,0331,1.5929038749309257,0.9199951171875,0.999609375,False,46438,46438,3754.830212999485,390.3177435916076,0.2672973865075363,0.1866038926674984,0.07852484631367924,0.8233203430610786,0.0,0.0,1.0,,,True,2400,True,2600,True,4400
101005,0.65,0.25,1,-1,7,0332,1.877310874988325,0.9707958984375,0.9990234375,False,51065,51065,1674.7283141285784,88.02897268311361,0.1841261006694566,0.11832057651812021,0.0258364793732886,0.4084148500165543,1.9582884558895525e-05,0.0,0.9898200548364816,0.006245963579914455,0.009690368586605269,True,1400,True,2000,True,3600
101005,0.65,0.25,1,-1,8,0333,1.7515201249625534,0.919912109375,0.9990234375,False,46625,46625,3762.6914194380024,389.65908708966174,0.1841261006694568,0.1841261006694566,0.07851844253576,0.7486976676133277,0.012246648793565684,0.0,0.6918560562486482,0.029265189343163484,0.02554101318141192,True,2400,True,2600,True,4400
101005,0.65,0.25,2,-1,7,0334,2.0018953339895234,0.9707958984375,0.9990234375,False,51065,51065,1674.7283141285784,88.02897268311361,0.1841261006694566,0.11832057651812021,0.0258364793732886,0.4084148500165543,1.9582884558895525e-05,0.0,0.9898200548364816,0.006245963579914455,0.009690368586605269,True,1400,True,2000,True,3600
101005,0.65,0.25,2,-1,8,0335,1.8797697090776637,0.9198974609375,0.9982421875,False,46577,46577,3751.5857948314238,387.7030156465634,0.1841261006694568,0.1841261006694566,0.0783202703807056,0.6199999999985818,0.012366618717392705,0.0025549090752946734,3.868267417945909e-09,0.029290462008251514,0.025575248714494223,True,2400,True,2600,True,4400
101005,0.65,0.25,2,1024,7,0336,3.1102390000596642,0.7411572265625,0.7984375,False,91316,1024,28.687617656775974,0.8651846311910658,0.0781499649109882,0.020486142941303954,0.0,0.3201127081927602,0.0,0.0,0.9281156196573376,8.637017791697658e-05,0.00010664874697935334,False,20000,False,20000,False,20000
101005,0.65,0.25,2,1024,8,0337,2.624906125012785,0.84796875,0.9294921875,False,76613,1024,48.41921813521668,3.1802130567089475,0.1472018348489873,0.029235298015438557,0.0,0.2276966884228084,0.0,0.0,0.8874311740831847,0.00037929743755411323,0.00038136410161025675,True,3400,False,20000,False,20000
101005,0.65,0.25,3,-1,7,0338,1.9450375000014901,0.9707958984375,0.9990234375,False,51065,51065,1674.7283141285784,88.02897268311361,0.1841261006694566,0.11832057651812021,0.0258364793732886,0.4084148500165543,1.9582884558895525e-05,0.0,0.9898200548364816,0.006245963579914455,0.009690368586605269,True,1400,True,2000,True,3600
101005,0.65,0.25,3,-1,8,0339,1.8186754579655826,0.919912109375,0.9990234375,False,46625,46625,3762.6914194380024,389.65908708966174,0.1841261006694568,0.1841261006694566,0.07851844253576,0.7486976676133277,0.012246648793565684,0.0,0.6918560562486482,0.029265189343163484,0.02554101318141192,True,2400,True,2600,True,4400
101005,0.65,0.5,0,-1,7,0340,1.4941559589933604,0.979775390625,1.0,False,47258,47258,2376.8884796886514,211.87463776296843,0.3591822433832337,0.22171289322899448,0.0389584585947459,0.4195488289368251,0.0,0.0,1.0,,,True,1000,True,1200,True,1600
101005,0.65,0.5,0,-1,8,0341,1.611234291922301,0.949453125,0.9984375,False,47713,47713,7303.961828761953,1530.2330539565714,0.7151361551016525,0.4040433593703484,0.1414748201547071,2.1564974607944936,0.0,0.0,1.0,,,True,1600,True,1600,True,2600
101005,0.65,0.5,1,-1,7,0342,1.7909341250779107,0.9787158203125,0.9984375,False,48352,48352,2401.324826127056,199.29557040901997,0.1841261006694567,0.1841261006694567,0.03921752840025665,0.4189646854239175,0.02163302448709464,0.0,0.4780452682909947,0.0064736232256852174,0.009611608512402066,True,1000,True,1200,True,1800
101005,0.65,0.5,1,-1,8,0343,1.7668230410199612,0.9420361328125,0.9990234375,False,47611,47611,6271.544526907488,982.9314231761241,0.1841261006694568,0.1841261006694567,0.1527584575264225,1.5818145516207696,0.38688538362983343,0.0,0.3007652141702906,0.02719691385656671,0.02393375808636654,True,1800,True,1800,True,3000
101005,0.65,0.5,2,-1,7,0344,1.9146441250341013,0.9787158203125,0.9984375,False,48352,48352,2401.3245330226173,199.2954624655722,0.1841261006694567,0.1841261006694567,0.03921752840025665,0.4189646854239175,0.02163302448709464,4.1363335539377896e-05,0.4379220907368203,0.0064736232256852174,0.009611608512402066,True,1000,True,1200,True,1800
101005,0.65,0.5,2,-1,8,0345,1.8993182079866529,0.9418701171875,0.9994140625,False,47381,47381,6095.2160577512805,941.2641032104739,0.1841261006694568,0.1841261006694567,0.1451696911542298,0.62,0.36246596737088704,0.013254258035921573,0.0,0.027512833137227948,0.024165279968939673,True,1800,True,1800,True,3000
101005,0.65,0.5,2,1024,7,0346,3.244962374912575,0.7427490234375,0.7765625,False,96996,1024,50.348205451696685,2.835001445463106,0.1431597627058433,0.018267437046039614,0.0,0.3980193994128508,0.0,0.0,0.4608828795479673,7.733351547142805e-05,9.36189540032575e-05,False,20000,False,20000,False,20000
101005,0.65,0.5,2,1024,8,0347,2.1694891250226647,0.90875,0.990625,False,58727,1024,78.88387424522216,8.538249290033999,0.1841261006694567,0.0603944823508701,0.0,0.3952825413652381,0.0869140625,0.0,0.3724399620858652,0.0004200846714458417,0.0004185681202853873,True,3400,True,7200,False,20000
101005,0.65,0.5,3,-1,7,0348,1.8705020420020446,0.9787158203125,0.9984375,False,48352,48352,2401.324826127056,199.29557040901997,0.1841261006694567,0.1841261006694567,0.03921752840025665,0.4189646854239175,0.02163302448709464,0.0,0.4780452682909947,0.0064736232256852174,0.009611608512402066,True,1000,True,1200,True,1800
101005,0.65,0.5,3,-1,8,0349,1.8650683750165626,0.941845703125,0.99921875,False,47785,47785,6323.335527098973,992.8226081484336,0.1841261006694568,0.1841261006694567,0.1538411259309002,1.0,0.39688186669456943,0.004227267971120645,0.0,0.02736461439695157,0.02394000579854203,True,1800,True,1800,True,3000
101005,0.65,1.0,0,-1,7,0350,1.4581373339751735,0.9849853515625,0.99921875,False,45419,45419,3689.9712567032643,571.8796708222477,0.8328244076328019,0.4167682020348091,0.0607595958725564,0.4199980357417993,0.0,0.0,1.0,,,True,600,True,600,True,1000
101005,0.65,1.0,0,-1,8,0351,1.6331507089780644,0.963515625,0.9990234375,False,47580,47580,18750.462181594005,12765.093779952493,12.83552591239522,1.453308664008246,0.33545238035132163,24.855077779547255,0.0,0.0,1.0,,,True,1200,True,1400,True,2400
101005,0.65,1.0,1,-1,7,0352,1.7590557920048013,0.9800732421875,0.999609375,False,46894,46894,3602.6339369249235,410.4102755330717,0.1841261006694567,0.1841261006694567,0.06444288287580996,0.4199987428747515,0.09574785686868256,0.0,0.2032480380623525,0.006734406431704092,0.010424953585479974,True,800,True,1000,True,1400
101005,0.65,1.0,1,-1,8,0353,1.7480688340729102,0.939951171875,0.9998046875,False,46199,46199,7402.553120877085,1304.2033989546426,0.1841261006694568,0.1841261006694567,0.1841261006694566,1.7491170425563125,0.7483928223554622,0.0,0.1348223654466872,0.027781975349394236,0.024138055725412475,True,2000,True,2000,True,3400
101005,0.65,1.0,2,-1,7,0354,1.8347827909747139,0.9800732421875,0.999609375,False,46894,46894,3602.6145834284935,410.40846586638645,0.1841261006694567,0.1841261006694567,0.06444288287580996,0.4199987428747515,0.09574785686868256,0.00029854565616070286,0.0052908064397084,0.006734406431704092,0.010424953585479974,True,800,True,1000,True,1400
101005,0.65,1.0,2,-1,8,0355,1.877161958022043,0.939990234375,0.999609375,False,46898,46898,7322.348457884353,1270.6679933496234,0.1841261006694568,0.1841261006694567,0.1841261006694566,0.62,0.7327391359972707,0.08682673035097445,0.0,0.027923687666140652,0.024052489911616647,True,2000,True,2000,True,3400
101005,0.65,1.0,2,1024,7,0356,3.2668382090050727,0.7998486328125,0.8380859375,False,100138,1024,87.46511205641998,9.279863687762791,0.1841261006694567,0.010821618319374594,0.0,0.413947162100814,0.0234375,0.0,0.2412066212319173,7.977402642686392e-05,9.325087108956272e-05,False,20000,False,20000,False,20000
101005,0.65,1.0,2,1024,8,0357,2.365487250033766,0.8581884765625,0.9376953125,False,63213,1024,107.77507860249924,16.228282141579076,0.1841261006694567,0.100118145311758,0.0,0.4199876874487812,0.2587890625,0.001953125,0.0013216076616218,0.00036726029455966264,0.0003627986925157792,True,5000,False,20000,False,20000
101005,0.65,1.0,3,-1,7,0358,1.8722671249415725,0.9800732421875,0.999609375,False,46894,46894,3602.6339369249235,410.4102755330717,0.1841261006694567,0.1841261006694567,0.06444288287580996,0.4199987428747515,0.09574785686868256,0.0,0.2032480380623525,0.006734406431704092,0.010424953585479974,True,800,True,1000,True,1400
101005,0.65,1.0,3,-1,8,0359,1.8412387080024928,0.939970703125,0.998828125,False,46403,46403,7384.830481410895,1297.0096988356788,0.1841261006694568,0.1841261006694567,0.1841261006694566,1.0,0.7502963170484667,0.017563519600025862,0.0,0.02785752896723626,0.024052144617086487,True,2000,True,2000,True,3400
101006,0.5,0.25,0,-1,7,0360,1.4496601250721142,0.9304833984375,0.99921875,False,44796,44796,1699.2057475459756,94.82772751183808,0.1978935821684658,0.1238857855774822,0.03140072103455855,0.3093215603243881,0.0,0.0,1.0,,,True,2200,True,2400,True,3200
101006,0.5,0.25,0,-1,8,0361,1.4385717500699684,0.87015625,0.99921875,False,40624,40624,3592.235518954808,379.4515929019372,0.2584309800465483,0.18495606960751254,0.08509931069176621,0.5038805805456292,0.0,0.0,1.0,,,True,3400,True,3400,True,3800
101006,0.5,0.25,1,-1,7,0362,1.7896021250635386,0.9302001953125,0.9986328125,False,44646,44646,1691.74243368364,93.81241536108101,0.1841261006694567,0.12215363021133051,0.03145436193344925,0.3139817051528349,0.00015678896205707118,0.0,0.8340898040064925,0.007925161443634329,0.011979159375513252,True,2200,True,2400,True,3200
101006,0.5,0.25,1,-1,8,0363,1.6375146249774843,0.87005859375,0.998828125,False,40332,40332,3657.6821222292897,391.99721598454704,0.1841261006694568,0.1841261006694566,0.08781551810682989,0.9601030641658396,0.012793811365664981,0.0,0.6604296507920808,0.03399140971085815,0.03082492461011102,True,3400,True,3400,True,3800
101006,0.5,0.25,2,-1,7,0364,1.8569542500190437,0.9302001953125,0.9986328125,False,44646,44646,1691.74243368364,93.81241536108101,0.1841261006694567,0.12215363021133051,0.03145436193344925,0.3139817051528349,0.00015678896205707118,0.0,0.8340898040064925,0.007925161443634329,0.011979159375513252,True,2200,True,2400,True,3200
101006,0.5,0.25,2,-1,8,0365,1.706777667044662,0.8703564453125,0.9994140625,False,40510,40510,3608.507232481437,380.5008382269382,0.1841261006694568,0.18363279175841676,0.0866281155904326,0.619999999782599,0.009800049370525796,0.0015304862996790916,6.980970948243545e-07,0.03351245577223725,0.030453504921624238,True,3400,True,3400,True,3800
101006,0.5,0.25,2,1024,7,0366,2.187353290966712,0.8272900390625,0.940234375,False,57834,1024,60.594135533496804,4.663935537041826,0.1461636480768839,0.04003534351784758,0.0,0.1911627418230915,0.0,0.0,0.8892789111463815,0.0005152475727945488,0.0006110250170026846,True,6000,False,20000,False,20000
101006,0.5,0.25,2,1024,8,0367,1.724329874967225,0.860029296875,0.997265625,False,45928,1024,84.12580921054636,8.422755740808734,0.1684586465312134,0.08774841420062088,0.0,0.1813195038277705,0.0,0.0,0.8013326817389588,0.0011584963829254472,0.0011586041149552909,True,3800,True,3800,True,4000
101006,0.5,0.25,3,-1,7,0368,1.7985621249536052,0.9302001953125,0.9986328125,False,44646,44646,1691.74243368364,93.81241536108101,0.1841261006694567,0.12215363021133051,0.03145436193344925,0.3139817051528349,0.00015678896205707118,0.0,0.8340898040064925,0.007925161443634329,0.011979159375513252,True,2200,True,2400,True,3200
101006,0.5,0.25,3,-1,8,0369,1.6456433749990538,0.87005859375,0.998828125,False,40332,40332,3657.6821222292897,391.99721598454704,0.1841261006694568,0.1841261006694566,0.08781551810682989,0.9601030641658396,0.012793811365664981,0.0,0.6604296507920808,0.03399140971085815,0.03082492461011102,True,3400,True,3400,True,3800
101006,0.5,0.5,0,-1,7,0370,1.4484849999425933,0.9582861328125,0.99921875,False,43619,43619,2501.261193070476,237.05439174832014,0.4286538613369129,0.2351713694028896,0.0451614649261208,0.3894760411159167,0.0,0.0,1.0,,,True,1400,True,1400,True,1800
101006,0.5,0.5,0,-1,8,0371,1.4917712080059573,0.90333984375,0.99921875,False,41278,41278,8589.2557336105,2209.333151127664,1.2335327146634767,0.4791660387547877,0.19799533195422314,4.6402894587037915,0.0,0.0,1.0,,,True,2800,True,2800,True,3400
101006,0.5,0.5,1,-1,7,0372,1.6966930000344291,0.954677734375,0.9984375,False,43687,43687,2488.4977096925404,218.32993218214537,0.1841261006694567,0.1841261006694567,0.0459729796632011,0.3955771104587231,0.026941653123354774,0.0,0.5132232005921146,0.007843422504597056,0.011504554653939724,True,1400,True,1600,True,1800
101006,0.5,0.5,1,-1,8,0373,1.6315965000540018,0.88638671875,0.9990234375,False,41605,41605,6352.645804115059,1048.1283003627298,0.1841261006694568,0.1841261006694567,0.1841261006694566,1.4237687322474106,0.5088571085206105,0.0,0.2737368272266936,0.03462976768116807,0.03025210123482749,True,3400,True,3400,True,3600
101006,0.5,0.5,2,-1,7,0374,1.768875583074987,0.954677734375,0.9984375,False,43687,43687,2488.4977096925404,218.32993218214537,0.1841261006694567,0.1841261006694567,0.0459729796632011,0.3955771104587231,0.026941653123354774,0.0,0.5132232005921146,0.007843422504597056,0.011504554653939724,True,1400,True,1600,True,1800
101006,0.5,0.5,2,-1,8,0375,1.7070125839672983,0.8862939453125,0.99765625,False,41219,41219,6290.111232702613,1037.0742572704519,0.1841261006694568,0.1841261006694567,0.1835498538330177,0.62,0.5212159441034474,0.04240762755040151,0.0,0.03453038192338479,0.030287218374212485,True,3400,True,3400,True,3600
101006,0.5,0.5,2,1024,7,0376,2.02185204194393,0.941181640625,0.9900390625,False,54327,1024,95.77812865208229,11.460275874064468,0.1841261006694567,0.0688040692214558,0.0,0.3335257245202473,0.134765625,0.0,0.4688210312806015,0.000505770946843496,0.0005928173759517968,True,1600,True,1800,True,12200
101006,0.5,0.5,2,1024,8,0377,1.6995210419408977,0.883232421875,0.99765625,False,42533,1024,140.79893656409126,21.76936633016935,0.1841261006694567,0.17408183640034056,0.0,0.2841858580930862,0.369140625,0.0,0.3674401837971279,0.001204609998902811,0.0011926860467166654,True,3400,True,3600,True,5000
101006,0.5,0.5,3,-1,7,0378,1.7529954999918118,0.954677734375,0.9984375,False,43687,43687,2488.4977096925404,218.32993218214537,0.1841261006694567,0.1841261006694567,0.0459729796632011,0.3955771104587231,0.026941653123354774,0.0,0.5132232005921146,0.007843422504597056,0.011504554653939724,True,1400,True,1600,True,1800
101006,0.5,0.5,3,-1,8,0379,1.710987541009672,0.886416015625,0.9984375,False,41511,41511,6340.645371723705,1046.6473461758287,0.1841261006694568,0.1841261006694567,0.1841261006694566,0.9999999916992096,0.5109489051094891,0.0006263400062634,6.789624406614605e-06,0.034633330748677,0.030275252091814964,True,3400,True,3400,True,3600
101006,0.5,1.0,0,-1,7,0380,1.4460601250175387,0.9748388671875,0.9998046875,False,42532,42532,3961.4066086332373,658.1256167769684,0.849177598628881,0.44518420210230253,0.0706640499052056,0.4175207575964933,0.0,0.0,1.0,,,True,800,True,1000,True,1000
101006,0.5,1.0,0,-1,8,0381,1.5706241669831797,0.9178564453125,0.998828125,False,42572,42572,23958.115018010452,27288.747174035114,27.55617170333058,2.371313400901172,0.4578853427104276,54.60522473373817,0.0,0.0,1.0,,,True,2400,True,2600,True,3400
101006,0.5,1.0,1,-1,7,0382,1.7351447080727667,0.9668212890625,0.9994140625,False,43666,43666,3762.0914930550284,444.8283789668385,0.1841261006694567,0.1841261006694567,0.0738853451351354,0.4190791190092261,0.1192460953602345,0.0,0.2096916566880038,0.008043877280092022,0.01229540181434063,True,1200,True,1200,True,1400
101006,0.5,1.0,1,-1,8,0383,1.6795315829804167,0.891982421875,0.999609375,False,41738,41738,7431.158107830362,1342.7380656136568,0.1841261006694568,0.1841261006694567,0.1841261006694567,1.705560783989192,0.8893334611145719,0.0,0.1463726807442049,0.03357311657442453,0.02963551711969104,True,3000,True,3200,True,3800
101006,0.5,1.0,2,-1,7,0384,1.7679382500937209,0.9668212890625,0.9994140625,False,43666,43666,3762.0914930550284,444.8283789668385,0.1841261006694567,0.1841261006694567,0.0738853451351354,0.4190791190092261,0.1192460953602345,0.0,0.2096916566880038,0.008043877280092022,0.01229540181434063,True,1200,True,1200,True,1400
101006,0.5,1.0,2,-1,8,0385,1.6910266249906272,0.891875,0.9990234375,False,41432,41432,7264.061887902971,1298.7238123633035,0.1841261006694568,0.1841261006694567,0.1841261006694566,0.62,0.8848715968333655,0.08882023556671172,0.0,0.03530382489179051,0.030927464731367003,True,3200,True,3200,True,3400
101006,0.5,1.0,2,1024,7,0386,1.969393084058538,0.9591943359375,0.99453125,False,53703,1024,129.61713854210768,18.724023708737302,0.1841261006694567,0.12276515296248325,0.0,0.4179571743479502,0.2705078125,0.0,0.224508001608058,0.0004350145902773887,0.0005059353741100734,True,1400,True,1600,True,4800
101006,0.5,1.0,2,1024,8,0387,1.7078433749265969,0.888427734375,0.99765625,False,43898,1024,175.85259872037736,30.73293565987696,0.1841261006694568,0.1841261006694566,0.0,0.3594571020009154,0.7314453125,0.0,0.1786396957580542,0.0011964585041839401,0.0011434829510076371,True,3200,True,3400,True,3800
101006,0.5,1.0,3,-1,7,0388,1.755199083010666,0.9668212890625,0.9994140625,False,43666,43666,3762.0914930550284,444.8283789668385,0.1841261006694567,0.1841261006694567,0.0738853451351354,0.4190791190092261,0.1192460953602345,0.0,0.2096916566880038,0.008043877280092022,0.01229540181434063,True,1200,True,1200,True,1400
101006,0.5,1.0,3,-1,8,0389,1.695206791977398,0.8919140625,0.9990234375,False,41415,41415,7356.474455818357,1327.0928637080085,0.1841261006694568,0.1841261006694567,0.1841261006694567,1.0,0.890884945068212,0.01231437884824339,0.0,0.034758293216024735,0.0306978116574107,True,3000,True,3200,True,3800
101006,0.65,0.25,0,-1,7,0390,1.638827292015776,0.9717529296875,0.9994140625,False,51763,51763,1697.6652249770243,89.10044375122585,0.1993167637348529,0.11980881920426266,0.0259868917492991,0.3985603151528865,0.0,0.0,1.0,,,True,1400,True,1800,True,3400
101006,0.65,0.25,0,-1,8,0391,1.696777957957238,0.9271875,0.9982421875,False,48906,48906,3876.0877246585214,402.8097282116021,0.2587000544063158,0.191201919126234,0.0761935549831764,0.6082365062538108,0.0,0.0,1.0,,,True,2200,True,2800,True,5000
101006,0.65,0.25,1,-1,7,0392,1.9795429169898853,0.971748046875,0.998828125,False,51217,51217,1693.8213788741862,89.81158636230099,0.1841261006694567,0.12109218644724268,0.0261746541100593,0.3985603151528865,0.0003709705761758791,0.0,0.9237863249395114,0.006446507375073998,0.009812147588121743,True,1400,True,1800,True,3600
101006,0.65,0.25,1,-1,8,0393,1.885714500094764,0.9272802734375,0.998828125,False,48591,48591,3836.676860318556,395.40862275155723,0.1841261006694569,0.1841261006694566,0.0763211994661941,0.9500841769179496,0.013500442468769937,0.0,0.6924170471046063,0.02728533029521922,0.02416741268959267,True,2200,True,2800,True,4600
101006,0.65,0.25,2,-1,7,0394,2.028046500054188,0.971748046875,0.998828125,False,51217,51217,1693.8213788741862,89.81158636230099,0.1841261006694567,0.12109218644724268,0.0261746541100593,0.3985603151528865,0.0003709705761758791,0.0,0.9237863249395114,0.006446507375073998,0.009812147588121743,True,1400,True,1800,True,3600
101006,0.65,0.25,2,-1,8,0395,1.9587275410303846,0.9272021484375,0.99921875,False,48423,48423,3742.76903095006,378.0425427158839,0.1841261006694569,0.1841261006694566,0.0746691158366292,0.6199991145387674,0.01090390929929992,0.0004956322408772691,0.0001091852908706,0.0278539618741782,0.024595814488982456,True,2200,True,2800,True,4600
101006,0.65,0.25,2,1024,7,0396,3.202190540963784,0.67861328125,0.713671875,False,96271,1024,29.22285018181481,0.8805823163254602,0.0676960185457316,0.01998809704582963,0.0,0.2694359125884122,0.0,0.0,0.9138294695604512,8.342809079750531e-05,0.0001035623612856758,False,20000,False,20000,False,20000
101006,0.65,0.25,2,1024,8,0397,2.9378120829351246,0.74771484375,0.84453125,False,86552,1024,44.44042098936787,2.572795098452536,0.1345829479601241,0.027006458889423858,0.0,0.2592070365324668,0.0,0.0,0.9249098899108666,0.00029849739896247276,0.00030558610478864266,False,20000,False,20000,False,20000
101006,0.65,0.25,3,-1,7,0398,1.9650876249652356,0.971748046875,0.998828125,False,51217,51217,1693.8213788741862,89.81158636230099,0.1841261006694567,0.12109218644724268,0.0261746541100593,0.3985603151528865,0.0003709705761758791,0.0,0.9237863249395114,0.006446507375073998,0.009812147588121743,True,1400,True,1800,True,3600
101006,0.65,0.25,3,-1,8,0399,1.8954934580251575,0.9272802734375,0.998828125,False,48591,48591,3836.676860318556,395.40862275155723,0.1841261006694569,0.1841261006694566,0.0763211994661941,0.9500841769179496,0.013500442468769937,0.0,0.6924170471046063,0.02728533029521922,0.02416741268959267,True,2200,True,2800,True,4600
101006,0.65,0.5,0,-1,7,0400,1.5331469579832628,0.97859375,0.99921875,False,47497,47497,2393.13319759284,212.96215033440672,0.3745948844983823,0.22217373332069693,0.0392872864252049,0.4167008297712627,0.0,0.0,1.0,,,True,1000,True,1200,True,1800
101006,0.65,0.5,0,-1,8,0401,1.650970624992624,0.9377880859375,0.99921875,False,47410,47410,7714.299788253261,1721.5003134948427,0.7341232630246439,0.43137474419928656,0.15085757604601402,3.650053640176696,0.0,0.0,1.0,,,True,1800,True,2000,True,4200
101006,0.65,0.5,1,-1,7,0402,1.8191330409608781,0.9787646484375,0.9998046875,False,47930,47930,2381.594915235729,198.58309499409498,0.1841261006694567,0.1841261006694567,0.0389823343249609,0.4163342553014031,0.021865220112664303,0.0,0.4758709875054429,0.006646343517455977,0.009734636340322653,True,1000,True,1200,True,1600
101006,0.65,0.5,1,-1,8,0403,1.775273291976191,0.9419091796875,0.9982421875,False,46784,46784,6371.402859754901,1019.017063633251,0.1841261006694568,0.1841261006694567,0.16501731970644226,1.1385718685063884,0.43138679890560877,0.0,0.300863512586816,0.028856695464795603,0.025000759808374604,True,1800,True,2000,True,2600
101006,0.65,0.5,2,-1,7,0404,1.861844667000696,0.9787646484375,0.9998046875,False,47930,47930,2381.594915235729,198.58309499409498,0.1841261006694567,0.1841261006694567,0.0389823343249609,0.4163342553014031,0.021865220112664303,0.0,0.4758709875054429,0.006646343517455977,0.009734636340322653,True,1000,True,1200,True,1600
101006,0.65,0.5,2,-1,8,0405,1.854743874981068,0.9418017578125,0.9978515625,False,47756,47756,6235.10944104476,972.6349785935688,0.1841261006694568,0.1841261006694567,0.149941946416008,0.62,0.387637155540665,0.020625680542759026,2.6723792056940827e-14,0.0272951331813454,0.023750176134063383,True,1800,True,2000,True,3400
101006,0.65,0.5,2,1024,7,0406,3.246389624895528,0.73283203125,0.7703125,False,99596,1024,54.958901967943994,3.275825273844714,0.1425697583534156,0.025757797890681878,0.0,0.3421731520682225,0.0,0.0,0.4367346323656123,8.829355492021062e-05,0.00010507293214586892,False,20000,False,20000,False,20000
101006,0.65,0.5,2,1024,8,0407,2.8933714169543236,0.8589404296875,0.928515625,False,90150,1024,85.25553590827492,9.27484671200635,0.1841261006694567,0.04343393677374189,0.0,0.3562271069926235,0.1015625,0.0,0.4077261687335064,0.00030244586568681757,0.00030285750600850367,True,3200,False,20000,False,20000
101006,0.65,0.5,3,-1,7,0408,1.8650430829729885,0.9787646484375,0.9998046875,False,47930,47930,2381.594915235729,198.58309499409498,0.1841261006694567,0.1841261006694567,0.0389823343249609,0.4163342553014031,0.021865220112664303,0.0,0.4758709875054429,0.006646343517455977,0.009734636340322653,True,1000,True,1200,True,1600
101006,0.65,0.5,3,-1,8,0409,1.8391457089455798,0.9419091796875,0.9982421875,False,46784,46784,6371.003026175015,1018.9092615851841,0.1841261006694568,0.1841261006694567,0.16495356275321393,0.9999999999987008,0.43138679890560877,0.0004916210670314637,2.3860667108495317e-09,0.028856695464795603,0.025000759808374604,True,1800,True,2000,True,2600
101006,0.65,1.0,0,-1,7,0410,1.5199657919583842,0.9869384765625,0.9994140625,False,45325,45325,3691.835377301034,579.2050783626645,0.7746360351783554,0.4189908414243476,0.0603005420212598,0.4199925069496132,0.0,0.0,1.0,,,True,600,True,600,True,800
101006,0.65,1.0,0,-1,8,0411,1.708427375066094,0.95912109375,0.9982421875,False,47466,47466,19405.732037381986,17303.111693253784,12.6876769325861,1.9068322921218506,0.3313417607568683,26.059165368595252,0.0,0.0,1.0,,,True,1400,True,1400,True,2600
101006,0.65,1.0,1,-1,7,0412,1.836334958090447,0.9836279296875,0.999609375,False,47071,47071,3621.0633552042686,412.0124979157003,0.1841261006694568,0.1841261006694567,0.0642890319389267,0.4199998611616993,0.09483546132438232,0.0,0.2300184386011659,0.006828127102320571,0.010464747568832146,True,800,True,1000,True,1400
101006,0.65,1.0,1,-1,8,0413,1.847412082948722,0.944853515625,0.9990234375,False,47237,47237,7512.182610303243,1311.1782805749551,0.1841261006694568,0.1841261006694567,0.1841261006694566,1.6218432541954757,0.7207909054342994,0.0,0.1480477443533919,0.026071803375355425,0.02296397079707992,True,1800,True,2000,True,3600
101006,0.65,1.0,2,-1,7,0414,1.8418418749934062,0.9836279296875,0.999609375,False,47071,47071,3620.9604892483985,412.0055730760647,0.1841261006694568,0.1841261006694567,0.0642890319389267,0.419999798143848,0.09483546132438232,0.0007223131014849908,0.0008219815154999,0.006828127102320571,0.010464747568832146,True,800,True,1000,True,1400
101006,0.65,1.0,2,-1,8,0415,1.884522374952212,0.944423828125,0.998828125,False,47891,47891,7522.377081316644,1299.8625229042239,0.1841261006694568,0.1841261006694567,0.1841261006694566,0.62,0.7195506462592136,0.08751122340314464,0.0,0.02636986148667455,0.023194851002797966,True,1800,True,2000,True,3600
101006,0.65,1.0,2,1024,7,0416,3.5275753749301657,0.80890625,0.849609375,False,110066,1024,90.40170324830977,9.690066210105112,0.1841261006694567,0.0,0.0,0.4124339526260175,0.025390625,0.0,0.2440505519194446,7.547791400916994e-05,8.749189406810425e-05,False,20000,False,20000,False,20000
101006,0.65,1.0,2,1024,8,0417,2.9063929159892723,0.8560791015625,0.9337890625,False,85553,1024,120.84661363868473,17.651266830561152,0.1841261006694567,0.04689376124485494,0.0,0.4187390106435025,0.2451171875,0.0,0.044391079570913,0.00028159627657709196,0.00028194328369548637,True,5000,False,20000,False,20000
101006,0.65,1.0,3,-1,7,0418,1.9072669580345973,0.9836279296875,0.999609375,False,47071,47071,3621.0633552042686,412.0124979157003,0.1841261006694568,0.1841261006694567,0.0642890319389267,0.4199998611616993,0.09483546132438232,0.0,0.2300184386011659,0.006828127102320571,0.010464747568832146,True,800,True,1000,True,1400
101006,0.65,1.0,3,-1,8,0419,1.9443783330498263,0.94482421875,0.9982421875,False,47976,47976,7627.882278471029,1330.7419670161307,0.1841261006694568,0.1841261006694567,0.1841261006694566,1.0,0.7283433383358345,0.017029348007337002,0.0,0.02635923810429515,0.02324167726224218,True,1800,True,2000,True,3600
101007,0.5,0.25,0,-1,7,0420,1.461707166978158,0.923330078125,0.99921875,False,44067,44067,1642.5992333322658,89.75523377816805,0.1880446233864878,0.12149294049655497,0.0309307105016422,0.3298517191439661,0.0,0.0,1.0,,,True,2400,True,2400,True,3400
101007,0.5,0.25,0,-1,8,0421,1.4497471250360832,0.8513134765625,0.9984375,False,39362,39362,4146.850764626904,513.8203957669713,0.3241914479867492,0.2157488310979534,0.1024394507070865,1.0440435832985413,0.0,0.0,1.0,,,True,4000,True,4200,True,4400
101007,0.5,0.25,1,-1,7,0422,1.8055468749953434,0.923330078125,0.99921875,False,44067,44067,1642.5927456520292,89.75282112404265,0.1841261006694567,0.12149294049655497,0.0309307105016422,0.3298517191439661,6.80781537204711e-05,0.0,0.9791617401951588,0.00760520290835542,0.011617532500226882,True,2400,True,2400,True,3400
101007,0.5,0.25,1,-1,8,0423,1.665288666030392,0.85158203125,0.9990234375,False,39763,39763,4012.8888563083447,473.37436314577724,0.1841261006694568,0.1841261006694567,0.0987917618735909,0.7232991250585739,0.03825164097276362,0.0,0.6605013758518906,0.034927217199406425,0.03113735667685196,True,4000,True,4000,True,4600
101007,0.5,0.25,2,-1,7,0424,1.8445162079297006,0.923330078125,0.99921875,False,44067,44067,1642.5927456520292,89.75282112404265,0.1841261006694567,0.12149294049655497,0.0309307105016422,0.3298517191439661,6.80781537204711e-05,0.0,0.9791617401951588,0.00760520290835542,0.011617532500226882,True,2400,True,2400,True,3400
101007,0.5,0.25,2,-1,8,0425,1.6967746670125052,0.8515966796875,0.9994140625,False,39763,39763,4013.088988761356,473.26393122697976,0.1841261006694568,0.1841261006694567,0.0987577998831626,0.6199999933137351,0.0384276840278651,0.001835877574629681,0.0001056095557003,0.03494463812673417,0.03114357843661187,True,4000,True,4000,True,4600
101007,0.5,0.25,2,1024,7,0426,2.1182658749166876,0.8789990234375,0.9734375,False,57388,1024,58.74892704172638,4.423279406455812,0.1527950424058492,0.03865054772824628,0.0,0.2151765087714774,0.0,0.0,0.9286452168579336,0.0004693312953056377,0.0005700562490561314,True,3000,True,5000,False,20000
101007,0.5,0.25,2,1024,8,0427,1.7942395829595625,0.8412890625,0.99140625,False,47922,1024,83.90910939498761,8.348837770187508,0.1744949365299445,0.08684449884413493,0.0,0.1569635255507518,0.0,0.0,0.784512001956686,0.0010799368635490993,0.0010822599745419624,True,4200,True,4400,True,8800
101007,0.5,0.25,3,-1,7,0428,1.8444548749830574,0.923330078125,0.99921875,False,44067,44067,1642.5927456520292,89.75282112404265,0.1841261006694567,0.12149294049655497,0.0309307105016422,0.3298517191439661,6.80781537204711e-05,0.0,0.9791617401951588,0.00760520290835542,0.011617532500226882,True,2400,True,2400,True,3400
101007,0.5,0.25,3,-1,8,0429,1.6979752079350874,0.85158203125,0.9990234375,False,39763,39763,4012.8888563083447,473.37436314577724,0.1841261006694568,0.1841261006694567,0.0987917618735909,0.7232991250585739,0.03825164097276362,0.0,0.6605013758518906,0.034927217199406425,0.03113735667685196,True,4000,True,4000,True,4600
101007,0.5,0.5,0,-1,7,0430,1.4988499170867726,0.957958984375,0.998828125,False,42737,42737,2464.6570156270254,231.04491772495115,0.381706775553869,0.23098609774901485,0.0457233073853893,0.3980193994128508,0.0,0.0,1.0,,,True,1400,True,1400,True,1800
101007,0.5,0.5,0,-1,8,0431,1.5395809999899939,0.909140625,0.9990234375,False,40344,40344,7524.107467439898,1739.2528232392654,0.7070954533894647,0.43467335171827887,0.1754632204410391,2.8126558620144113,0.0,0.0,1.0,,,True,2800,True,3000,True,3000
101007,0.5,0.5,1,-1,7,0432,1.6609594579786062,0.9541796875,0.999609375,False,42671,42671,2424.251148470511,210.85820519736612,0.1841261006694567,0.1841261006694567,0.0459226584384716,0.4019693780843773,0.02678634201213939,0.0,0.5136463740367053,0.0077216187271995414,0.011396929047245158,True,1400,True,1600,True,1800
101007,0.5,0.5,1,-1,8,0433,1.6405363329686224,0.899619140625,0.9966796875,False,41947,41947,6325.920698837297,1037.231434867628,0.1841261006694568,0.1841261006694567,0.1825459299833956,1.2120270088910494,0.4935990654874008,0.0,0.3175106992889913,0.03357994289420771,0.02942764207412523,True,3000,True,3000,True,3800
101007,0.5,0.5,2,-1,7,0434,1.7349875830113888,0.9541796875,0.999609375,False,42671,42671,2424.251148470511,210.85820519736612,0.1841261006694567,0.1841261006694567,0.0459226584384716,0.4019693780843773,0.02678634201213939,0.0,0.5136463740367053,0.0077216187271995414,0.011396929047245158,True,1400,True,1600,True,1800
101007,0.5,0.5,2,-1,8,0435,1.683443040936254,0.89970703125,0.9998046875,False,41447,41447,6192.7734771975865,1007.6368948193639,0.1841261006694568,0.1841261006694567,0.1767458039035264,0.62,0.48290587979829663,0.035153328347045626,0.0,0.03345200899140262,0.029599218957343063,True,3000,True,3000,True,3200
101007,0.5,0.5,2,1024,7,0436,1.890978042036295,0.94298828125,0.9958984375,False,50163,1024,92.58713695345804,10.755265639153043,0.1841261006694567,0.0698779498321655,0.0,0.3330678759844323,0.12109375,0.0,0.4653945924400511,0.0005057847355122289,0.0005822528972217226,True,1600,True,2400,True,7600
101007,0.5,0.5,2,1024,8,0437,1.815218458068557,0.8947119140625,0.9962890625,False,48496,1024,137.96202170009792,21.11776813019569,0.1841261006694567,0.15735505631390437,0.0,0.3381746272462409,0.3701171875,0.0,0.3617759000088605,0.0010234359964395674,0.0009997656593670942,True,3000,True,3200,True,4400
101007,0.5,0.5,3,-1,7,0438,1.7169286250136793,0.9541796875,0.999609375,False,42671,42671,2424.251148470511,210.85820519736612,0.1841261006694567,0.1841261006694567,0.0459226584384716,0.4019693780843773,0.02678634201213939,0.0,0.5136463740367053,0.0077216187271995414,0.011396929047245158,True,1400,True,1600,True,1800
101007,0.5,0.5,3,-1,8,0439,1.6947869999567047,0.89966796875,0.998828125,False,41929,41929,6303.575402469468,1031.7177036738076,0.1841261006694568,0.1841261006694567,0.1817407148974324,0.999999994829837,0.4908058861408572,0.0009301438145436333,2.596314906927012e-05,0.03355382325379406,0.029481282719001117,True,3000,True,3000,True,3800
101007,0.5,1.0,0,-1,7,0440,1.3977059579920024,0.973603515625,0.99921875,False,42252,42252,3916.5867254506775,648.0081545582178,0.8640763282908915,0.443266618970363,0.0703660570130887,0.4169009469956167,0.0,0.0,1.0,,,True,1000,True,1000,True,1000
101007,0.5,1.0,0,-1,8,0441,1.5317710828967392,0.91837890625,0.9994140625,False,43288,43288,20341.56472590667,17149.677299659346,16.698722189495072,1.743194749552637,0.4031997849119489,21.132316353305036,0.0,0.0,1.0,,,True,2600,True,2800,True,3400
101007,0.5,1.0,1,-1,7,0442,1.6602107079233974,0.9641162109375,0.99921875,False,42665,42665,3736.290891501659,445.3672825682517,0.1841261006694568,0.1841261006694567,0.0751928006079601,0.4185474866454343,0.1202390718387437,0.0,0.2454603714247562,0.008118804689636272,0.012544531463631345,True,1200,True,1200,True,1400
101007,0.5,1.0,1,-1,8,0443,1.6283698339248076,0.9023388671875,0.9986328125,False,41288,41288,7245.941406571594,1299.8064553640645,0.1841261006694568,0.1841261006694567,0.1841261006694567,1.475491622729671,0.8569317961635342,0.0,0.1557090422705413,0.032921298132427446,0.029061700231705685,True,3000,True,3200,True,3200
101007,0.5,1.0,2,-1,7,0444,1.7224947089562193,0.9641162109375,0.99921875,False,42665,42665,3736.290891501659,445.3672825682517,0.1841261006694568,0.1841261006694567,0.0751928006079601,0.4185474866454343,0.1202390718387437,0.0,0.2454603714247562,0.008118804689636272,0.012544531463631345,True,1200,True,1200,True,1400
101007,0.5,1.0,2,-1,8,0445,1.6873216659296304,0.9031201171875,0.998828125,False,41178,41178,7133.56095611774,1266.3475322634054,0.1841261006694568,0.1841261006694567,0.1841261006694566,0.62,0.8687891592597989,0.11678566224683083,0.0,0.033675885156110814,0.029490018309736535,True,3000,True,3000,True,3400
101007,0.5,1.0,2,1024,7,0446,1.8373259999789298,0.9593505859375,0.9974609375,False,48342,1024,127.9113631702074,18.42306885805424,0.1841261006694567,0.124643491607063,0.0,0.4123675771170339,0.271484375,0.0,0.2282158400837988,0.0004783692342235173,0.0005663410677223382,True,1200,True,1400,True,3400
101007,0.5,1.0,2,1024,8,0447,1.739642292028293,0.9055126953125,0.9982421875,False,45640,1024,172.63067131741687,29.820064219624985,0.1841261006694567,0.1841261006694566,0.0,0.3311084706689508,0.6884765625,0.0,0.157972931233958,0.0010997297692082954,0.0010754455156295633,True,2600,True,2800,True,3200
101007,0.5,1.0,3,-1,7,0448,1.7136891670525074,0.9641162109375,0.99921875,False,42665,42665,3736.290891501659,445.3672825682517,0.1841261006694568,0.1841261006694567,0.0751928006079601,0.4185474866454343,0.1202390718387437,0.0,0.2454603714247562,0.008118804689636272,0.012544531463631345,True,1200,True,1200,True,1400
101007,0.5,1.0,3,-1,8,0449,1.6742419579531997,0.9023828125,0.9986328125,False,41049,41049,7203.630953282619,1291.8791890500002,0.1841261006694568,0.1841261006694567,0.1841261006694566,1.0,0.8563180589052108,0.0031182245608906427,0.0,0.033257318996808644,0.029280929245129744,True,3000,True,3200,True,3200
101007,0.65,0.25,0,-1,7,0450,1.6016484589781612,0.9717578125,0.9990234375,False,51125,51125,1679.9767409140097,88.11873449064105,0.1880961590263411,0.11720885630688013,0.0260280957350265,0.4057764750320263,0.0,0.0,1.0,,,True,1400,True,1800,True,3800
101007,0.65,0.25,0,-1,8,0451,1.6389290409861133,0.911259765625,0.9994140625,False,48424,48424,3849.87883610625,399.7338024891684,0.258812556528478,0.18678363786324648,0.07687869389937915,0.6904093262705733,0.0,0.0,1.0,,,True,2800,True,3000,True,5800
101007,0.65,0.25,1,-1,7,0452,1.8857967909425497,0.9717578125,0.9990234375,False,51125,51125,1679.9737899081383,88.11742280391861,0.1841261006694567,0.11720885630688013,0.0260280957350265,0.4057764750320263,1.9559902200488996e-05,0.0,0.9788934639737727,0.006389006469030121,0.009824384932762796,True,1400,True,1800,True,3800
101007,0.65,0.25,1,-1,8,0453,1.800808124942705,0.911875,0.998828125,False,48358,48358,3974.229663542449,425.0441814582576,0.1841261006694568,0.1841261006694567,0.08002187769723895,0.9661896018399168,0.018156251292443856,0.0,0.7007800323022497,0.0280399679646249,0.024502460274583953,True,2800,True,3000,True,5600
101007,0.65,0.25,2,-1,7,0454,1.9602926661027595,0.9717578125,0.9990234375,False,51125,51125,1679.9737899081383,88.11742280391861,0.1841261006694567,0.11720885630688013,0.0260280957350265,0.4057764750320263,1.9559902200488996e-05,0.0,0.9788934639737727,0.006389006469030121,0.009824384932762796,True,1400,True,1800,True,3800
101007,0.65,0.25,2,-1,8,0455,1.8775021670153365,0.9117626953125,0.9994140625,False,48442,48442,3824.0327242067115,393.99079920480386,0.1841261006694568,0.1841261006694566,0.0762031129089084,0.62,0.012633665001445027,0.0024359027290367864,0.0,0.027899776300352258,0.02435823972912619,True,2800,True,3000,True,5600
101007,0.65,0.25,2,1024,7,0456,3.1739872080506757,0.681748046875,0.70546875,False,96334,1024,29.623823487073455,0.9178319210447344,0.0765676192449632,0.020067711727494743,0.0,0.2615114869351707,0.0,0.0,0.8841840503230356,8.501711817738249e-05,0.00010346895306952852,False,20000,False,20000,False,20000
101007,0.65,0.25,2,1024,8,0457,2.9758518340531737,0.6539208984375,0.72265625,False,88819,1024,44.94498999418238,2.590430594081324,0.1383615377086678,0.02657286694192408,0.0,0.2879736459243537,0.0,0.0,0.8206079592636569,0.0003009338748841269,0.00030199232427746247,False,20000,False,20000,False,20000
101007,0.65,0.25,3,-1,7,0458,1.9497591250110418,0.9717578125,0.9990234375,False,51125,51125,1679.9737899081383,88.11742280391861,0.1841261006694567,0.11720885630688013,0.0260280957350265,0.4057764750320263,1.9559902200488996e-05,0.0,0.9788934639737727,0.006389006469030121,0.009824384932762796,True,1400,True,1800,True,3800
101007,0.65,0.25,3,-1,8,0459,1.871602833038196,0.911875,0.998828125,False,48358,48358,3974.229663542449,425.0441814582576,0.1841261006694568,0.1841261006694567,0.08002187769723895,0.9661896018399168,0.018156251292443856,0.0,0.7007800323022497,0.0280399679646249,0.024502460274583953,True,2800,True,3000,True,5600
101007,0.65,0.5,0,-1,7,0460,1.4957437090342864,0.979931640625,0.998828125,False,47435,47435,2393.907159101161,214.25974783736214,0.3870871296031679,0.2222813358232124,0.0392015791418506,0.4195543310229614,0.0,0.0,1.0,,,True,800,True,1000,True,1800
101007,0.65,0.5,0,-1,8,0461,1.6250297500519082,0.9437109375,0.999609375,False,47922,47922,7730.466872166485,1707.943757197546,0.7099942741910544,0.4160110579781733,0.1504822129408861,1.8679287786080636,0.0,0.0,1.0,,,True,1800,True,2200,True,3800
101007,0.65,0.5,1,-1,7,0462,1.7786677500698715,0.97978515625,0.9994140625,False,47445,47445,2367.5286270344104,197.25266767610321,0.1841261006694567,0.1841261006694567,0.0394425796891288,0.4190682168815258,0.02278427653071978,0.0,0.4314448615172689,0.006466289365756806,0.009636731237046363,True,1000,True,1200,True,1400
101007,0.65,0.5,1,-1,8,0463,1.8159108749823645,0.9394287109375,0.99921875,False,46982,46982,6159.2143622378,957.3830103069894,0.1841261006694568,0.1841261006694567,0.14921425817207085,1.206392082813264,0.37393044144566007,0.0,0.3092587784037751,0.027979340824677477,0.024252237448207058,True,2000,True,2200,True,3800
101007,0.65,0.5,2,-1,7,0464,1.9071300830692053,0.97978515625,0.9994140625,False,47445,47445,2367.5286270344104,197.25266767610321,0.1841261006694567,0.1841261006694567,0.0394425796891288,0.4190682168815258,0.02278427653071978,0.0,0.4314448615172689,0.006466289365756806,0.009636731237046363,True,1000,True,1200,True,1400
101007,0.65,0.5,2,-1,8,0465,1.8992877079872414,0.9395654296875,0.9998046875,False,47133,47133,6108.99035698551,943.81750887886,0.1841261006694568,0.1841261006694567,0.1463405959169313,0.62,0.3713958373114378,0.034943670040099295,0.0,0.028032998045424598,0.024423337837431613,True,2000,True,2200,True,3800
101007,0.65,0.5,2,1024,7,0466,3.3001161250285804,0.72435546875,0.7830078125,False,99662,1024,52.63579042777032,3.037676207761522,0.1428516494541853,0.019816357893849383,0.0,0.3689378050719607,0.0,0.0,0.4420276612806315,8.003092118025557e-05,9.481330752108756e-05,False,20000,False,20000,False,20000
101007,0.65,0.5,2,1024,8,0467,2.7403672500513494,0.8454296875,0.9009765625,False,80980,1024,87.73685558754545,9.768273042007301,0.1841261006694567,0.053710832379921206,0.0,0.3652763822680826,0.1044921875,0.0,0.4421413260827982,0.0003516332479212967,0.00035328296081336876,True,8200,False,20000,False,20000
101007,0.65,0.5,3,-1,7,0468,1.8556602500611916,0.97978515625,0.9994140625,False,47445,47445,2367.5286270344104,197.25266767610321,0.1841261006694567,0.1841261006694567,0.0394425796891288,0.4190682168815258,0.02278427653071978,0.0,0.4314448615172689,0.006466289365756806,0.009636731237046363,True,1000,True,1200,True,1400
101007,0.65,0.5,3,-1,8,0469,1.8480048750061542,0.93955078125,0.99921875,False,47163,47163,6173.126864962618,958.9726229433298,0.1841261006694568,0.1841261006694567,0.1488634059340662,0.9999999618995326,0.37368275979051374,0.0005724826664970422,2.3383228071767275e-05,0.02769162101382434,0.024126378640742335,True,2000,True,2200,True,3800
101007,0.65,1.0,0,-1,7,0470,1.445182792027481,0.986669921875,0.9994140625,False,44780,44780,3664.137857421213,569.972094518921,0.8816476024517087,0.41259045044371045,0.0613716953652088,0.4199441724241769,0.0,0.0,1.0,,,True,600,True,600,True,800
101007,0.65,1.0,0,-1,8,0471,1.6376197499921545,0.964443359375,0.9986328125,False,47743,47743,18580.969356411013,12268.586176659652,4.255711981221375,1.559870049818519,0.3259422844484201,10.673677980158883,0.0,0.0,1.0,,,True,1200,True,1400,True,2000
101007,0.65,1.0,1,-1,7,0472,1.75245041702874,0.982021484375,0.9990234375,False,46574,46574,3575.5855549680655,408.63401677992766,0.1841261006694567,0.1841261006694567,0.06392459800725125,0.4199994356901689,0.09490273543178597,0.0,0.2626682671676826,0.006865986007035362,0.010473288588232304,True,800,True,1000,True,1400
101007,0.65,1.0,1,-1,8,0473,1.7938404170563444,0.944208984375,0.99921875,False,47827,47827,7558.243856054884,1312.7370853752054,0.1841261006694568,0.1841261006694567,0.1841261006694566,2.1991751081526987,0.7054592594141385,0.0,0.1109676846352856,0.026054489575274724,0.022521519617579977,True,1800,True,2200,True,4200
101007,0.65,1.0,2,-1,7,0474,1.8194559999974445,0.982021484375,0.9990234375,False,46574,46574,3575.487530936029,408.6257759887663,0.1841261006694567,0.1841261006694567,0.06392143266049649,0.4199994356901689,0.09490273543178597,0.0008159058702280242,0.0005783827315724,0.006865986007035362,0.010473288588232304,True,800,True,1000,True,1400
101007,0.65,1.0,2,-1,8,0475,1.8910991250304505,0.9439404296875,0.9986328125,False,48406,48406,7291.9304354838605,1240.2952031268671,0.1841261006694568,0.1841261006694567,0.1841261006694566,0.62,0.6553939594265173,0.05730694541998926,0.0,0.02497826005557157,0.02185292381540162,True,1800,True,2000,True,3800
101007,0.65,1.0,2,1024,7,0476,3.2993125839857385,0.8387890625,0.8919921875,False,105470,1024,89.6022832231521,9.742059328679565,0.1841261006694567,0.0,0.0,0.419350081479375,0.0380859375,0.0,0.2276560558161878,7.94589348076859e-05,9.121064737998132e-05,False,20000,False,20000,False,20000
101007,0.65,1.0,2,1024,8,0477,2.6058595420327038,0.8930078125,0.9685546875,False,79354,1024,129.16256295547112,19.02955045557106,0.1841261006694567,0.08669468495373162,0.0,0.4095012284623642,0.2802734375,0.0,0.2309539828854338,0.00033180858610361936,0.0003374203069998564,True,4000,True,8000,False,20000
101007,0.65,1.0,3,-1,7,0478,1.8153032079571858,0.982021484375,0.9990234375,False,46574,46574,3575.5855549680655,408.63401677992766,0.1841261006694567,0.1841261006694567,0.06392459800725125,0.4199994356901689,0.09490273543178597,0.0,0.2626682671676826,0.006865986007035362,0.010473288588232304,True,800,True,1000,True,1400
101007,0.65,1.0,3,-1,8,0479,1.8624984589405358,0.94447265625,0.999609375,False,47586,47586,7474.478330953774,1293.658735769473,0.1841261006694568,0.1841261006694567,0.1841261006694566,1.0,0.7171016685579792,0.035514647165132605,0.0,0.02539059216471226,0.022096608092891414,True,1800,True,2200,True,4200
101008,0.5,0.25,0,-1,7,0480,1.4449794170213863,0.92666015625,0.9994140625,False,44376,44376,1702.7216046149647,96.6281025549581,0.2230575097228436,0.12666559596285204,0.03172819268816205,0.3168078484209881,0.0,0.0,1.0,,,True,2200,True,2600,True,3600
101008,0.5,0.25,0,-1,8,0481,1.4711850829189643,0.8630126953125,0.99765625,False,41936,41936,3999.33065439484,449.2766965429029,0.2666172745547065,0.19649358520856186,0.09278000595359515,0.7841489967200908,0.0,0.0,1.0,,,True,3800,True,3800,True,4200
101008,0.5,0.25,1,-1,7,0482,1.7139485829975456,0.9267138671875,0.999609375,False,44705,44705,1703.3944996895345,95.34573530092571,0.1841261006694568,0.12526102359761815,0.0316807557930074,0.3180737810822032,0.00026842635052007607,0.0,0.7897749209250124,0.00784458679351672,0.011830451594713447,True,2200,True,2600,True,4000
101008,0.5,0.25,1,-1,8,0483,1.5997307089855894,0.861923828125,0.998828125,False,41586,41586,3983.8744617090915,445.7015131180785,0.1841261006694568,0.1841261006694567,0.09324609900176885,0.7933781449342868,0.020295291684701584,0.0,0.6817118567670476,0.03469026660614945,0.031033286693037662,True,3800,True,4000,True,4200
101008,0.5,0.25,2,-1,7,0484,1.7708375420188531,0.9267138671875,0.999609375,False,44705,44705,1703.3944996895345,95.34573530092571,0.1841261006694568,0.12526102359761815,0.0316807557930074,0.3180737810822032,0.00026842635052007607,0.0,0.7897749209250124,0.00784458679351672,0.011830451594713447,True,2200,True,2600,True,4000
101008,0.5,0.25,2,-1,8,0485,1.6535901250317693,0.8619873046875,0.998046875,False,41074,41074,3954.922647385319,446.1559279675365,0.1841261006694568,0.1841261006694567,0.09411437915861301,0.6199999998938723,0.024248916589570044,0.0014364318060086673,1.4994036503346412e-06,0.034772142707876784,0.031182150534198375,True,3800,True,4000,True,4200
101008,0.5,0.25,2,1024,7,0486,2.190255834022537,0.8484912109375,0.9451171875,False,55822,1024,63.38082589804238,5.167892160122034,0.1538240100635795,0.042357174517017704,0.0,0.1771168917440015,0.0,0.0,0.919298375436194,0.0005958870475947344,0.0006986399478103005,True,4600,False,20000,False,20000
101008,0.5,0.25,2,1024,8,0487,1.925352624966763,0.8400927734375,0.9796875,False,49750,1024,83.2149921441663,8.164878169265572,0.1796769756020799,0.08335551769955496,0.0,0.1523839275250297,0.0,0.0,0.7749896754587737,0.0010775020938023436,0.0010408029731993286,True,4200,True,4400,False,20000
101008,0.5,0.25,3,-1,7,0488,1.856040959013626,0.9267138671875,0.999609375,False,44705,44705,1703.3944996895345,95.34573530092571,0.1841261006694568,0.12526102359761815,0.0316807557930074,0.3180737810822032,0.00026842635052007607,0.0,0.7897749209250124,0.00784458679351672,0.011830451594713447,True,2200,True,2600,True,4000
101008,0.5,0.25,3,-1,8,0489,1.76080741698388,0.861923828125,0.998828125,False,41586,41586,3983.8744617090915,445.7015131180785,0.1841261006694568,0.1841261006694567,0.09324609900176885,0.7933781449342868,0.020295291684701584,0.0,0.6817118567670476,0.03469026660614945,0.031033286693037662,True,3800,True,4000,True,4200
101008,0.5,0.5,0,-1,7,0490,1.4301768749719486,0.959453125,0.9994140625,False,43809,43809,2516.434892149039,236.45089283602243,0.3675737584719495,0.2308769543581448,0.045575222877973,0.3949703537150516,0.0,0.0,1.0,,,True,1400,True,1600,True,1800
101008,0.5,0.5,0,-1,8,0491,1.4982222919352353,0.909287109375,0.9994140625,False,41861,41861,7963.459362103766,1884.2092725461916,1.052938758754825,0.44442741252114404,0.1805700561660154,4.107173777203286,0.0,0.0,1.0,,,True,2600,True,2800,True,3000
101008,0.5,0.5,1,-1,7,0492,1.647226499975659,0.9563671875,0.9994140625,False,43539,43539,2496.5133835981374,220.45397768584536,0.1841261006694567,0.1841261006694567,0.0462466597217949,0.3898482845169421,0.0302717104205425,0.0,0.4192788801317574,0.007896534751889072,0.011716626664216712,True,1400,True,1600,True,2000
101008,0.5,0.5,1,-1,8,0493,1.5912375000771135,0.8924853515625,0.9994140625,False,40493,40493,6142.699373511364,1008.902445680227,0.1841261006694568,0.1841261006694567,0.1841261006694565,1.835342270354028,0.5001852171980342,0.0,0.2370095660346621,0.033670222836868866,0.029635812825673517,True,3000,True,3200,True,3600
101008,0.5,0.5,2,-1,7,0494,1.742715667001903,0.9563671875,0.9994140625,False,43539,43539,2496.5133835981374,220.45397768584536,0.1841261006694567,0.1841261006694567,0.0462466597217949,0.3898482845169421,0.0302717104205425,0.0,0.4192788801317574,0.007896534751889072,0.011716626664216712,True,1400,True,1600,True,2000
101008,0.5,0.5,2,-1,8,0495,1.6687887920998037,0.89236328125,0.99765625,False,40815,40815,6186.352364177553,1016.3421463785885,0.1841261006694568,0.1841261006694567,0.1822430558385778,0.62,0.5181428396422884,0.041381844909959574,0.0,0.034683241072522304,0.03019908173057285,True,3000,True,3200,True,3600
101008,0.5,0.5,2,1024,7,0496,2.0123363330494612,0.939375,0.987890625,False,54239,1024,100.05574657677708,12.449438440495342,0.1841261006694567,0.07072428875974063,0.0,0.3013795946779799,0.173828125,0.0,0.4722147750744327,0.0005481670246501583,0.0006341687657866099,True,1800,True,2000,True,13800
101008,0.5,0.5,2,1024,8,0497,1.7387793749803677,0.879189453125,0.993359375,False,44512,1024,140.58734753048168,21.815198883832384,0.1841261006694567,0.17665601519226068,0.0,0.3546043878703292,0.408203125,0.0,0.379689300867657,0.001188235873659536,0.0011528872598025985,True,3400,True,3600,True,8200
101008,0.5,0.5,3,-1,7,0498,1.7545174580300227,0.9563671875,0.9994140625,False,43539,43539,2496.5133835981374,220.45397768584536,0.1841261006694567,0.1841261006694567,0.0462466597217949,0.3898482845169421,0.0302717104205425,0.0,0.4192788801317574,0.007896534751889072,0.011716626664216712,True,1400,True,1600,True,2000
101008,0.5,0.5,3,-1,8,0499,1.6687273749848828,0.892294921875,0.9986328125,False,40462,40462,6150.355259965594,1011.8035983990573,0.1841261006694568,0.1841261006694567,0.1841261006694566,0.9999999999999996,0.513766002669171,0.009688102417082695,1.6895834190354008e-13,0.03382154539547389,0.029611560692748694,True,3000,True,3200,True,3600
101008,0.5,1.0,0,-1,7,0500,1.4048373750410974,0.975732421875,0.99921875,False,42767,42767,3957.21436760741,645.0131460837348,0.7971016959302004,0.4392038604243525,0.0704194260169619,0.4161261837445209,0.0,0.0,1.0,,,True,800,True,1000,True,1000
101008,0.5,1.0,0,-1,8,0501,1.5174932500813156,0.9261474609375,1.0,False,42872,42872,23455.893550949007,28752.852035867654,23.287043477017257,2.734149284194605,0.4368312575381639,32.94958290961922,0.0,0.0,1.0,,,True,2200,True,2200,True,2400
101008,0.5,1.0,1,-1,7,0502,1.6683103339746594,0.9641650390625,0.99921875,False,43361,43361,3790.205854246634,450.91077405275655,0.1841261006694567,0.1841261006694567,0.0754933186910451,0.4184152218014346,0.11893175895389867,0.0,0.2357330564580266,0.008024232305047506,0.012505810593044392,True,1200,True,1200,True,1400
101008,0.5,1.0,1,-1,8,0503,1.6009452500147745,0.8875390625,0.9994140625,False,41512,41512,7351.970282123168,1324.5492799226197,0.1841261006694568,0.1841261006694567,0.1841261006694567,1.6798458657125834,0.8763249180959722,0.0,0.1459313465593938,0.03227385680646555,0.02822512792485701,True,3000,True,3200,True,3600
101008,0.5,1.0,2,-1,7,0504,1.7364262079354376,0.9641650390625,0.99921875,False,43361,43361,3790.205854246634,450.91077405275655,0.1841261006694567,0.1841261006694567,0.0754933186910451,0.4184152218014346,0.11893175895389867,0.0,0.2357330564580266,0.008024232305047506,0.012505810593044392,True,1200,True,1200,True,1400
101008,0.5,1.0,2,-1,8,0505,1.6984307919628918,0.8871337890625,0.9994140625,False,42398,42398,7327.189139178093,1299.2114821265745,0.1841261006694568,0.1841261006694567,0.1841261006694566,0.62,0.8611962828435303,0.11323647341855748,0.0,0.03164021040202363,0.027745817904146368,True,3200,True,3200,True,3400
101008,0.5,1.0,2,1024,7,0506,1.8528192079393193,0.9578466796875,0.9978515625,False,48524,1024,128.69775994047765,18.542280262340913,0.1841261006694567,0.12475064093453997,0.0,0.407745321792916,0.2744140625,0.0,0.2252815723881627,0.0005018121938800031,0.000584304663242243,True,1400,True,1600,True,2600
101008,0.5,1.0,2,1024,8,0507,1.6849010000005364,0.8839794921875,0.9990234375,False,43705,1024,175.2871499171413,30.58811210746397,0.1841261006694567,0.1841261006694567,0.0,0.3851520368805336,0.7314453125,0.0,0.1852938527198122,0.0011730428679022217,0.001145815457804216,True,3200,True,3200,True,4600
101008,0.5,1.0,3,-1,7,0508,1.7364998339908198,0.9641650390625,0.99921875,False,43361,43361,3790.205854246634,450.91077405275655,0.1841261006694567,0.1841261006694567,0.0754933186910451,0.4184152218014346,0.11893175895389867,0.0,0.2357330564580266,0.008024232305047506,0.012505810593044392,True,1200,True,1200,True,1400
101008,0.5,1.0,3,-1,8,0509,1.66785791690927,0.887548828125,0.9986328125,False,41190,41190,7226.741224844497,1295.0843283603153,0.1841261006694568,0.1841261006694567,0.1841261006694566,1.0,0.8631463947560087,0.02034474386987133,0.0,0.031730272441733376,0.027839809293315473,True,3000,True,3200,True,3600
101008,0.65,0.25,0,-1,7,0510,1.5985843329690397,0.971630859375,0.9994140625,False,52062,52062,1689.1322442257551,87.58370265585475,0.1900233268829042,0.11806032723355542,0.025684495214087402,0.4149010665319549,0.0,0.0,1.0,,,True,1400,True,2000,True,3200
101008,0.65,0.25,0,-1,8,0511,1.6108980419812724,0.915244140625,0.9978515625,False,47262,47262,3718.496313814188,381.4437812617683,0.2564525160096422,0.18714620126006404,0.07571550065183111,1.2003900670380148,0.0,0.0,1.0,,,True,2600,True,2800,True,3800
101008,0.65,0.25,1,-1,7,0512,1.906982499989681,0.971376953125,0.99921875,False,51831,51831,1688.4444595008442,87.99133226671243,0.1841261006694567,0.11838537556956394,0.0256926549383525,0.4140528549723924,0.00017364125716270185,0.0,0.77941851779265,0.006194036367392711,0.00954212091742068,True,1400,True,2000,True,3400
101008,0.65,0.25,1,-1,8,0513,1.7802882499527186,0.9152197265625,0.9986328125,False,47566,47566,3656.4430988442973,368.9530991107803,0.1841261006694568,0.18384888743794167,0.0741268671929913,0.6887330005649891,0.009838960602110751,0.0,0.7153889765510376,0.02666539704918774,0.023763751725672348,True,2600,True,2800,True,4600
101008,0.65,0.25,2,-1,7,0514,1.9830956670921296,0.971376953125,0.99921875,False,51831,51831,1688.4444595008442,87.99133226671243,0.1841261006694567,0.11838537556956394,0.0256926549383525,0.4140528549723924,0.00017364125716270185,0.0,0.77941851779265,0.006194036367392711,0.00954212091742068,True,1400,True,2000,True,3400
101008,0.65,0.25,2,-1,8,0515,1.864992666989565,0.9152490234375,0.9982421875,False,47709,47709,3654.0201161211617,367.0855661856788,0.1841261006694568,0.18310980068943503,0.0738682845653602,0.619997583711056,0.009369301389674903,0.0009851390722924395,1.5335521299660373e-08,0.026495088278242346,0.02359389519447758,True,2600,True,2800,True,4600
101008,0.65,0.25,2,1024,7,0516,3.1949563750531524,0.6838525390625,0.71796875,False,97046,1024,29.193066231513267,0.8849778957111604,0.0687297753016255,0.018999343036006387,0.0,0.3034963792888296,0.0,0.0,0.9119505139302624,8.29657831938802e-05,0.00010181758736406752,False,20000,False,20000,False,20000
101008,0.65,0.25,2,1024,8,0517,2.9648626669077203,0.7071337890625,0.7693359375,False,88694,1024,42.73128026362681,2.3629071056016095,0.1301416507361206,0.02651314784331048,0.0,0.2307719372539871,0.0,0.0,0.869183546010255,0.00028280902362805385,0.00029025650457377726,False,20000,False,20000,False,20000
101008,0.65,0.25,3,-1,7,0518,1.9706163329537958,0.971376953125,0.99921875,False,51831,51831,1688.4444595008442,87.99133226671243,0.1841261006694567,0.11838537556956394,0.0256926549383525,0.4140528549723924,0.00017364125716270185,0.0,0.77941851779265,0.006194036367392711,0.00954212091742068,True,1400,True,2000,True,3400
101008,0.65,0.25,3,-1,8,0519,1.8525472909677774,0.9152197265625,0.9986328125,False,47566,47566,3656.4430988442973,368.9530991107803,0.1841261006694568,0.18384888743794167,0.0741268671929913,0.6887330005649891,0.009838960602110751,0.0,0.7153889765510376,0.02666539704918774,0.023763751725672348,True,2600,True,2800,True,4600
101008,0.65,0.5,0,-1,7,0520,1.5052439579740167,0.9791064453125,0.9986328125,False,47872,47872,2391.632769580523,209.5607255934279,0.4216692125494376,0.21478844506215952,0.03887955422305325,0.4183828140569456,0.0,0.0,1.0,,,True,1000,True,1200,True,1800
101008,0.65,0.5,0,-1,8,0521,1.652868791949004,0.9495849609375,0.998828125,False,49191,49191,8016.991138798255,1813.2826538324518,0.9784656315763152,0.43461347559698993,0.1495389435218745,2.809818707014954,0.0,0.0,1.0,,,True,1600,True,2000,True,3800
101008,0.65,0.5,1,-1,7,0522,1.795871083973907,0.9786083984375,1.0,False,48286,48286,2375.9713722973665,196.08932944161216,0.1841261006694567,0.1841261006694567,0.03886752796558285,0.4193207301066322,0.021890403015366773,0.0,0.4941114532089579,0.006418350481592284,0.009490176101337133,True,1000,True,1200,True,1800
101008,0.65,0.5,1,-1,8,0523,1.7707076250808313,0.946328125,0.9984375,False,47326,47326,6215.229314606084,966.0202868498293,0.1841261006694568,0.1841261006694567,0.14951601997877625,1.6215600451355745,0.3755863584499007,0.0,0.3196117761589628,0.02925978738783468,0.025243983112700503,True,1600,True,1800,True,3800
101008,0.65,0.5,2,-1,7,0524,1.8681725410278887,0.9786083984375,1.0,False,48286,48286,2375.9713722973665,196.08932944161216,0.1841261006694567,0.1841261006694567,0.03886752796558285,0.4193207301066322,0.021890403015366773,0.0,0.4941114532089579,0.006418350481592284,0.009490176101337133,True,1000,True,1200,True,1800
101008,0.65,0.5,2,-1,8,0525,1.8688299580244347,0.94650390625,0.999609375,False,47767,47767,6323.26365035603,987.249790552417,0.1841261006694568,0.1841261006694567,0.1522285928229312,0.62,0.390771871794335,0.01645487470429376,0.0,0.02941020452578832,0.025392475889909994,True,1600,True,1800,True,3600
101008,0.65,0.5,2,1024,7,0526,3.297387875034474,0.7121044921875,0.7357421875,False,100057,1024,53.81928663234799,3.1389477188512593,0.1447694229920182,0.02182023309987148,0.0,0.3569602531752602,0.0,0.0,0.4520956489485592,8.273148888466871e-05,9.919866509422924e-05,False,20000,False,20000,False,20000
101008,0.65,0.5,2,1024,8,0527,2.1969036660157144,0.9080029296875,0.969921875,False,59174,1024,85.93541551371843,9.26722671016127,0.1841261006694567,0.0612535713244542,0.0,0.2826545474726422,0.1015625,0.0,0.3806910548438512,0.0004403239457644675,0.00044939632482171116,True,2400,True,6400,False,20000
101008,0.65,0.5,3,-1,7,0528,1.8974004589254037,0.9786083984375,1.0,False,48286,48286,2375.9713722973665,196.08932944161216,0.1841261006694567,0.1841261006694567,0.03886752796558285,0.4193207301066322,0.021890403015366773,0.0,0.4941114532089579,0.006418350481592284,0.009490176101337133,True,1000,True,1200,True,1800
101008,0.65,0.5,3,-1,8,0529,1.8867197090294212,0.9463818359375,0.99921875,False,47492,47492,6259.8330737986425,975.1076903099334,0.1841261006694568,0.1841261006694567,0.1505403158783301,0.9999999999972452,0.3804640781605323,0.003305819927566748,3.6342385632333227e-09,0.028967170347988375,0.025023589499284037,True,1600,True,1800,True,3800
101008,0.65,1.0,0,-1,7,0530,1.453136625001207,0.986845703125,0.9998046875,False,45510,45510,3717.024686877095,573.2109246215081,0.8112612118669273,0.40943631946012665,0.061144892485757954,0.4199925069496132,0.0,0.0,1.0,,,True,600,True,600,True,800
101008,0.65,1.0,0,-1,8,0531,1.6503220420563594,0.9611376953125,0.9994140625,False,48693,48693,19867.17235885116,18026.316688062347,27.955806254898945,1.8477738736689888,0.3282355485174276,55.30239940719967,0.0,0.0,1.0,,,True,1200,True,1800,True,2600
101008,0.65,1.0,1,-1,7,0532,1.7439132089493796,0.9824365234375,0.999609375,False,46401,46401,3555.1083156588447,403.499181878906,0.1841261006694567,0.1841261006694567,0.0643302632709338,0.4199996297986828,0.09267041658584944,0.0,0.2381403943307343,0.006739738345258327,0.010320182687334282,True,800,True,1000,True,1200
101008,0.65,1.0,1,-1,8,0533,1.759354209061712,0.9578955078125,0.9986328125,False,46734,46734,7563.852582270239,1327.124372633446,0.1841261006694568,0.1841261006694567,0.1841261006694566,1.859351196299844,0.744704069842085,0.0,0.1418883273789959,0.02809568403981393,0.024467116530969547,True,1400,True,1400,True,2000
101008,0.65,1.0,2,-1,7,0534,1.8075827499851584,0.9824365234375,0.999609375,False,46401,46401,3554.9769254025287,403.48962374824976,0.1841261006694567,0.1841261006694567,0.0643302632709338,0.4199996297986828,0.09267041658584944,0.0007327428288183445,0.0006023431834639,0.006739738345258327,0.010320182687334282,True,800,True,1000,True,1200
101008,0.65,1.0,2,-1,8,0535,1.837152292020619,0.95802734375,0.998046875,False,46863,46863,7443.632239040719,1291.9089946296092,0.1841261006694568,0.1841261006694567,0.1841261006694566,0.62,0.7409683545654354,0.06879627851396625,0.0,0.028026158029788906,0.02434771357022948,True,1400,True,1400,True,1800
101008,0.65,1.0,2,1024,7,0536,3.395919832983054,0.8190576171875,0.859375,False,108938,1024,91.61763507655856,9.895392649499058,0.1841261006694567,0.0,0.0,0.4081780509781524,0.03125,0.0,0.2313472118543392,7.648654892385239e-05,8.795498930584335e-05,False,20000,False,20000,False,20000
101008,0.65,1.0,2,1024,8,0537,1.9138581668958068,0.9543212890625,0.993359375,False,51440,1024,113.55272416532686,16.38584753288969,0.1841261006694567,0.121782244495566,0.0,0.4199956124693305,0.234375,0.001953125,0.0003269093475637,0.0004443410000323993,0.0004531422126101597,True,1400,True,1600,True,2800
101008,0.65,1.0,3,-1,7,0538,1.8263892499962822,0.9824365234375,0.999609375,False,46401,46401,3555.1083156588447,403.499181878906,0.1841261006694567,0.1841261006694567,0.0643302632709338,0.4199996297986828,0.09267041658584944,0.0,0.2381403943307343,0.006739738345258327,0.010320182687334282,True,800,True,1000,True,1200
101008,0.65,1.0,3,-1,8,0539,1.8477644169470295,0.957822265625,0.998828125,False,47039,47039,7604.343690153836,1331.7331855182606,0.1841261006694568,0.1841261006694567,0.1841261006694566,1.0,0.7490167733157592,0.01335062395033908,6.181761910427221e-16,0.028212455134746295,0.024427176341262867,True,1400,True,1400,True,2000
101009,0.5,0.25,0,-1,7,0540,1.4513851250521839,0.9321826171875,0.998828125,False,44975,44975,1712.404385496293,95.65629597135086,0.1921203725956565,0.12287854583857252,0.0314330248860777,0.3343591331867678,0.0,0.0,1.0,,,True,2200,True,2400,True,3000
101009,0.5,0.25,0,-1,8,0541,1.4884691250044852,0.87640625,0.999609375,False,42294,42294,3959.7444781778454,435.6734258200932,0.2666873809058913,0.1898562905028953,0.09134521324861974,0.9582434832808728,0.0,0.0,1.0,,,True,3400,True,3600,True,5400
101009,0.5,0.25,1,-1,7,0542,1.7185709999175742,0.932177734375,0.9984375,False,44985,44985,1709.1661975470033,95.1561730075135,0.1841261006694567,0.12269533226156676,0.0314525692373065,0.3343591331867678,0.00015560742469712126,0.0,0.9448737547788943,0.007920323846374679,0.012039875560371933,True,2200,True,2400,True,3000
101009,0.5,0.25,1,-1,8,0543,1.629785874974914,0.8752001953125,0.9994140625,False,42483,42483,4058.841930389382,454.6973457401442,0.1841261006694568,0.1841261006694567,0.093116175609628,0.6549494788870633,0.021749876421156698,0.0,0.6802995320716952,0.035048354513373924,0.03131036728416851,True,3600,True,3600,True,5200
101009,0.5,0.25,2,-1,7,0544,1.787751583964564,0.932177734375,0.9984375,False,44985,44985,1709.1661975470033,95.1561730075135,0.1841261006694567,0.12269533226156676,0.0314525692373065,0.3343591331867678,0.00015560742469712126,0.0,0.9448737547788943,0.007920323846374679,0.012039875560371933,True,2200,True,2400,True,3000
101009,0.5,0.25,2,-1,8,0545,1.7016285409918055,0.875361328125,0.998828125,False,42336,42336,3978.0176609696714,439.9263538850584,0.1841261006694568,0.1841261006694567,0.09130345907169075,0.6199025362154349,0.021022297808012094,0.0001417233560090703,0.4879593739808187,0.03533390551677842,0.031224607898714982,True,3600,True,3600,True,5200
101009,0.5,0.25,2,1024,7,0546,2.1762495420407504,0.8371826171875,0.9404296875,False,57398,1024,61.15213237197973,4.6509800832776085,0.1456958037238664,0.04189250666046221,0.0,0.1685304855198808,0.0,0.0,0.9371736758777716,0.0005367900812455707,0.0006395663739009477,True,7000,False,20000,False,20000
101009,0.5,0.25,2,1024,8,0547,1.8267403340432793,0.852109375,0.9912109375,False,48195,1024,82.28249998122664,7.999473080774433,0.1711097264453001,0.08087153674327634,0.0,0.1635916918276838,0.0,0.0,0.7657684316166867,0.001078644806688106,0.0010631937960369317,True,4400,True,4400,True,17600
101009,0.5,0.25,3,-1,7,0548,1.7967894580215216,0.932177734375,0.9984375,False,44985,44985,1709.1661975470033,95.1561730075135,0.1841261006694567,0.12269533226156676,0.0314525692373065,0.3343591331867678,0.00015560742469712126,0.0,0.9448737547788943,0.007920323846374679,0.012039875560371933,True,2200,True,2400,True,3000
101009,0.5,0.25,3,-1,8,0549,1.7122097500832751,0.8752001953125,0.9994140625,False,42483,42483,4058.841930389382,454.6973457401442,0.1841261006694568,0.1841261006694567,0.093116175609628,0.6549494788870633,0.021749876421156698,0.0,0.6802995320716952,0.035048354513373924,0.03131036728416851,True,3600,True,3600,True,5200
101009,0.5,0.5,0,-1,7,0550,1.4185909170191735,0.9545458984375,0.99921875,False,43617,43617,2475.9099989107704,229.0087046739251,0.4072209581591606,0.22631318827959138,0.0448332258296084,0.3894760411159167,0.0,0.0,1.0,,,True,1400,True,1600,True,1800
101009,0.5,0.5,0,-1,8,0551,1.4636554169701412,0.8991552734375,0.9986328125,False,40971,40971,7614.992021041551,1744.75922572171,0.7027312020593172,0.42179632040944254,0.1763160721354712,2.4845242566385775,0.0,0.0,1.0,,,True,3000,True,3000,True,3400
101009,0.5,0.5,1,-1,7,0552,1.6693401660304517,0.95251953125,0.99921875,False,43205,43205,2447.7969150450904,214.35992508694537,0.1841261006694567,0.1841261006694567,0.045512779535877,0.4002174594715657,0.027681981252169887,0.0,0.4449873894614115,0.007773915176677043,0.011531806636481073,True,1600,True,1800,True,2000
101009,0.5,0.5,1,-1,8,0553,1.6253842080477625,0.90435546875,0.9984375,False,41512,41512,6109.507955787386,992.0841749632831,0.1841261006694568,0.1841261006694567,0.17746721987687375,1.3532898789079053,0.474127962998651,0.0,0.2761757122437212,0.03333836450905756,0.029371103661792516,True,2800,True,3000,True,3600
101009,0.5,0.5,2,-1,7,0554,1.7577773749362677,0.95251953125,0.99921875,False,43205,43205,2447.7969150450904,214.35992508694537,0.1841261006694567,0.1841261006694567,0.045512779535877,0.4002174594715657,0.027681981252169887,0.0,0.4449873894614115,0.007773915176677043,0.011531806636481073,True,1600,True,1800,True,2000
101009,0.5,0.5,2,-1,8,0555,1.7205303329974413,0.9043798828125,0.998046875,False,41733,41733,6200.997908298249,1009.6295928060852,0.1841261006694568,0.1841261006694567,0.1777648079073893,0.619999999999993,0.48628183931181557,0.02082285002276376,5.0614843021244054e-12,0.033459941148691226,0.02922754162872701,True,2800,True,3000,True,3600
101009,0.5,0.5,2,1024,7,0556,2.090009000035934,0.92955078125,0.979296875,False,56919,1024,98.227512139097,11.88793676311391,0.1841261006694567,0.0686510137744698,0.0,0.3132416352101818,0.1474609375,0.0,0.4721089716288752,0.00048623784456859636,0.0005666255171823105,True,1800,True,2200,False,20000
101009,0.5,0.5,2,1024,8,0557,1.7385384580120444,0.8981201171875,0.9982421875,False,44007,1024,136.90306871906816,20.892768204161566,0.1841261006694567,0.16528510751115202,0.0,0.2827725866227315,0.3662109375,0.0,0.3778780748796359,0.0011634187222108589,0.0011405944650850985,True,3000,True,3200,True,4400
101009,0.5,0.5,3,-1,7,0558,1.7368011249927804,0.95251953125,0.99921875,False,43205,43205,2447.7969150450904,214.35992508694537,0.1841261006694567,0.1841261006694567,0.045512779535877,0.4002174594715657,0.027681981252169887,0.0,0.4449873894614115,0.007773915176677043,0.011531806636481073,True,1600,True,1800,True,2000
101009,0.5,0.5,3,-1,8,0559,1.705044792033732,0.90435546875,0.9984375,False,41512,41512,6107.86225048921,991.6383752092752,0.1841261006694568,0.1841261006694567,0.17738340630267052,0.999999999989834,0.474127962998651,0.0006263249180959722,8.030223697022621e-09,0.03333818572039405,0.029370924873128996,True,2800,True,3000,True,3600
101009,0.5,1.0,0,-1,7,0560,1.4111031249631196,0.9758251953125,0.99921875,False,42787,42787,3957.5034508118265,642.9480399618261,0.7628308591880701,0.4351243372641809,0.0706582633865701,0.4161261837445209,0.0,0.0,1.0,,,True,800,True,1000,True,1000
101009,0.5,1.0,0,-1,8,0561,1.5434390830341727,0.9312451171875,0.9978515625,False,43674,43674,21910.368103960853,22060.66849232779,11.539298491464292,2.2996889396931066,0.40952436039988827,31.2578620529068,0.0,0.0,1.0,,,True,2000,True,2200,True,3400
101009,0.5,1.0,1,-1,7,0562,1.668471583048813,0.9652392578125,0.9994140625,False,43002,43002,3757.066928546559,447.1789218290667,0.1841261006694567,0.1841261006694567,0.07535438208736975,0.4151577296806511,0.12080833449606995,0.0,0.2642472726481562,0.008124216363967526,0.012641914426460739,True,1200,True,1200,True,1600
101009,0.5,1.0,1,-1,8,0563,1.6258009589510038,0.902060546875,0.999609375,False,41610,41610,7298.431952995555,1309.2458415684569,0.1841261006694568,0.1841261006694567,0.1841261006694567,1.4235138104264786,0.8555635664503725,0.0,0.1236676392820628,0.03291975837138503,0.029100016647640732,True,2800,True,3000,True,3200
101009,0.5,1.0,2,-1,7,0564,1.7337112090317532,0.9652392578125,0.9994140625,False,43002,43002,3757.066928546559,447.1789218290667,0.1841261006694567,0.1841261006694567,0.07535438208736975,0.4151577296806511,0.12080833449606995,0.0,0.2642472726481562,0.008124216363967526,0.012641914426460739,True,1200,True,1200,True,1600
101009,0.5,1.0,2,-1,8,0565,1.6819885830627754,0.90216796875,0.9994140625,False,41199,41199,7159.683247059455,1276.0247196127305,0.1841261006694568,0.1841261006694567,0.1841261006694566,0.62,0.8586130731328431,0.07216194567829316,0.0,0.03398676747817498,0.029639821102049345,True,2800,True,3000,True,3000
101009,0.5,1.0,2,1024,7,0566,1.8966111249756068,0.95751953125,0.9978515625,False,49976,1024,132.01031542961454,19.261290059593975,0.1841261006694567,0.12714919393773402,0.0,0.3978967512951294,0.28515625,0.0,0.2304193110299331,0.000495499558538097,0.0005783922115948976,True,1400,True,1600,True,6000
101009,0.5,1.0,2,1024,8,0567,1.681639917078428,0.899599609375,0.9986328125,False,42730,1024,173.38509362953636,30.044196033153654,0.1841261006694567,0.1841261006694567,0.0,0.3924614343352463,0.705078125,0.0,0.1766340497208431,0.0012047302831734129,0.0011779816580856524,True,3000,True,3200,True,3400
101009,0.5,1.0,3,-1,7,0568,1.7412733330857009,0.9652392578125,0.9994140625,False,43002,43002,3757.066928546559,447.1789218290667,0.1841261006694567,0.1841261006694567,0.07535438208736975,0.4151577296806511,0.12080833449606995,0.0,0.2642472726481562,0.008124216363967526,0.012641914426460739,True,1200,True,1200,True,1600
101009,0.5,1.0,3,-1,8,0569,1.704841083032079,0.902099609375,0.99921875,False,41538,41538,7274.214341513235,1303.7002249755194,0.1841261006694568,0.1841261006694567,0.1841261006694567,0.9999999999999936,0.8554095045500506,0.004742645288651356,1.3939934247289754e-11,0.03284114470484851,0.029094293177331546,True,2800,True,3000,True,3200
101009,0.65,0.25,0,-1,7,0570,1.5994965840363875,0.969140625,0.998828125,False,51371,51371,1655.786213323594,85.05857813890641,0.1856773729046283,0.1153968900013691,0.025547680947852,0.408902645805331,0.0,0.0,1.0,,,True,1600,True,2000,True,3600
101009,0.65,0.25,0,-1,8,0571,1.6404442499624565,0.9151318359375,0.9990234375,False,48579,48579,3829.8119774683623,398.69743729917684,0.2824851690332133,0.1917900749491654,0.0755472453625627,0.7017011657310886,0.0,0.0,1.0,,,True,2400,True,2800,True,5200
101009,0.65,0.25,1,-1,7,0572,1.8877422499936074,0.969140625,0.998828125,False,51371,51371,1655.7847893763985,85.05801701624429,0.1841261006694566,0.1153968900013691,0.025547680947852,0.408902645805331,1.946623581398065e-05,0.0,0.9916453350728502,0.006060742817364498,0.00928901018449121,True,1600,True,2000,True,3600
101009,0.65,0.25,1,-1,8,0573,1.8032003750558943,0.9154541015625,0.99921875,False,48329,48329,3811.691315325968,392.9194383493154,0.1841261006694568,0.1841261006694566,0.0760285908900358,0.7171461768598755,0.013656396780401002,0.0,0.6013457761983828,0.02727041368364055,0.02399308052187432,True,2400,True,2800,True,5800
101009,0.65,0.25,2,-1,7,0574,1.9719207910820842,0.969140625,0.998828125,False,51371,51371,1655.7847893763985,85.05801701624429,0.1841261006694566,0.1153968900013691,0.025547680947852,0.408902645805331,1.946623581398065e-05,0.0,0.9916453350728502,0.006060742817364498,0.00928901018449121,True,1600,True,2000,True,3600
101009,0.65,0.25,2,-1,8,0575,1.8777472920482978,0.9154541015625,0.99921875,False,48329,48329,3811.3135523952606,392.8216913751831,0.1841261006694568,0.1841261006694566,0.0760270547918915,0.6199999997951742,0.013656396780401002,0.0006207453082000455,3.7937372542537386e-07,0.02727041368364055,0.02399308052187432,True,2400,True,2800,True,5800
101009,0.65,0.25,2,1024,7,0576,3.202375959022902,0.686083984375,0.706640625,False,97234,1024,29.08020993965108,0.8833712302036775,0.0681486176259212,0.018933017744859008,0.0,0.2694359125884122,0.0,0.0,0.8881537358855773,8.250005035104283e-05,0.0001013154049338019,False,20000,False,20000,False,20000
101009,0.65,0.25,2,1024,8,0577,2.876694416976534,0.658388671875,0.7572265625,False,85974,1024,45.17590836085229,2.702444349270627,0.1438677215381978,0.02763006962565712,0.0,0.2408532217540222,0.0,0.0,0.9375180606049778,0.000311007300656787,0.00031687753468102685,False,20000,False,20000,False,20000
101009,0.65,0.25,3,-1,7,0578,1.9630212499760091,0.969140625,0.998828125,False,51371,51371,1655.7847893763985,85.05801701624429,0.1841261006694566,0.1153968900013691,0.025547680947852,0.408902645805331,1.946623581398065e-05,0.0,0.9916453350728502,0.006060742817364498,0.00928901018449121,True,1600,True,2000,True,3600
101009,0.65,0.25,3,-1,8,0579,1.862198874936439,0.9154541015625,0.99921875,False,48329,48329,3811.691315325968,392.9194383493154,0.1841261006694568,0.1841261006694566,0.0760285908900358,0.7171461768598755,0.013656396780401002,0.0,0.6013457761983828,0.02727041368364055,0.02399308052187432,True,2400,True,2800,True,5800
101009,0.65,0.5,0,-1,7,0580,1.5095093339914456,0.978671875,0.9998046875,False,47696,47696,2412.6879483421335,218.7515019691045,0.4399952123412834,0.22462657147529927,0.03890358134312505,0.4197868379098562,0.0,0.0,1.0,,,True,1000,True,1200,True,1600
101009,0.65,0.5,0,-1,8,0581,1.648641666979529,0.94830078125,0.999609375,False,48329,48329,6979.778729658727,1410.1635718921261,0.7169212883072571,0.3989429613830341,0.1315799166735662,2.4087565681122736,0.0,0.0,1.0,,,True,1600,True,1800,True,3400
101009,0.65,0.5,1,-1,7,0582,1.7911102080252022,0.9792431640625,0.99921875,False,48058,48058,2384.357290425446,198.46764613962435,0.1841261006694567,0.1841261006694567,0.03912179268439415,0.4182466856744696,0.02286820092388364,0.0,0.4454297959026332,0.006619092045462393,0.009668658292237118,True,1000,True,1200,True,1800
101009,0.65,0.5,1,-1,8,0583,1.7415305419126526,0.943115234375,0.9990234375,False,46155,46155,6157.626090307023,970.4886595635032,0.1841261006694568,0.1841261006694567,0.1564088098671219,1.2950129751820894,0.40116997075073124,0.0,0.3029401852153013,0.028760415538222603,0.024750249950348413,True,1800,True,1800,True,3000
101009,0.65,0.5,2,-1,7,0584,1.8590062919538468,0.9792431640625,0.99921875,False,48058,48058,2384.357290425446,198.46764613962435,0.1841261006694567,0.1841261006694567,0.03912179268439415,0.4182466856744696,0.02286820092388364,0.0,0.4454297959026332,0.006619092045462393,0.009668658292237118,True,1000,True,1200,True,1800
101009,0.65,0.5,2,-1,8,0585,1.8197265419876203,0.943369140625,0.9990234375,False,46111,46111,6007.703424306307,939.0122984262362,0.1841261006694568,0.1841261006694567,0.1510126031085042,0.6199999999999981,0.38739129491878294,0.014573529092841188,1.3430001752030976e-11,0.028858036404906945,0.024845439198347415,True,1800,True,1800,True,3000
101009,0.65,0.5,2,1024,7,0586,3.258836958091706,0.7130908203125,0.74140625,False,100131,1024,51.36491117785265,2.9134661030401694,0.1256246456563358,0.014267518652015854,0.0,0.4039761421719682,0.0,0.0,0.4501792237856948,7.680238366905985e-05,9.267677051395969e-05,False,20000,False,20000,False,20000
101009,0.65,0.5,2,1024,8,0587,2.4840746669797227,0.88759765625,0.9666015625,False,74024,1024,85.5502493723709,9.494035923015526,0.1841261006694567,0.05785753588853146,0.0,0.4036295189059695,0.109375,0.0,0.4057595783963141,0.0003742821162730998,0.00037889421842915726,True,3800,True,6600,False,20000
101009,0.65,0.5,3,-1,7,0588,1.8672030000016093,0.9792431640625,0.99921875,False,48058,48058,2384.357290425446,198.46764613962435,0.1841261006694567,0.1841261006694567,0.03912179268439415,0.4182466856744696,0.02286820092388364,0.0,0.4454297959026332,0.006619092045462393,0.009668658292237118,True,1000,True,1200,True,1800
101009,0.65,0.5,3,-1,8,0589,1.8357477500103414,0.943154296875,0.9990234375,False,46195,46195,6151.802198704997,968.6365587849103,0.1841261006694568,0.1841261006694567,0.1558022946346068,0.9999999663313476,0.3996969368979327,0.0006927156618681676,5.055204824464633e-05,0.02873995708860983,0.024728015522964195,True,1800,True,1800,True,3000
101009,0.65,1.0,0,-1,7,0590,1.4684951660456136,0.986416015625,0.9990234375,False,45468,45468,3718.449029705773,572.3928544204807,0.850863787033418,0.41037603374696646,0.0615848186890184,0.4199940055596905,0.0,0.0,1.0,,,True,600,True,800,True,800
101009,0.65,1.0,0,-1,8,0591,1.7186044999398291,0.961787109375,0.9984375,False,47911,47911,19667.90147323349,19382.011175639098,38.24970695396374,1.6804525769387704,0.3425228311580194,56.89627951236946,0.0,0.0,1.0,,,True,1200,True,1400,True,3200
101009,0.65,1.0,1,-1,7,0592,1.8424502920825034,0.9829052734375,0.9990234375,False,46899,46899,3595.2892538763604,408.38770210761004,0.1841261006694568,0.1841261006694567,0.064311240160717,0.4199993043339863,0.0934348280347129,0.0,0.2381097202330159,0.006801895207431536,0.010405695894812923,True,800,True,1000,True,1200
101009,0.65,1.0,1,-1,8,0593,1.8481411669636145,0.9498974609375,0.99921875,False,46286,46286,7458.896014968376,1304.5127963206191,0.1841261006694568,0.1841261006694567,0.1841261006694566,2.2869779177687457,0.734390528453528,0.0,0.152148733422813,0.028145805877227047,0.0244161076423396,True,1600,True,1800,True,3200
101009,0.65,1.0,2,-1,7,0594,1.904439082951285,0.9829052734375,0.9990234375,False,46899,46899,3595.231637683757,408.3837226740018,0.1841261006694568,0.1841261006694567,0.064311240160717,0.4199993043339863,0.0934348280347129,0.0005117379901490437,0.0014344423180431,0.006801895207431536,0.010405695894812923,True,800,True,1000,True,1200
101009,0.65,1.0,2,-1,8,0595,1.882643667049706,0.9568994140625,0.999609375,False,48221,48221,7748.794294965801,1350.2937366894866,0.1841261006694568,0.1841261006694567,0.1841261006694566,0.62,0.7417929947533233,0.059642064660625035,0.0,0.02759288775896388,0.024053435830170757,True,1400,True,1600,True,3600
101009,0.65,1.0,2,1024,7,0596,3.3848152089631185,0.7805419921875,0.8302734375,False,107049,1024,90.11624751733757,9.663198502153879,0.1841261006694567,0.0,0.0,0.4105424407825218,0.033203125,0.0,0.2342708303050095,7.776690853409775e-05,8.815508844080717e-05,False,20000,False,20000,False,20000
101009,0.65,1.0,2,1024,8,0597,2.3284161249175668,0.9257666015625,0.975390625,False,67116,1024,121.06611056288664,17.575585155050174,0.1841261006694567,0.1047291998476323,0.0,0.4199191178697774,0.2451171875,0.001953125,0.1120815678269241,0.00036473892526868825,0.0003639648456900482,True,1800,True,4000,False,20000
101009,0.65,1.0,3,-1,7,0598,1.823868541046977,0.9829052734375,0.9990234375,False,46899,46899,3595.2892538763604,408.38770210761004,0.1841261006694568,0.1841261006694567,0.064311240160717,0.4199993043339863,0.0934348280347129,0.0,0.2381097202330159,0.006801895207431536,0.010405695894812923,True,800,True,1000,True,1200
101009,0.65,1.0,3,-1,8,0599,1.8269160829950124,0.949833984375,0.998828125,False,46201,46201,7390.7135771056055,1288.261330017635,0.1841261006694568,0.1841261006694567,0.1841261006694566,0.9999999999999996,0.7297028202852752,0.01181792601891734,1.446451963512424e-13,0.028063290477118048,0.02432137561957528,True,1600,True,1800,True,3200
101010,0.5,0.25,0,-1,7,0600,1.4218052909709513,0.922294921875,0.9990234375,False,43849,43849,1661.596814376817,92.15932015100014,0.1899656648194566,0.12211719981200235,0.0313695408160357,0.3343591331867678,0.0,0.0,1.0,,,True,2400,True,2600,True,3600
101010,0.5,0.25,0,-1,8,0601,1.443070042063482,0.871611328125,0.9984375,False,40782,40782,3786.125935570433,417.369071551918,0.2690219172541751,0.1951021257024931,0.09011467224030614,0.61651101119471,0.0,0.0,1.0,,,True,3600,True,3600,True,4200
101010,0.5,0.25,1,-1,7,0602,1.6821813749847934,0.922294921875,0.9990234375,False,43849,43849,1661.5854785441634,92.15509525752465,0.1841261006694567,0.12211719981200235,0.0313695408160357,0.3343591331867678,6.841661155328513e-05,0.0,0.9692598967526584,0.007727473652477784,0.01167763173523527,True,2400,True,2600,True,3600
101010,0.5,0.25,1,-1,8,0603,1.593055541976355,0.8707421875,0.9984375,False,41197,41197,3783.884434517269,411.7900920123653,0.1841261006694568,0.1841261006694567,0.0893520416227921,0.6321475561308808,0.01689443406073258,0.0,0.6956430536926363,0.03427138201810807,0.030915921770193564,True,3600,True,3600,True,5000
101010,0.5,0.25,2,-1,7,0604,1.7506484580226243,0.922294921875,0.9990234375,False,43849,43849,1661.5854785441634,92.15509525752465,0.1841261006694567,0.12211719981200235,0.0313695408160357,0.3343591331867678,6.841661155328513e-05,0.0,0.9692598967526584,0.007727473652477784,0.01167763173523527,True,2400,True,2600,True,3600
101010,0.5,0.25,2,-1,8,0605,1.6663247090764344,0.8707421875,0.9984375,False,41197,41197,3783.7238011279837,411.74097487385126,0.1841261006694568,0.1841261006694567,0.0893520416227921,0.619537959609057,0.01689443406073258,0.0002184625094060247,0.0177895197197203,0.03427138201810807,0.030915921770193564,True,3600,True,3600,True,5000
101010,0.5,0.25,2,1024,7,0606,2.0353070829296485,0.87068359375,0.966796875,False,54483,1024,60.03347225351527,4.593163910945322,0.1527695455184347,0.04140722254735195,0.0,0.2043963250226078,0.0,0.0,0.8705938080857947,0.0005418070009605431,0.0006374587313932776,True,3400,True,7000,False,20000
101010,0.5,0.25,2,1024,8,0607,1.8061151660513133,0.8576025390625,0.997265625,False,49367,1024,83.99225632928207,8.3561997090324,0.1685348838904354,0.0839017724631753,0.0,0.1671682616859057,0.0,0.0,0.6984740304214933,0.0010556430873187878,0.0010036752790325509,True,4000,True,4200,True,10800
101010,0.5,0.25,3,-1,7,0608,1.7457625840324908,0.922294921875,0.9990234375,False,43849,43849,1661.5854785441634,92.15509525752465,0.1841261006694567,0.12211719981200235,0.0313695408160357,0.3343591331867678,6.841661155328513e-05,0.0,0.9692598967526584,0.007727473652477784,0.01167763173523527,True,2400,True,2600,True,3600
101010,0.5,0.25,3,-1,8,0609,1.6643820409663022,0.8707421875,0.9984375,False,41197,41197,3783.884434517269,411.7900920123653,0.1841261006694568,0.1841261006694567,0.0893520416227921,0.6321475561308808,0.01689443406073258,0.0,0.6956430536926363,0.03427138201810807,0.030915921770193564,True,3600,True,3600,True,5000
101010,0.5,0.5,0,-1,7,0610,1.4128474580356851,0.95126953125,0.9994140625,False,42966,42966,2441.353945258368,226.1611235483121,0.4262116938658714,0.22648136178814557,0.045230063994423,0.4002174594715657,0.0,0.0,1.0,,,True,1600,True,1600,True,1800
101010,0.5,0.5,0,-1,8,0611,1.4924460829934105,0.9133740234375,0.9998046875,False,41699,41699,7852.7516732223485,1886.1899229421185,1.4620768871440355,0.4514050760122343,0.1758918745671311,5.254017451273169,0.0,0.0,1.0,,,True,2400,True,2600,True,2800
101010,0.5,0.5,1,-1,7,0612,1.6600290830247104,0.9503955078125,0.999609375,False,42920,42920,2440.7655618318204,214.0815731047647,0.1841261006694567,0.1841261006694567,0.04579719622194115,0.3860844901287963,0.02886766076421249,0.0,0.41303614482981,0.007766194433927423,0.011431739525085388,True,1600,True,1600,True,2000
101010,0.5,0.5,1,-1,8,0613,1.6286921249702573,0.8956689453125,0.9986328125,False,41815,41815,6561.178905305373,1103.6441477234944,0.1841261006694568,0.1841261006694567,0.1841261006694566,3.4256966385863095,0.5792418988401291,0.0,0.1715205291472237,0.0352325627017816,0.030545324270596617,True,3200,True,3200,True,3800
101010,0.5,0.5,2,-1,7,0614,1.7205613750265911,0.9503955078125,0.999609375,False,42920,42920,2440.7655618318204,214.0815731047647,0.1841261006694567,0.1841261006694567,0.04579719622194115,0.3860844901287963,0.02886766076421249,0.0,0.41303614482981,0.007766194433927423,0.011431739525085388,True,1600,True,1600,True,2000
101010,0.5,0.5,2,-1,8,0615,1.6989751249784604,0.8952392578125,0.9994140625,False,41953,41953,6398.242633630889,1054.4857621735941,0.1841261006694568,0.1841261006694567,0.1827331571881752,0.62,0.5335256119943746,0.06433389745667771,0.0,0.03503021920859846,0.0305956343010829,True,3200,True,3400,True,4400
101010,0.5,0.5,2,1024,7,0616,1.8624849170446396,0.9410791015625,0.9935546875,False,49370,1024,92.89848935966819,10.845617009540163,0.1841261006694567,0.07109383700620121,0.0,0.3013795946779799,0.1240234375,0.0,0.4660908860732681,0.0005017319791877646,0.0005903023934913228,True,1600,True,1800,True,7400
101010,0.5,0.5,2,1024,8,0617,1.710286624962464,0.8891748046875,0.9966796875,False,43274,1024,137.49909356857447,21.05677340424275,0.1841261006694567,0.16894758886772293,0.0,0.3025510760843341,0.36328125,0.0,0.3809349179920121,0.0011244121759023877,0.0011185808741969758,True,3400,True,3600,True,4600
101010,0.5,0.5,3,-1,7,0618,1.7293208329938352,0.9503955078125,0.999609375,False,42920,42920,2440.7655618318204,214.0815731047647,0.1841261006694567,0.1841261006694567,0.04579719622194115,0.3860844901287963,0.02886766076421249,0.0,0.41303614482981,0.007766194433927423,0.011431739525085388,True,1600,True,1600,True,2000
101010,0.5,0.5,3,-1,8,0619,1.6967354159569368,0.8955078125,0.9990234375,False,41791,41791,6342.269040980208,1043.864579314456,0.1841261006694568,0.1841261006694567,0.1841261006694566,1.0,0.521834844823048,0.026297528175923044,0.0,0.03381770982887059,0.02962682168907973,True,3200,True,3400,True,4000
101010,0.5,1.0,0,-1,7,0620,1.397964792093262,0.9748486328125,0.9994140625,False,42692,42692,3900.3491906990635,626.0246981460084,0.8108412739354278,0.4295056378881462,0.06956450760794256,0.4124339526260175,0.0,0.0,1.0,,,True,800,True,1000,True,1000
101010,0.5,1.0,0,-1,8,0621,1.5143070829799399,0.9183740234375,0.9986328125,False,41462,41462,22010.271453180067,20320.332979777777,10.192817684893734,2.1741899623224756,0.4450271496171376,23.6169759611639,0.0,0.0,1.0,,,True,2400,True,2400,True,2600
101010,0.5,1.0,1,-1,7,0622,1.675346041098237,0.96123046875,0.9994140625,False,42666,42666,3703.9488151744627,439.7200763551763,0.1841261006694567,0.1841261006694567,0.0748921056813992,0.4171570162214911,0.11871279238738106,0.0,0.2499453816230177,0.007908827188706034,0.012494863811348565,True,1200,True,1200,True,1400
101010,0.5,1.0,1,-1,8,0623,1.597805832978338,0.88205078125,0.9990234375,False,40241,40241,7081.1885208217545,1272.8514118768162,0.1841261006694568,0.1841261006694567,0.1841261006694567,2.479777551038535,0.8653363485002857,0.0,0.1286230042549216,0.033254854346313416,0.02920175797590346,True,3200,True,3400,True,3400
101010,0.5,1.0,2,-1,7,0624,1.737820666981861,0.96123046875,0.9994140625,False,42666,42666,3703.9488151744627,439.7200763551763,0.1841261006694567,0.1841261006694567,0.0748921056813992,0.4171570162214911,0.11871279238738106,0.0,0.2499453816230177,0.007908827188706034,0.012494863811348565,True,1200,True,1200,True,1400
101010,0.5,1.0,2,-1,8,0625,1.6653013749746606,0.8819970703125,0.9998046875,False,40795,40795,7015.318861825741,1240.7860344730427,0.1841261006694568,0.1841261006694567,0.1841261006694566,0.62,0.8573354577766883,0.1086407647996078,0.0,0.03264478834722387,0.028593245700044883,True,3200,True,3400,True,3600
101010,0.5,1.0,2,1024,7,0626,1.8507442910922691,0.9575244140625,0.99765625,False,48352,1024,127.55546407231529,18.322723639390436,0.1841261006694567,0.124643491607063,0.0,0.4022568428881966,0.26171875,0.0,0.2213634112527002,0.00047553294072633903,0.0005622330233668363,True,1400,True,1400,True,1600
101010,0.5,1.0,2,1024,8,0627,1.6612639999948442,0.8797119140625,0.997265625,False,42016,1024,174.84432705746696,30.43936332442795,0.1841261006694568,0.1841261006694567,0.0,0.5743480371828847,0.7158203125,0.0,0.1839166574780102,0.0011672636614622985,0.0011032596461268706,True,3400,True,3600,True,3800
101010,0.5,1.0,3,-1,7,0628,1.7288811249891296,0.96123046875,0.9994140625,False,42666,42666,3703.9488151744627,439.7200763551763,0.1841261006694567,0.1841261006694567,0.0748921056813992,0.4171570162214911,0.11871279238738106,0.0,0.2499453816230177,0.007908827188706034,0.012494863811348565,True,1200,True,1200,True,1400
101010,0.5,1.0,3,-1,8,0629,1.6705604590242729,0.8812353515625,0.99765625,False,40652,40652,7119.930001461876,1275.5244670548293,0.1841261006694568,0.1841261006694567,0.1841261006694566,1.0,0.8675833907310834,0.024230050182032864,0.0,0.03226290693467311,0.028451433688174366,True,3200,True,3400,True,3400
101010,0.65,0.25,0,-1,7,0630,1.586434041033499,0.968701171875,0.99921875,False,51624,51624,1680.3406440839042,87.33240699333675,0.1757016443177448,0.1184424107442075,0.02577476649667735,0.4050278684547645,0.0,0.0,1.0,,,True,1400,True,2000,True,4400
101010,0.65,0.25,0,-1,8,0631,1.684990750043653,0.9310205078125,0.9990234375,False,50345,50345,3838.7047135127427,389.9095073435384,0.2498326956226415,0.18444124065441558,0.0730461130549201,0.8779712006819406,0.0,0.0,1.0,,,True,2200,True,2400,True,4800
101010,0.65,0.25,1,-1,7,0632,1.8988841249374673,0.968701171875,0.99921875,False,51624,51624,1680.3406440839042,87.33240699333675,0.1757016443177448,0.1184424107442075,0.02577476649667735,0.4050278684547645,0.0,0.0,1.0,0.006203609623995911,0.009546525215177654,True,1400,True,2000,True,4400
101010,0.65,0.25,1,-1,8,0633,1.852563124964945,0.931103515625,0.998828125,False,50823,50823,3677.466496231263,358.76881538939836,0.1841261006694568,0.18142632285506638,0.068752073869476,0.8489232949804871,0.008775554374987702,0.0,0.6710913339935363,0.02579973992664078,0.022727140435104792,True,2200,True,2400,True,4200
101010,0.65,0.25,2,-1,7,0634,1.9695323340129107,0.968701171875,0.99921875,False,51624,51624,1680.3406440839042,87.33240699333675,0.1757016443177448,0.1184424107442075,0.02577476649667735,0.4050278684547645,0.0,0.0,1.0,0.006203609623995911,0.009546525215177654,True,1400,True,2000,True,4400
101010,0.65,0.25,2,-1,8,0635,1.9266504580155015,0.9311328125,0.9984375,False,50589,50589,3680.097456438335,361.2915230998984,0.1841261006694568,0.1828155394593353,0.0690615693708668,0.62,0.009507995809365672,0.0006325485777540572,9.199703509898367e-13,0.025902498772789818,0.022858085914592718,True,2200,True,2400,True,4200
101010,0.65,0.25,2,1024,7,0636,3.186786958016455,0.6780322265625,0.716796875,False,96385,1024,29.607747634256757,0.916506476482959,0.0748297093781816,0.020558861644162773,0.0,0.2769641169589915,0.0,0.0,0.8448002559179819,8.7590214374643e-05,0.00010684081094049863,False,20000,False,20000,False,20000
101010,0.65,0.25,2,1024,8,0637,3.0068486250238493,0.778076171875,0.85625,False,91855,1024,43.19373609497607,2.483632040663685,0.1358095826411399,0.02122123736714888,0.0,0.3241088100983523,0.0,0.0,0.8558005708397844,0.00027401940104875374,0.0002736692681400026,False,20000,False,20000,False,20000
101010,0.65,0.25,3,-1,7,0638,1.9647366660647094,0.968701171875,0.99921875,False,51624,51624,1680.3406440839042,87.33240699333675,0.1757016443177448,0.1184424107442075,0.02577476649667735,0.4050278684547645,0.0,0.0,1.0,0.006203609623995911,0.009546525215177654,True,1400,True,2000,True,4400
101010,0.65,0.25,3,-1,8,0639,1.9299480830086395,0.931103515625,0.998828125,False,50823,50823,3677.466496231263,358.76881538939836,0.1841261006694568,0.18142632285506638,0.068752073869476,0.8489232949804871,0.008775554374987702,0.0,0.6710913339935363,0.02579973992664078,0.022727140435104792,True,2200,True,2400,True,4200
101010,0.65,0.5,0,-1,7,0640,1.4922621661098674,0.9801513671875,0.998828125,False,47179,47179,2381.299273549938,214.5072105126383,0.4714393883835894,0.22749260394813284,0.0392463716270132,0.4193207301066322,0.0,0.0,1.0,,,True,1000,True,1000,True,1600
101010,0.65,0.5,0,-1,8,0641,1.63571495807264,0.9495166015625,0.9982421875,False,48232,48232,7379.270124094618,1547.7285870097362,1.156558365892814,0.403611651517514,0.1413048148533697,3.9878357471899335,0.0,0.0,1.0,,,True,1600,True,1800,True,3600
101010,0.65,0.5,1,-1,7,0642,1.7790587909985334,0.9795361328125,0.9990234375,False,47779,47779,2382.153164630158,199.1094779980086,0.1841261006694567,0.1841261006694567,0.0393360263127935,0.419312344058566,0.023378471713514305,0.0,0.4501144938824853,0.0065610976012822585,0.009648199315686072,True,1000,True,1000,True,2000
101010,0.65,0.5,1,-1,8,0643,1.8441814159741625,0.94,0.99921875,False,48117,48117,6423.774803454559,1013.3196983946448,0.1841261006694568,0.1841261006694567,0.1568401009236282,1.3841695976537411,0.39965085105056425,0.0,0.3199396838316667,0.02806030309800412,0.024308618835338806,True,1800,True,2000,True,3200
101010,0.65,0.5,2,-1,7,0644,1.8871785830706358,0.9795361328125,0.9990234375,False,47779,47779,2382.153164630158,199.1094779980086,0.1841261006694567,0.1841261006694567,0.0393360263127935,0.419312344058566,0.023378471713514305,0.0,0.4501144938824853,0.0065610976012822585,0.009648199315686072,True,1000,True,1000,True,2000
101010,0.65,0.5,2,-1,8,0645,1.9000380840152502,0.9400439453125,0.9990234375,False,48398,48398,6209.419208258135,957.7356998850325,0.1841261006694568,0.1841261006694567,0.14444925575035855,0.62,0.36051076490764083,0.0104549774784082,0.0,0.02793459741793733,0.024109157941271626,True,1800,True,2000,True,3200
101010,0.65,0.5,2,1024,7,0646,3.2656572909327224,0.7372802734375,0.7888671875,False,99409,1024,53.80978779434408,3.213909698690979,0.1572092895963495,0.022358606859621006,0.0,0.3335257245202473,0.0,0.0,0.4514619084240026,8.505017256150482e-05,0.00010096519387915877,False,20000,False,20000,False,20000
101010,0.65,0.5,2,1024,8,0647,2.8037097910419106,0.86630859375,0.9263671875,False,84785,1024,84.35972343248824,9.127665183425204,0.1841261006694568,0.048390780875108716,0.0,0.3176274770134788,0.10546875,0.0,0.4051328784936519,0.0003103499538047211,0.00031691527343673134,True,4200,False,20000,False,20000
101010,0.65,0.5,3,-1,7,0648,1.8801003750413656,0.9795361328125,0.9990234375,False,47779,47779,2382.153164630158,199.1094779980086,0.1841261006694567,0.1841261006694567,0.0393360263127935,0.419312344058566,0.023378471713514305,0.0,0.4501144938824853,0.0065610976012822585,0.009648199315686072,True,1000,True,1000,True,2000
101010,0.65,0.5,3,-1,8,0649,1.888232791912742,0.9400048828125,0.9986328125,False,47828,47828,6380.949211248607,1005.8891686637963,0.1841261006694568,0.1841261006694567,0.15628903233572425,0.9999999999999718,0.40012126787655766,0.002007192439575144,1.6586409347673992e-11,0.028242271350812583,0.024411380907453047,True,1800,True,2000,True,3200
101010,0.65,1.0,0,-1,7,0650,1.470512666972354,0.9865478515625,0.9986328125,False,45110,45110,3669.034270028159,570.2388501407557,0.8270534725771832,0.4120410998934754,0.0606788000266196,0.4199882921087707,0.0,0.0,1.0,,,True,600,True,600,True,800
101010,0.65,1.0,0,-1,8,0651,1.6640829999232665,0.9602099609375,0.99921875,False,48652,48652,20464.233245131443,14658.943926927574,9.293832201450105,1.6323935444932223,0.356271611679874,12.801309377117343,0.0,0.0,1.0,,,True,1200,True,1600,True,3400
101010,0.65,1.0,1,-1,7,0652,1.790093292016536,0.981962890625,0.99921875,False,47242,47242,3603.0501830172598,410.4066260615117,0.1841261006694567,0.1841261006694567,0.06329099666887456,0.4199998295781161,0.09533889335760552,0.0,0.2479841735653736,0.006732479451988307,0.010386440814935113,True,800,True,1000,True,1400
101010,0.65,1.0,1,-1,8,0653,1.7883329590549693,0.94138671875,0.9984375,False,47167,47167,7647.912092355636,1339.0655421027857,0.1841261006694568,0.1841261006694567,0.1841261006694566,1.9129155547387644,0.7396060805223992,0.0,0.15099997143345,0.027454134599755427,0.023845974918021724,True,1800,True,2000,True,3200
101010,0.65,1.0,2,-1,7,0654,1.8638039999641478,0.981962890625,0.99921875,False,47242,47242,3602.973900567103,410.39948006948936,0.1841261006694567,0.1841261006694567,0.06329099666887456,0.4199998295781161,0.09533889335760552,0.0006561957580119385,0.0039140492984938,0.006732479451988307,0.010386440814935113,True,800,True,1000,True,1400
101010,0.65,1.0,2,-1,8,0655,1.869352624984458,0.9409716796875,0.9986328125,False,46592,46592,7368.3190733834435,1273.5056539653053,0.1841261006694568,0.1841261006694567,0.1841261006694566,0.62,0.7129120879120879,0.04893543956043956,0.0,0.026680859017284748,0.02322001474680913,True,1800,True,2000,True,3000
101010,0.65,1.0,2,1024,7,0656,3.519146666978486,0.8070263671875,0.8322265625,False,108922,1024,89.24863028174184,9.647957467322957,0.1841261006694567,0.0,0.0,0.4195840521468,0.033203125,0.0,0.204452524836437,7.670220241701983e-05,8.772942162740276e-05,False,20000,False,20000,False,20000
101010,0.65,1.0,2,1024,8,0657,2.6213961660396308,0.9053515625,0.973828125,False,77928,1024,133.12197257484897,20.03174393808664,0.1841261006694567,0.09717065564917055,0.0,0.4057468596456656,0.31640625,0.0,0.1812220275221824,0.00034445190325257426,0.000342420113224172,True,2400,True,5400,False,20000
101010,0.65,1.0,3,-1,7,0658,1.9300014169421047,0.981962890625,0.99921875,False,47242,47242,3603.0501830172598,410.4066260615117,0.1841261006694567,0.1841261006694567,0.06329099666887456,0.4199998295781161,0.09533889335760552,0.0,0.2479841735653736,0.006732479451988307,0.010386440814935113,True,800,True,1000,True,1400
101010,0.65,1.0,3,-1,8,0659,1.9048078340711072,0.9415673828125,0.9986328125,False,46908,46908,7569.001466451247,1321.8264933778685,0.1841261006694568,0.1841261006694567,0.1841261006694566,1.0,0.7338620277990962,0.006928455700520167,0.0,0.027445336816214666,0.02394035154806566,True,1800,True,2000,True,3200
101011,0.5,0.25,0,-1,7,0660,1.4748907920438796,0.9295361328125,0.999609375,False,44838,44838,1673.052283200576,91.745447660996,0.1902642031187435,0.12261934457127933,0.0309211030825311,0.3386411765274294,0.0,0.0,1.0,,,True,2200,True,2400,True,3600
101011,0.5,0.25,0,-1,8,0661,1.4522266669664532,0.849619140625,0.9986328125,False,40433,40433,3660.2209551807246,394.49696358990445,0.281339591503843,0.1903405024890384,0.0878418413851021,0.6971580794918941,0.0,0.0,1.0,,,True,4200,True,4400,True,4800
101011,0.5,0.25,1,-1,7,0662,1.730157500016503,0.9295361328125,0.999609375,False,44838,44838,1673.0382070615585,91.74018613446691,0.1841261006694567,0.12261934457127933,0.0309211030825311,0.3386411765274294,6.690753378830456e-05,0.0,0.9677390578539036,0.007737064950023752,0.011692291903630804,True,2200,True,2400,True,3600
101011,0.5,0.25,1,-1,8,0663,1.5645787910325453,0.84912109375,0.998828125,False,39720,39720,3695.4559238730803,406.48285292426203,0.1841261006694568,0.1841261006694567,0.09050929306860131,0.7482767259626738,0.020090634441087614,0.0,0.6798108248880165,0.03382776768105902,0.03039829588368575,True,4200,True,4400,True,4800
101011,0.5,0.25,2,-1,7,0664,1.8053522909758613,0.9295361328125,0.999609375,False,44838,44838,1673.0382070615585,91.74018613446691,0.1841261006694567,0.12261934457127933,0.0309211030825311,0.3386411765274294,6.690753378830456e-05,0.0,0.9677390578539036,0.007737064950023752,0.011692291903630804,True,2200,True,2400,True,3600
101011,0.5,0.25,2,-1,8,0665,1.639046874945052,0.8490673828125,0.99921875,False,39707,39707,3699.493310571421,407.43247848319294,0.1841261006694568,0.1841261006694567,0.0906151029921434,0.6199929913338212,0.020223134459918905,0.0006044274309315738,0.004903273206691,0.033830057777385965,0.030477843301139118,True,4200,True,4400,True,4800
101011,0.5,0.25,2,1024,7,0666,2.191796833067201,0.8349462890625,0.9408203125,False,57989,1024,58.23835897411324,4.343001624820262,0.1523745403994401,0.038199307390418984,0.0,0.1911627418230915,0.0,0.0,0.9662814461456328,0.0005078122754602873,0.0006003899985342036,True,5600,False,20000,False,20000
101011,0.5,0.25,2,1024,8,0667,1.845510417013429,0.7561279296875,0.9623046875,False,47398,1024,78.42751937024455,7.2866253207444815,0.1690953332727009,0.07973376792218603,0.0,0.1452861351289894,0.0,0.0,0.768598326173542,0.001070788961735374,0.0010817499991209176,True,7000,True,15000,False,20000
101011,0.5,0.25,3,-1,7,0668,1.7971393750049174,0.9295361328125,0.999609375,False,44838,44838,1673.0382070615585,91.74018613446691,0.1841261006694567,0.12261934457127933,0.0309211030825311,0.3386411765274294,6.690753378830456e-05,0.0,0.9677390578539036,0.007737064950023752,0.011692291903630804,True,2200,True,2400,True,3600
101011,0.5,0.25,3,-1,8,0669,1.6386428750120103,0.84912109375,0.998828125,False,39720,39720,3695.4559238730803,406.48285292426203,0.1841261006694568,0.1841261006694567,0.09050929306860131,0.7482767259626738,0.020090634441087614,0.0,0.6798108248880165,0.03382776768105902,0.03039829588368575,True,4200,True,4400,True,4800
101011,0.5,0.5,0,-1,7,0670,1.430748415994458,0.95666015625,0.9994140625,False,43284,43284,2480.7313468611246,233.09839864099345,0.4212535860132679,0.23251386701115012,0.04508432306000905,0.3827756598974594,0.0,0.0,1.0,,,True,1400,True,1600,True,1600
101011,0.5,0.5,0,-1,8,0671,1.5269916660618037,0.9067724609375,0.99921875,False,42860,42860,7809.078195304562,1760.1871043862723,0.6634547424744388,0.4132667571464224,0.17308889922927465,1.7256716456177836,0.0,0.0,1.0,,,True,3000,True,3200,True,4400
101011,0.5,0.5,1,-1,7,0672,1.6927812499925494,0.9529150390625,0.9990234375,False,43598,43598,2490.2896308906115,219.80993333247886,0.1841261006694568,0.1841261006694567,0.0460248080393486,0.3823161001431071,0.029313271250974816,0.0,0.428516592772039,0.008078071480725375,0.011758253317239281,True,1600,True,1600,True,2000
101011,0.5,0.5,1,-1,8,0673,1.6604712919797748,0.9089453125,0.9984375,False,42592,42592,6441.508249473885,1061.478167538589,0.1841261006694568,0.1841261006694567,0.1841261006694566,1.5241240375543008,0.5137819308790383,0.0,0.2981103973806754,0.03546975028565609,0.03116454466703444,True,2600,True,2800,True,3600
101011,0.5,0.5,2,-1,7,0674,1.7613069999497384,0.9529150390625,0.9990234375,False,43598,43598,2490.2896308906115,219.80993333247886,0.1841261006694568,0.1841261006694567,0.0460248080393486,0.3823161001431071,0.029313271250974816,0.0,0.428516592772039,0.008078071480725375,0.011758253317239281,True,1600,True,1600,True,2000
101011,0.5,0.5,2,-1,8,0675,1.7380619579926133,0.9086328125,0.9990234375,False,42154,42154,6313.348494273054,1032.4465501717248,0.1841261006694568,0.1841261006694567,0.18023792027803842,0.62,0.5003795606585377,0.03325900270436969,0.0,0.03563816971699002,0.031072433072780695,True,2600,True,2800,True,3600
101011,0.5,0.5,2,1024,7,0676,1.9635794589994475,0.9354296875,0.9916015625,False,51783,1024,100.39346207100016,12.485250184705842,0.1841261006694567,0.07325931028871122,0.0,0.3239174716891636,0.1728515625,0.0,0.4700752916928605,0.0005945898931599161,0.0006815890651854843,True,2000,True,2200,False,20000
101011,0.5,0.5,2,1024,8,0677,1.8584449579939246,0.9063232421875,0.99453125,False,48812,1024,136.52331597548095,20.75206512081868,0.1841261006694567,0.15051699031924534,0.0,0.3492651591367287,0.3662109375,0.0,0.3278949747338524,0.0010437740292687577,0.0010351071671242029,True,2600,True,2800,True,6800
101011,0.5,0.5,3,-1,7,0678,1.7577517089666799,0.9529150390625,0.9990234375,False,43598,43598,2490.2896308906115,219.80993333247886,0.1841261006694568,0.1841261006694567,0.0460248080393486,0.3823161001431071,0.029313271250974816,0.0,0.428516592772039,0.008078071480725375,0.011758253317239281,True,1600,True,1600,True,2000
101011,0.5,0.5,3,-1,8,0679,1.7224944159388542,0.90904296875,0.999609375,False,42511,42511,6430.039524846446,1059.5414861355337,0.1841261006694568,0.1841261006694567,0.1841261006694566,0.9999999999999614,0.5157018183528969,0.0037872550633953565,4.703260450115068e-11,0.03552703332176764,0.031241849536002387,True,2600,True,2800,True,3600
101011,0.5,1.0,0,-1,7,0680,1.407433707965538,0.97671875,0.9998046875,False,42495,42495,3911.8828821795855,639.4040284936697,0.8390838376229676,0.4437543771210422,0.0699355854041291,0.413947162100814,0.0,0.0,1.0,,,True,800,True,800,True,1000
101011,0.5,1.0,0,-1,8,0681,1.517090457957238,0.9205029296875,0.9990234375,False,41968,41968,23241.40879077014,30080.51183676056,26.180742745598433,2.638023325039161,0.4438333805865824,40.380225338338654,0.0,0.0,1.0,,,True,2400,True,2600,True,4600
101011,0.5,1.0,1,-1,7,0682,1.6919832499697804,0.9660400390625,0.998828125,False,43368,43368,3755.8807170397163,445.0309668664105,0.1841261006694568,0.1841261006694567,0.07431503787450364,0.4182229390025346,0.1177135214904999,0.0,0.2398477686730753,0.00791697471349839,0.012293778258643036,True,1200,True,1200,True,1400
101011,0.5,1.0,1,-1,8,0683,1.6634061669465154,0.9121044921875,0.9990234375,False,42004,42004,7462.636719255156,1347.1374552391665,0.1841261006694568,0.1841261006694567,0.1841261006694567,1.8217462028034808,0.8865822302637844,0.0,0.1351053233717897,0.03487236396632855,0.030779177404731236,True,2800,True,2800,True,3400
101011,0.5,1.0,2,-1,7,0684,1.7583642500685528,0.9660400390625,0.998828125,False,43368,43368,3755.8807170397163,445.0309668664105,0.1841261006694568,0.1841261006694567,0.07431503787450364,0.4182229390025346,0.1177135214904999,0.0,0.2398477686730753,0.00791697471349839,0.012293778258643036,True,1200,True,1200,True,1400
101011,0.5,1.0,2,-1,8,0685,1.7705884999595582,0.9118212890625,0.99921875,False,43010,43010,7480.165275541906,1330.9548453515404,0.1841261006694568,0.1841261006694567,0.1841261006694566,0.62,0.8636363636363636,0.10564984887235526,0.0,0.03416800477602103,0.029859601449275304,True,2800,True,3000,True,3200
101011,0.5,1.0,2,1024,7,0686,1.8977350409841165,0.960673828125,0.997265625,False,48792,1024,132.2103149500283,19.283007644898117,0.1841261006694567,0.12805153897682622,0.0,0.4052012754862693,0.2802734375,0.0,0.2408593612087012,0.0005154586902907567,0.0006044952297507775,True,1200,True,1400,True,2800
101011,0.5,1.0,2,1024,8,0687,1.8213718329789117,0.906474609375,0.9962890625,False,46382,1024,173.56231609146406,30.10525212871316,0.1841261006694567,0.1841261006694566,0.0,0.3812687879175688,0.6943359375,0.0,0.1711555169962879,0.001136648960444424,0.0011321151659048753,True,2800,True,3000,True,9600
101011,0.5,1.0,3,-1,7,0688,1.7881900829961523,0.9660400390625,0.998828125,False,43368,43368,3755.8807170397163,445.0309668664105,0.1841261006694568,0.1841261006694567,0.07431503787450364,0.4182229390025346,0.1177135214904999,0.0,0.2398477686730753,0.00791697471349839,0.012293778258643036,True,1200,True,1200,True,1400
101011,0.5,1.0,3,-1,8,0689,1.7640243330970407,0.91232421875,0.9990234375,False,41934,41934,7455.262656954822,1345.8797253827406,0.1841261006694568,0.1841261006694567,0.1841261006694567,1.0,0.8905422807268565,0.005627891448466638,0.0,0.03432185038294298,0.0300557560193796,True,2800,True,2800,True,3400
101011,0.65,0.25,0,-1,7,0690,1.6094576669856906,0.9705615234375,0.9990234375,False,51613,51613,1686.2388757790682,87.60780527127264,0.2038630809149385,0.11684902728737355,0.0258223469923875,0.4162518153568036,0.0,0.0,1.0,,,True,1400,True,2000,True,3400
101011,0.65,0.25,0,-1,8,0691,1.701079290942289,0.9137255859375,0.998046875,False,49970,49970,3943.4107439831496,416.0610834185345,0.2877017701215476,0.19673635211462137,0.0743857533418036,0.7952232121888919,0.0,0.0,1.0,,,True,2800,True,3000,True,5200
101011,0.65,0.25,1,-1,7,0692,1.9191032910021022,0.97046875,0.9986328125,False,51763,51763,1678.4806058615925,87.37947990087345,0.1841261006694567,0.11834755955340502,0.0256004401814097,0.4162518153568036,0.00017386936614956629,0.0,0.9031851173988826,0.006288369739244215,0.009516349355073403,True,1400,True,2000,True,3400
101011,0.65,0.25,1,-1,8,0693,1.8332112500211224,0.9144580078125,0.9990234375,False,48947,48947,3791.321815040683,384.5369714263809,0.1841261006694568,0.1841261006694566,0.074205904530044,0.6932562415387759,0.011624818681430936,0.0,0.69622086952127,0.027496535368187303,0.024353581744029202,True,2800,True,3000,True,5000
101011,0.65,0.25,2,-1,7,0694,1.98692737496458,0.97046875,0.9986328125,False,51763,51763,1678.4806058615925,87.37947990087345,0.1841261006694567,0.11834755955340502,0.0256004401814097,0.4162518153568036,0.00017386936614956629,0.0,0.9031851173988826,0.006288369739244215,0.009516349355073403,True,1400,True,2000,True,3400
101011,0.65,0.25,2,-1,8,0695,1.89870045799762,0.9144580078125,0.9990234375,False,48947,48947,3791.1685990624624,384.506997913045,0.1841261006694568,0.1841261006694566,0.0742044322388777,0.6199873605243237,0.011624818681430936,0.00020430261303042065,0.0205709234256354,0.027496535368187303,0.024353581744029202,True,2800,True,3000,True,5000
101011,0.65,0.25,2,1024,7,0696,3.2046866670716554,0.6880126953125,0.7001953125,False,96428,1024,29.922361963600213,0.9369231288942437,0.0807675862091977,0.020908643147711,0.0,0.2443894592079454,0.0,0.0,0.9174890690710584,9.256690656932251e-05,0.00011400250813214653,False,20000,False,20000,False,20000
101011,0.65,0.25,2,1024,8,0697,2.787330749910325,0.725595703125,0.7927734375,False,80254,1024,46.79228982385772,2.8088590318840914,0.1410921621661431,0.029715599007203337,0.0,0.1603714144557273,0.0,0.0,0.8568496041414059,0.0003634456693747344,0.00037183050585225155,False,20000,False,20000,False,20000
101011,0.65,0.25,3,-1,7,0698,1.981963959056884,0.97046875,0.9986328125,False,51763,51763,1678.4806058615925,87.37947990087345,0.1841261006694567,0.11834755955340502,0.0256004401814097,0.4162518153568036,0.00017386936614956629,0.0,0.9031851173988826,0.006288369739244215,0.009516349355073403,True,1400,True,2000,True,3400
101011,0.65,0.25,3,-1,8,0699,1.947600582963787,0.9144580078125,0.9990234375,False,48947,48947,3791.321815040683,384.5369714263809,0.1841261006694568,0.1841261006694566,0.074205904530044,0.6932562415387759,0.011624818681430936,0.0,0.69622086952127,0.027496535368187303,0.024353581744029202,True,2800,True,3000,True,5000
101011,0.65,0.5,0,-1,7,0700,1.533151458017528,0.978056640625,0.999609375,False,48281,48281,2356.8867139678796,200.33096322645477,0.3905646970119046,0.20546586106958237,0.0383514067538597,0.4194497913863721,0.0,0.0,1.0,,,True,1000,True,1200,True,1600
101011,0.65,0.5,0,-1,8,0701,1.6573123330017552,0.9481884765625,0.998828125,False,48520,48520,7689.44468501487,1671.2341799474177,0.7676327407049247,0.42243035087720215,0.14711401089142268,2.866499795528943,0.0,0.0,1.0,,,True,1600,True,1800,True,3600
101011,0.65,0.5,1,-1,7,0702,1.8012326250318438,0.9778271484375,0.998828125,False,48194,48194,2347.7361195823164,191.7328932322561,0.1841261006694567,0.1841261006694567,0.038557666348744704,0.41992567497492,0.01973274681495622,0.0,0.4974713727296559,0.006310123483127187,0.009275110750300828,True,1000,True,1200,True,1600
101011,0.65,0.5,1,-1,8,0703,1.8141178749501705,0.9402880859375,0.998828125,False,48640,48640,6265.507654876709,966.3784963305764,0.1841261006694568,0.1841261006694567,0.14502669586182432,1.3646750770586769,0.36178042763157897,0.0,0.3359727104489991,0.02780471801757807,0.024038136800130155,True,2000,True,2200,True,3400
101011,0.65,0.5,2,-1,7,0704,1.8911293749697506,0.9778271484375,0.998828125,False,48194,48194,2347.7324950262528,191.73274849107406,0.1841261006694567,0.1841261006694567,0.038557666348744704,0.4199201811960299,0.01973274681495622,6.224841266547703e-05,0.3347595919453985,0.006310123483127187,0.009275110750300828,True,1000,True,1200,True,1600
101011,0.65,0.5,2,-1,8,0705,1.888641000026837,0.9404833984375,0.9990234375,False,48096,48096,6222.168622897127,964.1871277676233,0.1841261006694568,0.1841261006694567,0.1477578498646214,0.62,0.374001996007984,0.011435462408516301,0.0,0.028642332847326125,0.024624825327643273,True,2000,True,2200,True,3400
101011,0.65,0.5,2,1024,7,0706,3.280752999940887,0.7123583984375,0.7384765625,False,99929,1024,53.78429474167186,3.2003925059703686,0.1449698500448796,0.01670409085940516,0.0,0.3980193994128508,0.0,0.0,0.4501534348611047,8.931145801018689e-05,0.00010566356279625161,False,20000,False,20000,False,20000
101011,0.65,0.5,2,1024,8,0707,2.591321500018239,0.89646484375,0.958984375,False,76588,1024,87.86158147931538,9.605307152978853,0.1841261006694567,0.058965066886066085,0.0,0.3588337004079912,0.09375,0.0,0.3667618826072293,0.0003677278642433097,0.00037031203756898295,True,3000,True,7000,False,20000
101011,0.65,0.5,3,-1,7,0708,1.8831476249033585,0.9778271484375,0.998828125,False,48194,48194,2347.7361195823164,191.7328932322561,0.1841261006694567,0.1841261006694567,0.038557666348744704,0.41992567497492,0.01973274681495622,0.0,0.4974713727296559,0.006310123483127187,0.009275110750300828,True,1000,True,1200,True,1600
101011,0.65,0.5,3,-1,8,0709,1.8930572079261765,0.94029296875,0.9994140625,False,48627,48627,6241.142326734344,961.732512781694,0.1841261006694568,0.1841261006694567,0.1442226020296729,1.0,0.3609106052193226,0.002796800131614124,0.0,0.02799830748178304,0.0241997865554801,True,2000,True,2200,True,3400
101011,0.65,1.0,0,-1,7,0710,1.4624231669586152,0.9871240234375,0.9994140625,False,45502,45502,3717.4540940219426,569.2503768916829,0.7517852735493648,0.4069609776886583,0.0618746634495524,0.419999736361727,0.0,0.0,1.0,,,True,600,True,600,True,800
101011,0.65,1.0,0,-1,8,0711,1.6700106670614332,0.96259765625,0.9986328125,False,49005,49005,18824.526463028527,19182.94923736652,38.34448408785538,1.6377448358941142,0.3117166903008431,85.74237423840317,0.0,0.0,1.0,,,True,1200,True,1400,True,2600
101011,0.65,1.0,1,-1,7,0712,1.7883522500051185,0.9829296875,0.998828125,False,47278,47278,3635.2473560097737,415.0046645607843,0.1841261006694568,0.1841261006694567,0.06409575845450385,0.4199973000829245,0.09909471635856,0.0,0.2090651944531385,0.006919631840743366,0.01053347492711546,True,800,True,1000,True,1200
101011,0.65,1.0,1,-1,8,0713,1.8016637079417706,0.9523779296875,0.998046875,False,47226,47226,7564.084313295727,1314.9347771311002,0.1841261006694568,0.1841261006694567,0.1841261006694566,1.7795353549760802,0.7120865624867657,0.0,0.1661042254056808,0.02611517457279883,0.022613988675023594,True,1600,True,1800,True,2600
101011,0.65,1.0,2,-1,7,0714,1.863094583968632,0.9829296875,0.998828125,False,47278,47278,3635.224458888055,415.00334392872907,0.1841261006694568,0.1841261006694567,0.06409575845450385,0.4199973000829245,0.09909471635856,0.0001692118955962604,0.0477543230865257,0.006919631840743366,0.01053347492711546,True,800,True,1000,True,1200
101011,0.65,1.0,2,-1,8,0715,1.8878878339892253,0.9523681640625,0.9978515625,False,47570,47570,7623.560524586274,1322.2729731590825,0.1841261006694568,0.1841261006694567,0.1841261006694566,0.62,0.7287155770443556,0.04353584191717469,0.0,0.026792339469028044,0.022958614169469503,True,1600,True,1800,True,2600
101011,0.65,1.0,2,1024,7,0716,3.4473766250303015,0.7755322265625,0.8013671875,False,107164,1024,89.8851696338077,9.6528846421281,0.1841261006694567,0.0,0.0,0.4189845023115236,0.0283203125,0.0,0.2362968257349623,7.933408432402641e-05,9.173111714288348e-05,False,20000,False,20000,False,20000
101011,0.65,1.0,2,1024,8,0717,2.454096292029135,0.9294970703125,0.986328125,False,71808,1024,134.98924605365383,20.17130595950774,0.1841261006694567,0.11781450895398057,0.0,0.4256090727088096,0.2841796875,0.0009765625,0.2025365225325461,0.0003865215371778438,0.00039007013494318094,True,2200,True,3600,False,20000
101011,0.65,1.0,3,-1,7,0718,1.8758073340868577,0.9829296875,0.998828125,False,47278,47278,3635.2473560097737,415.0046645607843,0.1841261006694568,0.1841261006694567,0.06409575845450385,0.4199973000829245,0.09909471635856,0.0,0.2090651944531385,0.006919631840743366,0.01053347492711546,True,800,True,1000,True,1200
101011,0.65,1.0,3,-1,8,0719,1.8840092499740422,0.9523681640625,0.99921875,False,46528,46528,7429.510452165146,1288.742802383068,0.1841261006694568,0.1841261006694567,0.1841261006694566,0.999999999997744,0.7082616918844566,0.004814305364511692,4.798623524679706e-09,0.025672315818790065,0.022325761839644888,True,1600,True,1800,True,2600
101012,0.5,0.25,0,-1,7,0720,1.4722125419648364,0.9127001953125,0.998828125,False,43842,43842,1642.6391693426328,89.28115156936659,0.215288233537629,0.11825133372462668,0.03134304522208735,0.3251070727831222,0.0,0.0,1.0,,,True,2600,True,2600,True,3200
101012,0.5,0.25,0,-1,8,0721,1.455089750001207,0.817412109375,0.9998046875,False,40099,40099,3807.183537585486,429.06958546594865,0.3092427820407737,0.2003710685500649,0.091851490720552,0.7112821189448564,0.0,0.0,1.0,,,True,4600,True,4800,True,5200
101012,0.5,0.25,1,-1,7,0722,1.6977522079832852,0.9127880859375,0.998828125,False,43890,43890,1648.5306135053231,90.02053284032687,0.1841261006694568,0.11894561308632304,0.0312726862665602,0.3251070727831222,0.0001594896331738437,0.0,0.848606900113772,0.007711405348124058,0.01167692550505046,True,2600,True,2600,True,3200
101012,0.5,0.25,1,-1,8,0723,1.5521317919483408,0.8179296875,0.9990234375,False,40063,40063,3833.928609202929,431.43547118551487,0.1841261006694568,0.1841261006694567,0.0929265319019958,0.7880416599947898,0.026009035768664354,0.0,0.6203491998617825,0.03532623292793012,0.03151238622086874,True,4600,True,4800,True,5800
101012,0.5,0.25,2,-1,7,0724,1.7496401669923216,0.9127880859375,0.998828125,False,43890,43890,1648.5306135053231,90.02053284032687,0.1841261006694568,0.11894561308632304,0.0312726862665602,0.3251070727831222,0.0001594896331738437,0.0,0.848606900113772,0.007711405348124058,0.01167692550505046,True,2600,True,2600,True,3200
101012,0.5,0.25,2,-1,8,0725,1.6063795409863815,0.8179150390625,0.998828125,False,40066,40066,3832.1452064731216,430.98948215190427,0.1841261006694568,0.1841261006694567,0.09284263887336675,0.62,0.026007088304297907,0.00346927569510308,7.030462887673525e-15,0.035308768526722524,0.03151453422165921,True,4600,True,4800,True,5800
101012,0.5,0.25,2,1024,7,0726,2.5112730420660228,0.8532763671875,0.9623046875,False,55561,1024,57.772971512005334,4.259169314477076,0.1625029377017082,0.0407037792891877,0.0,0.2351467991662584,0.0,0.0,0.8494516200410869,0.00046140985995872297,0.0005621964672462087,True,3800,True,10000,False,20000
101012,0.5,0.25,2,1024,8,0727,2.192927125026472,0.805419921875,0.9857421875,False,47477,1024,81.48360182365816,7.892976731760062,0.1829190245096725,0.08177174155691197,0.0,0.2493938797489259,0.0,0.0,0.6830366115413589,0.0009827154244862412,0.0009615593471575697,True,4800,True,5000,False,20000
101012,0.5,0.25,3,-1,7,0728,2.1939456659602,0.9127880859375,0.998828125,False,43890,43890,1648.5306135053231,90.02053284032687,0.1841261006694568,0.11894561308632304,0.0312726862665602,0.3251070727831222,0.0001594896331738437,0.0,0.848606900113772,0.007711405348124058,0.01167692550505046,True,2600,True,2600,True,3200
101012,0.5,0.25,3,-1,8,0729,2.055342459003441,0.8179296875,0.9990234375,False,40063,40063,3833.928609202929,431.43547118551487,0.1841261006694568,0.1841261006694567,0.0929265319019958,0.7880416599947898,0.026009035768664354,0.0,0.6203491998617825,0.03532623292793012,0.03151238622086874,True,4600,True,4800,True,5800
101012,0.5,0.5,0,-1,7,0730,1.41404533397872,0.951611328125,0.999609375,False,43329,43329,2466.3107522692762,225.2709701526665,0.3653170195029192,0.22257161178703205,0.0455568954999199,0.3980193994128508,0.0,0.0,1.0,,,True,1400,True,1600,True,1800
101012,0.5,0.5,0,-1,8,0731,1.4922970419283956,0.9002734375,0.9990234375,False,42571,42571,8438.079067029003,2091.6240850126446,1.2574377968886543,0.46918537489148526,0.1871328771418654,5.292418145549426,0.0,0.0,1.0,,,True,2800,True,3000,True,3600
101012,0.5,0.5,1,-1,7,0732,1.6687351249856874,0.94931640625,0.9998046875,False,43464,43464,2442.927638320673,211.59001284531473,0.1841261006694567,0.1841261006694567,0.0451987759042592,0.3918803110361025,0.025883489784649365,0.0,0.5176857850657925,0.00762331385840385,0.011269476726908048,True,1600,True,1600,True,2600
101012,0.5,0.5,1,-1,8,0733,1.6584149580448866,0.91,0.9990234375,False,42980,42980,6731.074354993353,1126.7532347560145,0.1841261006694568,0.1841261006694567,0.1841261006694566,1.4233217764172468,0.5580037226617032,0.0,0.2865451096406874,0.035360105717775654,0.030867494086396715,True,2600,True,2800,True,3200
101012,0.5,0.5,2,-1,7,0734,1.7350658749928698,0.94931640625,0.9998046875,False,43464,43464,2442.927638320673,211.59001284531473,0.1841261006694567,0.1841261006694567,0.0451987759042592,0.3918803110361025,0.025883489784649365,0.0,0.5176857850657925,0.00762331385840385,0.011269476726908048,True,1600,True,1600,True,2600
101012,0.5,0.5,2,-1,8,0735,1.7261232909513637,0.9099609375,0.9990234375,False,43164,43164,6733.315015595228,1124.0092647279134,0.1841261006694568,0.1841261006694567,0.1841261006694566,0.62,0.5642433509405986,0.04255861365953109,0.0,0.034330384550783,0.03012922914639509,True,2600,True,2800,True,3200
101012,0.5,0.5,2,1024,7,0736,1.9046875000931323,0.938828125,0.9958984375,False,50903,1024,90.09046592836792,10.306966581185119,0.1841261006694567,0.06724544922485058,0.0,0.3412123267851143,0.109375,0.0,0.4856714645063275,0.0004565617858148493,0.000538503788250855,True,1800,True,2000,True,6400
101012,0.5,0.5,2,1024,8,0737,1.7734138750238344,0.90529296875,0.99765625,False,46934,1024,137.7595846218887,20.881231597612455,0.1841261006694568,0.15455748714615639,0.0,0.3163285928058423,0.3330078125,0.0,0.333147472140823,0.0010143787907842205,0.0010003048385321216,True,2800,True,3000,True,4000
101012,0.5,0.5,3,-1,7,0738,1.734443666995503,0.94931640625,0.9998046875,False,43464,43464,2442.927638320673,211.59001284531473,0.1841261006694567,0.1841261006694567,0.0451987759042592,0.3918803110361025,0.025883489784649365,0.0,0.5176857850657925,0.00762331385840385,0.011269476726908048,True,1600,True,1600,True,2600
101012,0.5,0.5,3,-1,8,0739,1.728394249919802,0.910029296875,0.999609375,False,42998,42998,6731.98264402863,1126.8359173050262,0.1841261006694568,0.1841261006694567,0.1841261006694566,0.9999999999999984,0.5593515977487326,0.0012326154704869995,9.189463589082464e-13,0.03540427813018429,0.030898760310557022,True,2600,True,2800,True,3200
101012,0.5,1.0,0,-1,7,0740,1.3965322920121253,0.9734521484375,0.998828125,False,42776,42776,3918.182296979922,624.9857171591508,0.7509400945660214,0.41888283992777936,0.06985572961814471,0.4151577296806511,0.0,0.0,1.0,,,True,800,True,1000,True,1200
101012,0.5,1.0,0,-1,8,0741,1.49301658407785,0.91994140625,0.998828125,False,42017,42017,25707.48379016096,38598.14041948792,25.382632121515567,3.3318348932043973,0.4632254920298853,38.19836108699128,0.0,0.0,1.0,,,True,2200,True,2400,True,2400
101012,0.5,1.0,1,-1,7,0742,1.6762776669347659,0.965068359375,0.99921875,False,43491,43491,3727.023788313745,437.7655422192363,0.1841261006694567,0.1841261006694567,0.0736118447361654,0.4189387500751346,0.11147133889770297,0.0,0.2578896040271375,0.007943959789573282,0.012180764890053833,True,1200,True,1200,True,1400
101012,0.5,1.0,1,-1,8,0743,1.5723645000252873,0.870498046875,0.9994140625,False,40253,40253,7074.01020628994,1269.8077852848733,0.1841261006694568,0.1841261006694567,0.1841261006694567,1.7930364289654597,0.8577994186768688,0.0,0.1068081787616495,0.03287863766882795,0.028792577701247882,True,3600,True,3600,True,4000
101012,0.5,1.0,2,-1,7,0744,1.7397454590536654,0.965068359375,0.99921875,False,43491,43491,3727.023524587701,437.76548750192154,0.1841261006694567,0.1841261006694567,0.0736118447361654,0.4189387500751346,0.11147133889770297,2.2993262973948632e-05,0.2578896040271375,0.007943959789573282,0.012180764890053833,True,1200,True,1200,True,1400
101012,0.5,1.0,2,-1,8,0745,1.6607901670504361,0.8703125,0.999609375,False,40906,40906,7099.650689278482,1263.092349356468,0.1841261006694568,0.1841261006694567,0.1841261006694566,0.62,0.8643964210629248,0.08658876448442772,0.0,0.032477461665159094,0.02869213486407856,True,3600,True,3800,True,4000
101012,0.5,1.0,2,1024,7,0746,1.919298707973212,0.95775390625,0.9953125,False,51349,1024,122.96407550897688,17.565220466029036,0.1841261006694567,0.1225071426489084,0.0,0.4180166060771947,0.2607421875,0.0,0.2293751136253147,0.0004277357316273594,0.0004982702113640631,True,1400,True,1600,True,5200
101012,0.5,1.0,2,1024,8,0747,1.666060333023779,0.876396484375,0.9986328125,False,42892,1024,175.5743033917944,30.690634483171294,0.1841261006694567,0.1841261006694567,0.0,0.6192095445546096,0.7373046875,0.0009765625,0.1606177378486214,0.0011390982729879682,0.001068730158498864,True,3400,True,3600,True,3800
101012,0.5,1.0,3,-1,7,0748,1.7357934160390869,0.965068359375,0.99921875,False,43491,43491,3727.023788313745,437.7655422192363,0.1841261006694567,0.1841261006694567,0.0736118447361654,0.4189387500751346,0.11147133889770297,0.0,0.2578896040271375,0.007943959789573282,0.012180764890053833,True,1200,True,1200,True,1400
101012,0.5,1.0,3,-1,8,0749,1.6444312089588493,0.87048828125,0.9994140625,False,40061,40061,7032.204746990907,1262.1818424831233,0.1841261006694568,0.1841261006694567,0.1841261006694567,1.0,0.8681510696188313,0.01280547165572502,0.0,0.032414529431159085,0.02879261144983062,True,3600,True,3600,True,4000
101012,0.65,0.25,0,-1,7,0750,1.5973340419586748,0.9708251953125,0.998046875,False,51681,51681,1680.2490513715527,86.71935650406283,0.1789303374881009,0.11547970750633416,0.0257133147128769,0.3962441165128937,0.0,0.0,1.0,,,True,1600,True,2200,True,3800
101012,0.65,0.25,0,-1,8,0751,1.640887291985564,0.9142333984375,0.9990234375,False,48499,48499,3881.972368415331,406.73964333099354,0.3150956436164598,0.19122288666911283,0.0768685079986941,1.0998460644525456,0.0,0.0,1.0,,,True,2400,True,2800,True,5200
101012,0.65,0.25,1,-1,7,0752,1.9342429590178654,0.9708251953125,0.998046875,False,51681,51681,1680.2490513715527,86.71935650406283,0.1789303374881009,0.11547970750633416,0.0257133147128769,0.3962441165128937,0.0,0.0,1.0,0.0061730480616667294,0.009526374336474358,True,1600,True,2200,True,3800
101012,0.65,0.25,1,-1,8,0753,1.8398408750072122,0.9143115234375,0.9982421875,False,48428,48428,3832.0807962825147,395.7705507651318,0.1841261006694568,0.1841261006694566,0.07574638380069575,0.643992590017689,0.014454447840092508,0.0,0.5990837206785432,0.027823295665730514,0.024460555489592743,True,2400,True,2800,True,4800
101012,0.65,0.25,2,-1,7,0754,2.0156961660832167,0.9708251953125,0.998046875,False,51681,51681,1680.2490513715527,86.71935650406283,0.1789303374881009,0.11547970750633416,0.0257133147128769,0.3962441165128937,0.0,0.0,1.0,0.0061730480616667294,0.009526374336474358,True,1600,True,2200,True,3800
101012,0.65,0.25,2,-1,8,0755,1.9192520830547437,0.91431640625,0.9984375,False,48398,48398,3834.3977146071065,396.24529939517794,0.1841261006694568,0.1841261006694566,0.07589151312795911,0.6199129680089366,0.014422083557171783,0.0004545642381916608,0.0014632675697288,0.02785597954288739,0.02449769790762698,True,2400,True,2800,True,4800
101012,0.65,0.25,2,1024,7,0756,3.1915042080217972,0.6877880859375,0.704296875,False,97086,1024,28.542531392184593,0.8585149067585114,0.0751857181648963,0.018136683668329934,0.0,0.284115911111042,0.0,0.0,0.899384015926493,7.504488074147288e-05,9.343023946981677e-05,False,20000,False,20000,False,20000
101012,0.65,0.25,2,1024,8,0757,2.6226482500787824,0.762939453125,0.8423828125,False,74006,1024,44.68481412534783,2.62818408029289,0.1328756629608746,0.029266993711705984,0.0,0.2267380815445647,0.0,0.0,0.8708162960988389,0.00034762982337017636,0.00035217618898017195,False,20000,False,20000,False,20000
101012,0.65,0.25,3,-1,7,0758,1.9674456670181826,0.9708251953125,0.998046875,False,51681,51681,1680.2490513715527,86.71935650406283,0.1789303374881009,0.11547970750633416,0.0257133147128769,0.3962441165128937,0.0,0.0,1.0,0.0061730480616667294,0.009526374336474358,True,1600,True,2200,True,3800
101012,0.65,0.25,3,-1,8,0759,1.8725997080327943,0.9143115234375,0.9982421875,False,48428,48428,3832.0807962825147,395.7705507651318,0.1841261006694568,0.1841261006694566,0.07574638380069575,0.643992590017689,0.014454447840092508,0.0,0.5990837206785432,0.027823295665730514,0.024460555489592743,True,2400,True,2800,True,4800
101012,0.65,0.5,0,-1,7,0760,1.5004655410302803,0.980576171875,0.9990234375,False,47674,47674,2395.217714640879,212.04508222613032,0.4143298929432892,0.21676631884354583,0.03900663499906515,0.41992567497492,0.0,0.0,1.0,,,True,1000,True,1000,True,1800
101012,0.65,0.5,0,-1,8,0761,1.63400670804549,0.9343994140625,0.998828125,False,48543,48543,7539.4063606126665,1627.6701498848474,0.8478136051114885,0.409530041424654,0.1443144212946804,3.4053029034419393,0.0,0.0,1.0,,,True,2200,True,2400,True,3600
101012,0.65,0.5,1,-1,7,0762,1.779541917028837,0.978642578125,0.9994140625,False,47867,47867,2361.05314012742,195.32408593878296,0.1841261006694567,0.1841261006694567,0.0388169225661783,0.4197335879989058,0.02141349990598951,0.0,0.4832352321788263,0.006362197817215723,0.009447474577997326,True,1000,True,1200,True,1600
101012,0.65,0.5,1,-1,8,0763,1.742079250048846,0.93138671875,0.9990234375,False,46442,46442,6123.637777007821,961.0666934667498,0.1841261006694568,0.1841261006694567,0.15351115777069574,1.8523727911957268,0.39061625253003746,0.0,0.3070393679472776,0.028577036725018972,0.024430032240034115,True,2000,True,2200,True,4200
101012,0.65,0.5,2,-1,7,0764,1.8485078329686075,0.978642578125,0.9994140625,False,47867,47867,2361.049901337347,195.32401064425022,0.1841261006694567,0.1841261006694567,0.0388169225661783,0.4197335879989058,0.02141349990598951,2.0891219420477573e-05,0.4506542430508129,0.006362197817215723,0.009447474577997326,True,1000,True,1200,True,1600
101012,0.65,0.5,2,-1,8,0765,1.8195711250882596,0.9312060546875,0.9990234375,False,46335,46335,6037.0655102122655,940.181383230101,0.1841261006694568,0.1841261006694567,0.1498237706141464,0.62,0.3806194021797777,0.01653177943239452,0.0,0.028914424728426983,0.024872798527930597,True,2000,True,2200,True,4200
101012,0.65,0.5,2,1024,7,0766,3.235375332995318,0.710244140625,0.74453125,False,99242,1024,50.1425349939313,2.8328337592177038,0.1446699214786969,0.01592268095428492,0.0,0.3786396221082882,0.0,0.0,0.4574814546593989,7.18565213904728e-05,8.680118212719043e-05,False,20000,False,20000,False,20000
101012,0.65,0.5,2,1024,8,0767,2.028338958043605,0.905517578125,0.9818359375,False,55102,1024,91.82923973134291,10.971022995416792,0.1841261006694567,0.06588104861638122,0.0,0.4061808519866417,0.13671875,0.0,0.3824866769796699,0.0005465408658790353,0.0005521530903294485,True,2400,True,4600,False,20000
101012,0.65,0.5,3,-1,7,0768,1.8550707910908386,0.978642578125,0.9994140625,False,47867,47867,2361.05314012742,195.32408593878296,0.1841261006694567,0.1841261006694567,0.0388169225661783,0.4197335879989058,0.02141349990598951,0.0,0.4832352321788263,0.006362197817215723,0.009447474577997326,True,1000,True,1200,True,1600
101012,0.65,0.5,3,-1,8,0769,1.8368382919579744,0.93142578125,0.9984375,False,46039,46039,6109.870418900274,962.7295112371921,0.1841261006694568,0.1841261006694567,0.1559240241434942,1.0,0.4025065705163014,0.004496188014509438,0.0,0.029030683111963,0.025054369664849314,True,2000,True,2200,True,4200
101012,0.65,1.0,0,-1,7,0770,1.4428661249112338,0.9848828125,0.9998046875,False,45084,45084,3641.94484686286,556.2625628039275,0.7691178928829931,0.40906164490217495,0.0607421840731073,0.4199991954398409,0.0,0.0,1.0,,,True,600,True,600,True,800
101012,0.65,1.0,0,-1,8,0771,1.6217253330396488,0.95873046875,0.998828125,False,46907,46907,20240.415533629053,13970.911764102215,4.567317541967751,1.5565523948077216,0.371524124055279,10.617735517638978,0.0,0.0,1.0,,,True,1200,True,1400,True,2800
101012,0.65,1.0,1,-1,7,0772,1.7679739590967074,0.98033203125,0.9994140625,False,47105,47105,3518.5254102378153,394.06444290095664,0.1841261006694567,0.1841261006694567,0.0615870899459289,0.4199993563518727,0.08703959239995754,0.0,0.2222804678438671,0.006496156083041397,0.010017916257562851,True,800,True,1000,True,1200
101012,0.65,1.0,1,-1,8,0773,1.7767636670032516,0.9396728515625,0.9986328125,False,47209,47209,7568.778559879343,1325.5240221490528,0.1841261006694568,0.1841261006694567,0.1841261006694566,1.9558907709125055,0.7308564044991421,0.0,0.1553876465745738,0.026294473665861684,0.022740461079102093,True,1800,True,2000,True,3000
101012,0.65,1.0,2,-1,7,0774,1.837032041978091,0.98033203125,0.9994140625,False,47105,47105,3518.442374611216,394.05499002360256,0.1841261006694567,0.1841261006694567,0.0615870899459289,0.4199993563518727,0.08703959239995754,0.000551958390828999,0.0009386208143043,0.006496156083041397,0.010017916257562851,True,800,True,1000,True,1200
101012,0.65,1.0,2,-1,8,0775,1.9442927909549326,0.93892578125,0.9994140625,False,48849,48849,7613.40831201844,1310.3445257809599,0.1841261006694568,0.1841261006694567,0.1841261006694566,0.62,0.7116010563164036,0.0942291551515896,0.0,0.025173408531051423,0.02170032534357573,True,1800,True,2000,True,3800
101012,0.65,1.0,2,1024,7,0776,3.4713818749878556,0.7875,0.834765625,False,108872,1024,84.08579431211433,8.87183159273148,0.1841261006694567,0.0,0.0,0.4151577296806511,0.033203125,0.0,0.2354927265518597,6.896597418681234e-05,7.998689592671486e-05,False,20000,False,20000,False,20000
101012,0.65,1.0,2,1024,8,0777,2.009810791001655,0.934296875,0.9919921875,False,52863,1024,122.80316160854225,18.059767199052043,0.1841261006694567,0.1227680740257824,0.0,0.4240041128192952,0.2744140625,0.0009765625,0.1955195400504716,0.0004634547675122477,0.0004607871999318984,True,1800,True,2000,True,9600
101012,0.65,1.0,3,-1,7,0778,1.8955555419670418,0.98033203125,0.9994140625,False,47105,47105,3518.5254102378153,394.06444290095664,0.1841261006694567,0.1841261006694567,0.0615870899459289,0.4199993563518727,0.08703959239995754,0.0,0.2222804678438671,0.006496156083041397,0.010017916257562851,True,800,True,1000,True,1200
101012,0.65,1.0,3,-1,8,0779,1.8537647080374882,0.939609375,0.99921875,False,47677,47677,7623.7673215736795,1332.3856162789011,0.1841261006694568,0.1841261006694567,0.1841261006694566,1.0,0.7340226943809384,0.014682131845543973,0.0,0.02635476258206258,0.022636638320538853,True,1800,True,2000,True,3000
101013,0.5,0.25,0,-1,7,0780,1.4318027910776436,0.9182177734375,0.9990234375,False,44225,44225,1666.9841591412253,91.88504344827263,0.2044173115978706,0.12146185794380876,0.0312621398414368,0.3243184889004335,0.0,0.0,1.0,,,True,2400,True,2600,True,4200
101013,0.5,0.25,0,-1,8,0781,1.4349237909773365,0.8562109375,0.9998046875,False,40431,40431,3811.360073599079,425.2671798229953,0.2762753085699667,0.1957515992198459,0.0914650207333989,0.5954146194049587,0.0,0.0,1.0,,,True,3800,True,4000,True,4800
101013,0.5,0.25,1,-1,7,0782,1.691471292055212,0.9180322265625,0.9990234375,False,44065,44065,1651.4876143739662,90.62498891600724,0.1841261006694567,0.12133860384971161,0.0311260951942478,0.3192826198951932,2.269374787246114e-05,0.0,0.9007363379852544,0.007604621723590112,0.011522840607152265,True,2400,True,2600,True,4200
101013,0.5,0.25,1,-1,8,0783,1.5836367079755291,0.8548046875,0.9990234375,False,40854,40854,3889.2609294520857,435.7725273979745,0.1841261006694568,0.1841261006694567,0.09288957902965181,0.8121649096287725,0.023204582170656483,0.0,0.6618843351136025,0.03481532879787367,0.030566956035516662,True,3800,True,4000,True,6000
101013,0.5,0.25,2,-1,7,0784,1.7916604169877246,0.9180322265625,0.9990234375,False,44065,44065,1651.4876143739662,90.62498891600724,0.1841261006694567,0.12133860384971161,0.0311260951942478,0.3192826198951932,2.269374787246114e-05,0.0,0.9007363379852544,0.007604621723590112,0.011522840607152265,True,2400,True,2600,True,4200
101013,0.5,0.25,2,-1,8,0785,1.6854914169525728,0.855087890625,0.99921875,False,40615,40615,3902.048818997684,442.09137959839904,0.1841261006694568,0.1841261006694567,0.0934390666780765,0.6196634062883715,0.02816693339899052,0.0012310722639418935,1.4893548699238758e-12,0.035420760623127684,0.031060953465468364,True,3800,True,4000,True,6000
101013,0.5,0.25,2,1024,7,0786,2.136595582938753,0.8444384765625,0.95859375,False,55796,1024,59.551467278801454,4.531564327473737,0.1621118765220789,0.04073434066625624,0.0,0.2254176833329036,0.0,0.0,0.9579592073482563,0.0004710834165979629,0.0005741724037117345,True,5400,True,9800,False,20000
101013,0.5,0.25,2,1024,8,0787,1.7771377499448135,0.84201171875,0.9935546875,False,45529,1024,78.41593407563167,7.31347661867013,0.174921080765766,0.08088409638110447,0.0,0.2062336091548736,0.0,0.0,0.8193793917092135,0.0010094928049521536,0.000964392200575456,True,4200,True,4600,True,15400
101013,0.5,0.25,3,-1,7,0788,1.7573616659501567,0.9180322265625,0.9990234375,False,44065,44065,1651.4876143739662,90.62498891600724,0.1841261006694567,0.12133860384971161,0.0311260951942478,0.3192826198951932,2.269374787246114e-05,0.0,0.9007363379852544,0.007604621723590112,0.011522840607152265,True,2400,True,2600,True,4200
101013,0.5,0.25,3,-1,8,0789,1.6558462500106543,0.8548046875,0.9990234375,False,40854,40854,3889.2609294520857,435.7725273979745,0.1841261006694568,0.1841261006694567,0.09288957902965181,0.8121649096287725,0.023204582170656483,0.0,0.6618843351136025,0.03481532879787367,0.030566956035516662,True,3800,True,4000,True,6000
101013,0.5,0.5,0,-1,7,0790,1.4153507079463452,0.948837890625,0.99921875,False,43335,43335,2429.4246776330347,220.0400819599942,0.3904770103287179,0.2224830097604208,0.0447954628420919,0.3898482845169421,0.0,0.0,1.0,,,True,1600,True,1600,True,2200
101013,0.5,0.5,0,-1,8,0791,1.4883889589691535,0.9158935546875,0.99921875,False,41819,41819,7620.411099193864,1748.6332096398,0.9456396995177604,0.43703326638219225,0.1710645740521311,3.511252308592973,0.0,0.0,1.0,,,True,2400,True,2600,True,2800
101013,0.5,0.5,1,-1,7,0792,1.660669041913934,0.9475927734375,0.9982421875,False,43127,43127,2414.1280426777184,208.16538018262318,0.1841261006694567,0.1841261006694567,0.0452064269325615,0.4002174594715657,0.025019129547615183,0.0,0.5054381303681299,0.00757681648580545,0.01122442358953397,True,1600,True,1800,True,1800
101013,0.5,0.5,1,-1,8,0793,1.6371478328946978,0.9141015625,0.999609375,False,42279,42279,6267.636437990443,1018.3560265048516,0.1841261006694568,0.1841261006694567,0.1775693237264228,1.339601695424038,0.47368670025308074,0.0,0.2921127408938756,0.03288359272136673,0.02894248622247446,True,2400,True,2600,True,2800
101013,0.5,0.5,2,-1,7,0794,1.7322420000564307,0.9475927734375,0.9982421875,False,43127,43127,2414.1280426777184,208.16538018262318,0.1841261006694567,0.1841261006694567,0.0452064269325615,0.4002174594715657,0.025019129547615183,0.0,0.5054381303681299,0.00757681648580545,0.01122442358953397,True,1600,True,1800,True,1800
101013,0.5,0.5,2,-1,8,0795,1.7201976660871878,0.9140380859375,0.99921875,False,42618,42618,6269.7134245104835,1012.2630746878887,0.1841261006694568,0.1841261006694567,0.17279898753436806,0.6199999999999998,0.45957107325543195,0.012576845464357783,8.755409157573295e-14,0.03220348625189664,0.028271379732937512,True,2400,True,2600,True,2800
101013,0.5,0.5,2,1024,7,0796,1.9644030829658732,0.933916015625,0.9892578125,False,53337,1024,89.14473030654939,10.209817545980973,0.1841261006694567,0.06519819514853153,0.0,0.3490910941066028,0.119140625,0.0,0.4578438667106901,0.000438834576216634,0.0005271720088775135,True,1800,True,2200,True,16200
101013,0.5,0.5,2,1024,8,0797,1.7405544590437785,0.913818359375,0.9982421875,False,45807,1024,125.64957332134487,18.1872134801717,0.1841261006694567,0.13535860372092953,0.0,0.3311830889040418,0.2861328125,0.0,0.3825746233119264,0.0009326693836822595,0.000912848336498787,True,2400,True,2600,True,3000
101013,0.5,0.5,3,-1,7,0798,1.7227088749641553,0.9475927734375,0.9982421875,False,43127,43127,2414.1280426777184,208.16538018262318,0.1841261006694567,0.1841261006694567,0.0452064269325615,0.4002174594715657,0.025019129547615183,0.0,0.5054381303681299,0.00757681648580545,0.01122442358953397,True,1600,True,1800,True,1800
101013,0.5,0.5,3,-1,8,0799,1.7020819579483941,0.914111328125,0.9994140625,False,42273,42273,6275.347118913559,1020.8381458494257,0.1841261006694568,0.1841261006694567,0.1783533698410616,0.9999999995023728,0.4765216568495257,0.00047311522721358787,5.050432869329341e-07,0.03291073301319197,0.028964209695510872,True,2400,True,2600,True,2800
101013,0.5,1.0,0,-1,7,0800,1.3982792920432985,0.9731884765625,0.9986328125,False,43071,43071,3927.5337177181596,618.7978097098659,0.7745071239706298,0.4196368743298475,0.069919540344094,0.4169009469956167,0.0,0.0,1.0,,,True,800,True,1000,True,1000
101013,0.5,1.0,0,-1,8,0801,1.5287677500164136,0.9330224609375,0.99921875,False,43503,43503,25071.295801762277,86824.61254776362,65.38121231456324,3.1067170038083862,0.4224735509182724,105.01593099294234,0.0,0.0,1.0,,,True,2000,True,2000,True,2200
101013,0.5,1.0,1,-1,7,0802,1.6581868750508875,0.96119140625,0.99921875,False,42911,42911,3695.5942121007643,435.7922296019781,0.1841261006694567,0.1841261006694567,0.0733351637142268,0.4185990833518919,0.11526182097830392,0.0,0.2410683989902528,0.007901175240128752,0.012215482760345005,True,1200,True,1200,True,1400
101013,0.5,1.0,1,-1,8,0803,1.604807332972996,0.895810546875,0.9990234375,False,41103,41103,7257.437684351704,1305.9359144011366,0.1841261006694568,0.1841261006694567,0.1841261006694567,1.4459653804596235,0.8697661971145658,0.0,0.140643168119826,0.03275071099331755,0.02876780841220019,True,3000,True,3000,True,3200
101013,0.5,1.0,2,-1,7,0804,1.7214404579717666,0.96119140625,0.99921875,False,42911,42911,3695.5942121007643,435.7922296019781,0.1841261006694567,0.1841261006694567,0.0733351637142268,0.4185990833518919,0.11526182097830392,0.0,0.2410683989902528,0.007901175240128752,0.012215482760345005,True,1200,True,1200,True,1400
101013,0.5,1.0,2,-1,8,0805,1.6822027909802273,0.89591796875,0.9998046875,False,41132,41132,7153.1364604874925,1274.4553845425826,0.1841261006694568,0.1841261006694567,0.1841261006694566,0.62,0.8596713021491783,0.0653505786249149,0.0,0.03297187636754832,0.02902961426018666,True,3000,True,3000,True,3200
101013,0.5,1.0,2,1024,7,0806,1.8463758340803906,0.9570556640625,0.9974609375,False,48425,1024,123.82093668793257,17.64923309924515,0.1841261006694567,0.12272111887600058,0.0,0.4161261837445209,0.25390625,0.0,0.2287546970730354,0.0004600515186714839,0.0005394429745310605,True,1400,True,1400,True,2400
101013,0.5,1.0,2,1024,8,0807,1.6541354169603437,0.896767578125,0.998828125,False,41506,1024,173.63636583547574,30.12027365714327,0.1841261006694567,0.1841261006694566,0.0,0.5105919508316616,0.7080078125,0.0,0.1548239458933772,0.001146499025241329,0.001102629865762378,True,3000,True,3200,True,3200
101013,0.5,1.0,3,-1,7,0808,1.7286356668919325,0.96119140625,0.99921875,False,42911,42911,3695.5942121007643,435.7922296019781,0.1841261006694567,0.1841261006694567,0.0733351637142268,0.4185990833518919,0.11526182097830392,0.0,0.2410683989902528,0.007901175240128752,0.012215482760345005,True,1200,True,1200,True,1400
101013,0.5,1.0,3,-1,8,0809,1.6771342499414459,0.895751953125,0.998828125,False,41288,41288,7274.758783891387,1307.754123705296,0.1841261006694568,0.1841261006694567,0.1841261006694567,1.0,0.8701317574113544,0.005619066072466576,0.0,0.03280517404673669,0.028831429405436555,True,3000,True,3000,True,3200
101013,0.65,0.25,0,-1,7,0810,1.591188166057691,0.968642578125,0.99921875,False,51887,51887,1680.149287494448,86.52320473322861,0.1792796411408389,0.116953367759013,0.0256703286779089,0.3996322993952422,0.0,0.0,1.0,,,True,1400,True,2000,True,3800
101013,0.65,0.25,0,-1,8,0811,1.6677833748981357,0.919580078125,0.9990234375,False,49922,49922,3715.0351603326017,367.60401457363497,0.2679250389524958,0.18478815586162348,0.07022156437947015,0.6532277322391492,0.0,0.0,1.0,,,True,2400,True,3000,True,4800
101013,0.65,0.25,1,-1,7,0812,1.899921791977249,0.968642578125,0.99921875,False,51887,51887,1680.149287494448,86.52320473322861,0.1792796411408389,0.116953367759013,0.0256703286779089,0.3996322993952422,0.0,0.0,1.0,0.006119693797739926,0.009466644212021596,True,1400,True,2000,True,3800
101013,0.65,0.25,1,-1,8,0813,1.8249565419973806,0.9192626953125,0.9990234375,False,49940,49940,3690.41784707676,361.0957465940539,0.1841261006694568,0.18331608968370494,0.070220434702255,0.693045260769869,0.009571485782939527,0.0,0.7371064784279197,0.026510687825390417,0.02371775036293547,True,2400,True,2800,True,4800
101013,0.65,0.25,2,-1,7,0814,1.9779715420445427,0.968642578125,0.99921875,False,51887,51887,1680.149287494448,86.52320473322861,0.1792796411408389,0.116953367759013,0.0256703286779089,0.3996322993952422,0.0,0.0,1.0,0.006119693797739926,0.009466644212021596,True,1400,True,2000,True,3800
101013,0.65,0.25,2,-1,8,0815,1.9078923750203103,0.9192626953125,0.9990234375,False,49940,49940,3689.920936788445,360.98642621948704,0.1841261006694568,0.18331608968370494,0.07021575645837855,0.619999999863023,0.009571485782939527,0.0004405286343612335,4.3774130297682493e-07,0.026510687825390417,0.02371775036293547,True,2400,True,2800,True,4800
101013,0.65,0.25,2,1024,7,0816,3.2165027079172432,0.6798095703125,0.6818359375,False,96363,1024,28.872826196219005,0.8734193897021331,0.0722450064668368,0.0193986958843611,0.0,0.2615114869351707,0.0,0.0,0.9027491339802978,7.749492262763338e-05,9.514533154149723e-05,False,20000,False,20000,False,20000
101013,0.65,0.25,2,1024,8,0817,2.829359958996065,0.706572265625,0.79453125,False,83897,1024,44.19695950356404,2.5884622390797127,0.1441461132540115,0.027238025100136922,0.0,0.2253993034362938,0.0,0.0,0.9131751628151872,0.00029980493194035467,0.00030455250684370837,False,20000,False,20000,False,20000
101013,0.65,0.25,3,-1,7,0818,2.004396416945383,0.968642578125,0.99921875,False,51887,51887,1680.149287494448,86.52320473322861,0.1792796411408389,0.116953367759013,0.0256703286779089,0.3996322993952422,0.0,0.0,1.0,0.006119693797739926,0.009466644212021596,True,1400,True,2000,True,3800
101013,0.65,0.25,3,-1,8,0819,1.9440984589746222,0.9192626953125,0.9990234375,False,49940,49940,3690.41784707676,361.0957465940539,0.1841261006694568,0.18331608968370494,0.070220434702255,0.693045260769869,0.009571485782939527,0.0,0.7371064784279197,0.026510687825390417,0.02371775036293547,True,2400,True,2800,True,4800
101013,0.65,0.5,0,-1,7,0820,1.5981064999941736,0.978447265625,0.9994140625,False,48093,48093,2392.6513262838043,211.4245810842426,0.4031494284112875,0.21779289293869233,0.0385595226502051,0.419388657095969,0.0,0.0,1.0,,,True,1000,True,1200,True,1600
101013,0.65,0.5,0,-1,8,0821,1.6341897499514744,0.942412109375,0.998828125,False,47894,47894,7408.086189367699,1595.2664845019913,0.6427995591310024,0.41544752810601465,0.14195958187066077,2.442655380067935,0.0,0.0,1.0,,,True,1800,True,1800,True,4000
101013,0.65,0.5,1,-1,7,0822,1.790983667015098,0.977607421875,0.999609375,False,48062,48062,2363.437944724992,193.6797672845417,0.1841261006694567,0.1841261006694567,0.039200507173318105,0.4188496504710195,0.020640006658066663,0.0,0.4778735624517548,0.00635012837151315,0.009389223164870336,True,1000,True,1200,True,1800
101013,0.65,0.5,1,-1,8,0823,1.8011491670040414,0.945322265625,0.999609375,False,48190,48190,6256.846315974759,976.5476093560414,0.1841261006694568,0.1841261006694567,0.15023085201255146,1.1844819999344982,0.3821539738534966,0.0,0.2871140507889261,0.02830687826398971,0.024374727100193627,True,1600,True,1800,True,4000
101013,0.65,0.5,2,-1,7,0824,1.8625725000165403,0.977607421875,0.999609375,False,48062,48062,2363.43784450317,193.67975851830198,0.1841261006694567,0.1841261006694567,0.039200507173318105,0.4188496504710195,0.020640006658066663,2.0806458324663975e-05,0.4778735624517548,0.00635012837151315,0.009389223164870336,True,1000,True,1200,True,1800
101013,0.65,0.5,2,-1,8,0825,1.8419598749605939,0.9452001953125,0.99921875,False,46913,46913,6136.582889679675,963.0186530960559,0.1841261006694568,0.1841261006694567,0.1533531684782759,0.6199999999999996,0.3975870227868608,0.014004646899580074,1.0571294642432168e-12,0.02878594197415068,0.024775021271644628,True,1600,True,2000,True,3000
101013,0.65,0.5,2,1024,7,0826,3.206304291030392,0.698154296875,0.7205078125,False,97956,1024,51.73849708696613,2.969632630316084,0.1427542249654291,0.02239544746709781,0.0,0.3689378050719609,0.0,0.0,0.4391442133607648,7.759848277968306e-05,9.282773749608632e-05,False,20000,False,20000,False,20000
101013,0.65,0.5,2,1024,8,0827,2.16659720800817,0.9242626953125,0.97578125,False,60914,1024,76.84145386098724,7.960401496625661,0.1841261006694567,0.05960962378521287,0.0,0.3862509885580277,0.0703125,0.0,0.3913781606193819,0.00037084600488666993,0.00037965923268870773,True,1800,True,3000,False,20000
101013,0.65,0.5,3,-1,7,0828,1.8593321669613943,0.977607421875,0.999609375,False,48062,48062,2363.437944724992,193.6797672845417,0.1841261006694567,0.1841261006694567,0.039200507173318105,0.4188496504710195,0.020640006658066663,0.0,0.4778735624517548,0.00635012837151315,0.009389223164870336,True,1000,True,1200,True,1800
101013,0.65,0.5,3,-1,8,0829,1.8807362910592929,0.945322265625,0.999609375,False,48190,48190,6256.5740541153045,976.46433025746,0.1841261006694568,0.1841261006694567,0.15019776732121495,0.999999986107531,0.38211247146710936,8.300477277443452e-05,0.0001845932047126,0.02830687826398971,0.024374727100193627,True,1600,True,1800,True,4000
101013,0.65,1.0,0,-1,7,0830,1.462826958973892,0.98576171875,0.9998046875,False,45635,45635,3685.9190662934147,573.1384543546153,0.7889708227995568,0.4137103731814365,0.0598121026483787,0.4199989942998012,0.0,0.0,1.0,,,True,600,True,600,True,1000
101013,0.65,1.0,0,-1,8,0831,1.629589624935761,0.9621142578125,0.9984375,False,47763,47763,21019.337451885833,30857.161195101275,25.36455977433213,2.6454162593506356,0.3303872782161297,49.58198269507876,0.0,0.0,1.0,,,True,1200,True,1400,True,3400
101013,0.65,1.0,1,-1,7,0832,1.76357441698201,0.982890625,1.0,False,47087,47087,3596.3034362863655,409.3155810647345,0.1841261006694568,0.1841261006694567,0.0633299563000287,0.4199997253835049,0.09403869433176885,0.0,0.2006352447786148,0.006802531639128951,0.010424387304351478,True,800,True,1000,True,1200
101013,0.65,1.0,1,-1,8,0833,1.82553554198239,0.94029296875,0.9986328125,False,49726,49726,7777.245090032416,1346.3638044206334,0.1841261006694568,0.1841261006694567,0.1841261006694566,1.5206683197548565,0.6893174596790411,0.0,0.1447295295278298,0.025866412000261383,0.022221246388542497,True,1800,True,2400,True,3800
101013,0.65,1.0,2,-1,7,0834,1.8321483749896288,0.982890625,1.0,False,47087,47087,3596.2011578604593,409.30656361104684,0.1841261006694568,0.1841261006694567,0.0633299563000287,0.4199996572490822,0.09403869433176885,0.0007433049461634847,0.0048266756109133,0.006802531639128951,0.010424387304351478,True,800,True,1000,True,1200
101013,0.65,1.0,2,-1,8,0835,1.8444648330332711,0.940263671875,0.9990234375,False,46811,46811,7507.262911816487,1303.1823950023213,0.1841261006694568,0.1841261006694567,0.1841261006694566,0.62,0.7553993719424922,0.08643267608040846,0.0,0.027294930567423558,0.023596809176796,True,1800,True,2000,True,2600
101013,0.65,1.0,2,1024,7,0836,3.362903540953994,0.8027685546875,0.851953125,False,106396,1024,84.45401722246254,8.861283912702866,0.1841261006694567,0.0,0.0,0.4151577296806511,0.029296875,0.0,0.2341014924153868,6.987334854380462e-05,8.124375368121575e-05,False,20000,False,20000,False,20000
101013,0.65,1.0,2,1024,8,0837,2.8864239159738645,0.838466796875,0.9109375,False,88691,1024,127.83614416320528,18.48136583204043,0.1841261006694567,0.06149211344159503,0.0,0.4666428451501186,0.2529296875,0.00390625,0.0020874970833086,0.00027908077623434104,0.0002801407531955509,True,9200,False,20000,False,20000
101013,0.65,1.0,3,-1,7,0838,1.8382896670373157,0.982890625,1.0,False,47087,47087,3596.3034362863655,409.3155810647345,0.1841261006694568,0.1841261006694567,0.0633299563000287,0.4199997253835049,0.09403869433176885,0.0,0.2006352447786148,0.006802531639128951,0.010424387304351478,True,800,True,1000,True,1200
101013,0.65,1.0,3,-1,8,0839,1.9044204169185832,0.9402734375,0.9984375,False,49686,49686,7750.388635790762,1340.2754407544317,0.1841261006694568,0.1841261006694567,0.1841261006694566,1.0,0.692770599364006,0.008614096526184438,0.0,0.025689363054146656,0.022150307053294637,True,1800,True,2400,True,3800
101014,0.5,0.25,0,-1,7,0840,1.445870416937396,0.92873046875,0.998828125,False,44267,44267,1680.445569417604,93.35270734928531,0.1795815874620626,0.12237018325941988,0.0314012490149773,0.3343591331867678,0.0,0.0,1.0,,,True,2200,True,2400,True,4400
101014,0.5,0.25,0,-1,8,0841,1.4491091249510646,0.86150390625,0.9994140625,False,40759,40759,3921.5129786856087,443.52295618320244,0.2730510257941807,0.19726832582771242,0.0939773829372978,0.8751204001250159,0.0,0.0,1.0,,,True,3800,True,3800,True,4400
101014,0.5,0.25,1,-1,7,0842,1.7026492920704186,0.92873046875,0.998828125,False,44267,44267,1680.445569417604,93.35270734928531,0.1795815874620626,0.12237018325941988,0.0314012490149773,0.3343591331867678,0.0,0.0,1.0,0.007808279046279732,0.011782193728774584,True,2200,True,2400,True,4400
101014,0.5,0.25,1,-1,8,0843,1.5991466250270605,0.8612939453125,0.998828125,False,41521,41521,4025.7143570423304,453.83032304670775,0.1841261006694568,0.1841261006694567,0.0946610859704154,0.6414497984763282,0.021699862720069362,0.0,0.7134616085041225,0.035480605822957,0.03182189308823642,True,3800,True,3800,True,4400
101014,0.5,0.25,2,-1,7,0844,1.769219083013013,0.92873046875,0.998828125,False,44267,44267,1680.445569417604,93.35270734928531,0.1795815874620626,0.12237018325941988,0.0314012490149773,0.3343591331867678,0.0,0.0,1.0,0.007808279046279732,0.011782193728774584,True,2200,True,2400,True,4400
101014,0.5,0.25,2,-1,8,0845,1.6646298749838024,0.861279296875,0.9984375,False,41343,41343,3968.5411845337726,443.6038936780068,0.1841261006694568,0.1841261006694567,0.0939559025595598,0.6199999589409954,0.018455361246160172,0.0007498246377863241,9.605542431994364e-08,0.0349522087576292,0.0314690515927726,True,3800,True,3800,True,4400
101014,0.5,0.25,2,1024,7,0846,2.1276446250267327,0.8616162109375,0.94140625,False,56853,1024,59.525334481972116,4.54128973596059,0.164821898202852,0.0393957857302551,0.0,0.2134743744953401,0.0,0.0,0.9148825630356524,0.0005105832604113522,0.0006117338794786542,True,4400,True,15600,False,20000
101014,0.5,0.25,2,1024,8,0847,1.7885350829456002,0.8364990234375,0.9865234375,False,47071,1024,79.5911135242181,7.528201415146595,0.1775761714183236,0.0819976712401787,0.0,0.1435063134386286,0.0,0.0,0.7796905357657679,0.0010549444810321984,0.0010690825871201644,True,4400,True,4800,False,20000
101014,0.5,0.25,3,-1,7,0848,1.7663792920066044,0.92873046875,0.998828125,False,44267,44267,1680.445569417604,93.35270734928531,0.1795815874620626,0.12237018325941988,0.0314012490149773,0.3343591331867678,0.0,0.0,1.0,0.007808279046279732,0.011782193728774584,True,2200,True,2400,True,4400
101014,0.5,0.25,3,-1,8,0849,1.6979824169538915,0.8612939453125,0.998828125,False,41521,41521,4025.7143570423304,453.83032304670775,0.1841261006694568,0.1841261006694567,0.0946610859704154,0.6414497984763282,0.021699862720069362,0.0,0.7134616085041225,0.035480605822957,0.03182189308823642,True,3800,True,3800,True,4400
101014,0.5,0.5,0,-1,7,0850,1.4481956250965595,0.9571435546875,0.998828125,False,43335,43335,2503.900253991824,233.61298319565054,0.4214843544909763,0.22893700044699394,0.045764809887536,0.3827756598974594,0.0,0.0,1.0,,,True,1400,True,1600,True,1800
101014,0.5,0.5,0,-1,8,0851,1.54055520799011,0.9128125,0.9990234375,False,42641,42641,8122.651687975463,1937.2698222288814,0.797159667704647,0.45009206399907836,0.1801925014831681,2.996182101000026,0.0,0.0,1.0,,,True,2600,True,2800,True,3200
101014,0.5,0.5,1,-1,7,0852,1.723979124915786,0.95775390625,0.99921875,False,44044,44044,2496.502557131075,218.34895516167956,0.1841261006694567,0.1841261006694567,0.0455416582099849,0.3827756598974594,0.02763145944964127,0.0,0.480085847948444,0.00765579561300438,0.011445989202558762,True,1400,True,1600,True,1800
101014,0.5,0.5,1,-1,8,0853,1.6472509999293834,0.9017041015625,0.9994140625,False,42904,42904,6597.28152040953,1093.1134746426353,0.1841261006694568,0.1841261006694567,0.1841261006694566,1.5629730046132675,0.52540555659146,0.0,0.3199119604669736,0.03406271122739133,0.029602043952778233,True,3000,True,3200,True,3400
101014,0.5,0.5,2,-1,7,0854,1.7576250829733908,0.95775390625,0.99921875,False,44044,44044,2496.502557131075,218.34895516167956,0.1841261006694567,0.1841261006694567,0.0455416582099849,0.3827756598974594,0.02763145944964127,0.0,0.480085847948444,0.00765579561300438,0.011445989202558762,True,1400,True,1600,True,1800
101014,0.5,0.5,2,-1,8,0855,1.7324385829269886,0.901396484375,0.9986328125,False,43048,43048,6478.361224321423,1060.081066149584,0.1841261006694568,0.1841261006694567,0.18024732319953055,0.62,0.5085021371492288,0.040768444527039586,0.0,0.03349464188231736,0.02909159603330385,True,3000,True,3200,True,3400
101014,0.5,0.5,2,1024,7,0856,1.997493749950081,0.9401220703125,0.990625,False,54006,1024,93.83180849800435,11.064962996119622,0.1841261006694567,0.06677730879348545,0.0,0.3335257245202473,0.1318359375,0.0,0.4730805919461019,0.000480994009924822,0.0005565329739596822,True,1800,True,2000,False,20000
101014,0.5,0.5,2,1024,8,0857,1.7213144999695942,0.899013671875,0.9982421875,False,44930,1024,141.06682561200373,21.923031344227915,0.1841261006694567,0.17067388152429513,0.0,0.4814783779752057,0.380859375,0.0,0.3382867812171257,0.0011053247180799746,0.0010694790275613902,True,3000,True,3200,True,3400
101014,0.5,0.5,3,-1,7,0858,1.7551012089243159,0.95775390625,0.99921875,False,44044,44044,2496.502557131075,218.34895516167956,0.1841261006694567,0.1841261006694567,0.0455416582099849,0.3827756598974594,0.02763145944964127,0.0,0.480085847948444,0.00765579561300438,0.011445989202558762,True,1400,True,1600,True,1800
101014,0.5,0.5,3,-1,8,0859,1.7202221249463037,0.901708984375,0.999609375,False,42689,42689,6565.722400153804,1088.2268387913796,0.1841261006694568,0.1841261006694567,0.1841261006694566,0.9999999999888204,0.5297383400876103,0.003607486706177235,7.078248527035279e-09,0.03405420539151376,0.029678575228200804,True,3000,True,3200,True,3400
101014,0.5,1.0,0,-1,7,0860,1.4046380840009078,0.975859375,0.999609375,False,42883,42883,3963.577639267507,648.5631978187525,0.7636445357050873,0.43772228926478174,0.0704516062253129,0.4124339526260175,0.0,0.0,1.0,,,True,800,True,800,True,1000
101014,0.5,1.0,0,-1,8,0861,1.5206431669648737,0.92005859375,0.998046875,False,42751,42751,25552.596968050108,138883.7014980377,52.72325847421311,3.915478573911996,0.3996034001669147,128.9543446698651,0.0,0.0,1.0,,,True,2400,True,2400,True,3200
101014,0.5,1.0,1,-1,7,0862,1.6655186669668183,0.966552734375,0.9990234375,False,43067,43067,3769.9469675838986,449.3360682815491,0.1841261006694567,0.1841261006694567,0.0756985442686406,0.4176351815873308,0.11990619267652727,0.0,0.2379183026319979,0.008017803291963643,0.01253675383946327,True,1200,True,1200,True,1400
101014,0.5,1.0,1,-1,8,0863,1.6121590419206768,0.89337890625,0.9994140625,False,41207,41207,7314.009345464327,1319.872597876238,0.1841261006694568,0.1841261006694567,0.1841261006694567,2.092039060013098,0.8847040551362633,0.0,0.1409412891649372,0.03407448787523959,0.03005943127077918,True,3000,True,3200,True,3600
101014,0.5,1.0,2,-1,7,0864,1.7322930420050398,0.966552734375,0.9990234375,False,43067,43067,3769.9469675838986,449.3360682815491,0.1841261006694567,0.1841261006694567,0.0756985442686406,0.4176351815873308,0.11990619267652727,0.0,0.2379183026319979,0.008017803291963643,0.01253675383946327,True,1200,True,1200,True,1400
101014,0.5,1.0,2,-1,8,0865,1.695131165906787,0.8929296875,0.9990234375,False,41462,41462,7278.347203174538,1303.4195990601488,0.1841261006694568,0.1841261006694567,0.1841261006694566,0.62,0.8750663257922917,0.061067965848246586,0.0,0.03376975202193167,0.029858389408775853,True,3200,True,3200,True,4200
101014,0.5,1.0,2,1024,7,0866,1.8784924580249935,0.9595947265625,0.996484375,False,49261,1024,131.46219255621614,19.162727091075944,0.1841261006694567,0.12680747950387067,0.0,0.3947034317263863,0.27734375,0.0,0.2107336195808697,0.0005013606309589048,0.0005821669271837749,True,1400,True,1400,True,4800
101014,0.5,1.0,2,1024,8,0867,1.7412040409399197,0.8917822265625,0.9966796875,False,44683,1024,175.20100886926508,30.543492840244273,0.1841261006694567,0.1841261006694566,0.0,0.3702883957043013,0.724609375,0.0,0.1590694924996523,0.0011671892134592558,0.0011176358551723607,True,3200,True,3400,True,6000
101014,0.5,1.0,3,-1,7,0868,1.733129041036591,0.966552734375,0.9990234375,False,43067,43067,3769.9469675838986,449.3360682815491,0.1841261006694567,0.1841261006694567,0.0756985442686406,0.4176351815873308,0.11990619267652727,0.0,0.2379183026319979,0.008017803291963643,0.01253675383946327,True,1200,True,1200,True,1400
101014,0.5,1.0,3,-1,8,0869,1.6770103339804336,0.89341796875,0.999609375,False,40979,40979,7200.930501763823,1292.206987754953,0.1841261006694568,0.1841261006694567,0.1841261006694566,1.0,0.8825740013177481,0.03409063178701286,0.0,0.03487889439814696,0.030744361187030698,True,3000,True,3200,True,3600
101014,0.65,0.25,0,-1,7,0870,1.5947930830297992,0.9700439453125,0.9984375,False,51837,51837,1679.045710302051,87.0791337551472,0.2316566054361361,0.11630871515287494,0.0256897697639962,0.413063542758294,0.0,0.0,1.0,,,True,1600,True,2000,True,3600
101014,0.65,0.25,0,-1,8,0871,1.6284118329640478,0.91232421875,0.9990234375,False,48431,48431,3749.7824744368613,381.95854134366834,0.2598282765601548,0.18859240740913785,0.0741044754959785,0.9036159259035172,0.0,0.0,1.0,,,True,2600,True,2600,True,7200
101014,0.65,0.25,1,-1,7,0872,1.9011808339273557,0.9697705078125,0.9990234375,False,52058,52058,1692.8885038202018,87.64733437601322,0.1841261006694567,0.11571847218958829,0.025773103859882948,0.413063542758294,9.604671712320872e-05,0.0,0.8680443915963767,0.006212958232884442,0.009507569481795907,True,1600,True,2000,True,4600
101014,0.65,0.25,1,-1,8,0873,1.789812917006202,0.91263671875,0.9986328125,False,48334,48334,3642.112236352587,359.9211770246304,0.1841261006694568,0.18308815487575253,0.07213438496599961,0.7261101534942197,0.009413663259817106,0.0,0.6696462356873647,0.02777621440135303,0.02433261426997553,True,2600,True,2600,True,5400
101014,0.65,0.25,2,-1,7,0874,1.988377834088169,0.9697705078125,0.9990234375,False,52058,52058,1692.8885038202018,87.64733437601322,0.1841261006694567,0.11571847218958829,0.025773103859882948,0.413063542758294,9.604671712320872e-05,0.0,0.8680443915963767,0.006212958232884442,0.009507569481795907,True,1600,True,2000,True,4600
101014,0.65,0.25,2,-1,8,0875,1.8619916670722887,0.91263671875,0.9986328125,False,48334,48334,3641.416852230383,359.80916601747305,0.1841261006694568,0.18308815487575253,0.0721294798684966,0.6199999998578226,0.009413663259817106,0.0012827409277113419,3.623548559874103e-07,0.02777621440135303,0.02433261426997553,True,2600,True,2600,True,5400
101014,0.65,0.25,2,1024,7,0876,3.1871834580088034,0.694921875,0.723046875,False,96123,1024,29.70504051899173,0.9131555977456315,0.0733488754016768,0.020942343292990346,0.0,0.2517835872412951,0.0,0.0,0.8949938041022873,9.064720462324278e-05,0.00011175189167351509,False,20000,False,20000,False,20000
101014,0.65,0.25,2,1024,8,0877,2.5836435420205817,0.7124072265625,0.848828125,False,74087,1024,47.336589398733125,2.898364113156943,0.1462175625199703,0.030261535512996398,0.0,0.2040447577512809,0.0,0.0,0.8979129652084868,0.00038625232553169385,0.0003867532146890358,False,20000,False,20000,False,20000
101014,0.65,0.25,3,-1,7,0878,1.9824593339581043,0.9697705078125,0.9990234375,False,52058,52058,1692.8885038202018,87.64733437601322,0.1841261006694567,0.11571847218958829,0.025773103859882948,0.413063542758294,9.604671712320872e-05,0.0,0.8680443915963767,0.006212958232884442,0.009507569481795907,True,1600,True,2000,True,4600
101014,0.65,0.25,3,-1,8,0879,1.8722267500124872,0.91263671875,0.9986328125,False,48334,48334,3642.112236352587,359.9211770246304,0.1841261006694568,0.18308815487575253,0.07213438496599961,0.7261101534942197,0.009413663259817106,0.0,0.6696462356873647,0.02777621440135303,0.02433261426997553,True,2600,True,2600,True,5400
101014,0.65,0.5,0,-1,7,0880,1.513124500052072,0.9807177734375,0.9984375,False,48126,48126,2414.153754200198,215.311631962408,0.4002881376442388,0.21989841089580137,0.039135417324591,0.4196751073157388,0.0,0.0,1.0,,,True,1000,True,1200,True,1800
101014,0.65,0.5,0,-1,8,0881,1.6390791659941897,0.943212890625,0.998828125,False,48529,48529,7943.125091289912,1782.6814957606969,0.6829853529239218,0.4354091927838275,0.1523405779628244,2.465977290347411,0.0,0.0,1.0,,,True,1800,True,2000,True,5000
101014,0.65,0.5,1,-1,7,0882,1.7914744999725372,0.980283203125,0.99921875,False,48090,48090,2399.332967314154,200.35425457967665,0.1841261006694567,0.1841261006694567,0.03953297509521815,0.419548828936825,0.02202121023081722,0.0,0.4547276114615677,0.006483247285904866,0.009623564161381399,True,1000,True,1200,True,1600
101014,0.65,0.5,1,-1,8,0883,1.7639579579699785,0.949306640625,0.99921875,False,46976,46976,6239.009080431155,983.2695411603737,0.1841261006694568,0.1841261006694567,0.1558453419477066,1.491972072126518,0.398033038147139,0.0,0.2997954168418826,0.029383152988582767,0.025279287118244727,True,1600,True,1600,True,3400
101014,0.65,0.5,2,-1,7,0884,1.8701028749346733,0.980283203125,0.99921875,False,48090,48090,2399.3318107401706,200.35412388497548,0.1841261006694567,0.1841261006694567,0.03953297509521815,0.419548828936825,0.02202121023081722,4.158868787689748e-05,0.2767016766420185,0.006483247285904866,0.009623564161381399,True,1000,True,1200,True,1600
101014,0.65,0.5,2,-1,8,0885,1.86419350001961,0.9491796875,0.99921875,False,46650,46650,6319.047161609317,1002.9848852996308,0.1841261006694569,0.1841261006694567,0.1600708671096822,0.62,0.4268167202572347,0.03022508038585209,0.0,0.02847268834851728,0.024750454961593372,True,1600,True,1600,True,4000
101014,0.65,0.5,2,1024,7,0886,3.1994453750085086,0.6834912109375,0.7103515625,False,96353,1024,54.638412928087064,3.1925088389582954,0.1370736362534779,0.03039837233289169,0.0,0.3786396221082882,0.0,0.0,0.4357420001514542,9.136799818549115e-05,0.00010913578088729247,False,20000,False,20000,False,20000
101014,0.65,0.5,2,1024,8,0887,2.16357174993027,0.9335302734375,0.9875,False,60788,1024,89.95839117536904,10.290248236009495,0.1841261006694567,0.061559393489792676,0.0,0.3605594370628478,0.1181640625,0.0,0.4003102402060149,0.0004737670092507283,0.00048044150366848617,True,1600,True,2000,False,20000
101014,0.65,0.5,3,-1,7,0888,1.8705761660821736,0.980283203125,0.99921875,False,48090,48090,2399.332967314154,200.35425457967665,0.1841261006694567,0.1841261006694567,0.03953297509521815,0.419548828936825,0.02202121023081722,0.0,0.4547276114615677,0.006483247285904866,0.009623564161381399,True,1000,True,1200,True,1600
101014,0.65,0.5,3,-1,8,0889,1.8329297909513116,0.9492431640625,0.9986328125,False,46594,46594,6225.732173502662,982.9785976300857,0.1841261006694568,0.1841261006694567,0.15675275882206047,0.999999999998108,0.4002661286860969,0.001502339356998755,6.901195865244912e-09,0.0295399460186218,0.025439867414080445,True,1600,True,1600,True,3400
101014,0.65,1.0,0,-1,7,0890,1.4612845829688013,0.9870458984375,0.998828125,False,45711,45711,3714.4289481790634,562.5760361652553,0.7802188038471618,0.39846452308912783,0.0609326568760663,0.4199961635582019,0.0,0.0,1.0,,,True,600,True,600,True,1000
101014,0.65,1.0,0,-1,8,0891,1.62550291698426,0.96095703125,0.998828125,False,47910,47910,23759.740705007764,27198.858938153513,11.795646220609749,2.8438254523122324,0.36722816115150886,25.91333282157813,0.0,0.0,1.0,,,True,1200,True,1400,True,2800
101014,0.65,1.0,1,-1,7,0892,1.7591892919735983,0.98173828125,0.9990234375,False,46964,46964,3626.5210789017638,415.96796696431034,0.1841261006694567,0.1841261006694567,0.0643509659986545,0.419999736361727,0.09809641427476365,0.0,0.2296140287701437,0.006853587322204205,0.010509028801759463,True,800,True,1000,True,1200
101014,0.65,1.0,1,-1,8,0893,1.7872333750128746,0.950771484375,0.9982421875,False,48315,48315,7742.171362101229,1357.1810281218027,0.1841261006694569,0.1841261006694567,0.1841261006694566,2.3816327699412447,0.7320914829763013,0.0,0.1503079818894449,0.026142337934216376,0.022746284150884765,True,1600,True,1600,True,2600
101014,0.65,1.0,2,-1,7,0894,1.8235976250143722,0.98173828125,0.9990234375,False,46964,46964,3626.4291438512073,415.96245781124765,0.1841261006694567,0.1841261006694567,0.0643509659986545,0.4199996708167181,0.09809641427476365,0.0005536155353036368,0.0017809078581181,0.006853587322204205,0.010509028801759463,True,800,True,1000,True,1200
101014,0.65,1.0,2,-1,8,0895,1.8795141249429435,0.95115234375,0.999609375,False,48742,48742,7599.694697506193,1311.3165666430784,0.1841261006694568,0.1841261006694567,0.1841261006694566,0.62,0.7135324771244512,0.08181855483976858,0.0,0.026521328713771778,0.02279983392573819,True,1600,True,1600,True,2200
101014,0.65,1.0,2,1024,7,0896,3.334233499947004,0.7744677734375,0.823046875,False,104791,1024,94.58567852759148,10.297568657266652,0.1841261006694567,0.0,0.0,0.413947162100814,0.0234375,0.0,0.2306829290186798,8.604117859199067e-05,9.838842414106773e-05,False,20000,False,20000,False,20000
101014,0.65,1.0,2,1024,8,0897,2.2177883749827743,0.9320654296875,0.9830078125,False,63687,1024,118.84150982210693,17.507325122990846,0.1841261006694567,0.1132830951177094,0.0,0.5501975456905647,0.2412109375,0.0029296875,0.166162769472677,0.00037882207776573896,0.000390048449840626,True,1800,True,2000,False,20000
101014,0.65,1.0,3,-1,7,0898,1.8294289590558037,0.98173828125,0.9990234375,False,46964,46964,3626.5210789017638,415.96796696431034,0.1841261006694567,0.1841261006694567,0.0643509659986545,0.419999736361727,0.09809641427476365,0.0,0.2296140287701437,0.006853587322204205,0.010509028801759463,True,800,True,1000,True,1200
101014,0.65,1.0,3,-1,8,0899,1.883216500049457,0.9511279296875,0.998828125,False,48811,48811,7712.406439544235,1341.770758182349,0.1841261006694568,0.1841261006694567,0.1841261006694566,1.0,0.7318432320583474,0.03368093257667329,0.0,0.02624536744193585,0.022738510850525445,True,1600,True,1600,True,2600
101015,0.5,0.25,0,-1,7,0900,1.4429024999262765,0.92767578125,0.999609375,False,44697,44697,1681.89051221875,93.36221590383111,0.2314997960482948,0.12134412032587848,0.0310636066541466,0.3427091177010579,0.0,0.0,1.0,,,True,2200,True,2400,True,3000
101015,0.5,0.25,0,-1,8,0901,1.3973987080389634,0.8466748046875,0.9982421875,False,39004,39004,3899.0778908100656,457.7068811980103,0.2925482741549095,0.20818541545083505,0.09715417838344445,0.9365278953025482,0.0,0.0,1.0,,,True,4000,True,4200,True,4800
101015,0.5,0.25,1,-1,7,0902,1.7161637080134824,0.9276025390625,0.9994140625,False,44670,44670,1682.875353386788,93.04511479568313,0.1841261006694567,0.12323890791140402,0.0313606041056545,0.3427091177010579,0.00022386389075442132,0.0,0.8262134526432428,0.007768351009253001,0.011730311928680653,True,2200,True,2400,True,3000
101015,0.5,0.25,1,-1,8,0903,1.5351556249661371,0.845517578125,0.998828125,False,38984,38984,3768.4200175653004,426.7748504970746,0.1841261006694568,0.1841261006694567,0.09461560669391314,1.0372414539870465,0.025471988508105888,0.0,0.6713525834145094,0.03519920298498524,0.03156003972249294,True,4000,True,4200,True,4800
101015,0.5,0.25,2,-1,7,0904,1.7840377920074388,0.9276025390625,0.9994140625,False,44670,44670,1682.875353386788,93.04511479568313,0.1841261006694567,0.12323890791140402,0.0313606041056545,0.3427091177010579,0.00022386389075442132,0.0,0.8262134526432428,0.007768351009253001,0.011730311928680653,True,2200,True,2400,True,3000
101015,0.5,0.25,2,-1,8,0905,1.6049919999204576,0.8455029296875,0.9994140625,False,38837,38837,3769.112819677547,428.8980036544484,0.1841261006694568,0.1841261006694567,0.0950756534976004,0.62,0.026701341504235653,0.0070808764837654815,0.0,0.03525096007565803,0.031643122752358095,True,4000,True,4200,True,4800
101015,0.5,0.25,2,1024,7,0906,2.1044707080582157,0.867626953125,0.965625,False,56544,1024,59.07307535489962,4.465267744915129,0.156612921357839,0.04051316917821315,0.0,0.2443894592079454,0.0,0.0,0.8849083694620915,0.0004812370491711458,0.0005879720052083321,True,4400,True,10600,False,20000
101015,0.5,0.25,2,1024,8,0907,1.5926267500035465,0.834619140625,0.99609375,False,39995,1024,83.0929033106957,8.16767976786272,0.1816052377458529,0.0932691418634692,0.0,0.1741093005842089,0.0,0.0,0.746036042175985,0.0012320615597783038,0.0011877721694378445,True,4600,True,4800,True,6400
101015,0.5,0.25,3,-1,7,0908,1.7740316670387983,0.9276025390625,0.9994140625,False,44670,44670,1682.875353386788,93.04511479568313,0.1841261006694567,0.12323890791140402,0.0313606041056545,0.3427091177010579,0.00022386389075442132,0.0,0.8262134526432428,0.007768351009253001,0.011730311928680653,True,2200,True,2400,True,3000
101015,0.5,0.25,3,-1,8,0909,1.6017101251054555,0.845517578125,0.998828125,False,38984,38984,3768.39191957804,426.7708743234095,0.1841261006694568,0.1841261006694567,0.09461560669391314,0.99967829340566,0.025471988508105888,2.5651549353580955e-05,0.4588385408533399,0.03519920298498524,0.03156003972249294,True,4000,True,4200,True,4800
101015,0.5,0.5,0,-1,7,0910,1.402770125074312,0.9533447265625,0.9986328125,False,43190,43190,2455.9937948931397,227.10250650746266,0.373321687847847,0.22859342924155826,0.04508228848540305,0.4070206751592941,0.0,0.0,1.0,,,True,1400,True,1600,True,1800
101015,0.5,0.5,0,-1,8,0911,1.4956606670748442,0.9043994140625,1.0,False,41906,41906,7927.100914047244,1862.887433109308,0.7321169286107664,0.43436594254151456,0.17973503807231594,3.499932657535891,0.0,0.0,1.0,,,True,2800,True,3000,True,3800
101015,0.5,0.5,1,-1,7,0912,1.66862949996721,0.9505078125,0.998828125,False,43429,43429,2408.029122608969,207.31548686471976,0.1841261006694567,0.1841261006694567,0.0446406706183997,0.3857850004476246,0.026203688779387047,0.0,0.5368888944730231,0.007427400661616239,0.011047535021241523,True,1600,True,1600,True,1800
101015,0.5,0.5,1,-1,8,0913,1.6087137500289828,0.8995947265625,0.9994140625,False,41067,41067,5982.205591579219,961.1550126288321,0.1841261006694568,0.1841261006694567,0.1698418851107097,1.8113098663234877,0.4378698224852071,0.0,0.3059858042735293,0.03144072301056804,0.02755107760894792,True,2800,True,3000,True,3200
101015,0.5,0.5,2,-1,7,0914,1.7383852080674842,0.9505078125,0.998828125,False,43429,43429,2408.029122608969,207.31548686471976,0.1841261006694567,0.1841261006694567,0.0446406706183997,0.3857850004476246,0.026203688779387047,0.0,0.5368888944730231,0.007427400661616239,0.011047535021241523,True,1600,True,1600,True,1800
101015,0.5,0.5,2,-1,8,0915,1.704032541019842,0.8996533203125,0.9986328125,False,40939,40939,5924.415536048394,948.9232070554427,0.1841261006694568,0.1841261006694567,0.1679353161210231,0.62,0.44126627421285325,0.03165685532133174,1.5456460222977178e-15,0.031543316224545405,0.027883472590317246,True,2800,True,3000,True,3200
101015,0.5,0.5,2,1024,7,0916,1.913185124984011,0.93908203125,0.9943359375,False,50097,1024,87.9693782698606,9.870084817962491,0.1841261006694567,0.06678564308436927,0.0,0.3323823117515968,0.1064453125,0.0,0.475896492367814,0.00045766031607015614,0.0005500565881356823,True,1800,True,2000,True,8600
101015,0.5,0.5,2,1024,8,0917,1.7539786669658497,0.89181640625,0.997265625,False,44616,1024,134.9693328998177,20.262604813339088,0.1841261006694567,0.15531392740676897,0.0,0.342105075556142,0.3291015625,0.0,0.3755904998546124,0.0010583191848215871,0.0010212785678530855,True,3200,True,3400,True,4800
101015,0.5,0.5,3,-1,7,0918,1.7542172920657322,0.9505078125,0.998828125,False,43429,43429,2408.029122608969,207.31548686471976,0.1841261006694567,0.1841261006694567,0.0446406706183997,0.3857850004476246,0.026203688779387047,0.0,0.5368888944730231,0.007427400661616239,0.011047535021241523,True,1600,True,1600,True,1800
101015,0.5,0.5,3,-1,8,0919,1.672404040931724,0.8995947265625,0.9990234375,False,41071,41071,5966.788703056222,957.7799660125468,0.1841261006694568,0.1841261006694567,0.1694328642272062,0.9999999999864794,0.43987241605999367,0.0048452679506220935,4.96260544661189e-09,0.0314858498342301,0.0276972378371194,True,2800,True,3000,True,3200
101015,0.5,1.0,0,-1,7,0920,1.3980036249849945,0.9742626953125,0.9998046875,False,42738,42738,3893.1166393937624,615.3575461836555,0.7660669436411901,0.41873186508027693,0.0699456123585725,0.4151577296806511,0.0,0.0,1.0,,,True,800,True,1000,True,1000
101015,0.5,1.0,0,-1,8,0921,1.4945590000133961,0.9224951171875,0.9986328125,False,41961,41961,21135.210531173838,17191.094151658843,10.051225975107531,1.9157966666613744,0.4299316627027737,15.257562108956192,0.0,0.0,1.0,,,True,2400,True,2400,True,3200
101015,0.5,1.0,1,-1,7,0922,1.6586657090811059,0.9617333984375,0.999609375,False,43063,43063,3747.8997787377575,444.2349617232052,0.1841261006694568,0.1841261006694567,0.0751605211551659,0.4182377075629439,0.11599284768827067,0.0,0.2179700919779679,0.008003295135905492,0.012355371780879127,True,1200,True,1400,True,1600
101015,0.5,1.0,1,-1,8,0923,1.6641527500469238,0.9219287109375,0.9990234375,False,43553,43553,7551.785138558318,1347.3973387639012,0.1841261006694568,0.1841261006694567,0.1841261006694566,1.9978653859929432,0.8280026634215784,0.0,0.1467135419774878,0.030937913169969102,0.027062217418049987,True,2200,True,2400,True,2600
101015,0.5,1.0,2,-1,7,0924,1.7223083750577644,0.9617333984375,0.999609375,False,43063,43063,3747.8997787377575,444.2349617232052,0.1841261006694568,0.1841261006694567,0.0751605211551659,0.4182377075629439,0.11599284768827067,0.0,0.2179700919779679,0.008003295135905492,0.012355371780879127,True,1200,True,1400,True,1600
101015,0.5,1.0,2,-1,8,0925,1.751277834060602,0.9220458984375,0.998828125,False,43861,43861,7529.920719994024,1333.6773001295512,0.1841261006694568,0.1841261006694567,0.1841261006694566,0.62,0.8323339641139053,0.07890836962221563,0.0,0.030986326714887127,0.027128991302067838,True,2200,True,2400,True,2600
101015,0.5,1.0,2,1024,7,0926,1.7937412079190835,0.9564111328125,0.998828125,False,46590,1024,127.15197827418069,18.422968618923424,0.1841261006694567,0.1296765206195786,0.0,0.4120354104169645,0.28125,0.0,0.2415230021613597,0.0005267316953745427,0.0006167107122415384,True,1400,True,1400,True,2800
101015,0.5,1.0,2,1024,8,0927,1.717482166015543,0.922138671875,0.9982421875,False,44722,1024,168.1394394139688,28.76958962288001,0.1841261006694567,0.1841261006694566,0.0,0.5028136672205795,0.6513671875,0.0,0.1696475495881228,0.0009308460461294203,0.0008960506480777528,True,2200,True,2400,True,2400
101015,0.5,1.0,3,-1,7,0928,1.7265510000288486,0.9617333984375,0.999609375,False,43063,43063,3747.8997787377575,444.2349617232052,0.1841261006694568,0.1841261006694567,0.0751605211551659,0.4182377075629439,0.11599284768827067,0.0,0.2179700919779679,0.008003295135905492,0.012355371780879127,True,1200,True,1400,True,1600
101015,0.5,1.0,3,-1,8,0929,1.7357477500336245,0.9219970703125,0.998828125,False,43536,43536,7522.797150417657,1338.972956951889,0.1841261006694568,0.1841261006694567,0.1841261006694566,1.0,0.8374219037118706,0.026713524439544285,0.0,0.03131282516193489,0.027483235856532465,True,2200,True,2400,True,2600
101015,0.65,0.25,0,-1,7,0930,1.575785250053741,0.966953125,0.998828125,False,51055,51055,1668.5114622536819,87.15896220020238,0.197350370347653,0.11803876821779227,0.025736751802609,0.3994630387253966,0.0,0.0,1.0,,,True,1600,True,2000,True,3800
101015,0.65,0.25,0,-1,8,0931,1.6928397919982672,0.92083984375,0.99765625,False,50567,50567,3743.096665905413,378.5223614523145,0.2926594753866292,0.19171443874467972,0.0689632782385158,0.6416397625490368,0.0,0.0,1.0,,,True,2600,True,3000,True,6200
101015,0.65,0.25,1,-1,7,0932,1.877459125011228,0.966953125,0.998828125,False,51055,51055,1668.4852961899992,87.14904915252214,0.1841261006694567,0.11803876821779227,0.025736751802609,0.3994630387253966,5.876016061110567e-05,0.0,0.9329909051860382,0.00624309236566771,0.009592421520500728,True,1600,True,2000,True,3800
101015,0.65,0.25,1,-1,8,0933,1.8407387080369517,0.92208984375,0.9982421875,False,50168,50168,3684.347974856444,364.6165236112052,0.1841261006694568,0.1841261006694566,0.06952493335440395,0.6496309514134369,0.010205708818370275,0.0,0.692322699072421,0.026029179976113537,0.022977366361525222,True,2600,True,3000,True,5800
101015,0.65,0.25,2,-1,7,0934,1.9585688749793917,0.966953125,0.998828125,False,51055,51055,1668.4852961899992,87.14904915252214,0.1841261006694567,0.11803876821779227,0.025736751802609,0.3994630387253966,5.876016061110567e-05,0.0,0.9329909051860382,0.00624309236566771,0.009592421520500728,True,1600,True,2000,True,3800
101015,0.65,0.25,2,-1,8,0935,1.9350352090550587,0.92208984375,0.9982421875,False,50168,50168,3684.307637456367,364.60565521360104,0.1841261006694568,0.1841261006694566,0.06952493335440395,0.6194764961867854,0.010205708818370275,3.986605007175889e-05,0.6321790068458245,0.026029179976113537,0.022977366361525222,True,2600,True,3000,True,5800
101015,0.65,0.25,2,1024,7,0936,3.2887897500768304,0.6873095703125,0.731640625,False,97539,1024,28.977570145160904,0.8811645514173284,0.0914433271003456,0.01889772660193257,0.0,0.2443894592079455,0.0,0.0,0.9036382996834554,7.89321023727258e-05,9.777739545207522e-05,False,20000,False,20000,False,20000
101015,0.65,0.25,2,1024,8,0937,2.988345624995418,0.7245263671875,0.7916015625,False,85939,1024,46.47623751227256,2.819469582215861,0.1391314123398763,0.027780463519490758,0.0,0.2366457310267775,0.0,0.0,0.8041465824862029,0.0003163732657272399,0.0003220155914854327,False,20000,False,20000,False,20000
101015,0.65,0.25,3,-1,7,0938,2.0647579999640584,0.966953125,0.998828125,False,51055,51055,1668.4852961899992,87.14904915252214,0.1841261006694567,0.11803876821779227,0.025736751802609,0.3994630387253966,5.876016061110567e-05,0.0,0.9329909051860382,0.00624309236566771,0.009592421520500728,True,1600,True,2000,True,3800
101015,0.65,0.25,3,-1,8,0939,1.9991167079424486,0.92208984375,0.9982421875,False,50168,50168,3684.347974856444,364.6165236112052,0.1841261006694568,0.1841261006694566,0.06952493335440395,0.6496309514134369,0.010205708818370275,0.0,0.692322699072421,0.026029179976113537,0.022977366361525222,True,2600,True,3000,True,5800
101015,0.65,0.5,0,-1,7,0940,1.5031350830104202,0.97880859375,0.9998046875,False,47539,47539,2394.1051187269377,212.8387829905861,0.4134891964629721,0.219259540812109,0.0392171179705181,0.4194497913863721,0.0,0.0,1.0,,,True,1000,True,1200,True,1600
101015,0.65,0.5,0,-1,8,0941,1.6351431669900194,0.9494091796875,0.9994140625,False,47832,47832,7223.374707368411,1495.2366869562177,0.6057492520954058,0.39776109060298076,0.13923664844080264,1.8103025658137717,0.0,0.0,1.0,,,True,1600,True,2200,True,3600
101015,0.65,0.5,1,-1,7,0942,1.784086500061676,0.9790478515625,0.999609375,False,47653,47653,2374.68386661855,197.959069267211,0.1841261006694567,0.1841261006694567,0.039270164197048,0.4198599837675903,0.0223070950412356,0.0,0.4428807574636658,0.006561988489706803,0.009718825360330545,True,1000,True,1200,True,2200
101015,0.65,0.5,1,-1,8,0943,1.8008518749848008,0.94537109375,0.9986328125,False,48552,48552,5957.770677403224,898.7916495220895,0.1841261006694568,0.1841261006694567,0.1330029805154868,1.4716129822536217,0.31321057834898663,0.0,0.2971119310009889,0.026109146936961012,0.02270113583117065,True,1800,True,1800,True,3200
101015,0.65,0.5,2,-1,7,0944,1.851786999963224,0.9790478515625,0.999609375,False,47653,47653,2374.683415787347,197.9590561655813,0.1841261006694567,0.1841261006694567,0.039270164197048,0.4198599837675903,0.0223070950412356,2.0985037668142615e-05,0.4428807574636658,0.006561988489706803,0.009718825360330545,True,1000,True,1200,True,2200
101015,0.65,0.5,2,-1,8,0945,1.8828535000793636,0.9454296875,0.998828125,False,48753,48753,6028.126575540352,917.9271963051742,0.1841261006694568,0.1841261006694567,0.1368107233615152,0.62,0.34010214756015017,0.024470289007855927,0.0,0.02639589166307709,0.022946873141139978,True,1800,True,1800,True,3200
101015,0.65,0.5,2,1024,7,0946,3.229984208010137,0.756201171875,0.808203125,False,99250,1024,51.250838503715165,2.934071773194446,0.1509561925998982,0.016912882003562536,0.0,0.3928634560652479,0.0,0.0,0.4171982063073179,7.711022774978977e-05,9.308813497061258e-05,False,20000,False,20000,False,20000
101015,0.65,0.5,2,1024,8,0947,2.57095466600731,0.8915478515625,0.9701171875,False,76654,1024,83.02441914077392,9.056453586476742,0.1841261006694567,0.05328589227117597,0.0,0.3806438499966628,0.0986328125,0.0,0.4330432797381038,0.0003325226695062655,0.0003468524826927919,True,3400,True,13000,False,20000
101015,0.65,0.5,3,-1,7,0948,1.8741999169578776,0.9790478515625,0.999609375,False,47653,47653,2374.68386661855,197.959069267211,0.1841261006694567,0.1841261006694567,0.039270164197048,0.4198599837675903,0.0223070950412356,0.0,0.4428807574636658,0.006561988489706803,0.009718825360330545,True,1000,True,1200,True,2200
101015,0.65,0.5,3,-1,8,0949,1.9279295419109985,0.945419921875,0.999609375,False,48604,48604,5962.272463215013,899.2929164483711,0.1841261006694569,0.1841261006694567,0.1328303775557561,0.9999999996308164,0.31390420541519215,0.0004937865196280142,2.6064846960954656e-07,0.02610559476843465,0.02269675056751154,True,1800,True,1800,True,3200
101015,0.65,1.0,0,-1,7,0950,1.5713033750653267,0.9864013671875,0.9994140625,False,45602,45602,3714.4227794843473,574.1480866681865,0.7907818728271951,0.40779211766818646,0.06072623782219225,0.4199994850814982,0.0,0.0,1.0,,,True,600,True,800,True,800
101015,0.65,1.0,0,-1,8,0951,1.7639444581000134,0.9596435546875,0.998046875,False,48752,48752,17694.071261277724,16262.605040195382,33.35267526983883,1.5934772901730323,0.2907501209682999,51.306535973527275,0.0,0.0,1.0,,,True,1400,True,1600,True,4000
101015,0.65,1.0,1,-1,7,0952,1.8887809579027817,0.9810302734375,0.999609375,False,47260,47260,3583.537005696285,405.3131986485571,0.1841261006694567,0.1841261006694567,0.06277281295250235,0.4199997117024073,0.09206517139229793,0.0,0.1987116560877174,0.006673196369375052,0.01018929525497245,True,800,True,1000,True,1400
101015,0.65,1.0,1,-1,8,0953,1.8553114590467885,0.9459228515625,0.9984375,False,46896,46896,7553.821295025474,1321.592471118931,0.1841261006694568,0.1841261006694567,0.1841261006694566,1.6525533032912656,0.7339218696690549,0.0,0.142612974126184,0.027466128507761804,0.023700854239522864,True,1600,True,1800,True,3400
101015,0.65,1.0,2,-1,7,0954,1.838884082972072,0.9810302734375,0.999609375,False,47260,47260,3583.477054280224,405.3083786674729,0.1841261006694567,0.1841261006694567,0.06276948200059584,0.4199997117024073,0.0920863309352518,0.0004655099449851883,0.0016582128517151,0.006673196369375052,0.01018929525497245,True,800,True,1000,True,1400
101015,0.65,1.0,2,-1,8,0955,1.8446562919998541,0.9461962890625,0.99921875,False,46886,46886,7465.687825723249,1292.691890061893,0.1841261006694568,0.1841261006694567,0.1841261006694566,0.62,0.7484750245275775,0.09779038518960884,0.0,0.027199558836859566,0.02353341915763762,True,1600,True,1800,True,3400
101015,0.65,1.0,2,1024,7,0956,3.446967291063629,0.80107421875,0.828125,False,109939,1024,84.90565582744414,9.026565657471744,0.1841261006694567,0.0,0.0,0.4161261837445209,0.0322265625,0.0,0.2295406120289894,7.176209648077542e-05,8.252978640427844e-05,False,20000,False,20000,False,20000
101015,0.65,1.0,2,1024,8,0957,3.0445845420472324,0.8558740234375,0.9248046875,False,95802,1024,127.50860886120617,18.721603221208145,0.1841261006694568,0.023023155552195765,0.0,0.4191989005012858,0.2666015625,0.0,0.1865291527644949,0.00025952778908582225,0.0002647958158493553,True,6000,False,20000,False,20000
101015,0.65,1.0,3,-1,7,0958,1.8532131670508534,0.9810302734375,0.999609375,False,47260,47260,3583.537005696285,405.3131986485571,0.1841261006694567,0.1841261006694567,0.06277281295250235,0.4199997117024073,0.09206517139229793,0.0,0.1987116560877174,0.006673196369375052,0.01018929525497245,True,800,True,1000,True,1400
101015,0.65,1.0,3,-1,8,0959,1.84895424998831,0.9459130859375,0.9990234375,False,46653,46653,7505.9598953185705,1312.6528196872227,0.1841261006694568,0.1841261006694567,0.1841261006694566,0.9999999999999908,0.735601140333955,0.004779971277302638,2.8414356535817088e-11,0.027628227842618144,0.02386115922788097,True,1600,True,1800,True,3400
101016,0.5,0.25,0,-1,7,0960,1.4559285830473527,0.9272900390625,0.99921875,False,45203,45203,1687.1691306121434,92.40028479949783,0.1915940938222632,0.12106445640723372,0.0308875754031362,0.3386411765274294,0.0,0.0,1.0,,,True,2200,True,2600,True,3800
101016,0.5,0.25,0,-1,8,0961,1.4471217909594998,0.854521484375,0.999609375,False,41083,41083,3899.1877776800334,438.7214922161284,0.2842443201837192,0.1981135798321417,0.0921358604763866,0.7756484203746676,0.0,0.0,1.0,,,True,3800,True,4000,True,5400
101016,0.5,0.25,1,-1,7,0962,1.723704042029567,0.9272900390625,0.99921875,False,45203,45203,1687.1616626189907,92.39747892365799,0.1841261006694566,0.12106445640723372,0.0308875754031362,0.3386411765274294,2.2122425502732118e-05,0.0,0.9610217987213407,0.007759476751635177,0.011694122958745319,True,2200,True,2600,True,3800
101016,0.5,0.25,1,-1,8,0963,1.586373999947682,0.854609375,0.9982421875,False,41613,41613,3944.4489897968383,439.61330206417523,0.1841261006694568,0.1841261006694567,0.0924731019105199,0.7592374581880467,0.021003051930886984,0.0,0.7327938772683891,0.03363407381206989,0.030220899518579876,True,3800,True,4000,True,4600
101016,0.5,0.25,2,-1,7,0964,1.837163457996212,0.9272900390625,0.99921875,False,45203,45203,1687.1616626189907,92.39747892365799,0.1841261006694566,0.12106445640723372,0.0308875754031362,0.3386411765274294,2.2122425502732118e-05,0.0,0.9610217987213407,0.007759476751635177,0.011694122958745319,True,2200,True,2600,True,3800
101016,0.5,0.25,2,-1,8,0965,1.7172573340358213,0.8546728515625,0.9984375,False,41521,41521,3940.338299490274,439.23092150158897,0.1841261006694568,0.1841261006694567,0.0926564508536759,0.6199975205007418,0.01965270585968546,0.0005298523638640688,1.7984503358158534e-10,0.0337904062602859,0.030319798013856387,True,3800,True,4000,True,4600
101016,0.5,0.25,2,1024,7,0966,2.2665136670693755,0.8283056640625,0.918359375,False,59292,1024,60.886603473352466,4.779592762351338,0.1554170089489983,0.03875089763274941,0.0,0.2254176833329036,0.0,0.0,0.9907166255633773,0.0005153036736265704,0.0006174881834817502,True,6400,False,20000,False,20000
101016,0.5,0.25,2,1024,8,0967,1.9353794999187812,0.834140625,0.9837890625,False,51605,1024,79.13832071607871,7.564535489417006,0.1695266833141543,0.07418300416874031,0.0,0.1566472509767022,0.0,0.0,0.7451990137594094,0.0009259665770435666,0.0009041058077382669,True,4200,True,4400,False,20000
101016,0.5,0.25,3,-1,7,0968,1.801754332962446,0.9272900390625,0.99921875,False,45203,45203,1687.1616626189907,92.39747892365799,0.1841261006694566,0.12106445640723372,0.0308875754031362,0.3386411765274294,2.2122425502732118e-05,0.0,0.9610217987213407,0.007759476751635177,0.011694122958745319,True,2200,True,2600,True,3800
101016,0.5,0.25,3,-1,8,0969,1.667060666019097,0.854609375,0.9982421875,False,41613,41613,3944.4489897968383,439.61330206417523,0.1841261006694568,0.1841261006694567,0.0924731019105199,0.7592374581880467,0.021003051930886984,0.0,0.7327938772683891,0.03363407381206989,0.030220899518579876,True,3800,True,4000,True,4600
101016,0.5,0.5,0,-1,7,0970,1.4405536249978468,0.9591064453125,0.99921875,False,43952,43952,2517.953507486173,235.68640037095446,0.3792862206198731,0.22848147794165902,0.045360369080751445,0.392528437004325,0.0,0.0,1.0,,,True,1400,True,1400,True,2000
101016,0.5,0.5,0,-1,8,0971,1.5430068750865757,0.919921875,0.9994140625,False,44039,44039,8480.127984209104,2031.2905016662885,0.6957055272005491,0.45295010587572526,0.1822792255680584,2.4600510534839253,0.0,0.0,1.0,,,True,2400,True,2600,True,2800
101016,0.5,0.5,1,-1,7,0972,1.6922281249426305,0.956064453125,0.998828125,False,44006,44006,2513.1393676850334,222.33148127228787,0.1841261006694567,0.1841261006694567,0.0457906917347921,0.3827756598974594,0.02942780529927737,0.0,0.5177797321874796,0.007888040125210159,0.011628857842775182,True,1400,True,1600,True,1800
101016,0.5,0.5,1,-1,8,0973,1.6626546670449898,0.914423828125,0.99921875,False,42332,42332,6392.618528245286,1049.8762003047045,0.1841261006694568,0.1841261006694567,0.1841261006694566,1.3053031882654786,0.5030473400737031,0.0,0.2989111301807128,0.034485279679084324,0.03054519187612203,True,2600,True,2600,True,3400
101016,0.5,0.5,2,-1,7,0974,1.7579871250782162,0.956064453125,0.998828125,False,44006,44006,2513.1393676850334,222.33148127228787,0.1841261006694567,0.1841261006694567,0.0457906917347921,0.3827756598974594,0.02942780529927737,0.0,0.5177797321874796,0.007888040125210159,0.011628857842775182,True,1400,True,1600,True,1800
101016,0.5,0.5,2,-1,8,0975,1.7214417919749394,0.9144677734375,0.9986328125,False,42464,42464,6336.447178623437,1032.0811144966763,0.1841261006694568,0.1841261006694567,0.1784009119808579,0.6199999999999997,0.4837509419743783,0.01681424265259985,3.798291033578522e-13,0.03447054048723619,0.030604106689391748,True,2600,True,2600,True,3400
101016,0.5,0.5,2,1024,7,0976,1.9724772090557963,0.941689453125,0.9921875,False,53460,1024,96.76503487620619,11.715457025323925,0.1841261006694567,0.06862549133487358,0.0,0.3132416352101818,0.1455078125,0.0,0.4488974317939163,0.0005081656651390437,0.0005924820153697457,True,1800,True,2400,True,8400
101016,0.5,0.5,2,1024,8,0977,1.8418519579572603,0.9014697265625,0.99609375,False,48763,1024,137.86462681832262,21.016387780374597,0.1841261006694567,0.15501014670203053,0.0,0.2739467079817957,0.3427734375,0.0,0.3090828238638492,0.0010428949715973162,0.0010429964402655003,True,3000,True,3000,True,6200
101016,0.5,0.5,3,-1,7,0978,1.7550807079533115,0.956064453125,0.998828125,False,44006,44006,2513.1393676850334,222.33148127228787,0.1841261006694567,0.1841261006694567,0.0457906917347921,0.3827756598974594,0.02942780529927737,0.0,0.5177797321874796,0.007888040125210159,0.011628857842775182,True,1400,True,1600,True,1800
101016,0.5,0.5,3,-1,8,0979,1.7179316660622135,0.914384765625,0.9986328125,False,42349,42349,6386.063427000135,1047.66572736386,0.1841261006694568,0.1841261006694567,0.1840216534016069,0.9999999999999742,0.5005549127488252,0.0016057049753240927,1.0582634514406922e-10,0.034452099911843594,0.030543796045951442,True,2600,True,2600,True,3400
101016,0.5,1.0,0,-1,7,0980,1.447989583015442,0.9777587890625,0.9994140625,False,43491,43491,4007.423450878223,649.8861292083969,0.8529317597436423,0.4311601451760331,0.070425298522954,0.4124339526260175,0.0,0.0,1.0,,,True,800,True,800,True,1200
101016,0.5,1.0,0,-1,8,0981,1.5713993329554796,0.9299462890625,0.9990234375,False,43271,43271,22188.603524832834,23865.03391692089,20.571408682902497,2.3450977133577044,0.419065191209813,29.63583320102505,0.0,0.0,1.0,,,True,2200,True,2400,True,3200
101016,0.5,1.0,1,-1,7,0982,1.7131562909344211,0.9648388671875,0.9986328125,False,43919,43919,3834.7797496908443,457.555806194566,0.1841261006694567,0.1841261006694567,0.0751896438236123,0.4194219946403208,0.12040347002436304,0.0,0.2417982398561666,0.00801553712516219,0.012455103488334538,True,1200,True,1200,True,1400
101016,0.5,1.0,1,-1,8,0983,1.670926666003652,0.9052294921875,0.998828125,False,42182,42182,7416.613566363922,1332.1181157997396,0.1841261006694568,0.1841261006694567,0.1841261006694567,1.801589454419576,0.8603195675880707,0.0,0.1424718950090458,0.032357172120217104,0.02849233801344959,True,2800,True,3000,True,3400
101016,0.5,1.0,2,-1,7,0984,1.7491269169840962,0.9648388671875,0.9986328125,False,43919,43919,3834.7772240520508,457.55564596891736,0.1841261006694567,0.1841261006694567,0.0751896438236123,0.4194219946403208,0.12040347002436304,2.2769188733805414e-05,0.2417982398561666,0.00801553712516219,0.012455103488334538,True,1200,True,1200,True,1400
101016,0.5,1.0,2,-1,8,0985,1.7057130839675665,0.9055322265625,0.999609375,False,42139,42139,7284.335815695973,1293.6548266890734,0.1841261006694568,0.1841261006694567,0.1841261006694566,0.62,0.8544815966207077,0.08661809724957878,0.0,0.03308155313862054,0.02887208417874964,True,2800,True,3000,True,3400
101016,0.5,1.0,2,1024,7,0986,1.9536127920728177,0.956767578125,0.99453125,False,52989,1024,130.44880953231706,19.073093015062746,0.1841261006694567,0.12257242756835642,0.0,0.4073824170469555,0.28515625,0.0,0.2355623982940003,0.0004675117811401098,0.0005473018279737292,True,1400,True,1400,True,3000
101016,0.5,1.0,2,1024,8,0987,1.6948434159858152,0.9031689453125,0.998046875,False,43430,1024,175.28337680493325,30.58847179518426,0.1841261006694568,0.1841261006694567,0.0,0.3925142908211625,0.7333984375,0.0,0.1820036003002419,0.0012411945227953011,0.0012087248877504014,True,3000,True,3000,True,3600
101016,0.5,1.0,3,-1,7,0988,1.7523758340394124,0.9648388671875,0.9986328125,False,43919,43919,3834.7797496908443,457.555806194566,0.1841261006694567,0.1841261006694567,0.0751896438236123,0.4194219946403208,0.12040347002436304,0.0,0.2417982398561666,0.00801553712516219,0.012455103488334538,True,1200,True,1200,True,1400
101016,0.5,1.0,3,-1,8,0989,1.714164291974157,0.90513671875,0.9994140625,False,42358,42358,7412.725218256431,1327.0433241482594,0.1841261006694568,0.1841261006694567,0.1841261006694566,1.0,0.8566976722224845,0.017328485764200388,5.2737176980762814e-14,0.032663165261973284,0.028559915138029753,True,2800,True,3000,True,3400
101016,0.65,0.25,0,-1,7,0990,1.5873129160609096,0.9691796875,0.99921875,False,51534,51534,1670.0250059932616,86.28574354964309,0.1800462381693656,0.11840570329015931,0.0257173705407697,0.4140528549723924,0.0,0.0,1.0,,,True,1400,True,2000,True,3600
101016,0.65,0.25,0,-1,8,0991,1.6585234580561519,0.929296875,0.9984375,False,48973,48973,3583.2196430547006,344.97797844661176,0.2492596529653006,0.17692681477820274,0.0697902010668648,0.4770124382646477,0.0,0.0,1.0,,,True,2200,True,2400,True,4800
101016,0.65,0.25,1,-1,7,0992,1.8893945410382003,0.9691796875,0.99921875,False,51534,51534,1670.0250059932616,86.28574354964309,0.1800462381693656,0.11840570329015931,0.0257173705407697,0.4140528549723924,0.0,0.0,1.0,0.006140826020200222,0.00950172534758602,True,1400,True,2000,True,3600
101016,0.65,0.25,1,-1,8,0993,1.82340283296071,0.9288671875,0.998046875,False,49406,49406,3600.439395415104,344.4399233134804,0.1841261006694568,0.176654397865135,0.0691446806605534,0.6391542086151387,0.006416224750030361,0.0,0.6992603466189228,0.02559019115846248,0.022735119258457084,True,2200,True,2400,True,6800
101016,0.65,0.25,2,-1,7,0994,1.964951750007458,0.9691796875,0.99921875,False,51534,51534,1670.0250059932616,86.28574354964309,0.1800462381693656,0.11840570329015931,0.0257173705407697,0.4140528549723924,0.0,0.0,1.0,0.006140826020200222,0.00950172534758602,True,1400,True,2000,True,3600
101016,0.65,0.25,2,-1,8,0995,1.898704709019512,0.9289990234375,0.999609375,False,49306,49306,3605.4013345373223,346.06908690281364,0.1841261006694568,0.17700530809199347,0.0694951246348338,0.6199968776616784,0.006226422747738612,0.00022309658053786558,0.0001563134960389,0.02536893593494363,0.022605966122277155,True,2200,True,2400,True,6800
101016,0.65,0.25,2,1024,7,0996,3.1753418339649215,0.67388671875,0.6896484375,False,95696,1024,29.870553422106337,0.9330435106220847,0.0798909598902226,0.020909552391644572,0.0,0.2757754531110053,0.0,0.0,0.9208166072516476,9.171090941627617e-05,0.0001143574933905279,False,20000,False,20000,False,20000
101016,0.65,0.25,2,1024,8,0997,2.9491768330335617,0.770634765625,0.8267578125,False,88546,1024,43.543805905934654,2.4266384911369214,0.1318723661906215,0.027154368819833907,0.0,0.2842660658164325,0.0,0.0,0.9327439413628545,0.0002833096639035071,0.0002960222770273824,False,20000,False,20000,False,20000
101016,0.65,0.25,3,-1,7,0998,1.9686451670713723,0.9691796875,0.99921875,False,51534,51534,1670.0250059932616,86.28574354964309,0.1800462381693656,0.11840570329015931,0.0257173705407697,0.4140528549723924,0.0,0.0,1.0,0.006140826020200222,0.00950172534758602,True,1400,True,2000,True,3600
101016,0.65,0.25,3,-1,8,0999,1.9057572910096496,0.9288671875,0.998046875,False,49406,49406,3600.439395415104,344.4399233134804,0.1841261006694568,0.176654397865135,0.0691446806605534,0.6391542086151387,0.006416224750030361,0.0,0.6992603466189228,0.02559019115846248,0.022735119258457084,True,2200,True,2400,True,6800
101016,0.65,0.5,0,-1,7,1000,1.5253993750084192,0.9792626953125,0.9994140625,False,48296,48296,2390.877431315061,208.54430432787348,0.3893316497723214,0.2154798200842811,0.038627293386126,0.4195432589236995,0.0,0.0,1.0,,,True,1000,True,1200,True,1800
101016,0.65,0.5,0,-1,8,1001,1.650453417096287,0.9443896484375,1.0,False,48617,48617,7740.603078061486,1711.0185903967226,0.95039523284901,0.42687062928608205,0.1472044284244731,2.927094903765372,0.0,0.0,1.0,,,True,1800,True,2000,True,3800
101016,0.65,0.5,1,-1,7,1002,1.823979333974421,0.9778369140625,0.9994140625,False,48423,48423,2395.2166009441553,198.14984000392323,0.1841261006694567,0.1841261006694567,0.039049011811273,0.4199790084176177,0.021394791731202116,0.0,0.4890341473107204,0.0064622920452745945,0.009498272117158476,True,1000,True,1200,True,1600
101016,0.65,0.5,1,-1,8,1003,1.7937193749239668,0.9493359375,0.9990234375,False,47600,47600,6117.071020167481,945.4489271483983,0.1841261006694568,0.1841261006694567,0.14503926619136145,1.3739599295246432,0.3565966386554622,0.0,0.3299281713351637,0.02708090423669463,0.023829208245798268,True,1600,True,1800,True,3400
101016,0.65,0.5,2,-1,7,1004,1.873691292013973,0.9778369140625,0.9994140625,False,48423,48423,2395.215963160137,198.149723361431,0.1841261006694567,0.1841261006694567,0.039049011811273,0.4199790084176177,0.021394791731202116,2.065134336988621e-05,0.1979332287310484,0.0064622920452745945,0.009498272117158476,True,1000,True,1200,True,1600
101016,0.65,0.5,2,-1,8,1005,1.8441248750314116,0.949609375,0.9984375,False,47496,47496,6111.091670574783,941.4497606793559,0.1841261006694568,0.1841261006694567,0.14441009309236852,0.62,0.35449300993767896,0.02583375442142496,0.0,0.02718359122785774,0.023839872151514462,True,1600,True,1800,True,3000
101016,0.65,0.5,2,1024,7,1006,3.2144819159293547,0.7321923828125,0.771484375,False,98254,1024,54.336457696459476,3.2247002632243076,0.1392987741763157,0.02557013770823075,0.0,0.3689378050719609,0.0,0.0,0.4804201228486224,8.751035263195354e-05,0.0001051987493299675,False,20000,False,20000,False,20000
101016,0.65,0.5,2,1024,8,1007,2.6918412080267444,0.9146826171875,0.96796875,False,84461,1024,80.808203412285,8.53177810389547,0.1841261006694567,0.04453447055509614,0.0,0.3917886914961771,0.0810546875,0.0,0.4136825776953896,0.00029636767758689346,0.0003014350434914727,True,2200,True,3400,False,20000
101016,0.65,0.5,3,-1,7,1008,1.8771470839856192,0.9778369140625,0.9994140625,False,48423,48423,2395.2166009441553,198.14984000392323,0.1841261006694567,0.1841261006694567,0.039049011811273,0.4199790084176177,0.021394791731202116,0.0,0.4890341473107204,0.0064622920452745945,0.009498272117158476,True,1000,True,1200,True,1600
101016,0.65,0.5,3,-1,8,1009,1.8583073749905452,0.9493017578125,0.998828125,False,47679,47679,6144.452598587034,950.8332942187178,0.1841261006694568,0.1841261006694567,0.1457436880172008,0.999999999959217,0.3596971412991044,0.0025168313093814885,3.6636093050263773e-08,0.02699125433891226,0.023799168877633007,True,1600,True,1800,True,3400
101016,0.65,1.0,0,-1,7,1010,1.4798151249997318,0.9864599609375,0.9990234375,False,46192,46192,3723.886540222027,560.644166942901,0.7445150759419946,0.39862446527835277,0.0606958808242914,0.4199993563518727,0.0,0.0,1.0,,,True,600,True,600,True,800
101016,0.65,1.0,0,-1,8,1011,1.6607707079965621,0.9617138671875,0.9990234375,False,48340,48340,17812.27689440274,11676.981380081732,12.771630990118316,1.37211447698437,0.31255850024788445,23.547312247197475,0.0,0.0,1.0,,,True,1200,True,1400,True,2800
101016,0.65,1.0,1,-1,7,1012,1.789249415975064,0.9815625,0.99921875,False,47475,47475,3596.2754814361197,407.19320183004726,0.1841261006694568,0.1841261006694567,0.0626988838780882,0.4199999557688374,0.09369141653501843,0.0,0.2154154311954062,0.006710953956029453,0.01036899903457956,True,800,True,1000,True,1400
101016,0.65,1.0,1,-1,8,1013,1.7989112080540508,0.9380322265625,0.99921875,False,47716,47716,7484.324639064237,1295.3520335302264,0.1841261006694568,0.1841261006694567,0.1841261006694566,1.8433626129414724,0.6933313773157851,0.0,0.1598360319465047,0.02605702991833622,0.022862649692101826,True,2000,True,2200,True,3800
101016,0.65,1.0,2,-1,7,1014,1.8581341250101104,0.9815625,0.99921875,False,47475,47475,3596.1708384214257,407.18792287792513,0.1841261006694568,0.1841261006694567,0.0626988838780882,0.4199999557688374,0.09369141653501843,0.0005055292259083729,0.0026585963792507,0.006710953956029453,0.01036899903457956,True,800,True,1000,True,1400
101016,0.65,1.0,2,-1,8,1015,1.8783282910007983,0.9376416015625,0.99921875,False,47224,47224,7390.832791040643,1274.0496045600432,0.1841261006694568,0.1841261006694567,0.1841261006694566,0.62,0.7042605454853464,0.0541461968490598,0.0,0.02702583641704072,0.023320871118675472,True,2000,True,2200,True,3800
101016,0.65,1.0,2,1024,7,1016,3.5039392079925165,0.813916015625,0.843359375,False,112681,1024,92.07778636075466,9.970152642594075,0.1841261006694567,0.0,0.0,0.4104753040081402,0.03125,0.0,0.2466768128660519,7.577912148010724e-05,8.696540639800226e-05,False,20000,False,20000,False,20000
101016,0.65,1.0,2,1024,8,1017,2.093967500026338,0.9101806640625,0.973828125,False,55537,1024,134.08576827691584,20.078689445079373,0.1841261006694567,0.12513374383458095,0.0,0.4122082312073263,0.2900390625,0.0,0.214060463767026,0.0004936156488767238,0.0004936601950051307,True,2200,True,4800,False,20000
101016,0.65,1.0,3,-1,7,1018,1.851972792064771,0.9815625,0.99921875,False,47475,47475,3596.2754814361197,407.19320183004726,0.1841261006694568,0.1841261006694567,0.0626988838780882,0.4199999557688374,0.09369141653501843,0.0,0.2154154311954062,0.006710953956029453,0.01036899903457956,True,800,True,1000,True,1400
101016,0.65,1.0,3,-1,8,1019,1.871309999958612,0.937998046875,0.9990234375,False,47737,47737,7496.718390545291,1297.6329506705815,0.1841261006694568,0.1841261006694567,0.1841261006694566,0.9999999999999996,0.6956867838364371,0.0035611789597167817,7.450042244426632e-13,0.02628795154090812,0.023055486092199567,True,2000,True,2200,True,3800
101017,0.5,0.25,0,-1,7,1020,1.4442432499490678,0.9293701171875,0.9982421875,False,44444,44444,1703.6179690762626,95.28192319343425,0.1995858314686698,0.12135567718459735,0.0316768102058852,0.3095535860713623,0.0,0.0,1.0,,,True,2200,True,2400,True,4400
101017,0.5,0.25,0,-1,8,1021,1.4322274170117453,0.8621337890625,0.9986328125,False,40000,40000,3962.7232911569795,460.9406121075655,0.3089866351266374,0.20362607827875687,0.0958787059464151,1.0895904614000202,0.0,0.0,1.0,,,True,3800,True,3800,True,4400
101017,0.5,0.25,1,-1,7,1022,1.7123717080103233,0.9294970703125,0.99921875,False,44727,44727,1700.061390164014,94.52675467632952,0.1841261006694567,0.12084120244996323,0.0315955659687337,0.3093215603243881,0.00015650501933954882,0.0,0.907816737887058,0.00798976755278314,0.012025942046098135,True,2200,True,2400,True,4400
101017,0.5,0.25,1,-1,8,1023,1.5635535420151427,0.8615771484375,0.9984375,False,39850,39850,3905.5096425938486,445.5328307068026,0.1841261006694568,0.1841261006694567,0.09571935827282145,0.9690444108528024,0.026348808030112924,0.0,0.6554029988408354,0.034144536151191916,0.030766046502509355,True,3800,True,4000,True,4400
101017,0.5,0.25,2,-1,7,1024,1.7752028329996392,0.9294970703125,0.99921875,False,44727,44727,1700.061390164014,94.52675467632952,0.1841261006694567,0.12084120244996323,0.0315955659687337,0.3093215603243881,0.00015650501933954882,0.0,0.907816737887058,0.00798976755278314,0.012025942046098135,True,2200,True,2400,True,4400
101017,0.5,0.25,2,-1,8,1025,1.6220381250604987,0.8615673828125,0.9990234375,False,39525,39525,3898.8832541851148,447.34782995426997,0.1841261006694568,0.1841261006694567,0.0964846545771424,0.62,0.02661606578115117,0.011790006325110689,1.8113410240995612e-15,0.034568130007379246,0.03094247443601091,True,3800,True,4000,True,4400
101017,0.5,0.25,2,1024,7,1026,2.1791259159799665,0.8356884765625,0.9486328125,False,57910,1024,60.752530921164485,4.63269575043915,0.1479694907650067,0.041131793704371845,0.0,0.1685304855198808,0.0,0.0,0.9021272335774896,0.0005074156467650942,0.0006102444795803822,True,6200,False,20000,False,20000
101017,0.5,0.25,2,1024,8,1027,1.6723960409872234,0.8564013671875,0.9958984375,False,42806,1024,80.50174407786993,7.572811470138226,0.179155932624086,0.08707252077374,0.0,0.1735552084003642,0.0,0.0,0.8035750467858831,0.001165776142168542,0.001137687936075938,True,4000,True,4200,True,5800
101017,0.5,0.25,3,-1,7,1028,1.7817688749637455,0.9294970703125,0.99921875,False,44727,44727,1700.061390164014,94.52675467632952,0.1841261006694567,0.12084120244996323,0.0315955659687337,0.3093215603243881,0.00015650501933954882,0.0,0.907816737887058,0.00798976755278314,0.012025942046098135,True,2200,True,2400,True,4400
101017,0.5,0.25,3,-1,8,1029,1.6296628339914605,0.8615771484375,0.9984375,False,39850,39850,3905.5096425938486,445.5328307068026,0.1841261006694568,0.1841261006694567,0.09571935827282145,0.9690444108528024,0.026348808030112924,0.0,0.6554029988408354,0.034144536151191916,0.030766046502509355,True,3800,True,4000,True,4400
101017,0.5,0.5,0,-1,7,1030,1.4243411250645295,0.958759765625,0.9998046875,False,43707,43707,2517.6426750201226,236.04062476175633,0.3610035676413489,0.23088313917209008,0.0456482909107671,0.3860844901287964,0.0,0.0,1.0,,,True,1400,True,1400,True,2000
101017,0.5,0.5,0,-1,8,1031,1.4733280000509694,0.9218115234375,0.9986328125,False,41092,41092,7717.553235548139,1818.98098843866,1.079731309629345,0.4424644067195687,0.17731790172097875,3.371776966942712,0.0,0.0,1.0,,,True,2400,True,2400,True,2800
101017,0.5,0.5,1,-1,7,1032,1.6792440409772098,0.9550244140625,0.999609375,False,43904,43904,2483.163371796106,216.46691889564892,0.1841261006694567,0.1841261006694567,0.04532161228683115,0.3952755933038925,0.02719569970845481,0.0,0.4608046458217364,0.007809360752532,0.011412981068543443,True,1400,True,1600,True,2200
101017,0.5,0.5,1,-1,8,1033,1.623630249989219,0.9076904296875,0.9990234375,False,41715,41715,6455.389118316496,1074.557998652572,0.1841261006694568,0.1841261006694567,0.1841261006694566,1.7311199023623305,0.5392065204362939,0.0,0.2498856327245489,0.035224445892764335,0.030962702015661772,True,2800,True,3000,True,3400
101017,0.5,0.5,2,-1,7,1034,1.755783166969195,0.9550244140625,0.999609375,False,43904,43904,2483.163371796106,216.46691889564892,0.1841261006694567,0.1841261006694567,0.04532161228683115,0.3952755933038925,0.02719569970845481,0.0,0.4608046458217364,0.007809360752532,0.011412981068543443,True,1400,True,1600,True,2200
101017,0.5,0.5,2,-1,8,1035,1.7000723750097677,0.9075439453125,0.9986328125,False,41546,41546,6315.059529617328,1040.9023194401743,0.1841261006694568,0.1841261006694567,0.1841261006694566,0.62,0.5259712126317816,0.03283107880421701,0.0,0.03522035126225544,0.030753399344501626,True,2800,True,3000,True,3400
101017,0.5,0.5,2,1024,7,1036,2.031396250007674,0.9387939453125,0.9912109375,False,55142,1024,94.488181784955,11.296654426788285,0.1841261006694567,0.06760039966553402,0.0,0.3561819846959425,0.14453125,0.0,0.4761702236218903,0.0004927099201455625,0.0005622285889914512,True,1800,True,2000,False,20000
101017,0.5,0.5,2,1024,8,1037,1.7091689170338213,0.9035888671875,0.998046875,False,43446,1024,141.50650691239602,21.996376485257507,0.1841261006694567,0.1755796152257134,0.0,0.254965494412876,0.3876953125,0.0,0.3683479869356194,0.0012188142560112922,0.0011905703823903988,True,3000,True,3200,True,3600
101017,0.5,0.5,3,-1,7,1038,1.7587412500288337,0.9550244140625,0.999609375,False,43904,43904,2483.163371796106,216.46691889564892,0.1841261006694567,0.1841261006694567,0.04532161228683115,0.3952755933038925,0.02719569970845481,0.0,0.4608046458217364,0.007809360752532,0.011412981068543443,True,1400,True,1600,True,2200
101017,0.5,0.5,3,-1,8,1039,1.704601417062804,0.907587890625,0.9994140625,False,41660,41660,6449.865910027438,1072.8802285856748,0.1841261006694568,0.1841261006694567,0.1841261006694566,0.9999999999999796,0.5384781565050408,0.007273163706192991,2.4893197035205248e-11,0.03547707320671302,0.031218610602696373,True,2800,True,3000,True,3400
101017,0.5,1.0,0,-1,7,1040,1.4116277920547873,0.9763134765625,0.9982421875,False,42570,42570,3918.1400317113616,632.4632292339472,0.7941932701131669,0.428027464422128,0.06982903340966914,0.4175207575964933,0.0,0.0,1.0,,,True,800,True,800,True,1000
101017,0.5,1.0,0,-1,8,1041,1.5591423329897225,0.933701171875,0.99765625,False,43530,43530,19812.512644256676,14421.871542759005,10.07473095471046,1.6458969008436635,0.38835232783013607,14.20529383125514,0.0,0.0,1.0,,,True,2200,True,2400,True,3200
101017,0.5,1.0,1,-1,7,1042,1.6847444589948282,0.9651171875,0.9994140625,False,43165,43165,3774.4714906316867,450.9079091473249,0.1841261006694567,0.1841261006694567,0.075234588969105,0.4168265340903327,0.12211282288891463,0.0,0.2007969063364422,0.008217020625796321,0.012703129826441128,True,1200,True,1200,True,1400
101017,0.5,1.0,1,-1,8,1043,1.6729239169508219,0.9227587890625,0.9998046875,False,42756,42756,7478.593705498923,1339.7113762387269,0.1841261006694568,0.1841261006694567,0.1841261006694566,2.2087190906093044,0.8490036486107213,0.0,0.0996827719481091,0.03223754719123237,0.028388781813273714,True,2400,True,2400,True,2600
101017,0.5,1.0,2,-1,7,1044,1.7559480839408934,0.9651171875,0.9994140625,False,43165,43165,3774.4714906316867,450.9079091473249,0.1841261006694567,0.1841261006694567,0.075234588969105,0.4168265340903327,0.12211282288891463,0.0,0.2007969063364422,0.008217020625796321,0.012703129826441128,True,1200,True,1200,True,1400
101017,0.5,1.0,2,-1,8,1045,1.749604000011459,0.92291015625,0.998828125,False,42597,42597,7342.908517792934,1303.3127039206984,0.1841261006694568,0.1841261006694567,0.1841261006694566,0.62,0.8428527830598399,0.059980749818062305,0.0,0.03203844864368377,0.02826510608630493,True,2400,True,2400,True,2600
101017,0.5,1.0,2,1024,7,1046,1.9001550000393763,0.9573046875,0.9958984375,False,49739,1024,128.49816641544965,18.635717595052505,0.1841261006694567,0.12416891326696584,0.0,0.4103171328097364,0.2900390625,0.0,0.2268002816946099,0.0004954482188691625,0.0005778654158038281,True,1400,True,1600,True,5000
101017,0.5,1.0,2,1024,8,1047,1.7631339579820633,0.923271484375,0.9978515625,False,45413,1024,169.45717031177355,28.964520579683285,0.1841261006694567,0.1841261006694566,0.0,0.3972188370142529,0.6455078125,0.0,0.1832846648864846,0.0010308659093578182,0.001021768271199875,True,2200,True,2400,True,3000
101017,0.5,1.0,3,-1,7,1048,1.7316982500487939,0.9651171875,0.9994140625,False,43165,43165,3774.4714906316867,450.9079091473249,0.1841261006694567,0.1841261006694567,0.075234588969105,0.4168265340903327,0.12211282288891463,0.0,0.2007969063364422,0.008217020625796321,0.012703129826441128,True,1200,True,1200,True,1400
101017,0.5,1.0,3,-1,8,1049,1.7312795420875773,0.9226513671875,0.9984375,False,42618,42618,7458.4084886625615,1336.173447410788,0.1841261006694568,0.1841261006694567,0.1841261006694566,1.0,0.8551550987845511,0.010160026279975597,1.8702370250407178e-15,0.032337638903554,0.028367509889209514,True,2400,True,2400,True,2600
101017,0.65,0.25,0,-1,7,1050,1.5853706250200048,0.9702685546875,1.0,False,51377,51377,1680.292864314387,87.39492119285129,0.1910397887231951,0.11686440281862555,0.0259681287565579,0.3962441165128936,0.0,0.0,1.0,,,True,1400,True,2000,True,4400
101017,0.65,0.25,0,-1,8,1051,1.652819833951071,0.91853515625,0.998828125,False,48916,48916,3809.0949096073505,387.2380564503336,0.2427863166200429,0.1842669021321715,0.0749303236866753,0.5940207619025472,0.0,0.0,1.0,,,True,2600,True,3000,True,5600
101017,0.65,0.25,1,-1,7,1052,1.8857181660132483,0.9701953125,0.9994140625,False,51319,51319,1669.9125759868518,86.908223032962,0.1841261006694567,0.11767432102651167,0.0256926549383525,0.3962441165128936,5.845788109666985e-05,0.0,0.963810219326844,0.0061644799765518616,0.009442635058003168,True,1400,True,2000,True,4400
101017,0.65,0.25,1,-1,8,1053,1.828758958959952,0.918369140625,0.998828125,False,49479,49479,3698.214994671176,363.3746729028599,0.1841261006694568,0.18076894181199238,0.0715222399948242,0.5905213223110878,0.008245922512581095,0.0,0.7721661570247097,0.026510589298827058,0.023676529752521217,True,2600,True,3000,True,4600
101017,0.65,0.25,2,-1,7,1054,2.0036127500934526,0.9701953125,0.9994140625,False,51319,51319,1669.9125759868518,86.908223032962,0.1841261006694567,0.11767432102651167,0.0256926549383525,0.3962441165128936,5.845788109666985e-05,0.0,0.963810219326844,0.0061644799765518616,0.009442635058003168,True,1400,True,2000,True,4400
101017,0.65,0.25,2,-1,8,1055,1.9119019999634475,0.918291015625,0.9982421875,False,49381,49381,3690.322905998141,362.5256460940253,0.1841261006694568,0.18052759446424496,0.0714867054045739,0.5649733244478694,0.008242036410765274,0.00028350985196735586,2.2882800044922057e-05,0.026528983503270435,0.023718357220725867,True,2600,True,3000,True,4600
101017,0.65,0.25,2,1024,7,1056,3.1858173749642447,0.6878173828125,0.715234375,False,96692,1024,29.06653474595833,0.8876850512359329,0.075006334787637,0.018546742621184685,0.0,0.3298517191439661,0.0,0.0,0.906766870464418,8.209257552331081e-05,0.0001003481630676095,False,20000,False,20000,False,20000
101017,0.65,0.25,2,1024,8,1057,3.057782124960795,0.733369140625,0.7767578125,False,93143,1024,46.17412501989805,2.753863250608151,0.1336604442853398,0.02463536420753235,0.0,0.2020220060830825,0.0,0.0,0.9193650369089748,0.00029644577647631353,0.00030290006584856905,False,20000,False,20000,False,20000
101017,0.65,0.25,3,-1,7,1058,1.9676961250370368,0.9701953125,0.9994140625,False,51319,51319,1669.9125759868518,86.908223032962,0.1841261006694567,0.11767432102651167,0.0256926549383525,0.3962441165128936,5.845788109666985e-05,0.0,0.963810219326844,0.0061644799765518616,0.009442635058003168,True,1400,True,2000,True,4400
101017,0.65,0.25,3,-1,8,1059,1.9106916669989005,0.918369140625,0.998828125,False,49479,49479,3698.214994671176,363.3746729028599,0.1841261006694568,0.18076894181199238,0.0715222399948242,0.5905213223110878,0.008245922512581095,0.0,0.7721661570247097,0.026510589298827058,0.023676529752521217,True,2600,True,3000,True,4600
101017,0.65,0.5,0,-1,7,1060,1.5079785420093685,0.979873046875,0.9990234375,False,47603,47603,2414.092314643273,215.3943320117071,0.3936717326317149,0.21861708710803182,0.0395360084176567,0.4180518729716329,0.0,0.0,1.0,,,True,1000,True,1200,True,1600
101017,0.65,0.5,0,-1,8,1061,1.6650887079304084,0.9455029296875,0.999609375,False,49024,49024,7342.7206066293775,1537.1587132158909,0.6523623455150241,0.4083988946772115,0.1364673460154478,2.6181691624631296,0.0,0.0,1.0,,,True,1800,True,1800,True,4200
101017,0.65,0.5,1,-1,7,1062,1.7870083339512348,0.9799609375,0.9994140625,False,47489,47489,2369.7353630525604,197.31979065161377,0.1841261006694567,0.1841261006694567,0.0394115182376029,0.4197039866654509,0.022742108698856577,0.0,0.4370775276610759,0.006538831964156577,0.009687034980030424,True,1000,True,1200,True,1600
101017,0.65,0.5,1,-1,8,1063,1.7539884999860078,0.93326171875,0.9994140625,False,46503,46503,6296.44915591622,995.6286878318235,0.1841261006694569,0.1841261006694567,0.159264713043579,1.46628818428728,0.40952196632475324,0.0,0.2866835078078142,0.028548754583037603,0.024835768884086278,True,2000,True,2200,True,3400
101017,0.65,0.5,2,-1,7,1064,1.875655083102174,0.9799609375,0.9994140625,False,47489,47489,2369.7349597061275,197.31974379004754,0.1841261006694567,0.1841261006694567,0.0394115182376029,0.4197039866654509,0.022742108698856577,2.105750805449683e-05,0.4370775276610759,0.006538831964156577,0.009687034980030424,True,1000,True,1200,True,1600
101017,0.65,0.5,2,-1,8,1065,1.8570584580302238,0.93345703125,0.9994140625,False,46812,46812,6262.930522853404,984.0031280704243,0.1841261006694568,0.1841261006694567,0.1556450793410705,0.62,0.40976672648038964,0.027792019140391352,0.0,0.028475359772422975,0.02470539015548002,True,2000,True,2200,True,3400
101017,0.65,0.5,2,1024,7,1066,3.2037123749032617,0.75046875,0.7833984375,False,97318,1024,52.46539226864619,3.0875180442677785,0.1576100636468277,0.022102572148015896,0.0,0.382316100143107,0.0,0.0,0.465726000377954,8.33694316998565e-05,9.901629409084955e-05,False,20000,False,20000,False,20000
101017,0.65,0.5,2,1024,8,1067,2.6219359589740634,0.8361083984375,0.9490234375,False,77055,1024,88.57651905149243,9.86278211169761,0.1841261006694567,0.05768449172928838,0.0,0.3400390859404909,0.1064453125,0.0,0.4035054937255009,0.00036793929660631933,0.0003782775560746644,True,8400,True,14000,False,20000
101017,0.65,0.5,3,-1,7,1068,1.8531899160007015,0.9799609375,0.9994140625,False,47489,47489,2369.7353630525604,197.31979065161377,0.1841261006694567,0.1841261006694567,0.0394115182376029,0.4197039866654509,0.022742108698856577,0.0,0.4370775276610759,0.006538831964156577,0.009687034980030424,True,1000,True,1200,True,1600
101017,0.65,0.5,3,-1,8,1069,1.8408183339051902,0.9334130859375,0.9994140625,False,46453,46453,6282.107558135488,992.6436505987701,0.1841261006694568,0.1841261006694567,0.1592205638559579,0.9999999999999724,0.4095752696273653,0.0037026672120207523,3.0524429700211354e-11,0.028805719961574012,0.025060404916438787,True,2000,True,2200,True,3400
101017,0.65,1.0,0,-1,7,1070,1.4558338340139017,0.986689453125,0.9982421875,False,45377,45377,3710.7194623506944,585.9125344727689,0.8079907963935629,0.42122996335381685,0.0602968380238051,0.4199940055596905,0.0,0.0,1.0,,,True,600,True,600,True,800
101017,0.65,1.0,0,-1,8,1071,1.6575657500652596,0.9618408203125,0.9990234375,False,48604,48604,18543.968779653485,16146.177338741652,26.13570838330809,1.6468572087309081,0.30908902186214093,38.284803242959526,0.0,0.0,1.0,,,True,1200,True,1400,True,4000
101017,0.65,1.0,1,-1,7,1072,1.7588378749787807,0.982744140625,0.9990234375,False,46847,46847,3600.508187393784,411.64438223625734,0.1841261006694568,0.1841261006694567,0.0641785725804467,0.4199949637731562,0.09571584092898158,0.0,0.219572459467508,0.006822040309856163,0.010549903197732292,True,800,True,1000,True,1200
101017,0.65,1.0,1,-1,8,1073,1.7968639159807935,0.94654296875,0.9990234375,False,48104,48104,7674.673035916434,1336.0173249964175,0.1841261006694568,0.1841261006694567,0.1841261006694566,2.37197881650361,0.7160319308165641,0.0,0.1397636953265971,0.02637493438695322,0.023121152541888356,True,1600,True,2000,True,2800
101017,0.65,1.0,2,-1,7,1074,1.832499208045192,0.982744140625,0.9990234375,False,46847,46847,3600.457807695855,411.6399600560362,0.1841261006694568,0.1841261006694567,0.0641785725804467,0.4199949637731562,0.09571584092898158,0.00042692168121758064,0.0208647835264892,0.006822040309856163,0.010549903197732292,True,800,True,1000,True,1200
101017,0.65,1.0,2,-1,8,1075,1.8985853330232203,0.946513671875,0.99921875,False,48394,48394,7636.442869234459,1317.3895895681346,0.1841261006694568,0.1841261006694567,0.1841261006694566,0.62,0.720295904450965,0.07071124519568542,0.0,0.026880947276521832,0.023519320792178045,True,1800,True,2000,True,2800
101017,0.65,1.0,2,1024,7,1076,3.414016875089146,0.809140625,0.8767578125,False,108449,1024,88.01468439265558,9.419915135772257,0.1841261006694567,0.0,0.0,0.413947162100814,0.0361328125,0.0,0.2372611581655044,7.40939673640756e-05,8.48385051191494e-05,False,20000,False,20000,False,20000
101017,0.65,1.0,2,1024,8,1077,2.1658597079804167,0.9297021484375,0.98515625,False,60260,1024,128.33282049692414,19.232347659836822,0.1841261006694567,0.12130219772186229,0.0,0.4199815268493379,0.2890625,0.001953125,0.001610184981156,0.00045566650417634604,0.0004618247144319052,True,2000,True,2800,False,20000
101017,0.65,1.0,3,-1,7,1078,1.8564338330179453,0.982744140625,0.9990234375,False,46847,46847,3600.508187393784,411.64438223625734,0.1841261006694568,0.1841261006694567,0.0641785725804467,0.4199949637731562,0.09571584092898158,0.0,0.219572459467508,0.006822040309856163,0.010549903197732292,True,800,True,1000,True,1200
101017,0.65,1.0,3,-1,8,1079,1.8891442499589175,0.9467236328125,0.9986328125,False,48146,48146,7695.912901475159,1339.822374152234,0.1841261006694568,0.1841261006694567,0.1841261006694566,1.0,0.7198521164790429,0.0052963901466373114,1.1511195170680543e-14,0.026960216061562695,0.023592681202315124,True,1600,True,2000,True,2800
101018,0.5,0.25,0,-1,7,1080,1.4447186660254374,0.923681640625,0.998828125,False,44107,44107,1642.1247109446474,89.58467128930577,0.1831483024334823,0.12198142344040508,0.0308691007356789,0.3531820322525646,0.0,0.0,1.0,,,True,2400,True,2400,True,3000
101018,0.5,0.25,0,-1,8,1081,1.447815667022951,0.842158203125,0.9990234375,False,41317,41317,4095.8497024677963,479.4586091093407,0.2609785037134029,0.20651253366491723,0.0964360233802147,1.3868479603996615,0.0,0.0,1.0,,,True,4200,True,4200,True,5000
101018,0.5,0.25,1,-1,7,1082,1.7347147919936106,0.923681640625,0.998828125,False,44107,44107,1642.1247109446474,89.58467128930577,0.1831483024334823,0.12198142344040508,0.0308691007356789,0.3531820322525646,0.0,0.0,1.0,0.007682973602073707,0.01153172404843142,True,2400,True,2400,True,3000
101018,0.5,0.25,1,-1,8,1083,1.601937250001356,0.842431640625,0.9994140625,False,40729,40729,3841.9157827974154,424.240527010385,0.1841261006694568,0.1841261006694566,0.0919310053969253,0.7354593303920414,0.01681848314468806,0.0,0.6714252349423075,0.03395686849357945,0.030260660913190376,True,4200,True,4200,True,5000
101018,0.5,0.25,2,-1,7,1084,1.7978397499537095,0.923681640625,0.998828125,False,44107,44107,1642.1247109446474,89.58467128930577,0.1831483024334823,0.12198142344040508,0.0308691007356789,0.3531820322525646,0.0,0.0,1.0,0.007682973602073707,0.01153172404843142,True,2400,True,2400,True,3000
101018,0.5,0.25,2,-1,8,1085,1.6708177080145106,0.8423876953125,0.9982421875,False,40642,40642,3852.665367350464,427.20455790864685,0.1841261006694568,0.1841261006694567,0.09231456714382616,0.6199999737962348,0.019068943457507013,0.0010826238866197529,5.346850486240066e-05,0.034048489196315736,0.03036056129845146,True,4200,True,4200,True,5000
101018,0.5,0.25,2,1024,7,1086,2.2282653340371326,0.838359375,0.940625,False,58240,1024,58.73170133426614,4.389724170220816,0.1517284521420488,0.03812303863181245,0.0,0.2043963250226078,0.0,0.0,1.0,0.0004786710075406354,0.0005743117559523798,True,4200,False,20000,False,20000
101018,0.5,0.25,2,1024,8,1087,1.8819654170656577,0.8329345703125,0.99140625,False,49487,1024,80.22186284923615,7.66880520874916,0.1841261006694567,0.07734678429121004,0.0,0.2611423027692588,0.0009765625,0.0,0.7739384595494186,0.0010028412343982582,0.0009808947088797717,True,4200,True,4400,True,14800
101018,0.5,0.25,3,-1,7,1088,1.820907708024606,0.923681640625,0.998828125,False,44107,44107,1642.1247109446474,89.58467128930577,0.1831483024334823,0.12198142344040508,0.0308691007356789,0.3531820322525646,0.0,0.0,1.0,0.007682973602073707,0.01153172404843142,True,2400,True,2400,True,3000
101018,0.5,0.25,3,-1,8,1089,1.6904016659827903,0.842431640625,0.9994140625,False,40729,40729,3841.9157827974154,424.240527010385,0.1841261006694568,0.1841261006694566,0.0919310053969253,0.7354593303920414,0.01681848314468806,0.0,0.6714252349423075,0.03395686849357945,0.030260660913190376,True,4200,True,4200,True,5000
101018,0.5,0.5,0,-1,7,1090,1.423187250038609,0.9548876953125,0.9994140625,False,43422,43422,2471.091769222879,226.67420583484645,0.3496073964455447,0.22288814772095425,0.045285026744415605,0.3898482845169421,0.0,0.0,1.0,,,True,1400,True,1600,True,1800
101018,0.5,0.5,0,-1,8,1091,1.5031347919721156,0.9186474609375,0.9990234375,False,42027,42027,8231.756873264147,1997.274425270159,0.6914826831952346,0.449257752090878,0.1858814225589683,2.3734467270099406,0.0,0.0,1.0,,,True,2400,True,2600,True,2600
101018,0.5,0.5,1,-1,7,1092,1.6720649579074234,0.9501953125,0.99921875,False,43376,43376,2455.645493964531,214.28045194874204,0.1841261006694567,0.1841261006694567,0.04558223875775495,0.3928634560652479,0.027572851346366653,0.0,0.4786989110682526,0.007682012494428523,0.011373615065550798,True,1600,True,1600,True,1800
101018,0.5,0.5,1,-1,8,1093,1.633247458958067,0.91404296875,0.998828125,False,41861,41861,6308.535929865394,1036.7620540830999,0.1841261006694568,0.1841261006694567,0.1841261006694566,1.4408021302643252,0.5029980172475574,0.0,0.3243850606570325,0.034150270015646966,0.02981131316041975,True,2600,True,2600,True,3000
101018,0.5,0.5,2,-1,7,1094,1.7414259579963982,0.9501953125,0.99921875,False,43376,43376,2455.645493964531,214.28045194874204,0.1841261006694567,0.1841261006694567,0.04558223875775495,0.3928634560652479,0.027572851346366653,0.0,0.4786989110682526,0.007682012494428523,0.011373615065550798,True,1600,True,1600,True,1800
101018,0.5,0.5,2,-1,8,1095,1.7049069580389187,0.913984375,0.9990234375,False,41879,41879,6225.446840433587,1011.7217619619065,0.1841261006694568,0.1841261006694567,0.1756605099029501,0.62,0.4804078416390076,0.03748895627880322,0.0,0.033797629778647954,0.0295728374453783,True,2600,True,2600,True,3000
101018,0.5,0.5,2,1024,7,1096,1.9137378750601783,0.9373486328125,0.9919921875,False,50594,1024,93.91405352110793,11.158697118150956,0.1841261006694567,0.06997995935351371,0.0,0.3227312676359436,0.1337890625,0.0,0.4534087187332728,0.0005053390203548498,0.0005982946038561872,True,1800,True,2000,True,13400
101018,0.5,0.5,2,1024,8,1097,1.718115583062172,0.9095556640625,0.997265625,False,44090,1024,137.09014785331863,20.897704915217673,0.1841261006694568,0.16666998146528847,0.0,0.2657874528479518,0.3408203125,0.0,0.3711920991812279,0.001140411185453994,0.0011267199667347077,True,2800,True,2800,True,3600
101018,0.5,0.5,3,-1,7,1098,1.7458474580198526,0.9501953125,0.99921875,False,43376,43376,2455.645493964531,214.28045194874204,0.1841261006694567,0.1841261006694567,0.04558223875775495,0.3928634560652479,0.027572851346366653,0.0,0.4786989110682526,0.007682012494428523,0.011373615065550798,True,1600,True,1600,True,1800
101018,0.5,0.5,3,-1,8,1099,1.7099039579043165,0.913896484375,0.9994140625,False,41898,41898,6291.027939362183,1030.117042812991,0.1841261006694568,0.1841261006694567,0.18170390426741317,0.9999999999999064,0.4949400926058523,0.009141247792257386,1.0864493970963879e-10,0.033819916200256116,0.029385591819219643,True,2600,True,2600,True,3000
101018,0.5,1.0,0,-1,7,1100,1.4124399590073153,0.9741162109375,0.9994140625,False,43062,43062,3915.862748319323,622.9233169643206,0.7971759667003206,0.42516660009503676,0.0695560784236524,0.4151577296806511,0.0,0.0,1.0,,,True,800,True,1000,True,1200
101018,0.5,1.0,0,-1,8,1101,1.533767041983083,0.9293115234375,0.9986328125,False,43444,43444,22018.198667609948,21138.739398876645,16.12413515598162,2.2210241233846135,0.42231848183321263,30.94944981059946,0.0,0.0,1.0,,,True,2200,True,2400,True,3200
101018,0.5,1.0,1,-1,7,1102,1.743861166993156,0.9621142578125,0.999609375,False,42831,42831,3716.5458901947363,440.22793492880896,0.1841261006694568,0.1841261006694567,0.0743083513201924,0.4182650827048429,0.11862903037519554,0.0,0.2397769366854727,0.00815543879335835,0.012537356120566834,True,1200,True,1400,True,1400
101018,0.5,1.0,1,-1,8,1103,1.6031745000509545,0.8936767578125,0.9998046875,False,40847,40847,7169.006999483054,1286.7280955955625,0.1841261006694568,0.1841261006694567,0.1841261006694567,1.4574320983384237,0.8577374103361324,0.0,0.1475855279430163,0.03376992190368932,0.02953602327486305,True,3000,True,3200,True,3600
101018,0.5,1.0,2,-1,7,1104,1.7273649589624256,0.9621142578125,0.999609375,False,42831,42831,3716.5458901947363,440.22793492880896,0.1841261006694568,0.1841261006694567,0.0743083513201924,0.4182650827048429,0.11862903037519554,0.0,0.2397769366854727,0.00815543879335835,0.012537356120566834,True,1200,True,1400,True,1400
101018,0.5,1.0,2,-1,8,1105,1.685048499959521,0.894072265625,0.999609375,False,40638,40638,7077.456119743104,1261.6686302860778,0.1841261006694568,0.1841261006694567,0.1841261006694566,0.62,0.8591712190560559,0.08841478419213544,0.0,0.03341968390627814,0.02908517351370633,True,3000,True,3000,True,3400
101018,0.5,1.0,2,1024,7,1106,1.957211249973625,0.95546875,0.994921875,False,52432,1024,126.5717139311188,18.36397491233242,0.1841261006694568,0.1225071426489084,0.0,0.4077219929648269,0.279296875,0.0,0.2365373829940309,0.00046535348761252555,0.0005403762551972065,True,1400,True,1400,True,4200
101018,0.5,1.0,2,1024,8,1107,1.6778114590561017,0.8948046875,0.997265625,False,41977,1024,174.92402284982865,30.50427485990767,0.1841261006694568,0.1841261006694567,0.0,0.3626736956224493,0.73046875,0.0,0.1812260764822682,0.0012082478450500655,0.0011750668520856642,True,3000,True,3000,True,3400
101018,0.5,1.0,3,-1,7,1108,1.7440079170046374,0.9621142578125,0.999609375,False,42831,42831,3716.5458901947363,440.22793492880896,0.1841261006694568,0.1841261006694567,0.0743083513201924,0.4182650827048429,0.11862903037519554,0.0,0.2397769366854727,0.00815543879335835,0.012537356120566834,True,1200,True,1400,True,1400
101018,0.5,1.0,3,-1,8,1109,1.6805549169657752,0.893642578125,0.9982421875,False,40805,40805,7162.478959755107,1285.8190632946148,0.1841261006694568,0.1841261006694567,0.1841261006694567,0.99999999870729,0.859453498345791,0.0008332312216640117,8.984824322889761e-07,0.03390926548523459,0.029662399675284834,True,3000,True,3200,True,3600
101018,0.65,0.25,0,-1,7,1110,1.6335840000538155,0.9680810546875,0.999609375,False,51893,51893,1681.2981146545926,86.7089152918654,0.1950374441900475,0.11601117884905993,0.0257785636619562,0.4049034463089593,0.0,0.0,1.0,,,True,1600,True,2200,True,3400
101018,0.65,0.25,0,-1,8,1111,1.6430818339576945,0.9087890625,0.9990234375,False,46856,46856,3600.3827075894487,361.1838595670597,0.2632102539697891,0.1850251726286983,0.07328699757148875,0.5935523548432976,0.0,0.0,1.0,,,True,2600,True,2800,True,4800
101018,0.65,0.25,1,-1,7,1112,1.9397797089768574,0.9680810546875,0.999609375,False,51893,51893,1681.2652447934893,86.69653087623897,0.1841261006694567,0.11601117884905993,0.0257785636619562,0.4049034463089593,7.708168731813539e-05,0.0,0.944055134818324,0.0062317357551435635,0.009528765671269047,True,1600,True,2200,True,3400
101018,0.65,0.25,1,-1,8,1113,1.792545166099444,0.908759765625,0.999609375,False,47118,47118,3597.6100550296223,359.44394749503664,0.1841261006694568,0.1829254126143601,0.0729246319736715,0.5986888535275541,0.009126024024788827,0.0,0.7078974525422222,0.027777399184847916,0.024473485009267458,True,2600,True,2800,True,3800
101018,0.65,0.25,2,-1,7,1114,1.989948209025897,0.9680810546875,0.999609375,False,51893,51893,1681.2652447934893,86.69653087623897,0.1841261006694567,0.11601117884905993,0.0257785636619562,0.4049034463089593,7.708168731813539e-05,0.0,0.944055134818324,0.0062317357551435635,0.009528765671269047,True,1600,True,2200,True,3400
101018,0.65,0.25,2,-1,8,1115,1.8445174999069422,0.908759765625,0.999609375,False,47118,47118,3597.6100550296223,359.44394749503664,0.1841261006694568,0.1829254126143601,0.0729246319736715,0.5986888535275541,0.009126024024788827,0.0,0.7078974525422222,0.027777399184847916,0.024473485009267458,True,2600,True,2800,True,3800
101018,0.65,0.25,2,1024,7,1116,3.1920148340286687,0.6852783203125,0.712890625,False,96533,1024,28.86143649423244,0.8650257592223229,0.0781247275293086,0.0188864622938092,0.0,0.2694359125884122,0.0,0.0,0.8918335534299516,8.080543052634817e-05,0.00010052626109724097,False,20000,False,20000,False,20000
101018,0.65,0.25,2,1024,8,1117,2.9113662500167266,0.726396484375,0.842578125,False,86213,1024,44.7168404837961,2.576660055921832,0.132320831602437,0.02722380044668596,0.0,0.252747831386589,0.0,0.0,0.9108058737795546,0.00030205288548904,0.00030767727894864973,False,20000,False,20000,False,20000
101018,0.65,0.25,3,-1,7,1118,1.9856394580565393,0.9680810546875,0.999609375,False,51893,51893,1681.2652447934893,86.69653087623897,0.1841261006694567,0.11601117884905993,0.0257785636619562,0.4049034463089593,7.708168731813539e-05,0.0,0.944055134818324,0.0062317357551435635,0.009528765671269047,True,1600,True,2200,True,3400
101018,0.65,0.25,3,-1,8,1119,1.8435033750720322,0.908759765625,0.999609375,False,47118,47118,3597.6100550296223,359.44394749503664,0.1841261006694568,0.1829254126143601,0.0729246319736715,0.5986888535275541,0.009126024024788827,0.0,0.7078974525422222,0.027777399184847916,0.024473485009267458,True,2600,True,2800,True,3800
101018,0.65,0.5,0,-1,7,1120,1.5336363749811426,0.9788427734375,0.998828125,False,48139,48139,2392.5313013948758,209.89355817809647,0.3728528417305583,0.21328191286643977,0.0384412323806456,0.4197868379098562,0.0,0.0,1.0,,,True,1000,True,1200,True,1800
101018,0.65,0.5,0,-1,8,1121,1.6413344159955159,0.9453076171875,0.999609375,False,47807,47807,7406.536676390082,1589.4039478807942,0.7664365949418953,0.4165555103119044,0.1435947422759998,3.892679286287456,0.0,0.0,1.0,,,True,1800,True,2000,True,3600
101018,0.65,0.5,1,-1,7,1122,1.8016311660176143,0.978916015625,0.9986328125,False,47873,47873,2360.108378021069,195.49604394291552,0.1841261006694567,0.1841261006694567,0.0388523066950811,0.4198081541188706,0.021953919745994612,0.0,0.4411453016480458,0.006392355272456953,0.0094956167120123,True,1000,True,1000,True,1600
101018,0.65,0.5,1,-1,8,1123,1.812518750084564,0.9459326171875,0.99921875,False,48117,48117,6114.806261917009,946.5450755593504,0.1841261006694568,0.1841261006694567,0.14456331725516,1.3314257459961825,0.36217968701290604,0.0,0.3016894788423047,0.027048343750649406,0.023502372797036337,True,1800,True,2000,True,4000
101018,0.65,0.5,2,-1,7,1124,1.8747043749317527,0.978916015625,0.9986328125,False,47873,47873,2360.1071393545685,195.49593273265293,0.1841261006694567,0.1841261006694567,0.0388523066950811,0.4198081541188706,0.021953919745994612,4.177720218076995e-05,0.2492985435753025,0.006392355272456953,0.0094956167120123,True,1000,True,1000,True,1600
101018,0.65,0.5,2,-1,8,1125,1.8947406250517815,0.9461181640625,0.99921875,False,48072,48072,6022.219010437853,924.8508102556552,0.1841261006694568,0.1841261006694567,0.1410176427059112,0.62,0.3561532700948577,0.03305458478948244,0.0,0.026854531570699454,0.023480680671700734,True,1800,True,2000,True,4000
101018,0.65,0.5,2,1024,7,1126,3.2837704999838024,0.6996923828125,0.7234375,False,100332,1024,51.666067109315385,2.9479301621223577,0.1410570234567307,0.0169269330811026,0.0,0.3827756598974594,0.0,0.0,0.4663831321439364,7.854716611682516e-05,9.537605981474802e-05,False,20000,False,20000,False,20000
101018,0.65,0.5,2,1024,8,1127,2.492784124915488,0.8792333984375,0.941796875,False,71376,1024,75.20032822310424,8.010471603309702,0.1841261006694567,0.048653207111139074,0.0,0.4002446800933528,0.083984375,0.0,0.4102832635437104,0.00032186136913434885,0.0003263672896585212,True,3800,False,20000,False,20000
101018,0.65,0.5,3,-1,7,1128,1.8676927089691162,0.978916015625,0.9986328125,False,47873,47873,2360.108378021069,195.49604394291552,0.1841261006694567,0.1841261006694567,0.0388523066950811,0.4198081541188706,0.021953919745994612,0.0,0.4411453016480458,0.006392355272456953,0.0094956167120123,True,1000,True,1000,True,1600
101018,0.65,0.5,3,-1,8,1129,1.8883078339276835,0.9460595703125,0.9986328125,False,48303,48303,6141.457358198277,951.1528589328219,0.1841261006694568,0.1841261006694567,0.1446992138380829,0.9999999999999872,0.36426308924911494,0.004264745460944455,6.075441513243799e-10,0.02703013184136246,0.023573002604220527,True,1800,True,2000,True,4000
101018,0.65,1.0,0,-1,7,1130,1.466048042057082,0.9857568359375,0.9990234375,False,45968,45968,3714.8051556251903,572.8019796971623,0.7925614748740113,0.4110320938935367,0.060090239550394955,0.4199975446772492,0.0,0.0,1.0,,,True,600,True,600,True,800
101018,0.65,1.0,0,-1,8,1131,1.710201249923557,0.965517578125,0.998828125,False,48942,48942,19885.122919887493,13812.283945397081,7.969413675016045,1.6499239139684854,0.34138146905379585,14.341956230633851,0.0,0.0,1.0,,,True,1200,True,1200,True,2200
101018,0.65,1.0,1,-1,7,1132,1.819325833930634,0.98140625,0.99921875,False,46922,46922,3579.3718441880164,407.93759325408104,0.1841261006694568,0.1841261006694567,0.06366775529652915,0.4199999530510408,0.0934103405651933,0.0,0.2080675443065212,0.006726090695285046,0.010366534987585737,True,800,True,1000,True,1200
101018,0.65,1.0,1,-1,8,1133,1.819270082982257,0.947724609375,0.9994140625,False,46840,46840,7503.987187643945,1314.2165114695463,0.1841261006694568,0.1841261006694567,0.1841261006694566,2.075824260797973,0.7341374893253629,0.0,0.1333711959149422,0.027472187566716426,0.023808996828743188,True,1600,True,1800,True,3000
101018,0.65,1.0,2,-1,7,1134,1.8866736659547314,0.98140625,0.99921875,False,46922,46922,3579.2735292461607,407.9301035368817,0.1841261006694568,0.1841261006694567,0.06366775529652915,0.4199999530510408,0.0934103405651933,0.0008311666169387494,0.0021371055148513,0.006726090695285046,0.010366534987585737,True,800,True,1000,True,1200
101018,0.65,1.0,2,-1,8,1135,1.8376973330741748,0.948310546875,0.9990234375,False,46602,46602,7468.2607897221915,1304.2575589152734,0.1841261006694568,0.1841261006694567,0.1841261006694566,0.62,0.7524355177889361,0.06761512381442857,0.0,0.027681184663927105,0.02436367459640497,True,1800,True,1800,True,3000
101018,0.65,1.0,2,1024,7,1136,3.4381620419444516,0.7922412109375,0.83984375,False,110078,1024,85.59450181692411,9.082431827493952,0.1841261006694567,0.0,0.0,0.4180166060771947,0.0234375,0.0,0.1342766317496926,7.2390666542512e-05,8.270650508427326e-05,False,20000,False,20000,False,20000
101018,0.65,1.0,2,1024,8,1137,2.519563749898225,0.88716796875,0.9564453125,False,73827,1024,119.08810924891691,17.23949264811166,0.1841261006694568,0.08095271153575778,0.0,0.5132639365129392,0.2490234375,0.0,0.201314407199352,0.00032474745294178663,0.00033041067856836404,True,4000,False,20000,False,20000
101018,0.65,1.0,3,-1,7,1138,1.8254502499476075,0.98140625,0.99921875,False,46922,46922,3579.3718441880164,407.93759325408104,0.1841261006694568,0.1841261006694567,0.06366775529652915,0.4199999530510408,0.0934103405651933,0.0,0.2080675443065212,0.006726090695285046,0.010366534987585737,True,800,True,1000,True,1200
101018,0.65,1.0,3,-1,8,1139,1.8492781249806285,0.9478564453125,0.998828125,False,47138,47138,7531.97634519833,1316.807524448387,0.1841261006694568,0.1841261006694567,0.1841261006694566,1.0,0.7301752301752302,0.005685434256862828,0.0,0.026791785776160724,0.02336567520719301,True,1600,True,1800,True,3000
101019,0.5,0.25,0,-1,7,1140,1.4480239580152556,0.9266064453125,0.9986328125,False,44894,44894,1689.3503586842673,93.5434320129119,0.2086576673524448,0.12404250887453842,0.031102728313941598,0.3235233516890798,0.0,0.0,1.0,,,True,2400,True,2400,True,3000
101019,0.5,0.25,0,-1,8,1141,1.45081616693642,0.864501953125,0.9990234375,False,40902,40902,3923.6930582383975,444.56254191201305,0.2719623869330484,0.20052087144556882,0.09283522095762885,0.7840997137469221,0.0,0.0,1.0,,,True,3600,True,3800,True,4000
101019,0.5,0.25,1,-1,7,1142,1.7249791659414768,0.9265576171875,0.998828125,False,44648,44648,1689.8212016363816,93.68867500479581,0.1841261006694567,0.12381788854529761,0.0313574753269434,0.3235233516890798,8.958967926894822e-05,0.0,0.918302278880704,0.00774655155559409,0.011724511211308415,True,2400,True,2400,True,3000
101019,0.5,0.25,1,-1,8,1143,1.621561791980639,0.8639404296875,0.99921875,False,41464,41464,3862.7605402475497,424.24875260497976,0.1841261006694568,0.1841261006694567,0.0904521720798607,0.9905416188439768,0.02013795099363303,0.0,0.6482027330421761,0.033007988355360424,0.02976130586673575,True,3600,True,3800,True,4000
101019,0.5,0.25,2,-1,7,1144,1.800029666046612,0.9265576171875,0.998828125,False,44648,44648,1689.8212016363816,93.68867500479581,0.1841261006694567,0.12381788854529761,0.0313574753269434,0.3235233516890798,8.958967926894822e-05,0.0,0.918302278880704,0.00774655155559409,0.011724511211308415,True,2400,True,2400,True,3000
101019,0.5,0.25,2,-1,8,1145,1.6933270000154153,0.8639599609375,0.99921875,False,41540,41540,3908.5042293522456,430.64130124291256,0.1841261006694568,0.1841261006694567,0.09151372657771575,0.6199999865904058,0.017862301396244583,0.0012518054886856043,0.0001589131964551,0.033288199250722135,0.02985497161370561,True,3600,True,3800,True,4000
101019,0.5,0.25,2,1024,7,1146,2.191608584020287,0.839541015625,0.93984375,False,57203,1024,61.94436080973069,4.91486468202379,0.1529359879933914,0.04154082353715214,0.0,0.1911627418230915,0.0,0.0,0.841087472080668,0.0005756192583867969,0.0006658361540624314,True,6200,False,20000,False,20000
101019,0.5,0.25,2,1024,8,1147,1.8901322920573875,0.8481396484375,0.9892578125,False,51892,1024,79.68956715133838,7.594651377563045,0.1703114696736625,0.07449241166062798,0.0,0.2215382557729207,0.0,0.0,0.6873858143463772,0.000977960134349545,0.0009642773693440208,True,4000,True,4200,False,20000
101019,0.5,0.25,3,-1,7,1148,1.8096349999541417,0.9265576171875,0.998828125,False,44648,44648,1689.8212016363816,93.68867500479581,0.1841261006694567,0.12381788854529761,0.0313574753269434,0.3235233516890798,8.958967926894822e-05,0.0,0.918302278880704,0.00774655155559409,0.011724511211308415,True,2400,True,2400,True,3000
101019,0.5,0.25,3,-1,8,1149,1.7063779160380363,0.8639404296875,0.99921875,False,41464,41464,3862.7605402475497,424.24875260497976,0.1841261006694568,0.1841261006694567,0.0904521720798607,0.9905416188439768,0.02013795099363303,0.0,0.6482027330421761,0.033007988355360424,0.02976130586673575,True,3600,True,3800,True,4000
101019,0.5,0.5,0,-1,7,1150,1.4594851250294596,0.95826171875,0.9986328125,False,43455,43455,2479.71885156462,229.94419907173594,0.4410901351674445,0.2281716000416689,0.0453061887382512,0.392528437004325,0.0,0.0,1.0,,,True,1400,True,1400,True,1800
101019,0.5,0.5,0,-1,8,1151,1.5294129999820143,0.891962890625,0.998046875,False,42619,42619,8062.514686711854,1914.6633209621825,0.621042173471223,0.445086317258412,0.1789154205887928,2.0462397374790573,0.0,0.0,1.0,,,True,3200,True,3400,True,4000
101019,0.5,0.5,1,-1,7,1152,1.6877744999947026,0.9539501953125,0.9994140625,False,43800,43800,2459.2381891567984,213.4897017033049,0.1841261006694567,0.1841261006694567,0.04522991604066515,0.3786396221082882,0.026598173515981736,0.0,0.4973997761378504,0.0077635975551749985,0.01129508835140787,True,1600,True,1600,True,2000
101019,0.5,0.5,1,-1,8,1153,1.607382999965921,0.871123046875,0.99921875,False,40782,40782,6242.708428348751,1033.6518965087243,0.1841261006694568,0.1841261006694567,0.1841261006694566,1.81389434289684,0.5247413074395567,0.0,0.3091146998317894,0.033733479231033245,0.029439388343305,True,3600,True,3800,True,4600
101019,0.5,0.5,2,-1,7,1154,1.7524080829462036,0.9539501953125,0.9994140625,False,43800,43800,2459.2381891567984,213.4897017033049,0.1841261006694567,0.1841261006694567,0.04522991604066515,0.3786396221082882,0.026598173515981736,0.0,0.4973997761378504,0.0077635975551749985,0.01129508835140787,True,1600,True,1600,True,2000
101019,0.5,0.5,2,-1,8,1155,1.6719283750280738,0.871162109375,0.9986328125,False,40770,40770,6373.7956820695035,1066.8642552343103,0.1841261006694568,0.1841261006694567,0.1841261006694566,0.62,0.5739759627176846,0.0365710080941869,0.0,0.03524780782438061,0.030491581968972226,True,3600,True,3800,True,4600
101019,0.5,0.5,2,1024,7,1156,2.0143433330813423,0.9346142578125,0.9876953125,False,54415,1024,97.8592233967715,11.94432393030249,0.1841261006694567,0.06967575455571245,0.0,0.3632642278577342,0.14453125,0.0,0.4640456639415446,0.0005290720045024338,0.0006093398247266366,True,1800,True,2000,False,20000
101019,0.5,0.5,2,1024,8,1157,1.773649208014831,0.865322265625,0.9970703125,False,46507,1024,141.2218355771381,21.969833472701517,0.1841261006694567,0.16998678832785566,0.0,0.2454951321946606,0.4033203125,0.0,0.3100872651766717,0.001105666328903891,0.0010755045387432702,True,3800,True,4000,True,8800
101019,0.5,0.5,3,-1,7,1158,1.8059621669817716,0.9539501953125,0.9994140625,False,43800,43800,2459.2381891567984,213.4897017033049,0.1841261006694567,0.1841261006694567,0.04522991604066515,0.3786396221082882,0.026598173515981736,0.0,0.4973997761378504,0.0077635975551749985,0.01129508835140787,True,1600,True,1600,True,2000
101019,0.5,0.5,3,-1,8,1159,1.7250821250490844,0.8712158203125,0.9986328125,False,40676,40676,6207.432468975649,1026.2481211968052,0.1841261006694568,0.1841261006694567,0.1841261006694566,0.9999999999999865,0.5272150653948274,0.006834497000688366,6.64871281042589e-12,0.03365248715970919,0.029377312481561557,True,3600,True,3800,True,4600
101019,0.5,1.0,0,-1,7,1160,1.4626112499972805,0.977333984375,0.9994140625,False,42945,42945,3939.9980900232504,643.301353705991,0.8286053416918621,0.4393561056315679,0.0703944708707331,0.413947162100814,0.0,0.0,1.0,,,True,800,True,800,True,1000
101019,0.5,1.0,0,-1,8,1161,1.5587184999603778,0.923212890625,0.998828125,False,41879,41879,21547.525785265203,25444.05128438997,17.721841745719058,2.5114725266510916,0.4153564300102242,34.76065970791418,0.0,0.0,1.0,,,True,2200,True,2400,True,3200
101019,0.5,1.0,1,-1,7,1162,1.683571583009325,0.9654736328125,0.9994140625,False,43553,43553,3790.833395693984,450.4269822065845,0.1841261006694567,0.1841261006694567,0.0747896269375331,0.4189073492650349,0.11872890501228388,0.0,0.2344638695902191,0.008036345743021872,0.01241372909395827,True,1200,True,1200,True,1600
101019,0.5,1.0,1,-1,8,1163,1.6536484580719844,0.904375,0.9986328125,False,42606,42606,7450.170249345125,1334.2272923072621,0.1841261006694568,0.1841261006694567,0.1841261006694566,1.6802981565218311,0.8458902501995024,0.0,0.1339733429598053,0.03184012130529341,0.027777362147741267,True,2800,True,3000,True,3800
101019,0.5,1.0,2,-1,7,1164,1.75418708298821,0.9654736328125,0.9994140625,False,43553,43553,3790.832525415705,450.4268149923534,0.1841261006694567,0.1841261006694567,0.0747896269375331,0.4189073492650349,0.11872890501228388,2.2960530847473195e-05,0.2344638695902191,0.008036345743021872,0.01241372909395827,True,1200,True,1200,True,1600
101019,0.5,1.0,2,-1,8,1165,1.7602305840700865,0.9037890625,0.99921875,False,43476,43476,7408.785701522317,1303.658411238848,0.1841261006694568,0.1841261006694567,0.1841261006694566,0.62,0.8375655534087773,0.14844971938540805,0.0,0.03139149030020389,0.027278070803431725,True,3000,True,3000,True,3600
101019,0.5,1.0,2,1024,7,1166,1.8670248750131577,0.9614404296875,0.9978515625,False,48183,1024,131.63740919584592,19.195796757375064,0.1841261006694567,0.12807565912970773,0.0,0.4072226703706164,0.283203125,0.0,0.2188605234276518,0.0005323197605137345,0.0006024057477914051,True,1200,True,1400,True,2200
101019,0.5,1.0,2,1024,8,1167,1.839504332980141,0.9053076171875,0.997265625,False,48174,1024,172.56981933400624,29.786194799176815,0.1841261006694567,0.1841261006694566,0.0,0.3978765330029855,0.69140625,0.0,0.2002315502514882,0.0010725929702744203,0.001032279579406594,True,2800,True,3000,True,3200
101019,0.5,1.0,3,-1,7,1168,1.7824577910359949,0.9654736328125,0.9994140625,False,43553,43553,3790.833395693984,450.4269822065845,0.1841261006694567,0.1841261006694567,0.0747896269375331,0.4189073492650349,0.11872890501228388,0.0,0.2344638695902191,0.008036345743021872,0.01241372909395827,True,1200,True,1200,True,1600
101019,0.5,1.0,3,-1,8,1169,1.7546882079914212,0.9043701171875,0.9986328125,False,42620,42620,7427.689618424154,1327.1239958360752,0.1841261006694568,0.1841261006694567,0.1841261006694566,1.0,0.8447207883622713,0.0162599718442046,0.0,0.03247392472724068,0.028340521982050622,True,2800,True,3000,True,3800
101019,0.65,0.25,0,-1,7,1170,1.6056713750585914,0.968525390625,0.9990234375,False,51625,51625,1691.462096867241,88.31292149325645,0.2006443349637651,0.11781279882600948,0.0260088807998174,0.4149010665319549,0.0,0.0,1.0,,,True,1600,True,2000,True,3600
101019,0.65,0.25,0,-1,8,1171,1.654831915977411,0.9073828125,0.9986328125,False,48448,48448,3706.4267057199845,368.7052002703912,0.2455135381850593,0.18071756235830969,0.0728842539258254,0.6723990469116354,0.0,0.0,1.0,,,True,2800,True,3000,True,6600
101019,0.65,0.25,1,-1,7,1172,1.926308250054717,0.968369140625,0.9986328125,False,51543,51543,1675.1275465723352,87.1093136791014,0.1841261006694567,0.11697289787715899,0.0257255608691922,0.4149010665319549,7.760510641600218e-05,0.0,0.8993830196766541,0.006305994661011161,0.009701393638159684,True,1600,True,2000,True,4000
101019,0.65,0.25,1,-1,8,1173,1.808326166938059,0.9076025390625,0.9990234375,False,47249,47249,3698.8160447047844,374.0087547161815,0.1841261006694568,0.1841261006694566,0.0749372708856168,0.6052439656655924,0.012889161675379374,0.0,0.6807471004368058,0.02819618206205417,0.024855194245733545,True,2800,True,3000,True,5200
101019,0.65,0.25,2,-1,7,1174,2.0327102079754695,0.968369140625,0.9986328125,False,51543,51543,1675.1275465723352,87.1093136791014,0.1841261006694567,0.11697289787715899,0.0257255608691922,0.4149010665319549,7.760510641600218e-05,0.0,0.8993830196766541,0.006305994661011161,0.009701393638159684,True,1600,True,2000,True,4000
101019,0.65,0.25,2,-1,8,1175,1.9179774160729721,0.907607421875,0.99921875,False,47328,47328,3705.764043766355,374.91394029765746,0.1841261006694568,0.1841261006694566,0.07492130273636105,0.6052439656655924,0.013015551048005409,0.00023242055442866802,6.959972935723594e-05,0.028192607749816825,0.024837751304724424,True,2800,True,3000,True,5200
101019,0.65,0.25,2,1024,7,1176,3.2613662499934435,0.6775927734375,0.71875,False,95646,1024,30.51189622670168,0.9640344412221723,0.0679954354250017,0.0220282400277699,0.0,0.2151765087714774,0.0,0.0,0.9127898293484272,0.00010066961329625175,0.00012345736491855338,False,20000,False,20000,False,20000
101019,0.65,0.25,2,1024,8,1177,1.9796066669514403,0.4590185546875,0.6943359375,False,52664,1024,48.86173028832421,3.0959681765549143,0.1431801791434188,0.03439719152901842,0.0,0.1863645439561177,0.0,0.0,0.9334201798856712,0.0005888005800926616,0.0005950484241290686,False,20000,False,20000,False,20000
101019,0.65,0.25,3,-1,7,1178,2.0437095829984173,0.968369140625,0.9986328125,False,51543,51543,1675.1275465723352,87.1093136791014,0.1841261006694567,0.11697289787715899,0.0257255608691922,0.4149010665319549,7.760510641600218e-05,0.0,0.8993830196766541,0.006305994661011161,0.009701393638159684,True,1600,True,2000,True,4000
101019,0.65,0.25,3,-1,8,1179,1.9153885829728097,0.9076025390625,0.9990234375,False,47249,47249,3698.8160447047844,374.0087547161815,0.1841261006694568,0.1841261006694566,0.0749372708856168,0.6052439656655924,0.012889161675379374,0.0,0.6807471004368058,0.02819618206205417,0.024855194245733545,True,2800,True,3000,True,5200
101019,0.65,0.5,0,-1,7,1180,1.5923689589835703,0.979677734375,0.9986328125,False,48627,48627,2398.66043939974,207.40725423331716,0.3914973795788397,0.2121504318437047,0.0387015326268679,0.4169207744531786,0.0,0.0,1.0,,,True,1000,True,1200,True,1600
101019,0.65,0.5,0,-1,8,1181,1.6603047910612077,0.945888671875,0.9990234375,False,48386,48386,7497.45260833369,1598.8464980408407,0.7325229285820316,0.4132489443843393,0.14298281912198166,2.3358287278051817,0.0,0.0,1.0,,,True,1800,True,2000,True,4000
101019,0.65,0.5,1,-1,7,1182,1.808174334000796,0.97962890625,0.999609375,False,48218,48218,2382.7167139479006,196.47184527532406,0.1841261006694567,0.1841261006694567,0.0389478499791796,0.4163342553014031,0.02158944792401178,0.0,0.4514542308961769,0.006538149869689015,0.009639961455438455,True,1000,True,1200,True,1800
101019,0.65,0.5,1,-1,8,1183,1.7998508749296889,0.941865234375,0.9998046875,False,47551,47551,6061.698245329803,930.825345397799,0.1841261006694568,0.1841261006694567,0.1423662526311823,1.4024371788239367,0.342852936846754,0.0,0.3317596667348639,0.02699996889304811,0.023321262412111854,True,1800,True,2200,True,3800
101019,0.65,0.5,2,-1,7,1184,1.8760235829977319,0.97962890625,0.999609375,False,48218,48218,2382.7167139479006,196.47184527532406,0.1841261006694567,0.1841261006694567,0.0389478499791796,0.4163342553014031,0.02158944792401178,0.0,0.4514542308961769,0.006538149869689015,0.009639961455438455,True,1000,True,1200,True,1800
101019,0.65,0.5,2,-1,8,1185,1.9368055840022862,0.9417431640625,0.99921875,False,47514,47514,6014.189112711997,919.2806903977371,0.1841261006694569,0.1841261006694567,0.14095198772259496,0.62,0.34288841183651136,0.028012796228480026,0.0,0.026993137877783336,0.023367383604481436,True,1800,True,2200,True,3800
101019,0.65,0.5,2,1024,7,1186,3.327064957935363,0.723466796875,0.784765625,False,99869,1024,55.763992631158786,3.371673706745442,0.142394069433961,0.023234897588968635,0.0,0.3239174716891637,0.0,0.0,0.4575357161695575,9.377453735226442e-05,0.00011319581255611474,False,20000,False,20000,False,20000
101019,0.65,0.5,2,1024,8,1187,2.704864125000313,0.83171875,0.8908203125,False,75522,1024,85.60570677546454,9.294509483458091,0.1841261006694567,0.05933618810900428,0.0,0.3791285140224161,0.0849609375,0.0,0.4063805761046085,0.0003727545864119057,0.0003841216521896481,False,20000,False,20000,False,20000
101019,0.65,0.5,3,-1,7,1188,1.9362394589697942,0.97962890625,0.999609375,False,48218,48218,2382.7167139479006,196.47184527532406,0.1841261006694567,0.1841261006694567,0.0389478499791796,0.4163342553014031,0.02158944792401178,0.0,0.4514542308961769,0.006538149869689015,0.009639961455438455,True,1000,True,1200,True,1800
101019,0.65,0.5,3,-1,8,1189,1.8843066659756005,0.94185546875,0.9998046875,False,47633,47633,6081.6455333252225,934.8041138128763,0.1841261006694568,0.1841261006694567,0.1428605354743357,0.999999999999532,0.3463355236915584,0.003044108076333634,1.0463640781635503e-09,0.026883424328546682,0.02326252119066608,True,1800,True,2200,True,3800
101019,0.65,1.0,0,-1,7,1190,1.4807257499778643,0.986171875,0.99921875,False,45566,45566,3715.537269629914,563.6021280849665,0.8329894326731779,0.40018635964562865,0.06166595583619195,0.4199853651359634,0.0,0.0,1.0,,,True,600,True,600,True,800
101019,0.65,1.0,0,-1,8,1191,1.7421890419209376,0.9472314453125,0.9982421875,False,48780,48780,19100.534073790357,12226.763625801606,7.72493944527928,1.3999326814345845,0.3375675945493527,19.951257206849288,0.0,0.0,1.0,,,True,1600,True,1800,True,2800
101019,0.65,1.0,1,-1,7,1192,1.8638791249832138,0.9815283203125,0.9986328125,False,47208,47208,3612.0914900947982,410.770593673567,0.1841261006694568,0.1841261006694567,0.0633693712585289,0.41999999835454,0.09538637519064565,0.0,0.2525141651780116,0.00680757785580124,0.010461996035717775,True,800,True,1000,True,1400
101019,0.65,1.0,1,-1,8,1193,1.926621999940835,0.950126953125,0.9984375,False,49265,49265,7708.63879302986,1342.3197183565865,0.1841261006694568,0.1841261006694567,0.1841261006694566,2.3903805429141394,0.7039886329036842,0.0,0.142908373282411,0.026100875579349724,0.02264300847457622,True,1600,True,1800,True,4200
101019,0.65,1.0,2,-1,7,1194,1.9251463339896873,0.9815283203125,0.9986328125,False,47208,47208,3612.06210325404,410.76897709018857,0.1841261006694568,0.1841261006694567,0.0633693712585289,0.41999999835454,0.09538637519064565,0.0003389256058295204,0.0011550789051499,0.00680757785580124,0.010461996035717775,True,800,True,1000,True,1400
101019,0.65,1.0,2,-1,8,1195,1.9173512080451474,0.9499755859375,0.9978515625,False,48748,48748,7435.826210988704,1275.3201709426237,0.1841261006694568,0.1841261006694567,0.1841261006694566,0.62,0.6872076803150898,0.07458767539181095,0.0,0.0257316940139424,0.022280646983807835,True,1600,True,1800,True,4600
101019,0.65,1.0,2,1024,7,1196,3.436460208031349,0.78927734375,0.831640625,False,108684,1024,95.5423263901083,10.627579292648209,0.1841261006694567,0.0,0.0,0.4081780509781524,0.041015625,0.0,0.2414500451430289,8.723864885815725e-05,9.967855012390626e-05,False,20000,False,20000,False,20000
101019,0.65,1.0,2,1024,8,1197,2.6419217499205843,0.8825244140625,0.9373046875,False,78064,1024,117.250909457964,17.18955424502627,0.1841261006694567,0.06312072929265772,0.0,0.4199054155685493,0.2431640625,0.0,0.0477692589662213,0.00031447387453456923,0.00032017832857228186,True,4800,False,20000,False,20000
101019,0.65,1.0,3,-1,7,1198,1.8443741250084713,0.9815283203125,0.9986328125,False,47208,47208,3612.0914900947982,410.770593673567,0.1841261006694568,0.1841261006694567,0.0633693712585289,0.41999999835454,0.09538637519064565,0.0,0.2525141651780116,0.00680757785580124,0.010461996035717775,True,800,True,1000,True,1400
101019,0.65,1.0,3,-1,8,1199,1.995080207940191,0.950029296875,0.9982421875,False,49370,49370,7682.39948037478,1333.3043003189255,0.1841261006694568,0.1841261006694567,0.1841261006694566,1.0,0.6989872392140977,0.009864290054689083,0.0,0.025899743011950523,0.022404180697623333,True,1600,True,1800,True,4200
