seed,bins,budget,method,setting,mortality,fraction,bonus,intervention,child_eta,family,prefix,exit_code,seconds,stderr,cap_time,intervention_births,intervention_visits,erased_sq,phenotype_mean_error,energy_error,split_error,norm_error,births_total,sum_norm,sum_sq,nonzero,fallbacks,contrast_sq,common_sq,unreachable_sq,row_mean_error,row_norm_error,row_contrast_error,empty_support_error,extinction_first_sample,stage,extinct,final_occupancy,auc,budget_exhausted,reached0.9,time0.9,capped0.9,reached0.95,time0.95,capped0.95,reached0.99,time0.99,capped0.99
61000,8,512,aligned,baseline,0.002,0.5,0.2,0,0.2,,0000_aligned_61000,0,1.361354999942705,,392,0,0,0.0,0,5.134781488891349e-16,0.0,8.326672684688674e-17,53134,94.27256354276264,17.35803952524226,512,0,11.89954988754248,5.458489637699848,0,0.0,0.0,0.0,0,-1,representation,False,0.991015625,0.939541015625,True,True,2000.0,2000,True,2400.0,2400,True,7400.0,7400
61000,8,512,state_rotated,baseline,0.002,0.5,0.2,0,0.2,,0001_state_rotated_61000,0,1.3852550419978795,,736,0,0,0.0,0,5.134781488891349e-16,0.0,1.1102230246251563e-16,47844,94.27256354276264,17.35803952524226,512,0,12.2526144287437,5.105425096498631,0,1.3877787807814457e-17,1.7347234759768068e-17,1.3877787807814457e-17,0,-1,representation,False,0.9943359375,0.86548828125,True,True,4200.0,4200,True,4400.0,4400,True,5200.0,5200
61000,8,1024,aligned,baseline,0.002,0.5,0.2,0,0.2,,0002_aligned_61000,0,1.2910890419734642,,712,0,0,0.0,0,5.134781488891349e-16,0.0,1.1102230246251563e-16,48447,188.54512708552588,34.716079050485185,1024,0,23.482915044674726,11.233164005809751,0,0.0,0.0,0.0,0,-1,representation,False,0.9974609375,0.9609033203125,True,True,1200.0,1200,True,1400.0,1400,True,2200.0,2200
61000,8,1024,state_rotated,baseline,0.002,0.5,0.2,0,0.2,,0003_state_rotated_61000,0,1.3477491249796003,,1460,0,0,0.0,0,5.134781488891349e-16,0.0,1.1102230246251563e-16,44768,188.54512708552588,34.716079050485185,1024,0,25.19243151724117,9.523647533243402,0,1.3877787807814457e-17,1.7347234759768068e-17,1.3877787807814457e-17,0,-1,representation,False,0.9978515625,0.906630859375,True,True,2800.0,2800,True,3000.0,3000,True,4400.0,4400
61000,8,0,none,baseline,0.002,0.5,0.2,0,0.2,,0004_none_61000,0,0.1126253330148756,,-1,0,0,0.0,0,2.914335439641036e-16,0.0,0.0,1063,0.0,0.0,0,0,0.0,0.0,0,0.0,0.0,0.0,0,4800,representation,True,0.0,0.0140966796875,False,False,,20000,False,,20000,False,,20000
61000,4,512,aligned,baseline,0.002,0.5,0.2,0,0.2,,0005_aligned_61000,0,0.8740764999529347,,288,0,0,0.0,0,5.134781488891349e-16,0.0,5.551115123125783e-17,52300,94.27256354276264,17.35803952524226,512,0,12.351706025139292,5.0063335001030485,0,0.0,0.0,0.0,0,-1,representation,False,0.998828125,0.9695654296875,True,True,1000.0,1000,True,1200.0,1200,True,1600.0,1600
61000,4,512,state_rotated,baseline,0.002,0.5,0.2,0,0.2,,0006_state_rotated_61000,0,0.9017525829840451,,424,0,0,0.0,0,5.134781488891349e-16,0.0,8.326672684688674e-17,52014,94.27256354276264,17.35803952524226,512,0,12.783241450774526,4.5747980744677825,0,1.3877787807814457e-17,2.0816681711721685e-17,2.4286128663675302e-17,0,-1,representation,False,0.99921875,0.94939453125,True,True,1600.0,1600,True,1800.0,1800,True,2200.0,2200
61000,4,1024,aligned,baseline,0.002,0.5,0.2,0,0.2,,0007_aligned_61000,0,0.8846891660941765,,536,0,0,0.0,0,5.134781488891349e-16,0.0,8.326672684688674e-17,52348,188.54512708552588,34.716079050485185,1024,0,23.83908564728324,10.876993403201276,0,0.0,0.0,0.0,0,-1,representation,False,0.9990234375,0.9714990234375,True,True,1000.0,1000,True,1200.0,1200,True,1600.0,1600
61000,4,1024,state_rotated,baseline,0.002,0.5,0.2,0,0.2,,0008_state_rotated_61000,0,0.8936648330418393,,811,0,0,0.0,0,5.134781488891349e-16,0.0,8.326672684688674e-17,48470,188.54512708552588,34.716079050485185,1024,0,25.96725831871541,8.748820731769182,0,1.3877787807814457e-17,2.0816681711721685e-17,2.0816681711721685e-17,0,-1,representation,False,0.99921875,0.9563330078125,True,True,1400.0,1400,True,1600.0,1600,True,1800.0,1800
61000,4,0,none,baseline,0.002,0.5,0.2,0,0.2,,0009_none_61000,0,0.1042206248966977,,-1,0,0,0.0,0,2.914335439641036e-16,0.0,0.0,1143,0.0,0.0,0,0,0.0,0.0,0,0.0,0.0,0.0,0,8600,representation,True,0.0,0.0135009765625,False,False,,20000,False,,20000,False,,20000
61001,8,512,aligned,baseline,0.002,0.5,0.2,0,0.2,,0010_aligned_61001,0,1.288912457996048,,416,0,0,0.0,0,5.134781488891349e-16,0.0,8.326672684688674e-17,50003,94.27256354276264,17.35803952524226,512,0,12.00822718762835,5.34981233761399,0,0.0,0.0,0.0,0,-1,representation,False,0.996484375,0.945087890625,True,True,1600.0,1600,True,1800.0,1800,True,6600.0,6600
61001,8,512,state_rotated,baseline,0.002,0.5,0.2,0,0.2,,0011_state_rotated_61001,0,0.1340730839874595,,818,0,0,0.0,0,2.914335439641036e-16,0.0,8.326672684688674e-17,1586,94.27256354276264,17.35803952524226,512,0,12.39557292270279,4.962466602539523,0,1.3877787807814457e-17,1.0408340855860844e-17,1.0408340855860844e-17,0,9400,representation,True,0.0,0.0210400390625,True,False,,20000,False,,20000,False,,20000
61001,8,1024,aligned,baseline,0.002,0.5,0.2,0,0.2,,0012_aligned_61001,0,1.2367071670014411,,727,0,0,0.0,0,5.134781488891349e-16,0.0,1.1102230246251563e-16,46518,188.54512708552588,34.716079050485185,1024,0,23.565894384921677,11.150184665562774,0,0.0,0.0,0.0,0,-1,representation,False,0.9994140625,0.9603564453125,True,True,1400.0,1400,True,1400.0,1400,True,2800.0,2800
61001,8,1024,state_rotated,baseline,0.002,0.5,0.2,0,0.2,,0013_state_rotated_61001,0,1.3075736670289189,,1854,0,0,0.0,0,5.134781488891349e-16,0.0,8.326672684688674e-17,44821,188.54512708552588,34.716079050485185,1024,0,25.29835009794578,9.41772895253884,0,1.3877787807814457e-17,1.7347234759768068e-17,1.3877787807814457e-17,0,-1,representation,False,0.9962890625,0.8778271484375,True,True,3400.0,3400,True,3400.0,3400,True,5000.0,5000
61001,8,0,none,baseline,0.002,0.5,0.2,0,0.2,,0014_none_61001,0,0.1075508749345317,,-1,0,0,0.0,0,2.914335439641036e-16,0.0,0.0,879,0.0,0.0,0,0,0.0,0.0,0,0.0,0.0,0.0,0,5600,representation,True,0.0,0.0117919921875,False,False,,20000,False,,20000,False,,20000
61001,4,512,aligned,baseline,0.002,0.5,0.2,0,0.2,,0015_aligned_61001,0,0.9056451249634848,,260,0,0,0.0,0,5.134781488891349e-16,0.0,8.326672684688674e-17,55622,94.27256354276264,17.35803952524226,512,0,12.312366513498322,5.045673011744008,0,0.0,0.0,0.0,0,-1,representation,False,0.998828125,0.9731298828125,True,True,1000.0,1000,True,1200.0,1200,True,2800.0,2800
61001,4,512,state_rotated,baseline,0.002,0.5,0.2,0,0.2,,0016_state_rotated_61001,0,0.9405136670684442,,447,0,0,0.0,0,5.134781488891349e-16,0.0,8.326672684688674e-17,55080,94.27256354276264,17.35803952524226,512,0,12.820462242816552,4.537577282425761,0,1.3877787807814457e-17,2.4286128663675302e-17,2.0816681711721685e-17,0,-1,representation,False,0.9962890625,0.930029296875,True,True,2200.0,2200,True,2200.0,2200,True,2800.0,2800
61001,4,1024,aligned,baseline,0.002,0.5,0.2,0,0.2,,0017_aligned_61001,0,0.8832739169010893,,442,0,0,0.0,0,5.134781488891349e-16,0.0,8.326672684688674e-17,51383,188.54512708552588,34.716079050485185,1024,0,23.852192713128943,10.863886337355543,0,0.0,0.0,0.0,0,-1,representation,False,0.998828125,0.97755859375,True,True,1000.0,1000,True,1000.0,1000,True,1800.0,1800
61001,4,1024,state_rotated,baseline,0.002,0.5,0.2,0,0.2,,0018_state_rotated_61001,0,0.8878766670823097,,921,0,0,0.0,0,5.134781488891349e-16,0.0,8.326672684688674e-17,47986,188.54512708552588,34.716079050485185,1024,0,26.030894904685283,8.685184145799315,0,1.3877787807814457e-17,2.7755575615628914e-17,2.0816681711721685e-17,0,-1,representation,False,0.998828125,0.9468896484375,True,True,1600.0,1600,True,1800.0,1800,True,2000.0,2000
61001,4,0,none,baseline,0.002,0.5,0.2,0,0.2,,0019_none_61001,0,0.1061035830061882,,-1,0,0,0.0,0,2.775557561562891e-16,0.0,0.0,1296,0.0,0.0,0,0,0.0,0.0,0,0.0,0.0,0.0,0,6600,representation,True,0.0,0.0152294921875,False,False,,20000,False,,20000,False,,20000
61002,8,512,aligned,baseline,0.002,0.5,0.2,0,0.2,,0020_aligned_61002,0,1.384469999931753,,448,0,0,0.0,0,5.134781488891349e-16,0.0,8.326672684688674e-17,57776,94.27256354276264,17.35803952524226,512,0,11.896961148303566,5.461078376938765,0,0.0,0.0,0.0,0,-1,representation,False,0.9943359375,0.9459033203125,True,True,1600.0,1600,True,2000.0,2000,True,4200.0,4200
61002,8,512,state_rotated,baseline,0.002,0.5,0.2,0,0.2,,0021_state_rotated_61002,0,1.3930122079327705,,734,0,0,0.0,0,5.134781488891349e-16,0.0,8.326672684688674e-17,48664,94.27256354276264,17.35803952524226,512,0,12.29133940843874,5.066700116803577,0,1.3877787807814457e-17,1.7347234759768068e-17,1.3877787807814457e-17,0,-1,representation,False,0.99296875,0.8836962890625,True,True,3400.0,3400,True,3600.0,3600,True,6800.0,6800
61002,8,1024,aligned,baseline,0.002,0.5,0.2,0,0.2,,0022_aligned_61002,0,1.2305249159689993,,738,0,0,0.0,0,5.134781488891349e-16,0.0,8.326672684688674e-17,45785,188.54512708552588,34.716079050485185,1024,0,23.52054775404131,11.19553129644314,0,0.0,0.0,0.0,0,-1,representation,False,0.99765625,0.9619287109375,True,True,1200.0,1200,True,1200.0,1200,True,2200.0,2200
61002,8,1024,state_rotated,baseline,0.002,0.5,0.2,0,0.2,,0023_state_rotated_61002,0,1.3064798340201378,,1494,0,0,0.0,0,5.134781488891349e-16,0.0,8.326672684688674e-17,43749,188.54512708552588,34.716079050485185,1024,0,25.24430494897546,9.47177410150918,0,1.3877787807814457e-17,2.0816681711721685e-17,2.0816681711721685e-17,0,-1,representation,False,0.9986328125,0.9089453125,True,True,2800.0,2800,True,3000.0,3000,True,3400.0,3400
61002,8,0,none,baseline,0.002,0.5,0.2,0,0.2,,0024_none_61002,0,0.1090549170039594,,-1,0,0,0.0,0,2.914335439641036e-16,0.0,0.0,913,0.0,0.0,0,0,0.0,0.0,0,0.0,0.0,0.0,0,6600,representation,True,0.0,0.0123876953125,False,False,,20000,False,,20000,False,,20000
61002,4,512,aligned,baseline,0.002,0.5,0.2,0,0.2,,0025_aligned_61002,0,0.8801556669641286,,340,0,0,0.0,0,5.134781488891349e-16,0.0,8.326672684688674e-17,51194,94.27256354276264,17.35803952524226,512,0,12.216980653472744,5.141058871769574,0,0.0,0.0,0.0,0,-1,representation,False,0.99921875,0.9675439453125,True,True,1200.0,1200,True,1200.0,1200,True,1400.0,1400
61002,4,512,state_rotated,baseline,0.002,0.5,0.2,0,0.2,,0026_state_rotated_61002,0,0.861426875111647,,527,0,0,0.0,0,5.134781488891349e-16,0.0,8.326672684688674e-17,43351,94.27256354276264,17.35803952524226,512,0,12.824056860423743,4.533982664818586,0,1.7347234759768068e-17,2.7755575615628914e-17,2.4286128663675302e-17,0,-1,representation,False,0.9990234375,0.9569140625,True,True,1400.0,1400,True,1600.0,1600,True,1600.0,1600
61002,4,1024,aligned,baseline,0.002,0.5,0.2,0,0.2,,0027_aligned_61002,0,0.8603748750174418,,585,0,0,0.0,0,5.134781488891349e-16,0.0,8.326672684688674e-17,48350,188.54512708552588,34.716079050485185,1024,0,23.743539853437333,10.972539197047125,0,0.0,0.0,0.0,0,-1,representation,False,0.99921875,0.971240234375,True,True,1000.0,1000,True,1000.0,1000,True,1200.0,1200
61002,4,1024,state_rotated,baseline,0.002,0.5,0.2,0,0.2,,0028_state_rotated_61002,0,0.8612595420563594,,839,0,0,0.0,0,5.134781488891349e-16,0.0,8.326672684688674e-17,43844,188.54512708552588,34.716079050485185,1024,0,26.031371549024936,8.684707501459698,0,1.3877787807814457e-17,2.4286128663675302e-17,2.0816681711721685e-17,0,-1,representation,False,0.9998046875,0.9587841796875,True,True,1400.0,1400,True,1400.0,1400,True,1600.0,1600
61002,4,0,none,baseline,0.002,0.5,0.2,0,0.2,,0029_none_61002,0,0.1039915829896926,,-1,0,0,0.0,0,2.775557561562891e-16,0.0,0.0,1206,0.0,0.0,0,0,0.0,0.0,0,0.0,0.0,0.0,0,4400,representation,True,0.0,0.0137451171875,False,False,,20000,False,,20000,False,,20000
61003,8,512,aligned,baseline,0.002,0.5,0.2,0,0.2,,0030_aligned_61003,0,1.4498089579865336,,391,0,0,0.0,0,5.134781488891349e-16,0.0,8.326672684688674e-17,62406,94.27256354276264,17.35803952524226,512,0,11.843184740571838,5.514854784670517,0,0.0,0.0,0.0,0,-1,representation,False,0.9865234375,0.9277685546875,True,True,2000.0,2000,True,2400.0,2400,False,,20000
61003,8,512,state_rotated,baseline,0.002,0.5,0.2,0,0.2,,0031_state_rotated_61003,0,1.494053417001851,,712,0,0,0.0,0,5.134781488891349e-16,0.0,8.326672684688674e-17,53491,94.27256354276264,17.35803952524226,512,0,12.20699868840324,5.15104083683909,0,1.3877787807814457e-17,1.7347234759768068e-17,1.3877787807814457e-17,0,-1,representation,False,0.9650390625,0.8176318359375,True,True,5200.0,5200,True,6600.0,6600,False,,20000
61003,8,1024,aligned,baseline,0.002,0.5,0.2,0,0.2,,0032_aligned_61003,0,1.2585394999478012,,742,0,0,0.0,0,5.134781488891349e-16,0.0,8.326672684688674e-17,48550,188.54512708552588,34.716079050485185,1024,0,23.36591093968732,11.350168110797169,0,0.0,0.0,0.0,0,-1,representation,False,0.9984375,0.9572265625,True,True,1400.0,1400,True,1400.0,1400,True,2800.0,2800
61003,8,1024,state_rotated,baseline,0.002,0.5,0.2,0,0.2,,0033_state_rotated_61003,0,1.3531632500234991,,1426,0,0,0.0,0,5.134781488891349e-16,0.0,8.326672684688674e-17,46287,188.54512708552588,34.716079050485185,1024,0,25.04197056007586,9.67410849040879,0,1.3877787807814457e-17,1.7347234759768068e-17,1.3877787807814457e-17,0,-1,representation,False,0.9947265625,0.90681640625,True,True,2800.0,2800,True,3000.0,3000,True,5600.0,5600
61003,8,0,none,baseline,0.002,0.5,0.2,0,0.2,,0034_none_61003,0,0.1115205829264596,,-1,0,0,0.0,0,2.775557561562891e-16,0.0,0.0,1022,0.0,0.0,0,0,0.0,0.0,0,0.0,0.0,0.0,0,6400,representation,True,0.0,0.01361328125,False,False,,20000,False,,20000,False,,20000
61003,4,512,aligned,baseline,0.002,0.5,0.2,0,0.2,,0035_aligned_61003,0,0.9063578750938176,,273,0,0,0.0,0,5.134781488891349e-16,0.0,8.326672684688674e-17,55043,94.27256354276264,17.35803952524226,512,0,12.24323149962087,5.114808025621469,0,0.0,0.0,0.0,0,-1,representation,False,0.9982421875,0.96767578125,True,True,1200.0,1200,True,1200.0,1200,True,2400.0,2400
61003,4,512,state_rotated,baseline,0.002,0.5,0.2,0,0.2,,0036_state_rotated_61003,0,0.8999422910856083,,446,0,0,0.0,0,5.134781488891349e-16,0.0,1.1102230246251563e-16,48977,94.27256354276264,17.35803952524226,512,0,12.711093124692445,4.646946400549882,0,1.3877787807814457e-17,2.0816681711721685e-17,1.7347234759768068e-17,0,-1,representation,False,0.9986328125,0.948759765625,True,True,1600.0,1600,True,1800.0,1800,True,2000.0,2000
61003,4,1024,aligned,baseline,0.002,0.5,0.2,0,0.2,,0037_aligned_61003,0,0.8688456249656156,,527,0,0,0.0,0,5.134781488891349e-16,0.0,8.326672684688674e-17,50691,188.54512708552588,34.716079050485185,1024,0,23.882267221744577,10.833811828739858,0,0.0,0.0,0.0,0,-1,representation,False,0.9994140625,0.9743994140625,True,True,800.0,800,True,1000.0,1000,True,1200.0,1200
61003,4,1024,state_rotated,baseline,0.002,0.5,0.2,0,0.2,,0038_state_rotated_61003,0,0.8497854169690982,,860,0,0,0.0,0,5.134781488891349e-16,0.0,1.1102230246251563e-16,42997,188.54512708552588,34.716079050485185,1024,0,25.845587753967365,8.87049129651726,0,1.3877787807814457e-17,2.7755575615628914e-17,2.0816681711721685e-17,0,-1,representation,False,0.9994140625,0.9551611328125,True,True,1400.0,1400,True,1400.0,1400,True,1600.0,1600
61003,4,0,none,baseline,0.002,0.5,0.2,0,0.2,,0039_none_61003,0,0.1157519998960197,,-1,0,0,0.0,0,2.914335439641036e-16,0.0,0.0,1765,0.0,0.0,0,0,0.0,0.0,0,0.0,0.0,0.0,0,10600,representation,True,0.0,0.020712890625,False,False,,20000,False,,20000,False,,20000
61004,8,512,aligned,baseline,0.002,0.5,0.2,0,0.2,,0040_aligned_61004,0,1.4307671249844134,,338,0,0,0.0,0,5.134781488891349e-16,0.0,8.326672684688674e-17,60723,94.27256354276264,17.35803952524226,512,0,11.984778041019206,5.373261484223132,0,0.0,0.0,0.0,0,-1,representation,False,0.9900390625,0.9205419921875,True,True,2800.0,2800,True,3200.0,3200,True,9200.0,9200
61004,8,512,state_rotated,baseline,0.002,0.5,0.2,0,0.2,,0041_state_rotated_61004,0,1.5516957079526037,,598,0,0,0.0,0,4.996003610813204e-16,0.0,8.326672684688674e-17,54303,94.27256354276264,17.35803952524226,512,0,12.288123280940884,5.069916244301435,0,1.3877787807814457e-17,1.7347234759768068e-17,1.3877787807814457e-17,0,-1,representation,False,0.92109375,0.73482421875,True,True,7400.0,7400,False,,20000,False,,20000
61004,8,1024,aligned,baseline,0.002,0.5,0.2,0,0.2,,0042_aligned_61004,0,1.26716112496797,,665,0,0,0.0,0,5.134781488891349e-16,0.0,8.326672684688674e-17,48556,188.54512708552588,34.716079050485185,1024,0,23.488996847692043,11.227082202792472,0,0.0,0.0,0.0,0,-1,representation,False,0.9982421875,0.9602392578125,True,True,1400.0,1400,True,1400.0,1400,True,2400.0,2400
61004,8,1024,state_rotated,baseline,0.002,0.5,0.2,0,0.2,,0043_state_rotated_61004,0,1.376169417053461,,1366,0,0,0.0,0,5.134781488891349e-16,0.0,1.3877787807814454e-16,48015,188.54512708552588,34.716079050485185,1024,0,25.110650574603497,9.605428475881158,0,1.3877787807814457e-17,1.3877787807814457e-17,1.3877787807814457e-17,0,-1,representation,False,0.9943359375,0.8962890625,True,True,3000.0,3000,True,3000.0,3000,True,4200.0,4200
61004,8,0,none,baseline,0.002,0.5,0.2,0,0.2,,0044_none_61004,0,0.109820417012088,,-1,0,0,0.0,0,2.914335439641036e-16,0.0,0.0,951,0.0,0.0,0,0,0.0,0.0,0,0.0,0.0,0.0,0,6200,representation,True,0.0,0.012666015625,False,False,,20000,False,,20000,False,,20000
61004,4,512,aligned,baseline,0.002,0.5,0.2,0,0.2,,0045_aligned_61004,0,0.9294673749245704,,265,0,0,0.0,0,5.134781488891349e-16,0.0,8.326672684688674e-17,52108,94.27256354276264,17.35803952524226,512,0,12.285012704351256,5.073026820891067,0,0.0,0.0,0.0,0,-1,representation,False,0.9990234375,0.971650390625,True,True,1000.0,1000,True,1200.0,1200,True,1400.0,1400
61004,4,512,state_rotated,baseline,0.002,0.5,0.2,0,0.2,,0046_state_rotated_61004,0,0.9790207910118623,,461,0,0,0.0,0,5.134781488891349e-16,0.0,8.326672684688674e-17,49325,94.27256354276264,17.35803952524226,512,0,12.747057394835846,4.6109821304064695,0,1.7347234759768068e-17,2.0816681711721685e-17,2.0816681711721685e-17,0,-1,representation,False,0.9974609375,0.9387060546875,True,True,2000.0,2000,True,2200.0,2200,True,5400.0,5400
61004,4,1024,aligned,baseline,0.002,0.5,0.2,0,0.2,,0047_aligned_61004,0,0.9217556670773774,,467,0,0,0.0,0,5.134781488891349e-16,0.0,8.326672684688674e-17,50351,188.54512708552588,34.716079050485185,1024,0,23.78873885495249,10.92734019553197,0,0.0,0.0,0.0,0,-1,representation,False,0.99921875,0.9781396484375,True,True,800.0,800,True,1000.0,1000,True,1200.0,1200
61004,4,1024,state_rotated,baseline,0.002,0.5,0.2,0,0.2,,0048_state_rotated_61004,0,0.9292517499998212,,884,0,0,0.0,0,5.134781488891349e-16,0.0,8.326672684688674e-17,47129,188.54512708552588,34.716079050485185,1024,0,26.03126859803366,8.68481045245097,0,1.3877787807814457e-17,2.7755575615628914e-17,2.4286128663675302e-17,0,-1,representation,False,0.9994140625,0.947529296875,True,True,1800.0,1800,True,1800.0,1800,True,2000.0,2000
61004,4,0,none,baseline,0.002,0.5,0.2,0,0.2,,0049_none_61004,0,0.1038677499163895,,-1,0,0,0.0,0,2.914335439641036e-16,0.0,0.0,1182,0.0,0.0,0,0,0.0,0.0,0,0.0,0.0,0.0,0,6200,representation,True,0.0,0.013955078125,False,False,,20000,False,,20000,False,,20000
61005,8,512,aligned,baseline,0.002,0.5,0.2,0,0.2,,0050_aligned_61005,0,1.3895551250316205,,389,0,0,0.0,0,5.134781488891349e-16,0.0,8.326672684688674e-17,57537,94.27256354276264,17.35803952524226,512,0,11.967472132369322,5.390567392873011,0,0.0,0.0,0.0,0,-1,representation,False,0.99375,0.946201171875,True,True,1800.0,1800,True,2000.0,2000,True,12000.0,12000
61005,8,512,state_rotated,baseline,0.002,0.5,0.2,0,0.2,,0051_state_rotated_61005,0,1.3547312079463154,,835,0,0,0.0,0,5.134781488891349e-16,0.0,8.326672684688674e-17,46171,94.27256354276264,17.35803952524226,512,0,12.285542412245888,5.072497112996428,0,1.3877787807814457e-17,1.7347234759768068e-17,1.3877787807814457e-17,0,-1,representation,False,0.99453125,0.875615234375,True,True,3600.0,3600,True,4000.0,4000,True,10600.0,10600
61005,8,1024,aligned,baseline,0.002,0.5,0.2,0,0.2,,0052_aligned_61005,0,1.257946916972287,,680,0,0,0.0,0,5.134781488891349e-16,0.0,8.326672684688674e-17,47693,188.54512708552588,34.716079050485185,1024,0,23.510429640340433,11.205649410144025,0,0.0,0.0,0.0,0,-1,representation,False,0.99921875,0.9623486328125,True,True,1400.0,1400,True,1400.0,1400,True,1800.0,1800
61005,8,1024,state_rotated,baseline,0.002,0.5,0.2,0,0.2,,0053_state_rotated_61005,0,1.293466500006616,,1792,0,0,0.0,0,5.134781488891349e-16,0.0,8.326672684688674e-17,43068,188.54512708552588,34.716079050485185,1024,0,25.35598076830326,9.360098282181344,0,1.3877787807814457e-17,1.7347234759768068e-17,1.3877787807814457e-17,0,-1,representation,False,0.9982421875,0.8949609375,True,True,2800.0,2800,True,3000.0,3000,True,3800.0,3800
61005,8,0,none,baseline,0.002,0.5,0.2,0,0.2,,0054_none_61005,0,0.1085978749906644,,-1,0,0,0.0,0,2.914335439641036e-16,0.0,0.0,893,0.0,0.0,0,0,0.0,0.0,0,0.0,0.0,0.0,0,8800,representation,True,0.0,0.0124365234375,False,False,,20000,False,,20000,False,,20000
61005,4,512,aligned,baseline,0.002,0.5,0.2,0,0.2,,0055_aligned_61005,0,0.8773703339975327,,299,0,0,0.0,0,5.134781488891349e-16,0.0,5.551115123125783e-17,51202,94.27256354276264,17.35803952524226,512,0,12.284077070151996,5.0739624550903475,0,0.0,0.0,0.0,0,-1,representation,False,0.9990234375,0.9697802734375,True,True,1200.0,1200,True,1200.0,1200,True,1400.0,1400
61005,4,512,state_rotated,baseline,0.002,0.5,0.2,0,0.2,,0056_state_rotated_61005,0,0.9204219169914722,,506,0,0,0.0,0,5.134781488891349e-16,0.0,8.326672684688674e-17,50543,94.27256354276264,17.35803952524226,512,0,12.751094142830649,4.606945382411674,0,1.3877787807814457e-17,2.0816681711721685e-17,2.0816681711721685e-17,0,-1,representation,False,0.9947265625,0.906064453125,True,True,2800.0,2800,True,2800.0,2800,True,8800.0,8800
61005,4,1024,aligned,baseline,0.002,0.5,0.2,0,0.2,,0057_aligned_61005,0,0.8748668329790235,,539,0,0,0.0,0,5.134781488891349e-16,0.0,5.551115123125783e-17,49763,188.54512708552588,34.716079050485185,1024,0,23.798514748546893,10.917564301937562,0,0.0,0.0,0.0,0,-1,representation,False,0.9998046875,0.9727294921875,True,True,1000.0,1000,True,1000.0,1000,True,1200.0,1200
61005,4,1024,state_rotated,baseline,0.002,0.5,0.2,0,0.2,,0058_state_rotated_61005,0,0.8530275410739705,,993,0,0,0.0,0,5.134781488891349e-16,0.0,8.326672684688674e-17,44456,188.54512708552588,34.716079050485185,1024,0,25.87749132334181,8.838587727142746,0,1.3877787807814457e-17,2.7755575615628914e-17,2.0816681711721685e-17,0,-1,representation,False,0.99921875,0.9449609375,True,True,1600.0,1600,True,1800.0,1800,True,1800.0,1800
61005,4,0,none,baseline,0.002,0.5,0.2,0,0.2,,0059_none_61005,0,0.1142593330005183,,-1,0,0,0.0,0,2.914335439641036e-16,0.0,0.0,1605,0.0,0.0,0,0,0.0,0.0,0,0.0,0.0,0.0,0,9400,representation,True,0.0,0.0190576171875,False,False,,20000,False,,20000,False,,20000
61006,8,512,aligned,baseline,0.002,0.5,0.2,0,0.2,,0060_aligned_61006,0,1.4922851250739768,,411,0,0,0.0,0,4.996003610813204e-16,0.0,8.326672684688674e-17,63112,94.27256354276264,17.35803952524226,512,0,11.944577851808388,5.413461673433956,0,0.0,0.0,0.0,0,-1,representation,False,0.9859375,0.9137744140625,True,True,2400.0,2400,True,6800.0,6800,False,,20000
61006,8,512,state_rotated,baseline,0.002,0.5,0.2,0,0.2,,0061_state_rotated_61006,0,1.6752105419291183,,908,0,0,0.0,0,5.134781488891349e-16,0.0,8.326672684688674e-17,65332,94.27256354276264,17.35803952524226,512,0,12.286647272784656,5.071392252457669,0,1.3877787807814457e-17,2.0816681711721685e-17,1.7347234759768068e-17,0,-1,representation,False,0.96953125,0.8450244140625,True,True,3600.0,3600,True,5000.0,5000,False,,20000
61006,8,1024,aligned,baseline,0.002,0.5,0.2,0,0.2,,0062_aligned_61006,0,1.2608949579298496,,770,0,0,0.0,0,5.134781488891349e-16,0.0,8.326672684688674e-17,47775,188.54512708552588,34.716079050485185,1024,0,23.468293270840334,11.247785779644136,0,0.0,0.0,0.0,0,-1,representation,False,0.998046875,0.957822265625,True,True,1400.0,1400,True,1400.0,1400,True,2400.0,2400
61006,8,1024,state_rotated,baseline,0.002,0.5,0.2,0,0.2,,0063_state_rotated_61006,0,1.295795166050084,,1856,0,0,0.0,0,5.134781488891349e-16,0.0,1.1102230246251563e-16,43108,188.54512708552588,34.716079050485185,1024,0,25.448851518458817,9.267227532025794,0,1.3877787807814457e-17,2.0816681711721685e-17,1.7347234759768068e-17,0,-1,representation,False,0.9982421875,0.889326171875,True,True,3200.0,3200,True,3200.0,3200,True,3400.0,3400
61006,8,0,none,baseline,0.002,0.5,0.2,0,0.2,,0064_none_61006,0,0.1084477090043947,,-1,0,0,0.0,0,2.775557561562891e-16,0.0,0.0,880,0.0,0.0,0,0,0.0,0.0,0,0.0,0.0,0.0,0,6600,representation,True,0.0,0.011767578125,False,False,,20000,False,,20000,False,,20000
61006,4,512,aligned,baseline,0.002,0.5,0.2,0,0.2,,0065_aligned_61006,0,0.9116803329670802,,282,0,0,0.0,0,5.134781488891349e-16,0.0,5.551115123125783e-17,55830,94.27256354276264,17.35803952524226,512,0,12.23038792779621,5.127651597446119,0,0.0,0.0,0.0,0,-1,representation,False,0.998046875,0.9693798828125,True,True,1000.0,1000,True,1200.0,1200,True,2000.0,2000
61006,4,512,state_rotated,baseline,0.002,0.5,0.2,0,0.2,,0066_state_rotated_61006,0,0.9423075419617816,,466,0,0,0.0,0,5.134781488891349e-16,0.0,8.326672684688674e-17,52543,94.27256354276264,17.35803952524226,512,0,12.694347095847563,4.663692429394763,0,1.3877787807814457e-17,2.0816681711721685e-17,1.7347234759768068e-17,0,-1,representation,False,0.996875,0.92642578125,True,True,2400.0,2400,True,2800.0,2800,True,3800.0,3800
61006,4,1024,aligned,baseline,0.002,0.5,0.2,0,0.2,,0067_aligned_61006,0,0.8819865409750491,,515,0,0,0.0,0,5.134781488891349e-16,0.0,8.326672684688674e-17,51804,188.54512708552588,34.716079050485185,1024,0,23.723589565651473,10.99248948483302,0,0.0,0.0,0.0,0,-1,representation,False,0.9994140625,0.974619140625,True,True,1000.0,1000,True,1000.0,1000,True,1400.0,1400
61006,4,1024,state_rotated,baseline,0.002,0.5,0.2,0,0.2,,0068_state_rotated_61006,0,0.9050302909454332,,902,0,0,0.0,0,5.134781488891349e-16,0.0,8.326672684688674e-17,47462,188.54512708552588,34.716079050485185,1024,0,25.72977700228338,8.986302048201239,0,1.3877787807814457e-17,2.4286128663675302e-17,2.0816681711721685e-17,0,-1,representation,False,0.998046875,0.9474169921875,True,True,1800.0,1800,True,1800.0,1800,True,2000.0,2000
61006,4,0,none,baseline,0.002,0.5,0.2,0,0.2,,0069_none_61006,0,0.1010762499645352,,-1,0,0,0.0,0,2.914335439641036e-16,0.0,0.0,1063,0.0,0.0,0,0,0.0,0.0,0,0.0,0.0,0.0,0,4200,representation,True,0.0,0.012216796875,False,False,,20000,False,,20000,False,,20000
61007,8,512,aligned,baseline,0.002,0.5,0.2,0,0.2,,0070_aligned_61007,0,1.4410114579368385,,426,0,0,0.0,0,4.996003610813204e-16,0.0,8.326672684688674e-17,60939,94.27256354276264,17.35803952524226,512,0,11.938365561550617,5.419673963691714,0,0.0,0.0,0.0,0,-1,representation,False,0.985546875,0.9301953125,True,True,2000.0,2000,True,2800.0,2800,True,12200.0,12200
61007,8,512,state_rotated,baseline,0.002,0.5,0.2,0,0.2,,0071_state_rotated_61007,0,1.5514302909141406,,795,0,0,0.0,0,5.134781488891349e-16,0.0,8.326672684688674e-17,57451,94.27256354276264,17.35803952524226,512,0,12.3213471770768,5.036692348165515,0,1.3877787807814457e-17,1.7347234759768068e-17,1.7347234759768068e-17,0,-1,representation,False,0.98203125,0.8414501953125,True,True,4000.0,4000,True,5600.0,5600,False,,20000
61007,8,1024,aligned,baseline,0.002,0.5,0.2,0,0.2,,0072_aligned_61007,0,1.275763624929823,,756,0,0,0.0,0,5.134781488891349e-16,0.0,1.1102230246251563e-16,49097,188.54512708552588,34.716079050485185,1024,0,23.482868461039462,11.233210589444994,0,0.0,0.0,0.0,0,-1,representation,False,0.998046875,0.9571337890625,True,True,1400.0,1400,True,1600.0,1600,True,3200.0,3200
61007,8,1024,state_rotated,baseline,0.002,0.5,0.2,0,0.2,,0073_state_rotated_61007,0,1.3656026249518618,,1594,0,0,0.0,0,5.134781488891349e-16,0.0,8.326672684688674e-17,47365,188.54512708552588,34.716079050485185,1024,0,25.178066861628043,9.538012188856554,0,1.3877787807814457e-17,1.7347234759768068e-17,1.3877787807814457e-17,0,-1,representation,False,0.9970703125,0.8999853515625,True,True,2800.0,2800,True,3000.0,3000,True,3200.0,3200
61007,8,0,none,baseline,0.002,0.5,0.2,0,0.2,,0074_none_61007,0,0.1083958749659359,,-1,0,0,0.0,0,2.914335439641036e-16,0.0,0.0,894,0.0,0.0,0,0,0.0,0.0,0,0.0,0.0,0.0,0,5200,representation,True,0.0,0.011982421875,False,False,,20000,False,,20000,False,,20000
61007,4,512,aligned,baseline,0.002,0.5,0.2,0,0.2,,0075_aligned_61007,0,0.8908187079941854,,299,0,0,0.0,0,5.134781488891349e-16,0.0,5.551115123125783e-17,53101,94.27256354276264,17.35803952524226,512,0,12.142043371100632,5.215996154141711,0,0.0,0.0,0.0,0,-1,representation,False,0.99921875,0.9707373046875,True,True,1000.0,1000,True,1200.0,1200,True,2000.0,2000
61007,4,512,state_rotated,baseline,0.002,0.5,0.2,0,0.2,,0076_state_rotated_61007,0,0.943121875054203,,472,0,0,0.0,0,5.134781488891349e-16,0.0,8.326672684688674e-17,51878,94.27256354276264,17.35803952524226,512,0,12.69892932988256,4.659110195359762,0,1.3877787807814457e-17,2.0816681711721685e-17,2.0816681711721685e-17,0,-1,representation,False,0.997265625,0.94830078125,True,True,1600.0,1600,True,1800.0,1800,True,3400.0,3400
61007,4,1024,aligned,baseline,0.002,0.5,0.2,0,0.2,,0077_aligned_61007,0,0.8676327499561012,,560,0,0,0.0,0,5.134781488891349e-16,0.0,8.326672684688674e-17,50473,188.54512708552588,34.716079050485185,1024,0,23.75190455244428,10.964174498040204,0,0.0,0.0,0.0,0,-1,representation,False,0.99921875,0.96990234375,True,True,1000.0,1000,True,1200.0,1200,True,1400.0,1400
61007,4,1024,state_rotated,baseline,0.002,0.5,0.2,0,0.2,,0078_state_rotated_61007,0,0.886343999998644,,823,0,0,0.0,0,5.134781488891349e-16,0.0,8.326672684688674e-17,46345,188.54512708552588,34.716079050485185,1024,0,26.09779609910093,8.618282951383732,0,1.7347234759768068e-17,2.0816681711721685e-17,2.0816681711721685e-17,0,-1,representation,False,0.9994140625,0.954287109375,True,True,1600.0,1600,True,1600.0,1600,True,2000.0,2000
61007,4,0,none,baseline,0.002,0.5,0.2,0,0.2,,0079_none_61007,0,0.0972528329584747,,-1,0,0,0.0,0,2.775557561562891e-16,0.0,0.0,903,0.0,0.0,0,0,0.0,0.0,0,0.0,0.0,0.0,0,5200,representation,True,0.0,0.0101953125,False,False,,20000,False,,20000,False,,20000
61008,8,512,aligned,baseline,0.002,0.5,0.2,0,0.2,,0080_aligned_61008,0,1.3985098330304029,,432,0,0,0.0,0,5.134781488891349e-16,0.0,8.326672684688674e-17,58524,94.27256354276264,17.35803952524226,512,0,11.866496964465506,5.491542560776825,0,0.0,0.0,0.0,0,-1,representation,False,0.9939453125,0.9350048828125,True,True,2200.0,2200,True,2600.0,2600,True,5400.0,5400
61008,8,512,state_rotated,baseline,0.002,0.5,0.2,0,0.2,,0081_state_rotated_61008,0,1.2896749579813331,,804,0,0,0.0,0,5.134781488891349e-16,0.0,1.1102230246251563e-16,42876,94.27256354276264,17.35803952524226,512,0,12.3126022740244,5.04543725121793,0,1.3877787807814457e-17,1.3877787807814457e-17,1.7347234759768068e-17,0,-1,representation,False,0.9966796875,0.880458984375,True,True,3400.0,3400,True,3800.0,3800,True,4600.0,4600
61008,8,1024,aligned,baseline,0.002,0.5,0.2,0,0.2,,0082_aligned_61008,0,1.2643521249992773,,762,0,0,0.0,0,5.134781488891349e-16,0.0,8.326672684688674e-17,48315,188.54512708552588,34.716079050485185,1024,0,23.43516287465782,11.280916175826686,0,0.0,0.0,0.0,0,-1,representation,False,0.9984375,0.9590185546875,True,True,1400.0,1400,True,1400.0,1400,True,2400.0,2400
61008,8,1024,state_rotated,baseline,0.002,0.5,0.2,0,0.2,,0083_state_rotated_61008,0,1.2706649579340592,,1694,0,0,0.0,0,5.134781488891349e-16,0.0,1.1102230246251563e-16,41957,188.54512708552588,34.716079050485185,1024,0,25.291981671147024,9.424097379337654,0,1.3877787807814457e-17,1.3877787807814457e-17,1.3877787807814457e-17,0,-1,representation,False,0.9994140625,0.8953662109375,True,True,3200.0,3200,True,3200.0,3200,True,3600.0,3600
61008,8,0,none,baseline,0.002,0.5,0.2,0,0.2,,0084_none_61008,0,0.1112502079922705,,-1,0,0,0.0,0,2.914335439641036e-16,0.0,0.0,961,0.0,0.0,0,0,0.0,0.0,0,0.0,0.0,0.0,0,6000,representation,True,0.0,0.0132568359375,False,False,,20000,False,,20000,False,,20000
61008,4,512,aligned,baseline,0.002,0.5,0.2,0,0.2,,0085_aligned_61008,0,0.9216325409943238,,292,0,0,0.0,0,5.134781488891349e-16,0.0,8.326672684688674e-17,57547,94.27256354276264,17.35803952524226,512,0,12.211706779143745,5.146332746098591,0,0.0,0.0,0.0,0,-1,representation,False,0.99921875,0.97029296875,True,True,1000.0,1000,True,1200.0,1200,True,2000.0,2000
61008,4,512,state_rotated,baseline,0.002,0.5,0.2,0,0.2,,0086_state_rotated_61008,0,0.8991071250056848,,474,0,0,0.0,0,5.134781488891349e-16,0.0,8.326672684688674e-17,49964,94.27256354276264,17.35803952524226,512,0,12.725840218162356,4.632199307079959,0,1.3877787807814457e-17,2.7755575615628914e-17,2.0816681711721685e-17,0,-1,representation,False,0.9998046875,0.9441845703125,True,True,1800.0,1800,True,1800.0,1800,True,2200.0,2200
61008,4,1024,aligned,baseline,0.002,0.5,0.2,0,0.2,,0087_aligned_61008,0,0.8702661249553785,,502,0,0,0.0,0,5.134781488891349e-16,0.0,8.326672684688674e-17,50060,188.54512708552588,34.716079050485185,1024,0,23.772897547562852,10.943181502921602,0,0.0,0.0,0.0,0,-1,representation,False,0.999609375,0.974462890625,True,True,1000.0,1000,True,1000.0,1000,True,1200.0,1200
61008,4,1024,state_rotated,baseline,0.002,0.5,0.2,0,0.2,,0088_state_rotated_61008,0,0.8875621659681201,,898,0,0,0.0,0,5.134781488891349e-16,0.0,8.326672684688674e-17,48172,188.54512708552588,34.716079050485185,1024,0,26.229133517948892,8.486945532535735,0,1.3877787807814457e-17,2.7755575615628914e-17,2.4286128663675302e-17,0,-1,representation,False,0.99921875,0.9478271484375,True,True,1600.0,1600,True,1800.0,1800,True,2000.0,2000
61008,4,0,none,baseline,0.002,0.5,0.2,0,0.2,,0089_none_61008,0,0.0998222919879481,,-1,0,0,0.0,0,2.775557561562891e-16,0.0,0.0,951,0.0,0.0,0,0,0.0,0.0,0,0.0,0.0,0.0,0,5200,representation,True,0.0,0.0108349609375,False,False,,20000,False,,20000,False,,20000
61009,8,512,aligned,baseline,0.002,0.5,0.2,0,0.2,,0090_aligned_61009,0,1.33376341604162,,480,0,0,0.0,0,5.134781488891349e-16,0.0,8.326672684688674e-17,53207,94.27256354276264,17.35803952524226,512,0,11.84630600870478,5.511733516537555,0,0.0,0.0,0.0,0,-1,representation,False,0.99609375,0.9312109375,True,True,2200.0,2200,True,2400.0,2400,True,6800.0,6800
61009,8,512,state_rotated,baseline,0.002,0.5,0.2,0,0.2,,0091_state_rotated_61009,0,1.2761809580260888,,774,0,0,0.0,0,5.134781488891349e-16,0.0,8.326672684688674e-17,41058,94.27256354276264,17.35803952524226,512,0,12.24806217371231,5.109977351530027,0,1.3877787807814457e-17,1.3877787807814457e-17,1.0408340855860844e-17,0,-1,representation,False,0.99765625,0.88791015625,True,True,3600.0,3600,True,3600.0,3600,True,5000.0,5000
61009,8,1024,aligned,baseline,0.002,0.5,0.2,0,0.2,,0092_aligned_61009,0,1.2546117500169205,,787,0,0,0.0,0,5.134781488891349e-16,0.0,8.326672684688674e-17,47299,188.54512708552588,34.716079050485185,1024,0,23.334385395315543,11.381693655168943,0,0.0,0.0,0.0,0,-1,representation,False,0.998046875,0.956904296875,True,True,1400.0,1400,True,1400.0,1400,True,2200.0,2200
61009,8,1024,state_rotated,baseline,0.002,0.5,0.2,0,0.2,,0093_state_rotated_61009,0,1.257017874973826,,1474,0,0,0.0,0,5.134781488891349e-16,0.0,8.326672684688674e-17,40714,188.54512708552588,34.716079050485185,1024,0,25.39197295976063,9.324106090723998,0,1.3877787807814457e-17,2.0816681711721685e-17,1.3877787807814457e-17,0,-1,representation,False,0.998828125,0.9078369140625,True,True,2800.0,2800,True,3000.0,3000,True,3200.0,3200
61009,8,0,none,baseline,0.002,0.5,0.2,0,0.2,,0094_none_61009,0,0.1091405419865623,,-1,0,0,0.0,0,2.914335439641036e-16,0.0,0.0,906,0.0,0.0,0,0,0.0,0.0,0,0.0,0.0,0.0,0,7200,representation,True,0.0,0.01232421875,False,False,,20000,False,,20000,False,,20000
61009,4,512,aligned,baseline,0.002,0.5,0.2,0,0.2,,0095_aligned_61009,0,0.8955694580217823,,311,0,0,0.0,0,5.134781488891349e-16,0.0,8.326672684688674e-17,54256,94.27256354276264,17.35803952524226,512,0,12.128910174405917,5.2291293508364065,0,0.0,0.0,0.0,0,-1,representation,False,0.999609375,0.9689599609375,True,True,1000.0,1000,True,1200.0,1200,True,2000.0,2000
61009,4,512,state_rotated,baseline,0.002,0.5,0.2,0,0.2,,0096_state_rotated_61009,0,0.8897376250242814,,528,0,0,0.0,0,5.134781488891349e-16,0.0,8.326672684688674e-17,46276,94.27256354276264,17.35803952524226,512,0,12.803050732530645,4.554988792711674,0,1.3877787807814457e-17,2.0816681711721685e-17,1.7347234759768068e-17,0,-1,representation,False,0.9986328125,0.9473046875,True,True,1600.0,1600,True,1800.0,1800,True,2000.0,2000
61009,4,1024,aligned,baseline,0.002,0.5,0.2,0,0.2,,0097_aligned_61009,0,0.8663783330703154,,558,0,0,0.0,0,5.134781488891349e-16,0.0,8.326672684688674e-17,48291,188.54512708552588,34.716079050485185,1024,0,23.69105637486774,11.02502267561676,0,0.0,0.0,0.0,0,-1,representation,False,0.999609375,0.971513671875,True,True,1000.0,1000,True,1000.0,1000,True,1400.0,1400
61009,4,1024,state_rotated,baseline,0.002,0.5,0.2,0,0.2,,0098_state_rotated_61009,0,0.852827415918,,961,0,0,0.0,0,5.134781488891349e-16,0.0,8.326672684688674e-17,43467,188.54512708552588,34.716079050485185,1024,0,26.312103612199596,8.403975438285027,0,1.3877787807814457e-17,2.7755575615628914e-17,2.0816681711721685e-17,0,-1,representation,False,0.99921875,0.9497802734375,True,True,1600.0,1600,True,1600.0,1600,True,1600.0,1600
61009,4,0,none,baseline,0.002,0.5,0.2,0,0.2,,0099_none_61009,0,0.1037431659642607,,-1,0,0,0.0,0,2.914335439641036e-16,0.0,0.0,1162,0.0,0.0,0,0,0.0,0.0,0,0.0,0.0,0.0,0,6400,representation,True,0.0,0.013701171875,False,False,,20000,False,,20000,False,,20000
61010,8,512,aligned,baseline,0.002,0.5,0.2,0,0.2,,0100_aligned_61010,0,1.41268062510062,,369,0,0,0.0,0,5.134781488891349e-16,0.0,8.326672684688674e-17,57095,94.27256354276264,17.35803952524226,512,0,11.880425546123403,5.47761397911893,0,0.0,0.0,0.0,0,-1,representation,False,0.9947265625,0.9431201171875,True,True,1800.0,1800,True,2000.0,2000,True,6000.0,6000
61010,8,512,state_rotated,baseline,0.002,0.5,0.2,0,0.2,,0101_state_rotated_61010,0,1.499491124995984,,716,0,0,0.0,0,5.134781488891349e-16,0.0,8.326672684688674e-17,53904,94.27256354276264,17.35803952524226,512,0,12.263014310936422,5.095025214305909,0,1.3877787807814457e-17,1.7347234759768068e-17,1.7347234759768068e-17,0,-1,representation,False,0.9939453125,0.89029296875,True,True,3200.0,3200,True,3400.0,3400,True,5200.0,5200
61010,8,1024,aligned,baseline,0.002,0.5,0.2,0,0.2,,0102_aligned_61010,0,1.308214833959937,,674,0,0,0.0,0,5.134781488891349e-16,0.0,8.326672684688674e-17,48901,188.54512708552588,34.716079050485185,1024,0,23.4605026127049,11.25557643777958,0,0.0,0.0,0.0,0,-1,representation,False,0.997265625,0.96330078125,True,True,1200.0,1200,True,1400.0,1400,True,1600.0,1600
61010,8,1024,state_rotated,baseline,0.002,0.5,0.2,0,0.2,,0103_state_rotated_61010,0,1.3721246250206605,,1432,0,0,0.0,0,5.134781488891349e-16,0.0,1.1102230246251563e-16,46281,188.54512708552588,34.716079050485185,1024,0,25.28009178530397,9.43598726518064,0,1.3877787807814457e-17,2.0816681711721685e-17,1.7347234759768068e-17,0,-1,representation,False,0.9978515625,0.920517578125,True,True,2200.0,2200,True,2400.0,2400,True,2400.0,2400
61010,8,0,none,baseline,0.002,0.5,0.2,0,0.2,,0104_none_61010,0,0.1125155829358846,,-1,0,0,0.0,0,2.914335439641036e-16,0.0,0.0,1014,0.0,0.0,0,0,0.0,0.0,0,0.0,0.0,0.0,0,6800,representation,True,0.0,0.0136328125,False,False,,20000,False,,20000,False,,20000
61010,4,512,aligned,baseline,0.002,0.5,0.2,0,0.2,,0105_aligned_61010,0,0.9000134590314701,,271,0,0,0.0,0,5.134781488891349e-16,0.0,8.326672684688674e-17,54217,94.27256354276264,17.35803952524226,512,0,12.302306916994825,5.0557326082475065,0,0.0,0.0,0.0,0,-1,representation,False,0.99921875,0.9732275390625,True,True,1000.0,1000,True,1000.0,1000,True,1200.0,1200
61010,4,512,state_rotated,baseline,0.002,0.5,0.2,0,0.2,,0106_state_rotated_61010,0,0.9227055830415338,,451,0,0,0.0,0,5.134781488891349e-16,0.0,8.326672684688674e-17,48107,94.27256354276264,17.35803952524226,512,0,12.882184295473406,4.475855229768923,0,1.3877787807814457e-17,2.0816681711721685e-17,1.7347234759768068e-17,0,-1,representation,False,0.996875,0.9410400390625,True,True,1800.0,1800,True,2000.0,2000,True,3000.0,3000
61010,4,1024,aligned,baseline,0.002,0.5,0.2,0,0.2,,0107_aligned_61010,0,0.8648495419183746,,510,0,0,0.0,0,5.134781488891349e-16,0.0,8.326672684688674e-17,48657,188.54512708552588,34.716079050485185,1024,0,23.889523652711535,10.826555397772948,0,0.0,0.0,0.0,0,-1,representation,False,0.9982421875,0.973203125,True,True,1000.0,1000,True,1000.0,1000,True,1200.0,1200
61010,4,1024,state_rotated,baseline,0.002,0.5,0.2,0,0.2,,0108_state_rotated_61010,0,0.8672612080117688,,964,0,0,0.0,0,5.134781488891349e-16,0.0,8.326672684688674e-17,44983,188.54512708552588,34.716079050485185,1024,0,26.18647589961396,8.529603150870631,0,2.7755575615628914e-17,2.0816681711721685e-17,2.0816681711721685e-17,0,-1,representation,False,0.99921875,0.946416015625,True,True,1600.0,1600,True,1800.0,1800,True,1800.0,1800
61010,4,0,none,baseline,0.002,0.5,0.2,0,0.2,,0109_none_61010,0,0.1025487500010058,,-1,0,0,0.0,0,2.914335439641036e-16,0.0,0.0,1086,0.0,0.0,0,0,0.0,0.0,0,0.0,0.0,0.0,0,7000,representation,True,0.0,0.012568359375,False,False,,20000,False,,20000,False,,20000
61011,8,512,aligned,baseline,0.002,0.5,0.2,0,0.2,,0110_aligned_61011,0,1.4328498329268768,,382,0,0,0.0,0,5.134781488891349e-16,0.0,1.1102230246251563e-16,61175,94.27256354276264,17.35803952524226,512,0,11.958711628774225,5.399327896468096,0,0.0,0.0,0.0,0,-1,representation,False,0.993359375,0.930751953125,True,True,2200.0,2200,True,3000.0,3000,True,11600.0,11600
61011,8,512,state_rotated,baseline,0.002,0.5,0.2,0,0.2,,0111_state_rotated_61011,0,1.6851186249405146,,651,0,0,0.0,0,4.996003610813204e-16,0.0,8.326672684688674e-17,64605,94.27256354276264,17.35803952524226,512,0,12.236233055698884,5.121806469543442,0,1.3877787807814457e-17,2.0816681711721685e-17,1.3877787807814457e-17,0,-1,representation,False,0.958203125,0.83546875,True,True,4000.0,4000,True,10800.0,10800,False,,20000
61011,8,1024,aligned,baseline,0.002,0.5,0.2,0,0.2,,0112_aligned_61011,0,1.2560764589579776,,680,0,0,0.0,0,5.134781488891349e-16,0.0,1.1102230246251563e-16,46971,188.54512708552588,34.716079050485185,1024,0,23.46725570563609,11.248823344848358,0,0.0,0.0,0.0,0,-1,representation,False,0.9982421875,0.96361328125,True,True,1200.0,1200,True,1400.0,1400,True,2400.0,2400
61011,8,1024,state_rotated,baseline,0.002,0.5,0.2,0,0.2,,0113_state_rotated_61011,0,1.34766749991104,,1389,0,0,0.0,0,5.134781488891349e-16,0.0,8.326672684688674e-17,45078,188.54512708552588,34.716079050485185,1024,0,25.07895372160369,9.637125328880972,0,1.3877787807814457e-17,2.0816681711721685e-17,1.7347234759768068e-17,0,-1,representation,False,0.9974609375,0.90791015625,True,True,2800.0,2800,True,3000.0,3000,True,5600.0,5600
61011,8,0,none,baseline,0.002,0.5,0.2,0,0.2,,0114_none_61011,0,0.1123412500601261,,-1,0,0,0.0,0,2.914335439641036e-16,0.0,0.0,977,0.0,0.0,0,0,0.0,0.0,0,0.0,0.0,0.0,0,5600,representation,True,0.0,0.0132373046875,False,False,,20000,False,,20000,False,,20000
61011,4,512,aligned,baseline,0.002,0.5,0.2,0,0.2,,0115_aligned_61011,0,0.8929039159556851,,250,0,0,0.0,0,5.134781488891349e-16,0.0,5.551115123125783e-17,53461,94.27256354276264,17.35803952524226,512,0,12.25553686015847,5.10250266508386,0,0.0,0.0,0.0,0,-1,representation,False,0.998046875,0.974990234375,True,True,1000.0,1000,True,1000.0,1000,True,1600.0,1600
61011,4,512,state_rotated,baseline,0.002,0.5,0.2,0,0.2,,0116_state_rotated_61011,0,0.9416187499882652,,428,0,0,0.0,0,5.134781488891349e-16,0.0,8.326672684688674e-17,54528,94.27256354276264,17.35803952524226,512,0,12.798430677719958,4.559608847522379,0,1.3877787807814457e-17,2.4286128663675302e-17,2.0816681711721685e-17,0,-1,representation,False,0.9978515625,0.9498193359375,True,True,1600.0,1600,True,1800.0,1800,True,2200.0,2200
61011,4,1024,aligned,baseline,0.002,0.5,0.2,0,0.2,,0117_aligned_61011,0,0.8841559579595923,,452,0,0,0.0,0,5.134781488891349e-16,0.0,5.551115123125783e-17,51626,188.54512708552588,34.716079050485185,1024,0,23.809977733456677,10.906101317027783,0,0.0,0.0,0.0,0,-1,representation,False,0.9990234375,0.9779296875,True,True,800.0,800,True,1000.0,1000,True,1200.0,1200
61011,4,1024,state_rotated,baseline,0.002,0.5,0.2,0,0.2,,0118_state_rotated_61011,0,0.9726209160871804,,857,0,0,0.0,0,5.134781488891349e-16,0.0,8.326672684688674e-17,48501,188.54512708552588,34.716079050485185,1024,0,25.899622399551717,8.816456650932903,0,1.3877787807814457e-17,2.4286128663675302e-17,2.0816681711721685e-17,0,-1,representation,False,0.9990234375,0.9516796875,True,True,1600.0,1600,True,1600.0,1600,True,1800.0,1800
61011,4,0,none,baseline,0.002,0.5,0.2,0,0.2,,0119_none_61011,0,0.1094304999569431,,-1,0,0,0.0,0,2.914335439641036e-16,0.0,0.0,1387,0.0,0.0,0,0,0.0,0.0,0,0.0,0.0,0.0,0,5400,representation,True,0.0,0.0158544921875,False,False,,20000,False,,20000,False,,20000
61012,8,512,aligned,baseline,0.002,0.5,0.2,0,0.2,,0120_aligned_61012,0,1.5206444580107927,,440,0,0,0.0,0,5.134781488891349e-16,0.0,8.326672684688674e-17,61012,94.27256354276264,17.35803952524226,512,0,11.912600185152622,5.445439340089718,0,0.0,0.0,0.0,0,-1,representation,False,0.9845703125,0.9213232421875,True,True,2200.0,2200,True,2800.0,2800,False,,20000
61012,8,512,state_rotated,baseline,0.002,0.5,0.2,0,0.2,,0121_state_rotated_61012,0,1.494099541916512,,800,0,0,0.0,0,5.134781488891349e-16,0.0,8.326672684688674e-17,50524,94.27256354276264,17.35803952524226,512,0,12.3614362242423,4.996603301000032,0,1.3877787807814457e-17,1.3877787807814457e-17,1.3877787807814457e-17,0,-1,representation,False,0.9873046875,0.8566064453125,True,True,4200.0,4200,True,4400.0,4400,False,,20000
61012,8,1024,aligned,baseline,0.002,0.5,0.2,0,0.2,,0122_aligned_61012,0,1.3282284160377458,,728,0,0,0.0,0,5.134781488891349e-16,0.0,8.326672684688674e-17,48073,188.54512708552588,34.716079050485185,1024,0,23.436632106473866,11.279446944010672,0,0.0,0.0,0.0,0,-1,representation,False,0.9982421875,0.9587451171875,True,True,1400.0,1400,True,1600.0,1600,True,2800.0,2800
61012,8,1024,state_rotated,baseline,0.002,0.5,0.2,0,0.2,,0123_state_rotated_61012,0,1.320310959010385,,1474,0,0,0.0,0,5.134781488891349e-16,0.0,1.1102230246251563e-16,43363,188.54512708552588,34.716079050485185,1024,0,25.39731883409279,9.318760216391851,0,1.3877787807814457e-17,1.7347234759768068e-17,1.7347234759768068e-17,0,-1,representation,False,0.998046875,0.9062890625,True,True,2800.0,2800,True,3000.0,3000,True,4600.0,4600
61012,8,0,none,baseline,0.002,0.5,0.2,0,0.2,,0124_none_61012,0,0.1032147080404684,,-1,0,0,0.0,0,2.914335439641036e-16,0.0,0.0,753,0.0,0.0,0,0,0.0,0.0,0,0.0,0.0,0.0,0,4000,representation,True,0.0,0.010048828125,False,False,,20000,False,,20000,False,,20000
61012,4,512,aligned,baseline,0.002,0.5,0.2,0,0.2,,0125_aligned_61012,0,0.91430245898664,,297,0,0,0.0,0,5.134781488891349e-16,0.0,5.551115123125783e-17,56805,94.27256354276264,17.35803952524226,512,0,12.196023904547204,5.162015620695133,0,0.0,0.0,0.0,0,-1,representation,False,0.9982421875,0.9726904296875,True,True,1000.0,1000,True,1000.0,1000,True,1200.0,1200
61012,4,512,state_rotated,baseline,0.002,0.5,0.2,0,0.2,,0126_state_rotated_61012,0,0.931416624924168,,516,0,0,0.0,0,5.134781488891349e-16,0.0,8.326672684688674e-17,52400,94.27256354276264,17.35803952524226,512,0,12.768799905109251,4.589239620133062,0,1.3877787807814457e-17,2.7755575615628914e-17,2.0816681711721685e-17,0,-1,representation,False,0.99765625,0.9484130859375,True,True,1600.0,1600,True,1800.0,1800,True,2200.0,2200
61012,4,1024,aligned,baseline,0.002,0.5,0.2,0,0.2,,0127_aligned_61012,0,0.87116066692397,,523,0,0,0.0,0,5.134781488891349e-16,0.0,8.326672684688674e-17,50437,188.54512708552588,34.716079050485185,1024,0,23.723365031019284,10.99271401946517,0,0.0,0.0,0.0,0,-1,representation,False,0.9990234375,0.9740771484375,True,True,1000.0,1000,True,1000.0,1000,True,1200.0,1200
61012,4,1024,state_rotated,baseline,0.002,0.5,0.2,0,0.2,,0128_state_rotated_61012,0,0.8775523750809953,,915,0,0,0.0,0,5.134781488891349e-16,0.0,8.326672684688674e-17,46776,188.54512708552588,34.716079050485185,1024,0,26.127403009055858,8.588676041428801,0,1.5612511283791264e-17,2.7755575615628914e-17,2.0816681711721685e-17,0,-1,representation,False,0.9994140625,0.951123046875,True,True,1600.0,1600,True,1600.0,1600,True,1800.0,1800
61012,4,0,none,baseline,0.002,0.5,0.2,0,0.2,,0129_none_61012,0,0.1111457080114632,,-1,0,0,0.0,0,2.914335439641036e-16,0.0,0.0,1539,0.0,0.0,0,0,0.0,0.0,0,0.0,0.0,0.0,0,10400,representation,True,0.0,0.01859375,False,False,,20000,False,,20000,False,,20000
61013,8,512,aligned,baseline,0.002,0.5,0.2,0,0.2,,0130_aligned_61013,0,1.378328041988425,,472,0,0,0.0,0,5.134781488891349e-16,0.0,8.326672684688674e-17,56233,94.27256354276264,17.35803952524226,512,0,11.95027475868528,5.407764766557057,0,0.0,0.0,0.0,0,-1,representation,False,0.990234375,0.927822265625,True,True,2000.0,2000,True,2400.0,2400,True,15600.0,15600
61013,8,512,state_rotated,baseline,0.002,0.5,0.2,0,0.2,,0131_state_rotated_61013,0,1.548318124958314,,813,0,0,0.0,0,5.134781488891349e-16,0.0,8.326672684688674e-17,56022,94.27256354276264,17.35803952524226,512,0,12.275719151121246,5.082320374121077,0,1.3877787807814457e-17,1.3877787807814457e-17,1.3877787807814457e-17,0,-1,representation,False,0.9693359375,0.8483642578125,True,True,4000.0,4000,True,5200.0,5200,False,,20000
61013,8,1024,aligned,baseline,0.002,0.5,0.2,0,0.2,,0132_aligned_61013,0,1.281683124951087,,781,0,0,0.0,0,5.134781488891349e-16,0.0,8.326672684688674e-17,49285,188.54512708552588,34.716079050485185,1024,0,23.4624388126907,11.25364023779378,0,0.0,0.0,0.0,0,-1,representation,False,0.9986328125,0.955537109375,True,True,1400.0,1400,True,1600.0,1600,True,2400.0,2400
61013,8,1024,state_rotated,baseline,0.002,0.5,0.2,0,0.2,,0133_state_rotated_61013,0,1.3114617500687018,,1576,0,0,0.0,0,5.134781488891349e-16,0.0,8.326672684688674e-17,43203,188.54512708552588,34.716079050485185,1024,0,25.16068298769789,9.555396062786732,0,1.3877787807814457e-17,1.7347234759768068e-17,1.7347234759768068e-17,0,-1,representation,False,0.9966796875,0.8934521484375,True,True,3200.0,3200,True,3400.0,3400,True,4000.0,4000
61013,8,0,none,baseline,0.002,0.5,0.2,0,0.2,,0134_none_61013,0,0.1138596250675618,,-1,0,0,0.0,0,2.914335439641036e-16,0.0,0.0,1023,0.0,0.0,0,0,0.0,0.0,0,0.0,0.0,0.0,0,7200,representation,True,0.0,0.0141357421875,False,False,,20000,False,,20000,False,,20000
61013,4,512,aligned,baseline,0.002,0.5,0.2,0,0.2,,0135_aligned_61013,0,0.8651176249841228,,284,0,0,0.0,0,5.134781488891349e-16,0.0,8.326672684688674e-17,50317,94.27256354276264,17.35803952524226,512,0,12.22728379406303,5.130755731179314,0,0.0,0.0,0.0,0,-1,representation,False,0.9986328125,0.9708056640625,True,True,1000.0,1000,True,1200.0,1200,True,1400.0,1400
61013,4,512,state_rotated,baseline,0.002,0.5,0.2,0,0.2,,0136_state_rotated_61013,0,0.8894763749558479,,542,0,0,0.0,0,5.134781488891349e-16,0.0,1.1102230246251563e-16,46316,94.27256354276264,17.35803952524226,512,0,12.835680380708489,4.522359144533835,0,1.3877787807814457e-17,2.7755575615628914e-17,2.0816681711721685e-17,0,-1,representation,False,0.99921875,0.9431787109375,True,True,1800.0,1800,True,2000.0,2000,True,2200.0,2200
61013,4,1024,aligned,baseline,0.002,0.5,0.2,0,0.2,,0137_aligned_61013,0,0.8740202090702951,,505,0,0,0.0,0,5.134781488891349e-16,0.0,8.326672684688674e-17,50574,188.54512708552588,34.716079050485185,1024,0,23.828424838471403,10.887654212013032,0,0.0,0.0,0.0,0,-1,representation,False,0.99921875,0.9748388671875,True,True,1000.0,1000,True,1000.0,1000,True,1200.0,1200
61013,4,1024,state_rotated,baseline,0.002,0.5,0.2,0,0.2,,0138_state_rotated_61013,0,0.8629163330188021,,997,0,0,0.0,0,5.134781488891349e-16,0.0,1.1102230246251563e-16,44369,188.54512708552588,34.716079050485185,1024,0,26.247284811692783,8.468794238791821,0,1.3877787807814457e-17,2.0816681711721685e-17,1.7347234759768068e-17,0,-1,representation,False,0.9998046875,0.9484716796875,True,True,1600.0,1600,True,1600.0,1600,True,1800.0,1800
61013,4,0,none,baseline,0.002,0.5,0.2,0,0.2,,0139_none_61013,0,0.0978499579941853,,-1,0,0,0.0,0,2.914335439641036e-16,0.0,0.0,931,0.0,0.0,0,0,0.0,0.0,0,0.0,0.0,0.0,0,4600,representation,True,0.0,0.0106689453125,False,False,,20000,False,,20000,False,,20000
61014,8,512,aligned,baseline,0.002,0.5,0.2,0,0.2,,0140_aligned_61014,0,1.379177249968052,,383,0,0,0.0,0,5.134781488891349e-16,0.0,8.326672684688674e-17,54578,94.27256354276264,17.35803952524226,512,0,11.985084250517149,5.372955274725171,0,0.0,0.0,0.0,0,-1,representation,False,0.990625,0.931826171875,True,True,1800.0,1800,True,2200.0,2200,False,,20000
61014,8,512,state_rotated,baseline,0.002,0.5,0.2,0,0.2,,0141_state_rotated_61014,0,1.5106250420212746,,631,0,0,0.0,0,5.134781488891349e-16,0.0,1.1102230246251563e-16,53958,94.27256354276264,17.35803952524226,512,0,12.281938440980758,5.076101084261572,0,1.3877787807814457e-17,1.3877787807814457e-17,1.3877787807814457e-17,0,-1,representation,False,0.970703125,0.837529296875,True,True,4200.0,4200,True,4600.0,4600,False,,20000
61014,8,1024,aligned,baseline,0.002,0.5,0.2,0,0.2,,0142_aligned_61014,0,1.2828749580075964,,668,0,0,0.0,0,5.134781488891349e-16,0.0,8.326672684688674e-17,49695,188.54512708552588,34.716079050485185,1024,0,23.522043655920747,11.19403539456375,0,0.0,0.0,0.0,0,-1,representation,False,0.9970703125,0.96318359375,True,True,1200.0,1200,True,1400.0,1400,True,2400.0,2400
61014,8,1024,state_rotated,baseline,0.002,0.5,0.2,0,0.2,,0143_state_rotated_61014,0,1.3846686659380794,,1300,0,0,0.0,0,5.134781488891349e-16,0.0,1.1102230246251563e-16,47898,188.54512708552588,34.716079050485185,1024,0,25.093522453409864,9.622556597074771,0,1.3877787807814457e-17,1.7347234759768068e-17,1.7347234759768068e-17,0,-1,representation,False,0.996875,0.906572265625,True,True,2800.0,2800,True,3000.0,3000,True,4000.0,4000
61014,8,0,none,baseline,0.002,0.5,0.2,0,0.2,,0144_none_61014,0,0.1153288750210776,,-1,0,0,0.0,0,2.914335439641036e-16,0.0,0.0,970,0.0,0.0,0,0,0.0,0.0,0,0.0,0.0,0.0,0,7000,representation,True,0.0,0.0136865234375,False,False,,20000,False,,20000,False,,20000
61014,4,512,aligned,baseline,0.002,0.5,0.2,0,0.2,,0145_aligned_61014,0,0.9171003750525416,,269,0,0,0.0,0,5.134781488891349e-16,0.0,8.326672684688674e-17,55082,94.27256354276264,17.35803952524226,512,0,12.26536950875911,5.092670016483204,0,0.0,0.0,0.0,0,-1,representation,False,0.9990234375,0.9736328125,True,True,1000.0,1000,True,1200.0,1200,True,3000.0,3000
61014,4,512,state_rotated,baseline,0.002,0.5,0.2,0,0.2,,0146_state_rotated_61014,0,0.9089270420372486,,440,0,0,0.0,0,5.134781488891349e-16,0.0,8.326672684688674e-17,46059,94.27256354276264,17.35803952524226,512,0,12.736902604184074,4.621136921058257,0,1.3877787807814457e-17,2.0816681711721685e-17,2.0816681711721685e-17,0,-1,representation,False,0.9986328125,0.949814453125,True,True,1600.0,1600,True,1800.0,1800,True,2000.0,2000
61014,4,1024,aligned,baseline,0.002,0.5,0.2,0,0.2,,0147_aligned_61014,0,0.881888167001307,,466,0,0,0.0,0,5.134781488891349e-16,0.0,8.326672684688674e-17,51831,188.54512708552588,34.716079050485185,1024,0,23.72321956215579,10.992859488328705,0,0.0,0.0,0.0,0,-1,representation,False,0.9986328125,0.9766064453125,True,True,1000.0,1000,True,1000.0,1000,True,1400.0,1400
61014,4,1024,state_rotated,baseline,0.002,0.5,0.2,0,0.2,,0148_state_rotated_61014,0,0.864021334098652,,847,0,0,0.0,0,5.134781488891349e-16,0.0,8.326672684688674e-17,44092,188.54512708552588,34.716079050485185,1024,0,25.79808355527362,8.917995495210981,0,1.3877787807814457e-17,2.4286128663675302e-17,2.4286128663675302e-17,0,-1,representation,False,0.9998046875,0.9563525390625,True,True,1400.0,1400,True,1600.0,1600,True,1800.0,1800
61014,4,0,none,baseline,0.002,0.5,0.2,0,0.2,,0149_none_61014,0,0.1204212500015273,,-1,0,0,0.0,0,2.914335439641036e-16,0.0,0.0,1946,0.0,0.0,0,0,0.0,0.0,0,0.0,0.0,0.0,0,10000,representation,True,0.0,0.0236279296875,False,False,,20000,False,,20000,False,,20000
61015,8,512,aligned,baseline,0.002,0.5,0.2,0,0.2,,0150_aligned_61015,0,1.3766974159516394,,399,0,0,0.0,0,5.134781488891349e-16,0.0,8.326672684688674e-17,55712,94.27256354276264,17.35803952524226,512,0,11.996647178310171,5.361392346932142,0,0.0,0.0,0.0,0,-1,representation,False,0.994921875,0.93826171875,True,True,2000.0,2000,True,2400.0,2400,True,12000.0,12000
61015,8,512,state_rotated,baseline,0.002,0.5,0.2,0,0.2,,0151_state_rotated_61015,0,1.336755207972601,,670,0,0,0.0,0,4.996003610813204e-16,0.0,8.326672684688674e-17,43720,94.27256354276264,17.35803952524226,512,0,12.211971997176589,5.146067528065715,0,1.3877787807814457e-17,1.3877787807814457e-17,1.3877787807814457e-17,0,-1,representation,False,0.930078125,0.6460400390625,True,True,11000.0,11000,False,,20000,False,,20000
61015,8,1024,aligned,baseline,0.002,0.5,0.2,0,0.2,,0152_aligned_61015,0,1.301813125028275,,676,0,0,0.0,0,5.134781488891349e-16,0.0,8.326672684688674e-17,50546,188.54512708552588,34.716079050485185,1024,0,23.41977523496944,11.296303815515014,0,0.0,0.0,0.0,0,-1,representation,False,0.9978515625,0.9616064453125,True,True,1200.0,1200,True,1400.0,1400,True,3400.0,3400
61015,8,1024,state_rotated,baseline,0.002,0.5,0.2,0,0.2,,0153_state_rotated_61015,0,1.356335417018272,,1573,0,0,0.0,0,5.134781488891349e-16,0.0,8.326672684688674e-17,46767,188.54512708552588,34.716079050485185,1024,0,25.13559110374463,9.580487946739984,0,1.3877787807814457e-17,1.3877787807814457e-17,1.7347234759768068e-17,0,-1,representation,False,0.9974609375,0.8851171875,True,True,3600.0,3600,True,3600.0,3600,True,6600.0,6600
61015,8,0,none,baseline,0.002,0.5,0.2,0,0.2,,0154_none_61015,0,0.1089449160499498,,-1,0,0,0.0,0,2.914335439641036e-16,0.0,0.0,917,0.0,0.0,0,0,0.0,0.0,0,0.0,0.0,0.0,0,6800,representation,True,0.0,0.012548828125,False,False,,20000,False,,20000,False,,20000
61015,4,512,aligned,baseline,0.002,0.5,0.2,0,0.2,,0155_aligned_61015,0,0.8641443749656901,,260,0,0,0.0,0,5.134781488891349e-16,0.0,5.551115123125783e-17,50041,94.27256354276264,17.35803952524226,512,0,12.312551665894237,5.0454878593480945,0,0.0,0.0,0.0,0,-1,representation,False,0.9990234375,0.971044921875,True,True,1000.0,1000,True,1200.0,1200,True,1400.0,1400
61015,4,512,state_rotated,baseline,0.002,0.5,0.2,0,0.2,,0156_state_rotated_61015,0,0.8572279589716345,,421,0,0,0.0,0,5.134781488891349e-16,0.0,8.326672684688674e-17,45467,94.27256354276264,17.35803952524226,512,0,12.68490655729796,4.673132967944356,0,1.3877787807814457e-17,2.0816681711721685e-17,1.7347234759768068e-17,0,-1,representation,False,0.9994140625,0.94474609375,True,True,1800.0,1800,True,2000.0,2000,True,2200.0,2200
61015,4,1024,aligned,baseline,0.002,0.5,0.2,0,0.2,,0157_aligned_61015,0,0.8613575419876724,,496,0,0,0.0,0,5.134781488891349e-16,0.0,8.326672684688674e-17,48422,188.54512708552588,34.716079050485185,1024,0,23.753434935228796,10.962644115255705,0,0.0,0.0,0.0,0,-1,representation,False,0.99921875,0.975361328125,True,True,1000.0,1000,True,1000.0,1000,True,1400.0,1400
61015,4,1024,state_rotated,baseline,0.002,0.5,0.2,0,0.2,,0158_state_rotated_61015,0,0.8646842079469934,,853,0,0,0.0,0,5.134781488891349e-16,0.0,8.326672684688674e-17,45325,188.54512708552588,34.716079050485185,1024,0,25.617130748862586,9.098948301622006,0,1.3877787807814457e-17,2.7755575615628914e-17,2.0816681711721685e-17,0,-1,representation,False,0.9994140625,0.9534765625,True,True,1600.0,1600,True,1600.0,1600,True,1800.0,1800
61015,4,0,none,baseline,0.002,0.5,0.2,0,0.2,,0159_none_61015,0,0.1094410000368952,,-1,0,0,0.0,0,2.914335439641036e-16,0.0,0.0,1418,0.0,0.0,0,0,0.0,0.0,0,0.0,0.0,0.0,0,7400,representation,True,0.0,0.016826171875,False,False,,20000,False,,20000,False,,20000
61016,8,512,aligned,baseline,0.002,0.5,0.2,0,0.2,,0160_aligned_61016,0,1.4063821659656242,,387,0,0,0.0,0,5.134781488891349e-16,0.0,8.326672684688674e-17,58057,94.27256354276264,17.35803952524226,512,0,11.982163711177629,5.3758758140647025,0,0.0,0.0,0.0,0,-1,representation,False,0.989453125,0.9268798828125,True,True,2200.0,2200,True,3200.0,3200,True,12800.0,12800
61016,8,512,state_rotated,baseline,0.002,0.5,0.2,0,0.2,,0161_state_rotated_61016,0,1.4717385829426348,,653,0,0,0.0,0,4.996003610813204e-16,0.0,1.3877787807814454e-16,53245,94.27256354276264,17.35803952524226,512,0,12.216060329052633,5.141979196189675,0,1.3877787807814457e-17,1.7347234759768068e-17,1.7347234759768068e-17,0,-1,representation,False,0.9677734375,0.77060546875,True,True,6200.0,6200,True,9200.0,9200,False,,20000
61016,8,1024,aligned,baseline,0.002,0.5,0.2,0,0.2,,0162_aligned_61016,0,1.2710492910118774,,683,0,0,0.0,0,5.134781488891349e-16,0.0,8.326672684688674e-17,48298,188.54512708552588,34.716079050485185,1024,0,23.56707508569163,11.149003964792849,0,0.0,0.0,0.0,0,-1,representation,False,0.998046875,0.9608837890625,True,True,1400.0,1400,True,1400.0,1400,True,2000.0,2000
61016,8,1024,state_rotated,baseline,0.002,0.5,0.2,0,0.2,,0163_state_rotated_61016,0,1.3563205830287188,,1519,0,0,0.0,0,5.134781488891349e-16,0.0,1.3877787807814454e-16,47249,188.54512708552588,34.716079050485185,1024,0,25.08441552915916,9.631663521325446,0,1.3877787807814457e-17,2.0816681711721685e-17,1.7347234759768068e-17,0,-1,representation,False,0.9974609375,0.891708984375,True,True,3200.0,3200,True,3400.0,3400,True,4200.0,4200
61016,8,0,none,baseline,0.002,0.5,0.2,0,0.2,,0164_none_61016,0,0.1122552079614251,,-1,0,0,0.0,0,2.914335439641036e-16,0.0,0.0,1008,0.0,0.0,0,0,0.0,0.0,0,0.0,0.0,0.0,0,8000,representation,True,0.0,0.013779296875,False,False,,20000,False,,20000,False,,20000
61016,4,512,aligned,baseline,0.002,0.5,0.2,0,0.2,,0165_aligned_61016,0,0.9141980420099572,,275,0,0,0.0,0,5.134781488891349e-16,0.0,8.326672684688674e-17,56932,94.27256354276264,17.35803952524226,512,0,12.195917728469864,5.162121796772463,0,0.0,0.0,0.0,0,-1,representation,False,0.9978515625,0.9705224609375,True,True,1200.0,1200,True,1200.0,1200,True,3000.0,3000
61016,4,512,state_rotated,baseline,0.002,0.5,0.2,0,0.2,,0166_state_rotated_61016,0,0.985352374962531,,369,0,0,0.0,0,5.134781488891349e-16,0.0,8.326672684688674e-17,58803,94.27256354276264,17.35803952524226,512,0,12.65527036261237,4.702769162629961,0,1.3877787807814457e-17,2.7755575615628914e-17,2.0816681711721685e-17,0,-1,representation,False,0.9966796875,0.9511767578125,True,True,1600.0,1600,True,1800.0,1800,True,4200.0,4200
61016,4,1024,aligned,baseline,0.002,0.5,0.2,0,0.2,,0167_aligned_61016,0,0.891920541995205,,492,0,0,0.0,0,5.134781488891349e-16,0.0,8.326672684688674e-17,53005,188.54512708552588,34.716079050485185,1024,0,23.78284610459444,10.933232945890031,0,0.0,0.0,0.0,0,-1,representation,False,0.9982421875,0.975478515625,True,True,1000.0,1000,True,1000.0,1000,True,1400.0,1400
61016,4,1024,state_rotated,baseline,0.002,0.5,0.2,0,0.2,,0168_state_rotated_61016,0,0.9042122910032048,,720,0,0,0.0,0,5.134781488891349e-16,0.0,8.326672684688674e-17,49848,188.54512708552588,34.716079050485185,1024,0,25.59558834171561,9.120490708768996,0,1.3877787807814457e-17,2.7755575615628914e-17,2.0816681711721685e-17,0,-1,representation,False,0.9986328125,0.9607080078125,True,True,1400.0,1400,True,1400.0,1400,True,1600.0,1600
61016,4,0,none,baseline,0.002,0.5,0.2,0,0.2,,0169_none_61016,0,0.1087459579575806,,-1,0,0,0.0,0,2.914335439641036e-16,0.0,0.0,1391,0.0,0.0,0,0,0.0,0.0,0,0.0,0.0,0.0,0,6400,representation,True,0.0,0.0165234375,False,False,,20000,False,,20000,False,,20000
61017,8,512,aligned,baseline,0.002,0.5,0.2,0,0.2,,0170_aligned_61017,0,1.4511888329871,,348,0,0,0.0,0,5.134781488891349e-16,0.0,8.326672684688674e-17,61726,94.27256354276264,17.35803952524226,512,0,11.966490354078877,5.391549171163461,0,0.0,0.0,0.0,0,-1,representation,False,0.987109375,0.924794921875,True,True,2200.0,2200,True,2600.0,2600,False,,20000
61017,8,512,state_rotated,baseline,0.002,0.5,0.2,0,0.2,,0171_state_rotated_61017,0,1.4601631670957431,,609,0,0,0.0,0,5.134781488891349e-16,0.0,1.1102230246251563e-16,53759,94.27256354276264,17.35803952524226,512,0,12.203016687577913,5.155022837664433,0,1.3877787807814457e-17,1.3877787807814457e-17,1.3877787807814457e-17,0,-1,representation,False,0.965625,0.7659326171875,True,True,7000.0,7000,True,8600.0,8600,False,,20000
61017,8,1024,aligned,baseline,0.002,0.5,0.2,0,0.2,,0172_aligned_61017,0,1.2714851249475032,,673,0,0,0.0,0,5.134781488891349e-16,0.0,8.326672684688674e-17,49186,188.54512708552588,34.716079050485185,1024,0,23.48831746561233,11.22776158487218,0,0.0,0.0,0.0,0,-1,representation,False,0.997265625,0.961748046875,True,True,1200.0,1200,True,1400.0,1400,True,3800.0,3800
61017,8,1024,state_rotated,baseline,0.002,0.5,0.2,0,0.2,,0173_state_rotated_61017,0,1.374210249981843,,1330,0,0,0.0,0,5.134781488891349e-16,0.0,1.1102230246251563e-16,47679,188.54512708552588,34.716079050485185,1024,0,24.975950550105782,9.740128500378852,0,1.3877787807814457e-17,2.0816681711721685e-17,2.0816681711721685e-17,0,-1,representation,False,0.9966796875,0.9027685546875,True,True,3000.0,3000,True,3200.0,3200,True,5200.0,5200
61017,8,0,none,baseline,0.002,0.5,0.2,0,0.2,,0174_none_61017,0,0.1089387090178206,,-1,0,0,0.0,0,2.775557561562891e-16,0.0,0.0,920,0.0,0.0,0,0,0.0,0.0,0,0.0,0.0,0.0,0,5000,representation,True,0.0,0.012138671875,False,False,,20000,False,,20000,False,,20000
61017,4,512,aligned,baseline,0.002,0.5,0.2,0,0.2,,0175_aligned_61017,0,0.928932624985464,,256,0,0,0.0,0,5.134781488891349e-16,0.0,5.551115123125783e-17,56971,94.27256354276264,17.35803952524226,512,0,12.29969202211488,5.0583475031274485,0,0.0,0.0,0.0,0,-1,representation,False,0.9986328125,0.96982421875,True,True,1000.0,1000,True,1400.0,1400,True,5400.0,5400
61017,4,512,state_rotated,baseline,0.002,0.5,0.2,0,0.2,,0176_state_rotated_61017,0,0.9614498340524732,,437,0,0,0.0,0,5.134781488891349e-16,0.0,8.326672684688674e-17,54841,94.27256354276264,17.35803952524226,512,0,12.889246192496332,4.468793332745978,0,1.3877787807814457e-17,2.0816681711721685e-17,2.7755575615628914e-17,0,-1,representation,False,0.9966796875,0.950126953125,True,True,1600.0,1600,True,1600.0,1600,True,2200.0,2200
61017,4,1024,aligned,baseline,0.002,0.5,0.2,0,0.2,,0177_aligned_61017,0,0.8901107920100912,,482,0,0,0.0,0,5.134781488891349e-16,0.0,5.551115123125783e-17,51684,188.54512708552588,34.716079050485185,1024,0,23.82182361546405,10.894255435020447,0,0.0,0.0,0.0,0,-1,representation,False,0.9982421875,0.975146484375,True,True,1000.0,1000,True,1000.0,1000,True,2000.0,2000
61017,4,1024,state_rotated,baseline,0.002,0.5,0.2,0,0.2,,0178_state_rotated_61017,0,0.8906827080063522,,814,0,0,0.0,0,5.134781488891349e-16,0.0,8.326672684688674e-17,48021,188.54512708552588,34.716079050485185,1024,0,26.11038627314225,8.60569277734234,0,1.3877787807814457e-17,2.7755575615628914e-17,2.0816681711721685e-17,0,-1,representation,False,0.998828125,0.9560302734375,True,True,1400.0,1400,True,1400.0,1400,True,1600.0,1600
61017,4,0,none,baseline,0.002,0.5,0.2,0,0.2,,0179_none_61017,0,0.109994624974206,,-1,0,0,0.0,0,2.914335439641036e-16,0.0,0.0,1414,0.0,0.0,0,0,0.0,0.0,0,0.0,0.0,0.0,0,5400,representation,True,0.0,0.01642578125,False,False,,20000,False,,20000,False,,20000
61018,8,512,aligned,baseline,0.002,0.5,0.2,0,0.2,,0180_aligned_61018,0,1.4541268750326708,,385,0,0,0.0,0,5.134781488891349e-16,0.0,8.326672684688674e-17,60004,94.27256354276264,17.35803952524226,512,0,11.95000808950847,5.408031435733865,0,0.0,0.0,0.0,0,-1,representation,False,0.983203125,0.9186181640625,True,True,2200.0,2200,True,3200.0,3200,False,,20000
61018,8,512,state_rotated,baseline,0.002,0.5,0.2,0,0.2,,0181_state_rotated_61018,0,1.3318838329287246,,657,0,0,0.0,0,5.134781488891349e-16,0.0,8.326672684688674e-17,44488,94.27256354276264,17.35803952524226,512,0,12.241821514548375,5.116218010693941,0,1.3877787807814457e-17,1.7347234759768068e-17,1.7347234759768068e-17,0,-1,representation,False,0.9884765625,0.846953125,True,True,4400.0,4400,True,4600.0,4600,True,11400.0,11400
61018,8,1024,aligned,baseline,0.002,0.5,0.2,0,0.2,,0182_aligned_61018,0,1.266991457901895,,711,0,0,0.0,0,5.134781488891349e-16,0.0,8.326672684688674e-17,47682,188.54512708552588,34.716079050485185,1024,0,23.4823738829956,11.233705167488903,0,0.0,0.0,0.0,0,-1,representation,False,0.9982421875,0.95830078125,True,True,1400.0,1400,True,1600.0,1600,True,3000.0,3000
61018,8,1024,state_rotated,baseline,0.002,0.5,0.2,0,0.2,,0183_state_rotated_61018,0,1.3105291669489816,,1490,0,0,0.0,0,5.134781488891349e-16,0.0,8.326672684688674e-17,44048,188.54512708552588,34.716079050485185,1024,0,25.14122284661219,9.574856203872422,0,1.3877787807814457e-17,1.7347234759768068e-17,1.7347234759768068e-17,0,-1,representation,False,0.9970703125,0.8971826171875,True,True,3200.0,3200,True,3200.0,3200,True,4400.0,4400
61018,8,0,none,baseline,0.002,0.5,0.2,0,0.2,,0184_none_61018,0,0.1229967090766877,,-1,0,0,0.0,0,2.775557561562891e-16,0.0,0.0,1345,0.0,0.0,0,0,0.0,0.0,0,0.0,0.0,0.0,0,7600,representation,True,0.0,0.0187353515625,False,False,,20000,False,,20000,False,,20000
61018,4,512,aligned,baseline,0.002,0.5,0.2,0,0.2,,0185_aligned_61018,0,0.943412083084695,,255,0,0,0.0,0,5.134781488891349e-16,0.0,8.326672684688674e-17,60198,94.27256354276264,17.35803952524226,512,0,12.234614743270344,5.123424781971994,0,0.0,0.0,0.0,0,-1,representation,False,0.9982421875,0.9677734375,True,True,1200.0,1200,True,1200.0,1200,True,4200.0,4200
61018,4,512,state_rotated,baseline,0.002,0.5,0.2,0,0.2,,0186_state_rotated_61018,0,0.9339131669839844,,432,0,0,0.0,0,5.134781488891349e-16,0.0,8.326672684688674e-17,50790,94.27256354276264,17.35803952524226,512,0,12.758345225284431,4.599694299957892,0,1.3877787807814457e-17,2.0816681711721685e-17,2.0816681711721685e-17,0,-1,representation,False,0.9966796875,0.9325048828125,True,True,2000.0,2000,True,2200.0,2200,True,2800.0,2800
61018,4,1024,aligned,baseline,0.002,0.5,0.2,0,0.2,,0187_aligned_61018,0,0.879299416905269,,478,0,0,0.0,0,5.134781488891349e-16,0.0,8.326672684688674e-17,50584,188.54512708552588,34.716079050485185,1024,0,23.77313943151395,10.942939618970552,0,0.0,0.0,0.0,0,-1,representation,False,0.998828125,0.9758642578125,True,True,1000.0,1000,True,1000.0,1000,True,1400.0,1400
61018,4,1024,state_rotated,baseline,0.002,0.5,0.2,0,0.2,,0188_state_rotated_61018,0,0.877896917052567,,877,0,0,0.0,0,5.134781488891349e-16,0.0,8.326672684688674e-17,44581,188.54512708552588,34.716079050485185,1024,0,25.85539459712764,8.860684453356976,0,1.3877787807814457e-17,2.4286128663675302e-17,2.0816681711721685e-17,0,-1,representation,False,0.99921875,0.9529345703125,True,True,1400.0,1400,True,1600.0,1600,True,1600.0,1600
61018,4,0,none,baseline,0.002,0.5,0.2,0,0.2,,0189_none_61018,0,0.1270503749838099,,-1,0,0,0.0,0,2.914335439641036e-16,0.0,0.0,1444,0.0,0.0,0,0,0.0,0.0,0,0.0,0.0,0.0,0,8200,representation,True,0.0,0.0168212890625,False,False,,20000,False,,20000,False,,20000
61019,8,512,aligned,baseline,0.002,0.5,0.2,0,0.2,,0190_aligned_61019,0,1.4219020410673693,,412,0,0,0.0,0,5.134781488891349e-16,0.0,8.326672684688674e-17,56880,94.27256354276264,17.35803952524226,512,0,11.89716428422613,5.460875241016215,0,0.0,0.0,0.0,0,-1,representation,False,0.98984375,0.933466796875,True,True,2200.0,2200,True,4000.0,4000,True,11200.0,11200
61019,8,512,state_rotated,baseline,0.002,0.5,0.2,0,0.2,,0191_state_rotated_61019,0,1.623700707918033,,677,0,0,0.0,0,5.134781488891349e-16,0.0,8.326672684688674e-17,60401,94.27256354276264,17.35803952524226,512,0,12.281648517993755,5.076391007248561,0,1.3877787807814457e-17,1.7347234759768068e-17,1.3877787807814457e-17,0,-1,representation,False,0.9705078125,0.837333984375,True,True,4200.0,4200,True,6000.0,6000,False,,20000
61019,8,1024,aligned,baseline,0.002,0.5,0.2,0,0.2,,0192_aligned_61019,0,1.267753333086148,,707,0,0,0.0,0,5.134781488891349e-16,0.0,8.326672684688674e-17,46685,188.54512708552588,34.716079050485185,1024,0,23.41594397163965,11.300135078844844,0,0.0,0.0,0.0,0,-1,representation,False,0.998046875,0.9616943359375,True,True,1400.0,1400,True,1600.0,1600,True,2200.0,2200
61019,8,1024,state_rotated,baseline,0.002,0.5,0.2,0,0.2,,0193_state_rotated_61019,0,1.327443000045605,,1438,0,0,0.0,0,5.134781488891349e-16,0.0,1.1102230246251563e-16,45166,188.54512708552588,34.716079050485185,1024,0,25.142685832280595,9.573393218203956,0,1.3877787807814457e-17,1.3877787807814457e-17,1.7347234759768068e-17,0,-1,representation,False,0.9994140625,0.9096533203125,True,True,2800.0,2800,True,2800.0,2800,True,3000.0,3000
61019,8,0,none,baseline,0.002,0.5,0.2,0,0.2,,0194_none_61019,0,0.108041416038759,,-1,0,0,0.0,0,2.775557561562891e-16,0.0,0.0,860,0.0,0.0,0,0,0.0,0.0,0,0.0,0.0,0.0,0,5600,representation,True,0.0,0.01166015625,False,False,,20000,False,,20000,False,,20000
61019,4,512,aligned,baseline,0.002,0.5,0.2,0,0.2,,0195_aligned_61019,0,0.9315942079992964,,269,0,0,0.0,0,5.134781488891349e-16,0.0,5.551115123125783e-17,58079,94.27256354276264,17.35803952524226,512,0,12.196253177334974,5.161786347907356,0,0.0,0.0,0.0,0,-1,representation,False,0.9982421875,0.97177734375,True,True,1000.0,1000,True,1200.0,1200,True,2000.0,2000
61019,4,512,state_rotated,baseline,0.002,0.5,0.2,0,0.2,,0196_state_rotated_61019,0,0.8698624999960884,,396,0,0,0.0,0,5.134781488891349e-16,0.0,8.326672684688674e-17,46217,94.27256354276264,17.35803952524226,512,0,12.83498980463189,4.52304972061044,0,1.3877787807814457e-17,2.0816681711721685e-17,1.7347234759768068e-17,0,-1,representation,False,0.9990234375,0.959814453125,True,True,1400.0,1400,True,1600.0,1600,True,1600.0,1600
61019,4,1024,aligned,baseline,0.002,0.5,0.2,0,0.2,,0197_aligned_61019,0,0.8833149160491303,,493,0,0,0.0,0,5.134781488891349e-16,0.0,8.326672684688674e-17,51833,188.54512708552588,34.716079050485185,1024,0,23.730924030833883,10.985155019650644,0,0.0,0.0,0.0,0,-1,representation,False,0.998828125,0.9749853515625,True,True,1000.0,1000,True,1000.0,1000,True,1400.0,1400
61019,4,1024,state_rotated,baseline,0.002,0.5,0.2,0,0.2,,0198_state_rotated_61019,0,0.8874731669202447,,696,0,0,0.0,0,5.134781488891349e-16,0.0,8.326672684688674e-17,47968,188.54512708552588,34.716079050485185,1024,0,25.906329337230265,8.809749713254366,0,1.3877787807814457e-17,2.0816681711721685e-17,2.0816681711721685e-17,0,-1,representation,False,0.9994140625,0.96484375,True,True,1200.0,1200,True,1200.0,1200,True,1800.0,1800
61019,4,0,none,baseline,0.002,0.5,0.2,0,0.2,,0199_none_61019,0,0.1061510420404374,,-1,0,0,0.0,0,2.914335439641036e-16,0.0,0.0,1327,0.0,0.0,0,0,0.0,0.0,0,0.0,0.0,0.0,0,5000,representation,True,0.0,0.015517578125,False,False,,20000,False,,20000,False,,20000
62000,8,512,aligned,baseline,0.002,0.5,0.2,1,0.0,,0000_aligned_62000,0,1.214315625024028,,463,42319,19456507,0.0,0,4.579669976578771e-16,0.0,8.326672684688674e-17,42830,94.27256354276264,17.35803952524226,512,0,11.969225821813616,5.388813703428708,0,0.0,0.0,0.0,0,-1,mechanism,False,0.9982421875,0.959482421875,True,True,1200.0,1200,True,1400.0,1400,True,1600.0,1600
62000,8,512,aligned,baseline,0.002,0.5,0.2,1,0.2,,0001_aligned_62000,0,1.359648499987088,,463,51923,19031457,0.0,0,5.134781488891349e-16,0.0,8.326672684688674e-17,52434,94.27256354276264,17.35803952524226,512,0,11.969225821813616,5.388813703428708,0,0.0,0.0,0.0,0,-1,mechanism,False,0.99453125,0.9389599609375,True,True,2000.0,2000,True,2200.0,2200,True,6400.0,6400
62000,8,512,aligned,baseline,0.002,0.5,0.2,1,0.8,,0002_aligned_62000,0,1.1962457089684904,,463,41530,19517040,0.0,0,5.134781488891349e-16,0.0,8.326672684688674e-17,42041,94.27256354276264,17.35803952524226,512,0,11.969225821813616,5.388813703428708,0,0.0,0.0,0.0,0,-1,mechanism,False,0.998828125,0.9629248046875,True,True,1200.0,1200,True,1200.0,1200,True,1400.0,1400
62000,8,512,aligned,baseline,0.002,0.5,0.2,2,0.0,,0003_aligned_62000,0,0.1077739580068737,,463,366,25330,31.03023354728902,0,2.914335439641036e-16,0.0,8.326672684688674e-17,877,94.27256354276264,17.35803952524226,512,0,11.969225821813616,5.388813703428708,0,0.0,0.0,0.0,0,4600,mechanism,True,0.0,0.0091943359375,True,False,,20000,False,,20000,False,,20000
62000,8,512,aligned,baseline,0.002,0.5,0.2,2,0.2,,0004_aligned_62000,0,1.4330915829632431,,463,51814,15580737,12257.251800287491,0,4.996003610813204e-16,0.0,8.326672684688674e-17,52325,94.27256354276264,17.35803952524226,512,0,11.969225821813616,5.388813703428708,0,0.0,0.0,0.0,0,-1,mechanism,False,0.9669921875,0.7702294921875,True,True,7400.0,7400,True,19200.0,19200,False,,20000
62000,8,512,aligned,baseline,0.002,0.5,0.2,2,0.8,,0005_aligned_62000,0,1.2350081250770018,,463,41427,19268114,5122.5708376498815,0,5.134781488891349e-16,0.0,8.326672684688674e-17,41938,94.27256354276264,17.35803952524226,512,0,11.969225821813616,5.388813703428708,0,0.0,0.0,0.0,0,-1,mechanism,False,0.9958984375,0.950703125,True,True,1600.0,1600,True,1800.0,1800,True,2000.0,2000
62000,8,512,state_rotated,baseline,0.002,0.5,0.2,1,0.0,,0006_state_rotated_62000,0,1.076234917039983,,820,34399,13211175,0.0,0,2.914335439641036e-16,0.0,8.326672684688674e-17,34910,94.27256354276264,17.35803952524226,512,0,12.301603630188502,5.056435895053805,0,1.3877787807814457e-17,1.0408340855860844e-17,1.0408340855860844e-17,0,-1,mechanism,False,0.928125,0.653564453125,True,True,8400.0,8400,False,,20000,False,,20000
62000,8,512,state_rotated,baseline,0.002,0.5,0.2,1,0.2,,0007_state_rotated_62000,0,1.3887379580410195,,820,44993,17147438,0.0,0,5.134781488891349e-16,0.0,8.326672684688674e-17,45504,94.27256354276264,17.35803952524226,512,0,12.301603630188502,5.056435895053805,0,1.3877787807814457e-17,1.3877787807814457e-17,1.0408340855860844e-17,0,-1,mechanism,False,0.988671875,0.847080078125,True,True,4400.0,4400,True,4600.0,4600,False,,20000
62000,8,512,state_rotated,baseline,0.002,0.5,0.2,1,0.8,,0008_state_rotated_62000,0,1.3117924580583349,,820,40743,18883917,0.0,0,5.134781488891349e-16,0.0,8.326672684688674e-17,41254,94.27256354276264,17.35803952524226,512,0,12.301603630188502,5.056435895053805,0,1.3877787807814457e-17,1.3877787807814457e-17,1.3877787807814457e-17,0,-1,mechanism,False,0.998046875,0.932119140625,True,True,2000.0,2000,True,2000.0,2000,True,2200.0,2200
62000,8,512,state_rotated,baseline,0.002,0.5,0.2,2,0.0,,0009_state_rotated_62000,0,0.1036145000252872,,820,167,12393,7.870543692557723,0,2.914335439641036e-16,0.0,8.326672684688674e-17,678,94.27256354276264,17.35803952524226,512,0,12.301603630188502,5.056435895053805,0,1.3877787807814457e-17,1.0408340855860844e-17,1.0408340855860844e-17,0,2400,mechanism,True,0.0,0.0085791015625,True,False,,20000,False,,20000,False,,20000
62000,8,512,state_rotated,baseline,0.002,0.5,0.2,2,0.2,,0010_state_rotated_62000,0,1.3994889580644667,,820,43697,14138250,2805.715907901174,0,5.134781488891349e-16,0.0,8.326672684688674e-17,44208,94.27256354276264,17.35803952524226,512,0,12.301603630188502,5.056435895053805,0,1.3877787807814457e-17,1.0408340855860844e-17,1.0408340855860844e-17,0,-1,mechanism,False,0.96015625,0.6996435546875,True,True,9000.0,9000,True,15400.0,15400,False,,20000
62000,8,512,state_rotated,baseline,0.002,0.5,0.2,2,0.8,,0011_state_rotated_62000,0,1.3333509169751778,,820,40229,18801811,2659.549285878838,0,5.134781488891349e-16,0.0,8.326672684688674e-17,40740,94.27256354276264,17.35803952524226,512,0,12.301603630188502,5.056435895053805,0,1.3877787807814457e-17,1.3877787807814457e-17,1.0408340855860844e-17,0,-1,mechanism,False,0.9984375,0.9278076171875,True,True,2000.0,2000,True,2200.0,2200,True,2400.0,2400
62001,8,512,aligned,baseline,0.002,0.5,0.2,1,0.0,,0012_aligned_62001,0,1.2221157090971246,,408,42319,19485697,0.0,0,4.440892098500626e-16,0.0,8.326672684688674e-17,42830,94.27256354276264,17.35803952524226,512,0,11.971603164928403,5.386436360313938,0,0.0,0.0,0.0,0,-1,mechanism,False,0.9982421875,0.9617333984375,True,True,1200.0,1200,True,1400.0,1400,True,2000.0,2000
62001,8,512,aligned,baseline,0.002,0.5,0.2,1,0.2,,0013_aligned_62001,0,1.4498074169969186,,408,56771,18699760,0.0,0,5.134781488891349e-16,0.0,8.326672684688674e-17,57282,94.27256354276264,17.35803952524226,512,0,11.971603164928403,5.386436360313938,0,0.0,0.0,0.0,0,-1,mechanism,False,0.990625,0.923388671875,True,True,2200.0,2200,True,2600.0,2600,True,15200.0,15200
62001,8,512,aligned,baseline,0.002,0.5,0.2,1,0.8,,0014_aligned_62001,0,1.2099937499733642,,408,41856,19600301,0.0,0,5.134781488891349e-16,0.0,8.326672684688674e-17,42367,94.27256354276264,17.35803952524226,512,0,11.971603164928403,5.386436360313938,0,0.0,0.0,0.0,0,-1,mechanism,False,0.9986328125,0.96716796875,True,True,1200.0,1200,True,1200.0,1200,True,1400.0,1400
62001,8,512,aligned,baseline,0.002,0.5,0.2,2,0.0,,0015_aligned_62001,0,0.1076391250826418,,408,426,30327,36.987409949833825,0,2.914335439641036e-16,0.0,8.326672684688674e-17,937,94.27256354276264,17.35803952524226,512,0,11.971603164928403,5.386436360313938,0,0.0,0.0,0.0,0,4800,mechanism,True,0.0,0.010234375,True,False,,20000,False,,20000,False,,20000
62001,8,512,aligned,baseline,0.002,0.5,0.2,2,0.2,,0016_aligned_62001,0,1.3748947910498828,,408,49093,14080813,11258.113934772213,0,4.996003610813204e-16,0.0,8.326672684688674e-17,49604,94.27256354276264,17.35803952524226,512,0,11.971603164928403,5.386436360313938,0,0.0,0.0,0.0,0,-1,mechanism,False,0.9322265625,0.697041015625,True,True,10200.0,10200,False,,20000,False,,20000
62001,8,512,aligned,baseline,0.002,0.5,0.2,2,0.8,,0017_aligned_62001,0,1.2305075830081478,,408,41478,19412842,4916.921609193592,0,5.134781488891349e-16,0.0,8.326672684688674e-17,41989,94.27256354276264,17.35803952524226,512,0,11.971603164928403,5.386436360313938,0,0.0,0.0,0.0,0,-1,mechanism,False,0.998046875,0.95837890625,True,True,1400.0,1400,True,1600.0,1600,True,1800.0,1800
62001,8,512,state_rotated,baseline,0.002,0.5,0.2,1,0.0,,0018_state_rotated_62001,0,1.113978249952197,,677,36726,12431294,0.0,0,2.914335439641036e-16,0.0,1.1102230246251563e-16,37237,94.27256354276264,17.35803952524226,512,0,12.338245062026957,5.019794463215364,0,6.938893903907228e-18,1.0408340855860844e-17,1.0408340855860844e-17,0,-1,mechanism,False,0.9005859375,0.616455078125,True,False,,20000,False,,20000,False,,20000
62001,8,512,state_rotated,baseline,0.002,0.5,0.2,1,0.2,,0019_state_rotated_62001,0,1.7409152910113337,,677,62870,16517718,0.0,0,4.996003610813204e-16,0.0,1.1102230246251563e-16,63381,94.27256354276264,17.35803952524226,512,0,12.338245062026957,5.019794463215364,0,1.3877787807814457e-17,1.3877787807814457e-17,1.3877787807814457e-17,0,-1,mechanism,False,0.9416015625,0.817412109375,True,True,4600.0,4600,False,,20000,False,,20000
62001,8,512,state_rotated,baseline,0.002,0.5,0.2,1,0.8,,0020_state_rotated_62001,0,1.316905332962051,,677,41361,19111541,0.0,0,5.134781488891349e-16,0.0,1.1102230246251563e-16,41872,94.27256354276264,17.35803952524226,512,0,12.338245062026957,5.019794463215364,0,1.3877787807814457e-17,1.7347234759768068e-17,1.3877787807814457e-17,0,-1,mechanism,False,0.998046875,0.9438623046875,True,True,1800.0,1800,True,1800.0,1800,True,2000.0,2000
62001,8,512,state_rotated,baseline,0.002,0.5,0.2,2,0.0,,0021_state_rotated_62001,0,0.1052057499764487,,677,235,16464,11.469614022808612,0,2.914335439641036e-16,0.0,1.1102230246251563e-16,746,94.27256354276264,17.35803952524226,512,0,12.338245062026957,5.019794463215364,0,9.251858538542969e-18,1.0408340855860844e-17,1.0408340855860844e-17,0,2600,mechanism,True,0.0,0.00919921875,True,False,,20000,False,,20000,False,,20000
62001,8,512,state_rotated,baseline,0.002,0.5,0.2,2,0.2,,0022_state_rotated_62001,0,1.4828990829410031,,677,46662,13321140,6274.358692528881,0,4.996003610813204e-16,0.0,1.1102230246251563e-16,47173,94.27256354276264,17.35803952524226,512,0,12.338245062026957,5.019794463215364,0,1.3877787807814457e-17,1.3877787807814457e-17,1.3877787807814457e-17,0,-1,mechanism,False,0.9193359375,0.6608935546875,True,True,16000.0,16000,False,,20000,False,,20000
62001,8,512,state_rotated,baseline,0.002,0.5,0.2,2,0.8,,0023_state_rotated_62001,0,1.3464864999987185,,677,41005,18999216,2779.3373620808234,0,5.134781488891349e-16,0.0,1.1102230246251563e-16,41516,94.27256354276264,17.35803952524226,512,0,12.338245062026957,5.019794463215364,0,1.3877787807814457e-17,1.0408340855860844e-17,1.0408340855860844e-17,0,-1,mechanism,False,0.996875,0.9384423828125,True,True,2000.0,2000,True,2000.0,2000,True,2200.0,2200
62002,8,512,aligned,baseline,0.002,0.5,0.2,1,0.0,,0024_aligned_62002,0,1.254997625015676,,426,44473,19418405,0.0,0,5.134781488891349e-16,0.0,8.326672684688674e-17,44984,94.27256354276264,17.35803952524226,512,0,11.977980450710673,5.38005907453166,0,0.0,0.0,0.0,0,-1,mechanism,False,0.9986328125,0.957998046875,True,True,1400.0,1400,True,1400.0,1400,True,2400.0,2400
62002,8,512,aligned,baseline,0.002,0.5,0.2,1,0.2,,0025_aligned_62002,0,1.456201666034758,,426,57209,18977582,0.0,0,5.134781488891349e-16,0.0,8.326672684688674e-17,57720,94.27256354276264,17.35803952524226,512,0,11.977980450710673,5.38005907453166,0,0.0,0.0,0.0,0,-1,mechanism,False,0.9916015625,0.9360693359375,True,True,2000.0,2000,True,2400.0,2400,True,18400.0,18400
62002,8,512,aligned,baseline,0.002,0.5,0.2,1,0.8,,0026_aligned_62002,0,1.2138802079716695,,426,41817,19602175,0.0,0,5.134781488891349e-16,0.0,8.326672684688674e-17,42328,94.27256354276264,17.35803952524226,512,0,11.977980450710673,5.38005907453166,0,0.0,0.0,0.0,0,-1,mechanism,False,0.998046875,0.9669091796875,True,True,1000.0,1000,True,1200.0,1200,True,1200.0,1200
62002,8,512,aligned,baseline,0.002,0.5,0.2,2,0.0,,0027_aligned_62002,0,0.1110139159718528,,426,358,24997,38.58762797823896,0,2.914335439641036e-16,0.0,8.326672684688674e-17,869,94.27256354276264,17.35803952524226,512,0,11.977980450710673,5.38005907453166,0,0.0,0.0,0.0,0,3000,mechanism,True,0.0,0.0090966796875,True,False,,20000,False,,20000,False,,20000
62002,8,512,aligned,baseline,0.002,0.5,0.2,2,0.2,,0028_aligned_62002,0,1.4109914160799235,,426,49316,14199608,7877.585075483667,0,4.996003610813204e-16,0.0,8.326672684688674e-17,49827,94.27256354276264,17.35803952524226,512,0,11.977980450710673,5.38005907453166,0,0.0,0.0,0.0,0,-1,mechanism,False,0.915625,0.7030419921875,True,True,10200.0,10200,False,,20000,False,,20000
62002,8,512,aligned,baseline,0.002,0.5,0.2,2,0.8,,0029_aligned_62002,0,1.2486603750148788,,426,41910,19389304,4842.828165379486,0,5.134781488891349e-16,0.0,8.326672684688674e-17,42421,94.27256354276264,17.35803952524226,512,0,11.977980450710673,5.38005907453166,0,0.0,0.0,0.0,0,-1,mechanism,False,0.9978515625,0.956845703125,True,True,1400.0,1400,True,1600.0,1600,True,1800.0,1800
62002,8,512,state_rotated,baseline,0.002,0.5,0.2,1,0.0,,0030_state_rotated_62002,0,0.1035413750214502,,861,182,27359,0.0,0,2.914335439641036e-16,0.0,8.326672684688674e-17,693,94.27256354276264,17.35803952524226,512,0,12.374851147728036,4.983188377514282,0,1.3877787807814457e-17,1.0408340855860844e-17,6.938893903907228e-18,0,3000,mechanism,True,0.0,0.0091064453125,True,False,,20000,False,,20000,False,,20000
62002,8,512,state_rotated,baseline,0.002,0.5,0.2,1,0.2,,0031_state_rotated_62002,0,1.3805157910101116,,861,46664,17042460,0.0,0,5.134781488891349e-16,0.0,8.326672684688674e-17,47175,94.27256354276264,17.35803952524226,512,0,12.374851147728036,4.983188377514282,0,1.3877787807814457e-17,2.0816681711721685e-17,1.7347234759768068e-17,0,-1,mechanism,False,0.996484375,0.8415283203125,True,True,4400.0,4400,True,4600.0,4600,True,9000.0,9000
62002,8,512,state_rotated,baseline,0.002,0.5,0.2,1,0.8,,0032_state_rotated_62002,0,1.2918123749550432,,861,39996,18772462,0.0,0,5.134781488891349e-16,0.0,8.326672684688674e-17,40507,94.27256354276264,17.35803952524226,512,0,12.374851147728036,4.983188377514282,0,1.3877787807814457e-17,1.3877787807814457e-17,1.7347234759768068e-17,0,-1,mechanism,False,0.9984375,0.926826171875,True,True,2200.0,2200,True,2200.0,2200,True,2400.0,2400
62002,8,512,state_rotated,baseline,0.002,0.5,0.2,2,0.0,,0033_state_rotated_62002,0,0.1029949999647215,,861,153,10784,10.525785537215157,0,2.914335439641036e-16,0.0,8.326672684688674e-17,664,94.27256354276264,17.35803952524226,512,0,12.374851147728036,4.983188377514282,0,1.3877787807814457e-17,1.0408340855860844e-17,6.938893903907228e-18,0,3200,mechanism,True,0.0,0.0083056640625,True,False,,20000,False,,20000,False,,20000
62002,8,512,state_rotated,baseline,0.002,0.5,0.2,2,0.2,,0034_state_rotated_62002,0,1.5115143329603598,,861,48771,14993977,4879.0519695076855,0,5.134781488891349e-16,0.0,8.326672684688674e-17,49282,94.27256354276264,17.35803952524226,512,0,12.374851147728036,4.983188377514282,0,1.3877787807814457e-17,1.0408340855860844e-17,1.0408340855860844e-17,0,-1,mechanism,False,0.93671875,0.7420361328125,True,True,7400.0,7400,True,13200.0,13200,False,,20000
62002,8,512,state_rotated,baseline,0.002,0.5,0.2,2,0.8,,0035_state_rotated_62002,0,1.33357320795767,,861,40375,18644111,2790.0274378681206,0,5.134781488891349e-16,0.0,8.326672684688674e-17,40886,94.27256354276264,17.35803952524226,512,0,12.374851147728036,4.983188377514282,0,1.3877787807814457e-17,1.3877787807814457e-17,1.0408340855860844e-17,0,-1,mechanism,False,0.99609375,0.92060546875,True,True,2400.0,2400,True,2400.0,2400,True,2800.0,2800
62003,8,512,aligned,baseline,0.002,0.5,0.2,1,0.0,,0036_aligned_62003,0,1.247016542009078,,414,44120,19427514,0.0,0,5.134781488891349e-16,0.0,8.326672684688674e-17,44631,94.27256354276264,17.35803952524226,512,0,12.007474406394962,5.350565118847366,0,0.0,0.0,0.0,0,-1,mechanism,False,0.998046875,0.959091796875,True,True,1400.0,1400,True,1400.0,1400,True,4200.0,4200
62003,8,512,aligned,baseline,0.002,0.5,0.2,1,0.2,,0037_aligned_62003,0,1.4808662499999627,,414,59841,18952283,0.0,0,5.134781488891349e-16,0.0,8.326672684688674e-17,60352,94.27256354276264,17.35803952524226,512,0,12.007474406394962,5.350565118847366,0,0.0,0.0,0.0,0,-1,mechanism,False,0.983203125,0.93486328125,True,True,2000.0,2000,True,2200.0,2200,False,,20000
62003,8,512,aligned,baseline,0.002,0.5,0.2,1,0.8,,0038_aligned_62003,0,1.2103168750181794,,414,41819,19623335,0.0,0,5.134781488891349e-16,0.0,8.326672684688674e-17,42330,94.27256354276264,17.35803952524226,512,0,12.007474406394962,5.350565118847366,0,0.0,0.0,0.0,0,-1,mechanism,False,0.9978515625,0.968310546875,True,True,1000.0,1000,True,1200.0,1200,True,1400.0,1400
62003,8,512,aligned,baseline,0.002,0.5,0.2,2,0.0,,0039_aligned_62003,0,0.1044815829955041,,414,381,27824,27.888346537623015,0,2.914335439641036e-16,0.0,8.326672684688674e-17,892,94.27256354276264,17.35803952524226,512,0,12.007474406394962,5.350565118847366,0,0.0,0.0,0.0,0,3200,mechanism,True,0.0,0.009501953125,True,False,,20000,False,,20000,False,,20000
62003,8,512,aligned,baseline,0.002,0.5,0.2,2,0.2,,0040_aligned_62003,0,1.4055797090986744,,414,49857,13740067,11010.65317578895,0,4.996003610813204e-16,0.0,8.326672684688674e-17,50368,94.27256354276264,17.35803952524226,512,0,12.007474406394962,5.350565118847366,0,0.0,0.0,0.0,0,-1,mechanism,False,0.9302734375,0.681005859375,True,True,10800.0,10800,False,,20000,False,,20000
62003,8,512,aligned,baseline,0.002,0.5,0.2,2,0.8,,0041_aligned_62003,0,1.234244209015742,,414,41342,19379665,3273.1885521431764,0,5.134781488891349e-16,0.0,8.326672684688674e-17,41853,94.27256354276264,17.35803952524226,512,0,12.007474406394962,5.350565118847366,0,0.0,0.0,0.0,0,-1,mechanism,False,0.9966796875,0.9566064453125,True,True,1400.0,1400,True,1600.0,1600,True,2000.0,2000
62003,8,512,state_rotated,baseline,0.002,0.5,0.2,1,0.0,,0042_state_rotated_62003,0,0.1060194589663297,,909,222,20786,0.0,0,2.914335439641036e-16,0.0,8.326672684688674e-17,733,94.27256354276264,17.35803952524226,512,0,12.348910798235252,5.009128727007076,0,1.3877787807814457e-17,1.3877787807814457e-17,1.0408340855860844e-17,0,4200,mechanism,True,0.0,0.009599609375,True,False,,20000,False,,20000,False,,20000
62003,8,512,state_rotated,baseline,0.002,0.5,0.2,1,0.2,,0043_state_rotated_62003,0,1.2609351249411702,,909,38885,17680810,0.0,0,5.134781488891349e-16,0.0,8.326672684688674e-17,39396,94.27256354276264,17.35803952524226,512,0,12.348910798235252,5.009128727007076,0,1.3877787807814457e-17,2.0816681711721685e-17,1.7347234759768068e-17,0,-1,mechanism,False,0.9984375,0.8738525390625,True,True,3600.0,3600,True,3600.0,3600,True,3800.0,3800
62003,8,512,state_rotated,baseline,0.002,0.5,0.2,1,0.8,,0044_state_rotated_62003,0,1.2887055421015248,,909,39793,18661335,0.0,0,5.134781488891349e-16,0.0,8.326672684688674e-17,40304,94.27256354276264,17.35803952524226,512,0,12.348910798235252,5.009128727007076,0,1.3877787807814457e-17,2.0816681711721685e-17,1.7347234759768068e-17,0,-1,mechanism,False,0.998046875,0.9214208984375,True,True,2200.0,2200,True,2400.0,2400,True,2600.0,2600
62003,8,512,state_rotated,baseline,0.002,0.5,0.2,2,0.0,,0045_state_rotated_62003,0,0.1052964170230552,,909,216,16259,9.758490260104722,0,2.914335439641036e-16,0.0,8.326672684688674e-17,727,94.27256354276264,17.35803952524226,512,0,12.348910798235252,5.009128727007076,0,1.3877787807814457e-17,1.3877787807814457e-17,1.0408340855860844e-17,0,4200,mechanism,True,0.0,0.009443359375,True,False,,20000,False,,20000,False,,20000
62003,8,512,state_rotated,baseline,0.002,0.5,0.2,2,0.2,,0046_state_rotated_62003,0,1.4553904581116512,,909,45865,14430083,3835.2272449044194,0,5.134781488891349e-16,0.0,8.326672684688674e-17,46376,94.27256354276264,17.35803952524226,512,0,12.348910798235252,5.009128727007076,0,1.3877787807814457e-17,1.3877787807814457e-17,1.0408340855860844e-17,0,-1,mechanism,False,0.938671875,0.71455078125,True,True,7800.0,7800,False,,20000,False,,20000
62003,8,512,state_rotated,baseline,0.002,0.5,0.2,2,0.8,,0047_state_rotated_62003,0,1.319907124969177,,909,39998,18666719,2730.8161387676423,0,5.134781488891349e-16,0.0,8.326672684688674e-17,40509,94.27256354276264,17.35803952524226,512,0,12.348910798235252,5.009128727007076,0,1.3877787807814457e-17,1.3877787807814457e-17,1.0408340855860844e-17,0,-1,mechanism,False,0.9974609375,0.921962890625,True,True,2200.0,2200,True,2400.0,2400,True,2600.0,2600
62004,8,512,aligned,baseline,0.002,0.5,0.2,1,0.0,,0048_aligned_62004,0,1.2256247499026358,,372,42431,19375663,0.0,0,2.914335439641036e-16,0.0,8.326672684688674e-17,42942,94.27256354276264,17.35803952524226,512,0,11.95478603418338,5.403253491058948,0,0.0,0.0,0.0,0,-1,mechanism,False,0.998828125,0.9555859375,True,True,1400.0,1400,True,1600.0,1600,True,2000.0,2000
62004,8,512,aligned,baseline,0.002,0.5,0.2,1,0.2,,0049_aligned_62004,0,1.455205625039525,,372,57789,18700896,0.0,0,5.134781488891349e-16,0.0,8.326672684688674e-17,58300,94.27256354276264,17.35803952524226,512,0,11.95478603418338,5.403253491058948,0,0.0,0.0,0.0,0,-1,mechanism,False,0.9904296875,0.9228369140625,True,True,2200.0,2200,True,3600.0,3600,True,18000.0,18000
62004,8,512,aligned,baseline,0.002,0.5,0.2,1,0.8,,0050_aligned_62004,0,1.215944041032344,,372,42127,19588490,0.0,0,5.134781488891349e-16,0.0,8.326672684688674e-17,42638,94.27256354276264,17.35803952524226,512,0,11.95478603418338,5.403253491058948,0,0.0,0.0,0.0,0,-1,mechanism,False,0.9990234375,0.9664892578125,True,True,1200.0,1200,True,1200.0,1200,True,1400.0,1400
62004,8,512,aligned,baseline,0.002,0.5,0.2,2,0.0,,0051_aligned_62004,0,0.1048851249506697,,372,365,26188,33.06728509867467,0,2.914335439641036e-16,0.0,8.326672684688674e-17,876,94.27256354276264,17.35803952524226,512,0,11.95478603418338,5.403253491058948,0,0.0,0.0,0.0,0,2600,mechanism,True,0.0,0.009375,True,False,,20000,False,,20000,False,,20000
62004,8,512,aligned,baseline,0.002,0.5,0.2,2,0.2,,0052_aligned_62004,0,1.4146422910271212,,372,50897,15921907,9417.13721946079,0,4.996003610813204e-16,0.0,8.326672684688674e-17,51408,94.27256354276264,17.35803952524226,512,0,11.95478603418338,5.403253491058948,0,0.0,0.0,0.0,0,-1,mechanism,False,0.9609375,0.7873193359375,True,True,6800.0,6800,True,15000.0,15000,False,,20000
62004,8,512,aligned,baseline,0.002,0.5,0.2,2,0.8,,0053_aligned_62004,0,1.2406379169551656,,372,41847,19394902,5298.511923419078,0,5.134781488891349e-16,0.0,8.326672684688674e-17,42358,94.27256354276264,17.35803952524226,512,0,11.95478603418338,5.403253491058948,0,0.0,0.0,0.0,0,-1,mechanism,False,0.996875,0.957138671875,True,True,1400.0,1400,True,1600.0,1600,True,1800.0,1800
62004,8,512,state_rotated,baseline,0.002,0.5,0.2,1,0.0,,0054_state_rotated_62004,0,0.1068945419974625,,660,306,35992,0.0,0,2.914335439641036e-16,0.0,1.1102230246251563e-16,817,94.27256354276264,17.35803952524226,512,0,12.220546292105764,5.137493233136552,0,1.3877787807814457e-17,1.0408340855860844e-17,8.673617379884035e-18,0,3600,mechanism,True,0.0,0.010263671875,True,False,,20000,False,,20000,False,,20000
62004,8,512,state_rotated,baseline,0.002,0.5,0.2,1,0.2,,0055_state_rotated_62004,0,1.5055583340581506,,660,50297,13421615,0.0,0,4.579669976578771e-16,0.0,1.1102230246251563e-16,50808,94.27256354276264,17.35803952524226,512,0,12.220546292105764,5.137493233136552,0,1.3877787807814457e-17,1.7347234759768068e-17,1.3877787807814457e-17,0,-1,mechanism,False,0.914453125,0.6652783203125,True,True,15800.0,15800,False,,20000,False,,20000
62004,8,512,state_rotated,baseline,0.002,0.5,0.2,1,0.8,,0056_state_rotated_62004,0,1.3158186670625582,,660,40915,19023425,0.0,0,5.134781488891349e-16,0.0,1.1102230246251563e-16,41426,94.27256354276264,17.35803952524226,512,0,12.220546292105764,5.137493233136552,0,1.3877787807814457e-17,1.3877787807814457e-17,1.3877787807814457e-17,0,-1,mechanism,False,0.9970703125,0.9390087890625,True,True,1800.0,1800,True,2000.0,2000,True,2200.0,2200
62004,8,512,state_rotated,baseline,0.002,0.5,0.2,2,0.0,,0057_state_rotated_62004,0,0.1046436670003458,,660,217,14635,9.669529150103392,0,2.914335439641036e-16,0.0,1.1102230246251563e-16,728,94.27256354276264,17.35803952524226,512,0,12.220546292105764,5.137493233136552,0,1.3877787807814457e-17,1.0408340855860844e-17,8.673617379884035e-18,0,3600,mechanism,True,0.0,0.0088671875,True,False,,20000,False,,20000,False,,20000
62004,8,512,state_rotated,baseline,0.002,0.5,0.2,2,0.2,,0058_state_rotated_62004,0,1.0338885419769213,,660,28295,8656419,3108.235216470928,0,4.579669976578771e-16,0.0,1.1102230246251563e-16,28806,94.27256354276264,17.35803952524226,512,0,12.220546292105764,5.137493233136552,0,1.3877787807814457e-17,1.0408340855860844e-17,8.673617379884035e-18,0,-1,mechanism,False,0.8978515625,0.431728515625,True,False,,20000,False,,20000,False,,20000
62004,8,512,state_rotated,baseline,0.002,0.5,0.2,2,0.8,,0059_state_rotated_62004,0,1.3388450419297442,,660,40606,18903707,1988.928082562408,0,5.134781488891349e-16,0.0,1.1102230246251563e-16,41117,94.27256354276264,17.35803952524226,512,0,12.220546292105764,5.137493233136552,0,1.3877787807814457e-17,1.0408340855860844e-17,8.673617379884035e-18,0,-1,mechanism,False,0.9955078125,0.9331640625,True,True,2000.0,2000,True,2200.0,2200,True,2200.0,2200
62005,8,512,aligned,baseline,0.002,0.5,0.2,1,0.0,,0060_aligned_62005,0,1.2169733750633895,,460,41865,19360175,0.0,0,4.996003610813204e-16,0.0,8.326672684688674e-17,42376,94.27256354276264,17.35803952524226,512,0,11.868147778226197,5.489891747016141,0,0.0,0.0,0.0,0,-1,mechanism,False,0.99921875,0.954873046875,True,True,1400.0,1400,True,1400.0,1400,True,2400.0,2400
62005,8,512,aligned,baseline,0.002,0.5,0.2,1,0.2,,0061_aligned_62005,0,1.430863874964416,,460,57001,18882141,0.0,0,5.134781488891349e-16,0.0,8.326672684688674e-17,57512,94.27256354276264,17.35803952524226,512,0,11.868147778226197,5.489891747016141,0,0.0,0.0,0.0,0,-1,mechanism,False,0.99453125,0.9306396484375,True,True,2000.0,2000,True,2800.0,2800,True,9000.0,9000
62005,8,512,aligned,baseline,0.002,0.5,0.2,1,0.8,,0062_aligned_62005,0,1.1970262919785457,,460,41574,19546476,0.0,0,5.134781488891349e-16,0.0,8.326672684688674e-17,42085,94.27256354276264,17.35803952524226,512,0,11.868147778226197,5.489891747016141,0,0.0,0.0,0.0,0,-1,mechanism,False,0.9984375,0.9635791015625,True,True,1200.0,1200,True,1200.0,1200,True,1200.0,1200
62005,8,512,aligned,baseline,0.002,0.5,0.2,2,0.0,,0063_aligned_62005,0,0.1033477919409051,,460,320,21678,29.283556430441763,0,2.914335439641036e-16,0.0,8.326672684688674e-17,831,94.27256354276264,17.35803952524226,512,0,11.868147778226197,5.489891747016141,0,0.0,0.0,0.0,0,4200,mechanism,True,0.0,0.0085498046875,True,False,,20000,False,,20000,False,,20000
62005,8,512,aligned,baseline,0.002,0.5,0.2,2,0.2,,0064_aligned_62005,0,1.3593284579692408,,460,47118,13038478,11268.886201226913,0,4.996003610813204e-16,0.0,8.326672684688674e-17,47629,94.27256354276264,17.35803952524226,512,0,11.868147778226197,5.489891747016141,0,0.0,0.0,0.0,0,-1,mechanism,False,0.90546875,0.6451318359375,True,False,,20000,False,,20000,False,,20000
62005,8,512,aligned,baseline,0.002,0.5,0.2,2,0.8,,0065_aligned_62005,0,1.2377103749895468,,460,41601,19303098,8048.10561923862,0,5.134781488891349e-16,0.0,8.326672684688674e-17,42112,94.27256354276264,17.35803952524226,512,0,11.868147778226197,5.489891747016141,0,0.0,0.0,0.0,0,-1,mechanism,False,0.996875,0.9511328125,True,True,1600.0,1600,True,1600.0,1600,True,1800.0,1800
62005,8,512,state_rotated,baseline,0.002,0.5,0.2,1,0.0,,0066_state_rotated_62005,0,1.2713509999448434,,781,47498,16932343,0.0,0,2.914335439641036e-16,0.0,1.1102230246251563e-16,48009,94.27256354276264,17.35803952524226,512,0,12.318207148792911,5.039832376449402,0,1.3877787807814457e-17,1.3877787807814457e-17,1.0408340855860844e-17,0,-1,mechanism,False,0.9810546875,0.83662109375,True,True,4000.0,4000,True,4200.0,4200,False,,20000
62005,8,512,state_rotated,baseline,0.002,0.5,0.2,1,0.2,,0067_state_rotated_62005,0,1.403207584051415,,781,46761,16844223,0.0,0,5.134781488891349e-16,0.0,1.1102230246251563e-16,47272,94.27256354276264,17.35803952524226,512,0,12.318207148792911,5.039832376449402,0,1.3877787807814457e-17,1.3877787807814457e-17,1.0408340855860844e-17,0,-1,mechanism,False,0.9892578125,0.83232421875,True,True,4600.0,4600,True,4800.0,4800,False,,20000
62005,8,512,state_rotated,baseline,0.002,0.5,0.2,1,0.8,,0068_state_rotated_62005,0,1.3010812499560416,,781,40612,18825927,0.0,0,5.134781488891349e-16,0.0,1.1102230246251563e-16,41123,94.27256354276264,17.35803952524226,512,0,12.318207148792911,5.039832376449402,0,1.3877787807814457e-17,1.3877787807814457e-17,1.3877787807814457e-17,0,-1,mechanism,False,0.9982421875,0.9287744140625,True,True,2200.0,2200,True,2200.0,2200,True,2600.0,2600
62005,8,512,state_rotated,baseline,0.002,0.5,0.2,2,0.0,,0069_state_rotated_62005,0,0.1027765839826315,,781,183,13442,8.465542218367707,0,2.914335439641036e-16,0.0,1.1102230246251563e-16,694,94.27256354276264,17.35803952524226,512,0,12.318207148792911,5.039832376449402,0,1.3877787807814457e-17,1.3877787807814457e-17,1.0408340855860844e-17,0,3400,mechanism,True,0.0,0.0085107421875,True,False,,20000,False,,20000,False,,20000
62005,8,512,state_rotated,baseline,0.002,0.5,0.2,2,0.2,,0070_state_rotated_62005,0,1.4124694999773055,,781,44578,12054661,4190.9928673676495,0,4.996003610813204e-16,0.0,1.1102230246251563e-16,45089,94.27256354276264,17.35803952524226,512,0,12.318207148792911,5.039832376449402,0,1.3877787807814457e-17,1.3877787807814457e-17,1.0408340855860844e-17,0,-1,mechanism,False,0.9154296875,0.5978125,True,False,,20000,False,,20000,False,,20000
62005,8,512,state_rotated,baseline,0.002,0.5,0.2,2,0.8,,0071_state_rotated_62005,0,1.3370616669999436,,781,40612,18689393,2217.0077398033845,0,5.134781488891349e-16,0.0,1.1102230246251563e-16,41123,94.27256354276264,17.35803952524226,512,0,12.318207148792911,5.039832376449402,0,1.3877787807814457e-17,1.3877787807814457e-17,1.0408340855860844e-17,0,-1,mechanism,False,0.9966796875,0.922392578125,True,True,2200.0,2200,True,2400.0,2400,True,2600.0,2600
62006,8,512,aligned,baseline,0.002,0.5,0.2,1,0.0,,0072_aligned_62006,0,1.2165207079378888,,443,41991,19469314,0.0,0,4.996003610813204e-16,0.0,8.326672684688674e-17,42502,94.27256354276264,17.35803952524226,512,0,11.9183563403064,5.439683184935931,0,0.0,0.0,0.0,0,-1,mechanism,False,0.998828125,0.960654296875,True,True,1200.0,1200,True,1400.0,1400,True,1400.0,1400
62006,8,512,aligned,baseline,0.002,0.5,0.2,1,0.2,,0073_aligned_62006,0,1.418321916018613,,443,56277,19036282,0.0,0,5.134781488891349e-16,0.0,8.326672684688674e-17,56788,94.27256354276264,17.35803952524226,512,0,11.9183563403064,5.439683184935931,0,0.0,0.0,0.0,0,-1,mechanism,False,0.996484375,0.9389208984375,True,True,2000.0,2000,True,2200.0,2200,True,6600.0,6600
62006,8,512,aligned,baseline,0.002,0.5,0.2,1,0.8,,0074_aligned_62006,0,1.1991007500328124,,443,41365,19553452,0.0,0,5.134781488891349e-16,0.0,8.326672684688674e-17,41876,94.27256354276264,17.35803952524226,512,0,11.9183563403064,5.439683184935931,0,0.0,0.0,0.0,0,-1,mechanism,False,0.9986328125,0.965009765625,True,True,1200.0,1200,True,1200.0,1200,True,1400.0,1400
62006,8,512,aligned,baseline,0.002,0.5,0.2,2,0.0,,0075_aligned_62006,0,0.1044848340097814,,443,330,23704,32.52467656679249,0,2.914335439641036e-16,0.0,8.326672684688674e-17,841,94.27256354276264,17.35803952524226,512,0,11.9183563403064,5.439683184935931,0,0.0,0.0,0.0,0,3000,mechanism,True,0.0,0.0088916015625,True,False,,20000,False,,20000,False,,20000
62006,8,512,aligned,baseline,0.002,0.5,0.2,2,0.2,,0076_aligned_62006,0,1.3839218330103904,,443,47990,13062173,9741.402538188067,0,4.996003610813204e-16,0.0,8.326672684688674e-17,48501,94.27256354276264,17.35803952524226,512,0,11.9183563403064,5.439683184935931,0,0.0,0.0,0.0,0,-1,mechanism,False,0.883984375,0.6480322265625,True,False,,20000,False,,20000,False,,20000
62006,8,512,aligned,baseline,0.002,0.5,0.2,2,0.8,,0077_aligned_62006,0,1.2329840420279652,,443,41425,19352548,5911.187843765638,0,5.134781488891349e-16,0.0,8.326672684688674e-17,41936,94.27256354276264,17.35803952524226,512,0,11.9183563403064,5.439683184935931,0,0.0,0.0,0.0,0,-1,mechanism,False,0.996875,0.9544140625,True,True,1400.0,1400,True,1600.0,1600,True,1800.0,1800
62006,8,512,state_rotated,baseline,0.002,0.5,0.2,1,0.0,,0078_state_rotated_62006,0,1.255137792089954,,875,45747,16780957,0.0,0,2.914335439641036e-16,0.0,8.326672684688674e-17,46258,94.27256354276264,17.35803952524226,512,0,12.316631772967783,5.041407752274528,0,1.3877787807814457e-17,1.3877787807814457e-17,1.0408340855860844e-17,0,-1,mechanism,False,0.9658203125,0.8287890625,True,True,4000.0,4000,True,4200.0,4200,False,,20000
62006,8,512,state_rotated,baseline,0.002,0.5,0.2,1,0.2,,0079_state_rotated_62006,0,1.563261957955547,,875,53743,17344635,0.0,0,5.134781488891349e-16,0.0,8.326672684688674e-17,54254,94.27256354276264,17.35803952524226,512,0,12.316631772967783,5.041407752274528,0,1.3877787807814457e-17,1.7347234759768068e-17,1.7347234759768068e-17,0,-1,mechanism,False,0.9935546875,0.8574072265625,True,True,4000.0,4000,True,4400.0,4400,True,9800.0,9800
62006,8,512,state_rotated,baseline,0.002,0.5,0.2,1,0.8,,0080_state_rotated_62006,0,1.3455849590245634,,875,39908,18833813,0.0,0,5.134781488891349e-16,0.0,8.326672684688674e-17,40419,94.27256354276264,17.35803952524226,512,0,12.316631772967783,5.041407752274528,0,1.3877787807814457e-17,1.3877787807814457e-17,1.7347234759768068e-17,0,-1,mechanism,False,0.998046875,0.929443359375,True,True,2000.0,2000,True,2200.0,2200,True,2400.0,2400
62006,8,512,state_rotated,baseline,0.002,0.5,0.2,2,0.0,,0081_state_rotated_62006,0,0.1064485830720514,,875,250,18401,14.328514339679849,0,2.914335439641036e-16,0.0,8.326672684688674e-17,761,94.27256354276264,17.35803952524226,512,0,12.316631772967783,5.041407752274528,0,1.3877787807814457e-17,1.3877787807814457e-17,1.0408340855860844e-17,0,3400,mechanism,True,0.0,0.0093310546875,True,False,,20000,False,,20000,False,,20000
62006,8,512,state_rotated,baseline,0.002,0.5,0.2,2,0.2,,0082_state_rotated_62006,0,1.4661297500133514,,875,44285,15544260,6571.075775596184,0,5.134781488891349e-16,0.0,8.326672684688674e-17,44796,94.27256354276264,17.35803952524226,512,0,12.316631772967783,5.041407752274528,0,1.3877787807814457e-17,1.3877787807814457e-17,1.0408340855860844e-17,0,-1,mechanism,False,0.9751953125,0.7683154296875,True,True,6600.0,6600,True,7000.0,7000,False,,20000
62006,8,512,state_rotated,baseline,0.002,0.5,0.2,2,0.8,,0083_state_rotated_62006,0,1.3755901670083404,,875,40139,18664685,2981.081580848144,0,5.134781488891349e-16,0.0,8.326672684688674e-17,40650,94.27256354276264,17.35803952524226,512,0,12.316631772967783,5.041407752274528,0,1.3877787807814457e-17,1.3877787807814457e-17,1.0408340855860844e-17,0,-1,mechanism,False,0.9986328125,0.9215283203125,True,True,2200.0,2200,True,2400.0,2400,True,3000.0,3000
62007,8,512,aligned,baseline,0.002,0.5,0.2,1,0.0,,0084_aligned_62007,0,1.216462083044462,,431,41920,19465204,0.0,0,2.914335439641036e-16,0.0,8.326672684688674e-17,42431,94.27256354276264,17.35803952524226,512,0,11.90398579360706,5.454053731635282,0,0.0,0.0,0.0,0,-1,mechanism,False,0.99921875,0.9609423828125,True,True,1400.0,1400,True,1400.0,1400,True,2800.0,2800
62007,8,512,aligned,baseline,0.002,0.5,0.2,1,0.2,,0085_aligned_62007,0,1.4199917080113664,,431,54483,18929207,0.0,0,5.134781488891349e-16,0.0,8.326672684688674e-17,54994,94.27256354276264,17.35803952524226,512,0,11.90398579360706,5.454053731635282,0,0.0,0.0,0.0,0,-1,mechanism,False,0.99296875,0.9342822265625,True,True,2000.0,2000,True,2400.0,2400,True,15000.0,15000
62007,8,512,aligned,baseline,0.002,0.5,0.2,1,0.8,,0086_aligned_62007,0,1.2274321250151845,,431,41927,19582225,0.0,0,5.134781488891349e-16,0.0,8.326672684688674e-17,42438,94.27256354276264,17.35803952524226,512,0,11.90398579360706,5.454053731635282,0,0.0,0.0,0.0,0,-1,mechanism,False,0.9982421875,0.9663037109375,True,True,1200.0,1200,True,1200.0,1200,True,1400.0,1400
62007,8,512,aligned,baseline,0.002,0.5,0.2,2,0.0,,0087_aligned_62007,0,0.1049736250424757,,431,351,25374,26.565406341177727,0,2.914335439641036e-16,0.0,8.326672684688674e-17,862,94.27256354276264,17.35803952524226,512,0,11.90398579360706,5.454053731635282,0,0.0,0.0,0.0,0,2200,mechanism,True,0.0,0.0091552734375,True,False,,20000,False,,20000,False,,20000
62007,8,512,aligned,baseline,0.002,0.5,0.2,2,0.2,,0088_aligned_62007,0,1.4702871659537775,,431,51113,14308972,12080.590470950983,0,4.996003610813204e-16,0.0,8.326672684688674e-17,51624,94.27256354276264,17.35803952524226,512,0,11.90398579360706,5.454053731635282,0,0.0,0.0,0.0,0,-1,mechanism,False,0.9369140625,0.7095263671875,True,True,10800.0,10800,False,,20000,False,,20000
62007,8,512,aligned,baseline,0.002,0.5,0.2,2,0.8,,0089_aligned_62007,0,1.273581707966514,,431,41559,19341098,4847.845258266027,0,5.134781488891349e-16,0.0,8.326672684688674e-17,42070,94.27256354276264,17.35803952524226,512,0,11.90398579360706,5.454053731635282,0,0.0,0.0,0.0,0,-1,mechanism,False,0.996875,0.95419921875,True,True,1600.0,1600,True,1600.0,1600,True,1800.0,1800
62007,8,512,state_rotated,baseline,0.002,0.5,0.2,1,0.0,,0090_state_rotated_62007,0,0.1197903749998658,,874,177,25735,0.0,0,2.914335439641036e-16,0.0,8.326672684688674e-17,688,94.27256354276264,17.35803952524226,512,0,12.246170198814784,5.111869326427536,0,1.3877787807814457e-17,1.0408340855860844e-17,8.673617379884035e-18,0,3000,mechanism,True,0.0,0.0094091796875,True,False,,20000,False,,20000,False,,20000
62007,8,512,state_rotated,baseline,0.002,0.5,0.2,1,0.2,,0091_state_rotated_62007,0,1.4190699169412255,,874,47130,16870591,0.0,0,5.134781488891349e-16,0.0,8.326672684688674e-17,47641,94.27256354276264,17.35803952524226,512,0,12.246170198814784,5.111869326427536,0,1.3877787807814457e-17,1.7347234759768068e-17,1.7347234759768068e-17,0,-1,mechanism,False,0.9923828125,0.8337890625,True,True,4800.0,4800,True,5000.0,5000,True,13800.0,13800
62007,8,512,state_rotated,baseline,0.002,0.5,0.2,1,0.8,,0092_state_rotated_62007,0,1.3096057079965249,,874,40055,18747025,0.0,0,5.134781488891349e-16,0.0,8.326672684688674e-17,40566,94.27256354276264,17.35803952524226,512,0,12.246170198814784,5.111869326427536,0,1.3877787807814457e-17,1.3877787807814457e-17,1.3877787807814457e-17,0,-1,mechanism,False,0.998828125,0.9260986328125,True,True,2200.0,2200,True,2200.0,2200,True,2400.0,2400
62007,8,512,state_rotated,baseline,0.002,0.5,0.2,2,0.0,,0093_state_rotated_62007,0,0.1043245829641819,,874,173,12824,8.151388302924795,0,2.914335439641036e-16,0.0,8.326672684688674e-17,684,94.27256354276264,17.35803952524226,512,0,12.246170198814784,5.111869326427536,0,1.3877787807814457e-17,1.0408340855860844e-17,8.673617379884035e-18,0,3200,mechanism,True,0.0,0.0090380859375,True,False,,20000,False,,20000,False,,20000
62007,8,512,state_rotated,baseline,0.002,0.5,0.2,2,0.2,,0094_state_rotated_62007,0,1.4700288749299943,,874,44686,12815211,2602.918606799181,0,4.996003610813204e-16,0.0,8.326672684688674e-17,45197,94.27256354276264,17.35803952524226,512,0,12.246170198814784,5.111869326427536,0,1.3877787807814457e-17,1.7347234759768068e-17,1.0408340855860844e-17,0,-1,mechanism,False,0.9310546875,0.6353466796875,True,True,18400.0,18400,False,,20000,False,,20000
62007,8,512,state_rotated,baseline,0.002,0.5,0.2,2,0.8,,0095_state_rotated_62007,0,1.3571352500002831,,874,40391,18629375,2660.235117425227,0,5.134781488891349e-16,0.0,8.326672684688674e-17,40902,94.27256354276264,17.35803952524226,512,0,12.246170198814784,5.111869326427536,0,1.3877787807814457e-17,1.0408340855860844e-17,1.0408340855860844e-17,0,-1,mechanism,False,0.9953125,0.9201123046875,True,True,2200.0,2200,True,2400.0,2400,True,2600.0,2600
62008,8,512,aligned,baseline,0.002,0.5,0.2,1,0.0,,0096_aligned_62008,0,1.2414307920262218,,418,42145,19363323,0.0,0,4.996003610813204e-16,0.0,8.326672684688674e-17,42656,94.27256354276264,17.35803952524226,512,0,11.942592830254986,5.415446694987353,0,0.0,0.0,0.0,0,-1,mechanism,False,0.9986328125,0.9552978515625,True,True,1400.0,1400,True,1400.0,1400,True,1600.0,1600
62008,8,512,aligned,baseline,0.002,0.5,0.2,1,0.2,,0097_aligned_62008,0,1.387678666971624,,418,52289,18829578,0.0,0,5.134781488891349e-16,0.0,8.326672684688674e-17,52800,94.27256354276264,17.35803952524226,512,0,11.942592830254986,5.415446694987353,0,0.0,0.0,0.0,0,-1,mechanism,False,0.9955078125,0.928603515625,True,True,2400.0,2400,True,2600.0,2600,True,6200.0,6200
62008,8,512,aligned,baseline,0.002,0.5,0.2,1,0.8,,0098_aligned_62008,0,1.2475726250559092,,418,41748,19552903,0.0,0,5.134781488891349e-16,0.0,8.326672684688674e-17,42259,94.27256354276264,17.35803952524226,512,0,11.942592830254986,5.415446694987353,0,0.0,0.0,0.0,0,-1,mechanism,False,0.9984375,0.9643994140625,True,True,1200.0,1200,True,1200.0,1200,True,1400.0,1400
62008,8,512,aligned,baseline,0.002,0.5,0.2,2,0.0,,0099_aligned_62008,0,0.1064747080672532,,418,330,23082,26.389231025162648,0,2.914335439641036e-16,0.0,8.326672684688674e-17,841,94.27256354276264,17.35803952524226,512,0,11.942592830254986,5.415446694987353,0,0.0,0.0,0.0,0,6200,mechanism,True,0.0,0.0089501953125,True,False,,20000,False,,20000,False,,20000
62008,8,512,aligned,baseline,0.002,0.5,0.2,2,0.2,,0100_aligned_62008,0,1.4214762080227956,,418,48504,14462267,8809.169323624765,0,4.996003610813204e-16,0.0,8.326672684688674e-17,49015,94.27256354276264,17.35803952524226,512,0,11.942592830254986,5.415446694987353,0,0.0,0.0,0.0,0,-1,mechanism,False,0.9486328125,0.7163134765625,True,True,8200.0,8200,True,15600.0,15600,False,,20000
62008,8,512,aligned,baseline,0.002,0.5,0.2,2,0.8,,0101_aligned_62008,0,1.2524677080800757,,418,41711,19333568,5843.306768195721,0,5.134781488891349e-16,0.0,8.326672684688674e-17,42222,94.27256354276264,17.35803952524226,512,0,11.942592830254986,5.415446694987353,0,0.0,0.0,0.0,0,-1,mechanism,False,0.99609375,0.9532421875,True,True,1600.0,1600,True,1600.0,1600,True,2000.0,2000
62008,8,512,state_rotated,baseline,0.002,0.5,0.2,1,0.0,,0102_state_rotated_62008,0,1.034421292017214,,873,34489,16692255,0.0,0,5.134781488891349e-16,0.0,1.3877787807814454e-16,35000,94.27256354276264,17.35803952524226,512,0,12.24743789263945,5.110601632602873,0,1.3877787807814457e-17,1.0408340855860844e-17,1.0408340855860844e-17,0,-1,mechanism,False,0.9974609375,0.8242041015625,True,True,4600.0,4600,True,5000.0,5000,True,5200.0,5200
62008,8,512,state_rotated,baseline,0.002,0.5,0.2,1,0.2,,0103_state_rotated_62008,0,1.421620416920632,,873,49603,16920597,0.0,0,5.134781488891349e-16,0.0,1.3877787807814454e-16,50114,94.27256354276264,17.35803952524226,512,0,12.24743789263945,5.110601632602873,0,1.3877787807814457e-17,2.0816681711721685e-17,1.7347234759768068e-17,0,-1,mechanism,False,0.9955078125,0.8363671875,True,True,4400.0,4400,True,4600.0,4600,True,5400.0,5400
62008,8,512,state_rotated,baseline,0.002,0.5,0.2,1,0.8,,0104_state_rotated_62008,0,1.299736125045456,,873,39993,18692989,0.0,0,5.134781488891349e-16,0.0,1.3877787807814454e-16,40504,94.27256354276264,17.35803952524226,512,0,12.24743789263945,5.110601632602873,0,1.3877787807814457e-17,2.4286128663675302e-17,1.7347234759768068e-17,0,-1,mechanism,False,0.998828125,0.922919921875,True,True,2200.0,2200,True,2400.0,2400,True,2800.0,2800
62008,8,512,state_rotated,baseline,0.002,0.5,0.2,2,0.0,,0105_state_rotated_62008,0,0.1050277920439839,,873,173,11935,7.422815397292576,0,2.914335439641036e-16,0.0,1.3877787807814454e-16,684,94.27256354276264,17.35803952524226,512,0,12.24743789263945,5.110601632602873,0,1.3877787807814457e-17,1.0408340855860844e-17,1.0408340855860844e-17,0,2800,mechanism,True,0.0,0.0086181640625,True,False,,20000,False,,20000,False,,20000
62008,8,512,state_rotated,baseline,0.002,0.5,0.2,2,0.2,,0106_state_rotated_62008,0,1.4977435410255566,,873,48483,14118102,9968.943721988882,0,4.996003610813204e-16,0.0,1.3877787807814454e-16,48994,94.27256354276264,17.35803952524226,512,0,12.24743789263945,5.110601632602873,0,1.3877787807814457e-17,1.7347234759768068e-17,1.3877787807814457e-17,0,-1,mechanism,False,0.9484375,0.700009765625,True,True,9200.0,9200,False,,20000,False,,20000
62008,8,512,state_rotated,baseline,0.002,0.5,0.2,2,0.8,,0107_state_rotated_62008,0,1.3312709999736398,,873,40002,18605128,2631.8586453929747,0,5.134781488891349e-16,0.0,1.3877787807814454e-16,40513,94.27256354276264,17.35803952524226,512,0,12.24743789263945,5.110601632602873,0,1.3877787807814457e-17,1.7347234759768068e-17,1.0408340855860844e-17,0,-1,mechanism,False,0.9978515625,0.9192041015625,True,True,2400.0,2400,True,2600.0,2600,True,2800.0,2800
62009,8,512,aligned,baseline,0.002,0.5,0.2,1,0.0,,0108_aligned_62009,0,1.2324420840013772,,425,43423,19431515,0.0,0,4.996003610813204e-16,0.0,8.326672684688674e-17,43934,94.27256354276264,17.35803952524226,512,0,12.010408718124282,5.347630807118053,0,0.0,0.0,0.0,0,-1,mechanism,False,0.9978515625,0.9587646484375,True,True,1200.0,1200,True,1400.0,1400,True,1600.0,1600
62009,8,512,aligned,baseline,0.002,0.5,0.2,1,0.2,,0109_aligned_62009,0,1.3976026669843122,,425,55229,19121576,0.0,0,5.134781488891349e-16,0.0,8.326672684688674e-17,55740,94.27256354276264,17.35803952524226,512,0,12.010408718124282,5.347630807118053,0,0.0,0.0,0.0,0,-1,mechanism,False,0.995703125,0.943544921875,True,True,2000.0,2000,True,2200.0,2200,True,4400.0,4400
62009,8,512,aligned,baseline,0.002,0.5,0.2,1,0.8,,0110_aligned_62009,0,1.203592082951218,,425,41844,19568459,0.0,0,5.134781488891349e-16,0.0,8.326672684688674e-17,42355,94.27256354276264,17.35803952524226,512,0,12.010408718124282,5.347630807118053,0,0.0,0.0,0.0,0,-1,mechanism,False,0.9990234375,0.9649658203125,True,True,1200.0,1200,True,1200.0,1200,True,1400.0,1400
62009,8,512,aligned,baseline,0.002,0.5,0.2,2,0.0,,0111_aligned_62009,0,0.1063239169307053,,425,333,24643,31.878624817995252,0,2.914335439641036e-16,0.0,8.326672684688674e-17,844,94.27256354276264,17.35803952524226,512,0,12.010408718124282,5.347630807118053,0,0.0,0.0,0.0,0,2200,mechanism,True,0.0,0.0089697265625,True,False,,20000,False,,20000,False,,20000
62009,8,512,aligned,baseline,0.002,0.5,0.2,2,0.2,,0112_aligned_62009,0,1.3690757500007749,,425,46966,15134005,14675.19842153554,0,4.996003610813204e-16,0.0,8.326672684688674e-17,47477,94.27256354276264,17.35803952524226,512,0,12.010408718124282,5.347630807118053,0,0.0,0.0,0.0,0,-1,mechanism,False,0.975,0.7480810546875,True,True,7800.0,7800,True,10800.0,10800,False,,20000
62009,8,512,aligned,baseline,0.002,0.5,0.2,2,0.8,,0113_aligned_62009,0,1.24650400003884,,425,42115,19347916,6240.283570027141,0,5.134781488891349e-16,0.0,8.326672684688674e-17,42626,94.27256354276264,17.35803952524226,512,0,12.010408718124282,5.347630807118053,0,0.0,0.0,0.0,0,-1,mechanism,False,0.9962890625,0.954228515625,True,True,1600.0,1600,True,1600.0,1600,True,1800.0,1800
62009,8,512,state_rotated,baseline,0.002,0.5,0.2,1,0.0,,0114_state_rotated_62009,0,1.2328144590137526,,702,41761,13541533,0.0,0,2.914335439641036e-16,0.0,8.326672684688674e-17,42272,94.27256354276264,17.35803952524226,512,0,12.458733674866227,4.8993058503760825,0,1.3877787807814457e-17,1.0408340855860844e-17,1.0408340855860844e-17,0,-1,mechanism,False,0.9154296875,0.671494140625,True,True,8400.0,8400,False,,20000,False,,20000
62009,8,512,state_rotated,baseline,0.002,0.5,0.2,1,0.2,,0115_state_rotated_62009,0,1.4606179170077669,,702,48118,17334887,0.0,0,5.134781488891349e-16,0.0,8.326672684688674e-17,48629,94.27256354276264,17.35803952524226,512,0,12.458733674866227,4.8993058503760825,0,1.3877787807814457e-17,1.3877787807814457e-17,1.3877787807814457e-17,0,-1,mechanism,False,0.980859375,0.8557666015625,True,True,4200.0,4200,True,4400.0,4400,False,,20000
62009,8,512,state_rotated,baseline,0.002,0.5,0.2,1,0.8,,0116_state_rotated_62009,0,1.3245638329535725,,702,41016,18980201,0.0,0,5.134781488891349e-16,0.0,8.326672684688674e-17,41527,94.27256354276264,17.35803952524226,512,0,12.458733674866227,4.8993058503760825,0,1.3877787807814457e-17,1.3877787807814457e-17,1.3877787807814457e-17,0,-1,mechanism,False,0.997265625,0.936923828125,True,True,1800.0,1800,True,2000.0,2000,True,2200.0,2200
62009,8,512,state_rotated,baseline,0.002,0.5,0.2,2,0.0,,0117_state_rotated_62009,0,0.1061128330184146,,702,268,19134,9.397111339642272,0,2.914335439641036e-16,0.0,8.326672684688674e-17,779,94.27256354276264,17.35803952524226,512,0,12.458733674866227,4.8993058503760825,0,1.3877787807814457e-17,1.0408340855860844e-17,1.0408340855860844e-17,0,3400,mechanism,True,0.0,0.0091943359375,True,False,,20000,False,,20000,False,,20000
62009,8,512,state_rotated,baseline,0.002,0.5,0.2,2,0.2,,0118_state_rotated_62009,0,1.2349999159341678,,702,35647,10351460,2473.080263808189,0,4.996003610813204e-16,0.0,8.326672684688674e-17,36158,94.27256354276264,17.35803952524226,512,0,12.458733674866227,4.8993058503760825,0,1.3877787807814457e-17,1.0408340855860844e-17,1.0408340855860844e-17,0,-1,mechanism,False,0.8720703125,0.515068359375,True,False,,20000,False,,20000,False,,20000
62009,8,512,state_rotated,baseline,0.002,0.5,0.2,2,0.8,,0119_state_rotated_62009,0,1.3462432499509305,,702,41017,18915024,1838.8105471146896,0,5.134781488891349e-16,0.0,8.326672684688674e-17,41528,94.27256354276264,17.35803952524226,512,0,12.458733674866227,4.8993058503760825,0,1.3877787807814457e-17,1.0408340855860844e-17,1.0408340855860844e-17,0,-1,mechanism,False,0.9982421875,0.9332470703125,True,True,2000.0,2000,True,2000.0,2000,True,2200.0,2200
62010,8,512,aligned,baseline,0.002,0.5,0.2,1,0.0,,0120_aligned_62010,0,1.2256469170097262,,431,42626,19427576,0.0,0,4.996003610813204e-16,0.0,8.326672684688674e-17,43137,94.27256354276264,17.35803952524226,512,0,11.941679306571377,5.416360218670946,0,0.0,0.0,0.0,0,-1,mechanism,False,0.9984375,0.9585986328125,True,True,1400.0,1400,True,1400.0,1400,True,1800.0,1800
62010,8,512,aligned,baseline,0.002,0.5,0.2,1,0.2,,0121_aligned_62010,0,1.3838758750353009,,431,53752,19047257,0.0,0,5.134781488891349e-16,0.0,8.326672684688674e-17,54263,94.27256354276264,17.35803952524226,512,0,11.941679306571377,5.416360218670946,0,0.0,0.0,0.0,0,-1,mechanism,False,0.994921875,0.9392041015625,True,True,2000.0,2000,True,2400.0,2400,True,6000.0,6000
62010,8,512,aligned,baseline,0.002,0.5,0.2,1,0.8,,0122_aligned_62010,0,1.1968656250974163,,431,41214,19541441,0.0,0,5.134781488891349e-16,0.0,8.326672684688674e-17,41725,94.27256354276264,17.35803952524226,512,0,11.941679306571377,5.416360218670946,0,0.0,0.0,0.0,0,-1,mechanism,False,0.998828125,0.9641259765625,True,True,1200.0,1200,True,1200.0,1200,True,1400.0,1400
62010,8,512,aligned,baseline,0.002,0.5,0.2,2,0.0,,0123_aligned_62010,0,0.1034032080788165,,431,323,22585,26.89372120624211,0,2.914335439641036e-16,0.0,8.326672684688674e-17,834,94.27256354276264,17.35803952524226,512,0,11.941679306571377,5.416360218670946,0,0.0,0.0,0.0,0,2200,mechanism,True,0.0,0.008740234375,True,False,,20000,False,,20000,False,,20000
62010,8,512,aligned,baseline,0.002,0.5,0.2,2,0.2,,0124_aligned_62010,0,1.3441194590413943,,431,47218,13121231,10947.46825487054,0,4.579669976578771e-16,0.0,8.326672684688674e-17,47729,94.27256354276264,17.35803952524226,512,0,11.941679306571377,5.416360218670946,0,0.0,0.0,0.0,0,-1,mechanism,False,0.9037109375,0.6499658203125,True,True,10800.0,10800,False,,20000,False,,20000
62010,8,512,aligned,baseline,0.002,0.5,0.2,2,0.8,,0125_aligned_62010,0,1.2314792079851031,,431,41325,19321148,4997.881723500702,0,5.134781488891349e-16,0.0,8.326672684688674e-17,41836,94.27256354276264,17.35803952524226,512,0,11.941679306571377,5.416360218670946,0,0.0,0.0,0.0,0,-1,mechanism,False,0.997265625,0.9532958984375,True,True,1600.0,1600,True,1600.0,1600,True,2000.0,2000
62010,8,512,state_rotated,baseline,0.002,0.5,0.2,1,0.0,,0126_state_rotated_62010,0,0.1073357500135898,,674,293,24641,0.0,0,2.914335439641036e-16,0.0,8.326672684688674e-17,804,94.27256354276264,17.35803952524226,512,0,12.328305555307963,5.029733969934337,0,1.3877787807814457e-17,8.673617379884035e-18,6.938893903907228e-18,0,3400,mechanism,True,0.0,0.009453125,True,False,,20000,False,,20000,False,,20000
62010,8,512,state_rotated,baseline,0.002,0.5,0.2,1,0.2,,0127_state_rotated_62010,0,1.5195115000242367,,674,51495,15783463,0.0,0,4.996003610813204e-16,0.0,8.326672684688674e-17,52006,94.27256354276264,17.35803952524226,512,0,12.328305555307963,5.029733969934337,0,1.3877787807814457e-17,1.7347234759768068e-17,1.7347234759768068e-17,0,-1,mechanism,False,0.96171875,0.7807080078125,True,True,6000.0,6000,True,7600.0,7600,False,,20000
62010,8,512,state_rotated,baseline,0.002,0.5,0.2,1,0.8,,0128_state_rotated_62010,0,1.3187100839568302,,674,40792,18998284,0.0,0,5.134781488891349e-16,0.0,8.326672684688674e-17,41303,94.27256354276264,17.35803952524226,512,0,12.328305555307963,5.029733969934337,0,1.3877787807814457e-17,2.0816681711721685e-17,2.0816681711721685e-17,0,-1,mechanism,False,0.998046875,0.9377294921875,True,True,2000.0,2000,True,2200.0,2200,True,2400.0,2400
62010,8,512,state_rotated,baseline,0.002,0.5,0.2,2,0.0,,0129_state_rotated_62010,0,0.1071511250920593,,674,258,18345,11.504254436593683,0,2.914335439641036e-16,0.0,8.326672684688674e-17,769,94.27256354276264,17.35803952524226,512,0,12.328305555307963,5.029733969934337,0,1.3877787807814457e-17,1.0408340855860844e-17,6.938893903907228e-18,0,2600,mechanism,True,0.0,0.00900390625,True,False,,20000,False,,20000,False,,20000
62010,8,512,state_rotated,baseline,0.002,0.5,0.2,2,0.2,,0130_state_rotated_62010,0,1.5078886669361964,,674,47005,13210948,4974.908566875458,0,4.996003610813204e-16,0.0,8.326672684688674e-17,47516,94.27256354276264,17.35803952524226,512,0,12.328305555307963,5.029733969934337,0,1.3877787807814457e-17,1.0408340855860844e-17,8.673617379884035e-18,0,-1,mechanism,False,0.901953125,0.6549658203125,True,True,10600.0,10600,False,,20000,False,,20000
62010,8,512,state_rotated,baseline,0.002,0.5,0.2,2,0.8,,0131_state_rotated_62010,0,1.3511376669630408,,674,40497,18947158,1911.7898475892753,0,5.134781488891349e-16,0.0,8.326672684688674e-17,41008,94.27256354276264,17.35803952524226,512,0,12.328305555307963,5.029733969934337,0,1.3877787807814457e-17,1.0408340855860844e-17,1.0408340855860844e-17,0,-1,mechanism,False,0.9958984375,0.9352880859375,True,True,2000.0,2000,True,2000.0,2000,True,2400.0,2400
62011,8,512,aligned,baseline,0.002,0.5,0.2,1,0.0,,0132_aligned_62011,0,1.2311247079633176,,446,41900,19503370,0.0,0,4.996003610813204e-16,0.0,8.326672684688674e-17,42411,94.27256354276264,17.35803952524226,512,0,11.900769587709409,5.457269937532912,0,0.0,0.0,0.0,0,-1,mechanism,False,0.9984375,0.962509765625,True,True,1200.0,1200,True,1200.0,1200,True,1400.0,1400
62011,8,512,aligned,baseline,0.002,0.5,0.2,1,0.2,,0133_aligned_62011,0,1.496144040953368,,446,59403,18836036,0.0,0,5.134781488891349e-16,0.0,8.326672684688674e-17,59914,94.27256354276264,17.35803952524226,512,0,11.900769587709409,5.457269937532912,0,0.0,0.0,0.0,0,-1,mechanism,False,0.9890625,0.9301708984375,True,True,2200.0,2200,True,2800.0,2800,False,,20000
62011,8,512,aligned,baseline,0.002,0.5,0.2,1,0.8,,0134_aligned_62011,0,1.2293625000165775,,446,41680,19585989,0.0,0,5.134781488891349e-16,0.0,8.326672684688674e-17,42191,94.27256354276264,17.35803952524226,512,0,11.900769587709409,5.457269937532912,0,0.0,0.0,0.0,0,-1,mechanism,False,0.9994140625,0.966904296875,True,True,1000.0,1000,True,1200.0,1200,True,1400.0,1400
62011,8,512,aligned,baseline,0.002,0.5,0.2,2,0.0,,0135_aligned_62011,0,0.1075795419747009,,446,400,29010,35.053206444775554,0,2.914335439641036e-16,0.0,8.326672684688674e-17,911,94.27256354276264,17.35803952524226,512,0,11.900769587709409,5.457269937532912,0,0.0,0.0,0.0,0,3400,mechanism,True,0.0,0.00984375,True,False,,20000,False,,20000,False,,20000
62011,8,512,aligned,baseline,0.002,0.5,0.2,2,0.2,,0136_aligned_62011,0,1.392274208017625,,446,45342,13717001,17606.27226881977,0,4.996003610813204e-16,0.0,8.326672684688674e-17,45853,94.27256354276264,17.35803952524226,512,0,11.900769587709409,5.457269937532912,0,0.0,0.0,0.0,0,-1,mechanism,False,0.9228515625,0.6794091796875,True,True,11800.0,11800,False,,20000,False,,20000
62011,8,512,aligned,baseline,0.002,0.5,0.2,2,0.8,,0137_aligned_62011,0,1.2611903749639168,,446,41309,19406091,5683.347492927328,0,5.134781488891349e-16,0.0,8.326672684688674e-17,41820,94.27256354276264,17.35803952524226,512,0,11.900769587709409,5.457269937532912,0,0.0,0.0,0.0,0,-1,mechanism,False,0.99765625,0.95830078125,True,True,1400.0,1400,True,1400.0,1400,True,1800.0,1800
62011,8,512,state_rotated,baseline,0.002,0.5,0.2,1,0.0,,0138_state_rotated_62011,0,0.1037407499970868,,750,222,23346,0.0,0,2.914335439641036e-16,0.0,8.326672684688674e-17,733,94.27256354276264,17.35803952524226,512,0,12.33736842871273,5.020671096529583,0,1.3877787807814457e-17,1.0408340855860844e-17,1.0408340855860844e-17,0,2800,mechanism,True,0.0,0.008828125,True,False,,20000,False,,20000,False,,20000
62011,8,512,state_rotated,baseline,0.002,0.5,0.2,1,0.2,,0139_state_rotated_62011,0,1.498279125080444,,750,50769,17653419,0.0,0,5.134781488891349e-16,0.0,8.326672684688674e-17,51280,94.27256354276264,17.35803952524226,512,0,12.33736842871273,5.020671096529583,0,1.3877787807814457e-17,1.7347234759768068e-17,1.7347234759768068e-17,0,-1,mechanism,False,0.9919921875,0.8715185546875,True,True,3600.0,3600,True,4000.0,4000,True,9200.0,9200
62011,8,512,state_rotated,baseline,0.002,0.5,0.2,1,0.8,,0140_state_rotated_62011,0,1.3127376670017838,,750,40568,18987914,0.0,0,5.134781488891349e-16,0.0,8.326672684688674e-17,41079,94.27256354276264,17.35803952524226,512,0,12.33736842871273,5.020671096529583,0,1.3877787807814457e-17,1.7347234759768068e-17,1.7347234759768068e-17,0,-1,mechanism,False,0.9982421875,0.937216796875,True,True,1800.0,1800,True,2000.0,2000,True,2200.0,2200
62011,8,512,state_rotated,baseline,0.002,0.5,0.2,2,0.0,,0141_state_rotated_62011,0,0.1034869169816374,,750,220,16242,11.76785945074942,0,2.914335439641036e-16,0.0,8.326672684688674e-17,731,94.27256354276264,17.35803952524226,512,0,12.33736842871273,5.020671096529583,0,1.3877787807814457e-17,1.0408340855860844e-17,1.0408340855860844e-17,0,2400,mechanism,True,0.0,0.0084765625,True,False,,20000,False,,20000,False,,20000
62011,8,512,state_rotated,baseline,0.002,0.5,0.2,2,0.2,,0142_state_rotated_62011,0,1.5162124999333173,,750,49277,14317493,5102.336608624595,0,5.134781488891349e-16,0.0,8.326672684688674e-17,49788,94.27256354276264,17.35803952524226,512,0,12.33736842871273,5.020671096529583,0,1.3877787807814457e-17,1.0408340855860844e-17,1.0408340855860844e-17,0,-1,mechanism,False,0.9357421875,0.7076513671875,True,True,8000.0,8000,False,,20000,False,,20000
62011,8,512,state_rotated,baseline,0.002,0.5,0.2,2,0.8,,0143_state_rotated_62011,0,1.3386582089588046,,750,40519,18839731,2526.8640637225058,0,5.134781488891349e-16,0.0,8.326672684688674e-17,41030,94.27256354276264,17.35803952524226,512,0,12.33736842871273,5.020671096529583,0,1.3877787807814457e-17,1.3877787807814457e-17,1.0408340855860844e-17,0,-1,mechanism,False,0.99765625,0.9288623046875,True,True,2200.0,2200,True,2400.0,2400,True,2600.0,2600
62012,8,512,aligned,baseline,0.002,0.5,0.2,1,0.0,,0144_aligned_62012,0,1.2306797920027748,,446,42787,19397204,0.0,0,4.579669976578771e-16,0.0,8.326672684688674e-17,43298,94.27256354276264,17.35803952524226,512,0,11.97802165357158,5.380017871670739,0,0.0,0.0,0.0,0,-1,mechanism,False,0.9994140625,0.9562060546875,True,True,1400.0,1400,True,1400.0,1400,True,1800.0,1800
62012,8,512,aligned,baseline,0.002,0.5,0.2,1,0.2,,0145_aligned_62012,0,1.4212407500017434,,446,55199,18850316,0.0,0,5.134781488891349e-16,0.0,8.326672684688674e-17,55710,94.27256354276264,17.35803952524226,512,0,11.97802165357158,5.380017871670739,0,0.0,0.0,0.0,0,-1,mechanism,False,0.9919921875,0.9304443359375,True,True,2200.0,2200,True,2200.0,2200,True,10600.0,10600
62012,8,512,aligned,baseline,0.002,0.5,0.2,1,0.8,,0146_aligned_62012,0,1.208069583051838,,446,41777,19522945,0.0,0,5.134781488891349e-16,0.0,8.326672684688674e-17,42288,94.27256354276264,17.35803952524226,512,0,11.97802165357158,5.380017871670739,0,0.0,0.0,0.0,0,-1,mechanism,False,0.9978515625,0.9626220703125,True,True,1200.0,1200,True,1400.0,1400,True,1400.0,1400
62012,8,512,aligned,baseline,0.002,0.5,0.2,2,0.0,,0147_aligned_62012,0,0.1035167920636013,,446,301,21006,32.23942065531792,0,2.914335439641036e-16,0.0,8.326672684688674e-17,812,94.27256354276264,17.35803952524226,512,0,11.97802165357158,5.380017871670739,0,0.0,0.0,0.0,0,3200,mechanism,True,0.0,0.0082421875,True,False,,20000,False,,20000,False,,20000
62012,8,512,aligned,baseline,0.002,0.5,0.2,2,0.2,,0148_aligned_62012,0,1.4052164170425383,,446,49972,14560162,7884.572552220946,0,4.996003610813204e-16,0.0,8.326672684688674e-17,50483,94.27256354276264,17.35803952524226,512,0,11.97802165357158,5.380017871670739,0,0.0,0.0,0.0,0,-1,mechanism,False,0.9275390625,0.719482421875,True,True,8600.0,8600,False,,20000,False,,20000
62012,8,512,aligned,baseline,0.002,0.5,0.2,2,0.8,,0149_aligned_62012,0,1.2302506250562146,,446,41268,19259198,5634.475643431627,0,5.134781488891349e-16,0.0,8.326672684688674e-17,41779,94.27256354276264,17.35803952524226,512,0,11.97802165357158,5.380017871670739,0,0.0,0.0,0.0,0,-1,mechanism,False,0.997265625,0.9499658203125,True,True,1600.0,1600,True,1800.0,1800,True,2200.0,2200
62012,8,512,state_rotated,baseline,0.002,0.5,0.2,1,0.0,,0150_state_rotated_62012,0,1.2469602919882163,,744,43842,17346301,0.0,0,2.914335439641036e-16,0.0,8.326672684688674e-17,44353,94.27256354276264,17.35803952524226,512,0,12.294105067628845,5.063934457613462,0,1.3877787807814457e-17,1.0408340855860844e-17,1.0408340855860844e-17,0,-1,mechanism,False,0.9814453125,0.8580615234375,True,True,3600.0,3600,True,3600.0,3600,False,,20000
62012,8,512,state_rotated,baseline,0.002,0.5,0.2,1,0.2,,0151_state_rotated_62012,0,1.4662040000548586,,744,50341,16455930,0.0,0,5.134781488891349e-16,0.0,8.326672684688674e-17,50852,94.27256354276264,17.35803952524226,512,0,12.294105067628845,5.063934457613462,0,1.3877787807814457e-17,1.7347234759768068e-17,1.3877787807814457e-17,0,-1,mechanism,False,0.9798828125,0.8133642578125,True,True,5200.0,5200,True,5600.0,5600,False,,20000
62012,8,512,state_rotated,baseline,0.002,0.5,0.2,1,0.8,,0152_state_rotated_62012,0,1.3023815409978852,,744,40647,18870744,0.0,0,5.134781488891349e-16,0.0,8.326672684688674e-17,41158,94.27256354276264,17.35803952524226,512,0,12.294105067628845,5.063934457613462,0,1.3877787807814457e-17,1.3877787807814457e-17,1.0408340855860844e-17,0,-1,mechanism,False,0.9984375,0.9318359375,True,True,2200.0,2200,True,2200.0,2200,True,2400.0,2400
62012,8,512,state_rotated,baseline,0.002,0.5,0.2,2,0.0,,0153_state_rotated_62012,0,0.1064317909767851,,744,263,18771,11.87994153800936,0,2.914335439641036e-16,0.0,8.326672684688674e-17,774,94.27256354276264,17.35803952524226,512,0,12.294105067628845,5.063934457613462,0,1.3877787807814457e-17,1.0408340855860844e-17,1.0408340855860844e-17,0,3200,mechanism,True,0.0,0.00947265625,True,False,,20000,False,,20000,False,,20000
62012,8,512,state_rotated,baseline,0.002,0.5,0.2,2,0.2,,0154_state_rotated_62012,0,1.543155583087355,,744,48134,14065498,4094.619865702939,0,4.996003610813204e-16,0.0,8.326672684688674e-17,48645,94.27256354276264,17.35803952524226,512,0,12.294105067628845,5.063934457613462,0,1.3877787807814457e-17,1.0408340855860844e-17,1.0408340855860844e-17,0,-1,mechanism,False,0.9080078125,0.6976171875,True,True,10800.0,10800,False,,20000,False,,20000
62012,8,512,state_rotated,baseline,0.002,0.5,0.2,2,0.8,,0155_state_rotated_62012,0,1.3488212920492515,,744,40604,18846313,2258.910660600762,0,5.134781488891349e-16,0.0,8.326672684688674e-17,41115,94.27256354276264,17.35803952524226,512,0,12.294105067628845,5.063934457613462,0,1.3877787807814457e-17,1.3877787807814457e-17,1.0408340855860844e-17,0,-1,mechanism,False,0.995703125,0.9309033203125,True,True,2200.0,2200,True,2200.0,2200,True,2400.0,2400
62013,8,512,aligned,baseline,0.002,0.5,0.2,1,0.0,,0156_aligned_62013,0,1.2380851249909028,,436,43541,19347473,0.0,0,4.996003610813204e-16,0.0,8.326672684688674e-17,44052,94.27256354276264,17.35803952524226,512,0,11.90690764882702,5.451131876415309,0,0.0,0.0,0.0,0,-1,mechanism,False,0.999609375,0.9548486328125,True,True,1400.0,1400,True,1600.0,1600,True,1800.0,1800
62013,8,512,aligned,baseline,0.002,0.5,0.2,1,0.2,,0157_aligned_62013,0,1.381367499940097,,436,53726,19152344,0.0,0,5.134781488891349e-16,0.0,8.326672684688674e-17,54237,94.27256354276264,17.35803952524226,512,0,11.90690764882702,5.451131876415309,0,0.0,0.0,0.0,0,-1,mechanism,False,0.9962890625,0.9447900390625,True,True,1800.0,1800,True,1800.0,1800,True,6800.0,6800
62013,8,512,aligned,baseline,0.002,0.5,0.2,1,0.8,,0158_aligned_62013,0,1.1964819580316544,,436,41556,19594008,0.0,0,5.134781488891349e-16,0.0,8.326672684688674e-17,42067,94.27256354276264,17.35803952524226,512,0,11.90690764882702,5.451131876415309,0,0.0,0.0,0.0,0,-1,mechanism,False,0.9982421875,0.966005859375,True,True,1200.0,1200,True,1200.0,1200,True,1400.0,1400
62013,8,512,aligned,baseline,0.002,0.5,0.2,2,0.0,,0159_aligned_62013,0,0.1051791659556329,,436,343,24986,39.92128110375968,0,2.914335439641036e-16,0.0,8.326672684688674e-17,854,94.27256354276264,17.35803952524226,512,0,11.90690764882702,5.451131876415309,0,0.0,0.0,0.0,0,3200,mechanism,True,0.0,0.0090673828125,True,False,,20000,False,,20000,False,,20000
62013,8,512,aligned,baseline,0.002,0.5,0.2,2,0.2,,0160_aligned_62013,0,1.4826610409654677,,436,54697,16430263,10661.105945884772,0,5.134781488891349e-16,0.0,8.326672684688674e-17,55208,94.27256354276264,17.35803952524226,512,0,11.90690764882702,5.451131876415309,0,0.0,0.0,0.0,0,-1,mechanism,False,0.9734375,0.81240234375,True,True,6400.0,6400,True,15400.0,15400,False,,20000
62013,8,512,aligned,baseline,0.002,0.5,0.2,2,0.8,,0161_aligned_62013,0,1.233887332957238,,436,41603,19340685,6785.257330728499,0,5.134781488891349e-16,0.0,8.326672684688674e-17,42114,94.27256354276264,17.35803952524226,512,0,11.90690764882702,5.451131876415309,0,0.0,0.0,0.0,0,-1,mechanism,False,0.9978515625,0.9539208984375,True,True,1600.0,1600,True,1600.0,1600,True,1800.0,1800
62013,8,512,state_rotated,baseline,0.002,0.5,0.2,1,0.0,,0162_state_rotated_62013,0,0.9676880409242584,,782,28689,13583561,0.0,0,2.914335439641036e-16,0.0,8.326672684688674e-17,29200,94.27256354276264,17.35803952524226,512,0,12.287944135036684,5.0700953902056485,0,6.938893903907228e-18,1.0408340855860844e-17,1.0408340855860844e-17,0,-1,mechanism,False,0.959765625,0.672080078125,True,True,8400.0,8400,True,9400.0,9400,False,,20000
62013,8,512,state_rotated,baseline,0.002,0.5,0.2,1,0.2,,0163_state_rotated_62013,0,1.334848708007485,,782,44409,16172238,0.0,0,5.134781488891349e-16,0.0,8.326672684688674e-17,44920,94.27256354276264,17.35803952524226,512,0,12.287944135036684,5.0700953902056485,0,1.3877787807814457e-17,1.3877787807814457e-17,1.3877787807814457e-17,0,-1,mechanism,False,0.9927734375,0.798115234375,True,True,5400.0,5400,True,5600.0,5600,True,11000.0,11000
62013,8,512,state_rotated,baseline,0.002,0.5,0.2,1,0.8,,0164_state_rotated_62013,0,1.294320415938273,,782,40143,18871457,0.0,0,5.134781488891349e-16,0.0,8.326672684688674e-17,40654,94.27256354276264,17.35803952524226,512,0,12.287944135036684,5.0700953902056485,0,1.3877787807814457e-17,1.3877787807814457e-17,1.3877787807814457e-17,0,-1,mechanism,False,0.99765625,0.9311865234375,True,True,2000.0,2000,True,2200.0,2200,True,2400.0,2400
62013,8,512,state_rotated,baseline,0.002,0.5,0.2,2,0.0,,0165_state_rotated_62013,0,0.1032661250792443,,782,175,12021,9.609772277226842,0,2.775557561562891e-16,0.0,8.326672684688674e-17,686,94.27256354276264,17.35803952524226,512,0,12.287944135036684,5.0700953902056485,0,6.938893903907228e-18,1.0408340855860844e-17,1.0408340855860844e-17,0,3200,mechanism,True,0.0,0.0085595703125,True,False,,20000,False,,20000,False,,20000
62013,8,512,state_rotated,baseline,0.002,0.5,0.2,2,0.2,,0166_state_rotated_62013,0,1.4891058749053627,,782,47169,14725739,4114.206256338186,0,5.134781488891349e-16,0.0,8.326672684688674e-17,47680,94.27256354276264,17.35803952524226,512,0,12.287944135036684,5.0700953902056485,0,1.3877787807814457e-17,1.0408340855860844e-17,1.0408340855860844e-17,0,-1,mechanism,False,0.9455078125,0.72791015625,True,True,8400.0,8400,True,14800.0,14800,False,,20000
62013,8,512,state_rotated,baseline,0.002,0.5,0.2,2,0.8,,0167_state_rotated_62013,0,1.3362610419280827,,782,40329,18785093,2424.0668319897945,0,5.134781488891349e-16,0.0,8.326672684688674e-17,40840,94.27256354276264,17.35803952524226,512,0,12.287944135036684,5.0700953902056485,0,1.3877787807814457e-17,1.0408340855860844e-17,1.0408340855860844e-17,0,-1,mechanism,False,0.996875,0.9272119140625,True,True,2200.0,2200,True,2400.0,2400,True,2400.0,2400
62014,8,512,aligned,baseline,0.002,0.5,0.2,1,0.0,,0168_aligned_62014,0,1.2440846250392497,,415,44152,19471651,0.0,0,4.579669976578771e-16,0.0,8.326672684688674e-17,44663,94.27256354276264,17.35803952524226,512,0,11.983954369267206,5.374085155975125,0,0.0,0.0,0.0,0,-1,mechanism,False,0.9994140625,0.960869140625,True,True,1200.0,1200,True,1400.0,1400,True,2000.0,2000
62014,8,512,aligned,baseline,0.002,0.5,0.2,1,0.2,,0169_aligned_62014,0,1.4814694580854848,,415,59721,18850288,0.0,0,5.134781488891349e-16,0.0,8.326672684688674e-17,60232,94.27256354276264,17.35803952524226,512,0,11.983954369267206,5.374085155975125,0,0.0,0.0,0.0,0,-1,mechanism,False,0.99296875,0.93017578125,True,True,2000.0,2000,True,2600.0,2600,True,16200.0,16200
62014,8,512,aligned,baseline,0.002,0.5,0.2,1,0.8,,0170_aligned_62014,0,1.210186874959618,,415,41972,19595233,0.0,0,5.134781488891349e-16,0.0,8.326672684688674e-17,42483,94.27256354276264,17.35803952524226,512,0,11.983954369267206,5.374085155975125,0,0.0,0.0,0.0,0,-1,mechanism,False,0.9978515625,0.966435546875,True,True,1000.0,1000,True,1200.0,1200,True,1200.0,1200
62014,8,512,aligned,baseline,0.002,0.5,0.2,2,0.0,,0171_aligned_62014,0,0.1049534999765455,,415,330,24022,27.74244169132223,0,2.914335439641036e-16,0.0,8.326672684688674e-17,841,94.27256354276264,17.35803952524226,512,0,11.983954369267206,5.374085155975125,0,0.0,0.0,0.0,0,3600,mechanism,True,0.0,0.0089111328125,True,False,,20000,False,,20000,False,,20000
62014,8,512,aligned,baseline,0.002,0.5,0.2,2,0.2,,0172_aligned_62014,0,1.3811727920547128,,415,47371,13868346,8393.692977405224,0,4.996003610813204e-16,0.0,8.326672684688674e-17,47882,94.27256354276264,17.35803952524226,512,0,11.983954369267206,5.374085155975125,0,0.0,0.0,0.0,0,-1,mechanism,False,0.9115234375,0.686201171875,True,True,11800.0,11800,False,,20000,False,,20000
62014,8,512,aligned,baseline,0.002,0.5,0.2,2,0.8,,0173_aligned_62014,0,1.2562394170090556,,415,41782,19370613,4998.22112540532,0,5.134781488891349e-16,0.0,8.326672684688674e-17,42293,94.27256354276264,17.35803952524226,512,0,11.983954369267206,5.374085155975125,0,0.0,0.0,0.0,0,-1,mechanism,False,0.9962890625,0.955615234375,True,True,1400.0,1400,True,1600.0,1600,True,2000.0,2000
62014,8,512,state_rotated,baseline,0.002,0.5,0.2,1,0.0,,0174_state_rotated_62014,0,1.3574300840264186,,602,57599,16755675,0.0,0,2.914335439641036e-16,0.0,8.326672684688674e-17,58110,94.27256354276264,17.35803952524226,512,0,12.34183853763969,5.016200987602621,0,1.3877787807814457e-17,1.3877787807814457e-17,1.0408340855860844e-17,0,-1,mechanism,False,0.987109375,0.828486328125,True,True,4400.0,4400,True,4400.0,4400,False,,20000
62014,8,512,state_rotated,baseline,0.002,0.5,0.2,1,0.2,,0175_state_rotated_62014,0,1.6037105419673026,,602,55830,16725099,0.0,0,5.134781488891349e-16,0.0,8.326672684688674e-17,56341,94.27256354276264,17.35803952524226,512,0,12.34183853763969,5.016200987602621,0,1.3877787807814457e-17,2.0816681711721685e-17,1.7347234759768068e-17,0,-1,mechanism,False,0.965625,0.826279296875,True,True,5000.0,5000,True,5400.0,5400,False,,20000
62014,8,512,state_rotated,baseline,0.002,0.5,0.2,1,0.8,,0176_state_rotated_62014,0,1.3478704169392586,,602,41560,19218310,0.0,0,5.134781488891349e-16,0.0,8.326672684688674e-17,42071,94.27256354276264,17.35803952524226,512,0,12.34183853763969,5.016200987602621,0,1.3877787807814457e-17,1.3877787807814457e-17,1.3877787807814457e-17,0,-1,mechanism,False,0.9986328125,0.949384765625,True,True,1600.0,1600,True,1600.0,1600,True,1800.0,1800
62014,8,512,state_rotated,baseline,0.002,0.5,0.2,2,0.0,,0177_state_rotated_62014,0,0.1094327500322833,,602,295,21072,7.851631204005535,0,2.914335439641036e-16,0.0,8.326672684688674e-17,806,94.27256354276264,17.35803952524226,512,0,12.34183853763969,5.016200987602621,0,1.3877787807814457e-17,1.3877787807814457e-17,1.0408340855860844e-17,0,3400,mechanism,True,0.0,0.0098291015625,True,False,,20000,False,,20000,False,,20000
62014,8,512,state_rotated,baseline,0.002,0.5,0.2,2,0.2,,0178_state_rotated_62014,0,0.8730514580383897,,602,21530,5647351,1724.4218189408048,0,2.914335439641036e-16,0.0,8.326672684688674e-17,22041,94.27256354276264,17.35803952524226,512,0,12.34183853763969,5.016200987602621,0,1.3877787807814457e-17,1.3877787807814457e-17,1.0408340855860844e-17,0,-1,mechanism,False,0.6134765625,0.286259765625,True,False,,20000,False,,20000,False,,20000
62014,8,512,state_rotated,baseline,0.002,0.5,0.2,2,0.8,,0179_state_rotated_62014,0,1.386267667054199,,602,41632,19119536,1591.3305423381237,0,5.134781488891349e-16,0.0,8.326672684688674e-17,42143,94.27256354276264,17.35803952524226,512,0,12.34183853763969,5.016200987602621,0,1.3877787807814457e-17,1.7347234759768068e-17,1.3877787807814457e-17,0,-1,mechanism,False,0.9970703125,0.9444921875,True,True,1800.0,1800,True,2000.0,2000,True,2200.0,2200
62015,8,512,aligned,baseline,0.002,0.5,0.2,1,0.0,,0180_aligned_62015,0,1.2482616659253836,,461,43017,19498016,0.0,0,4.579669976578771e-16,0.0,8.326672684688674e-17,43528,94.27256354276264,17.35803952524226,512,0,11.904640885047227,5.453398640195124,0,0.0,0.0,0.0,0,-1,mechanism,False,0.999609375,0.9623046875,True,True,1200.0,1200,True,1200.0,1200,True,2000.0,2000
62015,8,512,aligned,baseline,0.002,0.5,0.2,1,0.2,,0181_aligned_62015,0,1.3979595000855625,,461,53206,19150799,0.0,0,5.134781488891349e-16,0.0,8.326672684688674e-17,53717,94.27256354276264,17.35803952524226,512,0,11.904640885047227,5.453398640195124,0,0.0,0.0,0.0,0,-1,mechanism,False,0.994140625,0.9449658203125,True,True,1800.0,1800,True,2200.0,2200,True,6400.0,6400
62015,8,512,aligned,baseline,0.002,0.5,0.2,1,0.8,,0182_aligned_62015,0,1.2151759580010548,,461,41597,19531572,0.0,0,5.134781488891349e-16,0.0,8.326672684688674e-17,42108,94.27256354276264,17.35803952524226,512,0,11.904640885047227,5.453398640195124,0,0.0,0.0,0.0,0,-1,mechanism,False,0.9990234375,0.9641552734375,True,True,1200.0,1200,True,1200.0,1200,True,1400.0,1400
62015,8,512,aligned,baseline,0.002,0.5,0.2,2,0.0,,0183_aligned_62015,0,0.1060844999738037,,461,365,25507,38.67771009093849,0,2.914335439641036e-16,0.0,8.326672684688674e-17,876,94.27256354276264,17.35803952524226,512,0,11.904640885047227,5.453398640195124,0,0.0,0.0,0.0,0,2400,mechanism,True,0.0,0.0093115234375,True,False,,20000,False,,20000,False,,20000
62015,8,512,aligned,baseline,0.002,0.5,0.2,2,0.2,,0184_aligned_62015,0,1.4793260829756036,,461,52474,14850987,11182.135773065684,0,4.996003610813204e-16,0.0,8.326672684688674e-17,52985,94.27256354276264,17.35803952524226,512,0,11.904640885047227,5.453398640195124,0,0.0,0.0,0.0,0,-1,mechanism,False,0.9259765625,0.734609375,True,True,8600.0,8600,False,,20000,False,,20000
62015,8,512,aligned,baseline,0.002,0.5,0.2,2,0.8,,0185_aligned_62015,0,1.250125083955936,,461,41767,19358516,5758.438591071506,0,5.134781488891349e-16,0.0,8.326672684688674e-17,42278,94.27256354276264,17.35803952524226,512,0,11.904640885047227,5.453398640195124,0,0.0,0.0,0.0,0,-1,mechanism,False,0.99765625,0.95521484375,True,True,1400.0,1400,True,1600.0,1600,True,1800.0,1800
62015,8,512,state_rotated,baseline,0.002,0.5,0.2,1,0.0,,0186_state_rotated_62015,0,0.1080432920716703,,776,325,35844,0.0,0,2.914335439641036e-16,0.0,1.1102230246251563e-16,836,94.27256354276264,17.35803952524226,512,0,12.294476886313214,5.063562638929098,0,1.3877787807814457e-17,1.3877787807814457e-17,6.938893903907228e-18,0,2600,mechanism,True,0.0,0.0106787109375,True,False,,20000,False,,20000,False,,20000
62015,8,512,state_rotated,baseline,0.002,0.5,0.2,1,0.2,,0187_state_rotated_62015,0,1.5649607500527054,,776,53660,16939720,0.0,0,5.134781488891349e-16,0.0,1.1102230246251563e-16,54171,94.27256354276264,17.35803952524226,512,0,12.294476886313214,5.063562638929098,0,1.3877787807814457e-17,1.7347234759768068e-17,1.3877787807814457e-17,0,-1,mechanism,False,0.9716796875,0.837705078125,True,True,4200.0,4200,True,4400.0,4400,False,,20000
62015,8,512,state_rotated,baseline,0.002,0.5,0.2,1,0.8,,0188_state_rotated_62015,0,1.3180584170622751,,776,40610,19000489,0.0,0,5.134781488891349e-16,0.0,1.1102230246251563e-16,41121,94.27256354276264,17.35803952524226,512,0,12.294476886313214,5.063562638929098,0,1.3877787807814457e-17,1.7347234759768068e-17,1.7347234759768068e-17,0,-1,mechanism,False,0.9984375,0.9386669921875,True,True,1800.0,1800,True,2000.0,2000,True,2200.0,2200
62015,8,512,state_rotated,baseline,0.002,0.5,0.2,2,0.0,,0189_state_rotated_62015,0,0.1071100839180871,,776,270,19979,11.96731979888428,0,2.914335439641036e-16,0.0,1.1102230246251563e-16,781,94.27256354276264,17.35803952524226,512,0,12.294476886313214,5.063562638929098,0,1.3877787807814457e-17,1.3877787807814457e-17,6.938893903907228e-18,0,2800,mechanism,True,0.0,0.0097998046875,True,False,,20000,False,,20000,False,,20000
62015,8,512,state_rotated,baseline,0.002,0.5,0.2,2,0.2,,0190_state_rotated_62015,0,1.4918852919945491,,776,47073,14885990,4898.467024230575,0,5.134781488891349e-16,0.0,1.1102230246251563e-16,47584,94.27256354276264,17.35803952524226,512,0,12.294476886313214,5.063562638929098,0,1.3877787807814457e-17,1.3877787807814457e-17,1.0408340855860844e-17,0,-1,mechanism,False,0.956640625,0.736630859375,True,True,7400.0,7400,False,,20000,False,,20000
62015,8,512,state_rotated,baseline,0.002,0.5,0.2,2,0.8,,0191_state_rotated_62015,0,1.359718207968399,,776,40826,18928391,2322.8952747758726,0,5.134781488891349e-16,0.0,1.1102230246251563e-16,41337,94.27256354276264,17.35803952524226,512,0,12.294476886313214,5.063562638929098,0,1.3877787807814457e-17,1.3877787807814457e-17,1.0408340855860844e-17,0,-1,mechanism,False,0.99765625,0.9350244140625,True,True,2000.0,2000,True,2000.0,2000,True,2200.0,2200
62016,8,512,aligned,baseline,0.002,0.5,0.2,1,0.0,,0192_aligned_62016,0,1.2334876250242814,,411,42670,19492050,0.0,0,4.996003610813204e-16,0.0,8.326672684688674e-17,43181,94.27256354276264,17.35803952524226,512,0,11.90927328324024,5.448766242002086,0,0.0,0.0,0.0,0,-1,mechanism,False,0.998828125,0.9615625,True,True,1200.0,1200,True,1400.0,1400,True,2000.0,2000
62016,8,512,aligned,baseline,0.002,0.5,0.2,1,0.2,,0193_aligned_62016,0,1.448465000023134,,411,57368,18974742,0.0,0,5.134781488891349e-16,0.0,8.326672684688674e-17,57879,94.27256354276264,17.35803952524226,512,0,11.90927328324024,5.448766242002086,0,0.0,0.0,0.0,0,-1,mechanism,False,0.9908203125,0.9361083984375,True,True,1800.0,1800,True,2600.0,2600,True,11800.0,11800
62016,8,512,aligned,baseline,0.002,0.5,0.2,1,0.8,,0194_aligned_62016,0,1.2087271669879556,,411,41988,19622534,0.0,0,5.134781488891349e-16,0.0,8.326672684688674e-17,42499,94.27256354276264,17.35803952524226,512,0,11.90927328324024,5.448766242002086,0,0.0,0.0,0.0,0,-1,mechanism,False,0.9994140625,0.968037109375,True,True,1000.0,1000,True,1200.0,1200,True,1200.0,1200
62016,8,512,aligned,baseline,0.002,0.5,0.2,2,0.0,,0195_aligned_62016,0,0.1032532909885048,,411,319,23577,33.277838810852025,0,2.914335439641036e-16,0.0,8.326672684688674e-17,830,94.27256354276264,17.35803952524226,512,0,11.90927328324024,5.448766242002086,0,0.0,0.0,0.0,0,2200,mechanism,True,0.0,0.00873046875,True,False,,20000,False,,20000,False,,20000
62016,8,512,aligned,baseline,0.002,0.5,0.2,2,0.2,,0196_aligned_62016,0,1.379562083049677,,411,49904,13904557,19105.128192048087,0,4.996003610813204e-16,0.0,8.326672684688674e-17,50415,94.27256354276264,17.35803952524226,512,0,11.90927328324024,5.448766242002086,0,0.0,0.0,0.0,0,-1,mechanism,False,0.9267578125,0.6869921875,True,True,9200.0,9200,False,,20000,False,,20000
62016,8,512,aligned,baseline,0.002,0.5,0.2,2,0.8,,0197_aligned_62016,0,1.2445022499887273,,411,41904,19361157,7196.657637988151,0,5.134781488891349e-16,0.0,8.326672684688674e-17,42415,94.27256354276264,17.35803952524226,512,0,11.90927328324024,5.448766242002086,0,0.0,0.0,0.0,0,-1,mechanism,False,0.9943359375,0.9549072265625,True,True,1600.0,1600,True,1600.0,1600,True,2000.0,2000
62016,8,512,state_rotated,baseline,0.002,0.5,0.2,1,0.0,,0198_state_rotated_62016,0,1.0902910409495234,,943,36637,13821299,0.0,0,2.914335439641036e-16,0.0,8.326672684688674e-17,37148,94.27256354276264,17.35803952524226,512,0,12.37927952220368,4.978760003038645,0,1.3877787807814457e-17,1.0408340855860844e-17,1.0408340855860844e-17,0,-1,mechanism,False,0.937109375,0.6851708984375,True,True,8000.0,8000,False,,20000,False,,20000
62016,8,512,state_rotated,baseline,0.002,0.5,0.2,1,0.2,,0199_state_rotated_62016,0,1.5139235840179026,,943,53529,17242587,0.0,0,5.134781488891349e-16,0.0,8.326672684688674e-17,54040,94.27256354276264,17.35803952524226,512,0,12.37927952220368,4.978760003038645,0,1.3877787807814457e-17,1.3877787807814457e-17,1.3877787807814457e-17,0,-1,mechanism,False,0.9935546875,0.851689453125,True,True,4400.0,4400,True,4800.0,4800,True,12000.0,12000
62016,8,512,state_rotated,baseline,0.002,0.5,0.2,1,0.8,,0200_state_rotated_62016,0,1.289214416989125,,943,40142,18759835,0.0,0,5.134781488891349e-16,0.0,8.326672684688674e-17,40653,94.27256354276264,17.35803952524226,512,0,12.37927952220368,4.978760003038645,0,1.3877787807814457e-17,1.7347234759768068e-17,1.3877787807814457e-17,0,-1,mechanism,False,0.996875,0.925947265625,True,True,2200.0,2200,True,2400.0,2400,True,2400.0,2400
62016,8,512,state_rotated,baseline,0.002,0.5,0.2,2,0.0,,0201_state_rotated_62016,0,0.1039574169553816,,943,155,10628,9.72340183242055,0,2.914335439641036e-16,0.0,8.326672684688674e-17,666,94.27256354276264,17.35803952524226,512,0,12.37927952220368,4.978760003038645,0,1.3877787807814457e-17,1.0408340855860844e-17,1.0408340855860844e-17,0,2800,mechanism,True,0.0,0.00857421875,True,False,,20000,False,,20000,False,,20000
62016,8,512,state_rotated,baseline,0.002,0.5,0.2,2,0.2,,0202_state_rotated_62016,0,1.407994749955833,,943,43766,15442543,3566.379548767419,0,5.134781488891349e-16,0.0,8.326672684688674e-17,44277,94.27256354276264,17.35803952524226,512,0,12.37927952220368,4.978760003038645,0,1.3877787807814457e-17,1.0408340855860844e-17,1.0408340855860844e-17,0,-1,mechanism,False,0.97578125,0.7638671875,True,True,6800.0,6800,True,7600.0,7600,False,,20000
62016,8,512,state_rotated,baseline,0.002,0.5,0.2,2,0.8,,0203_state_rotated_62016,0,1.3248067919630555,,943,39666,18500297,2993.04084226333,0,5.134781488891349e-16,0.0,8.326672684688674e-17,40177,94.27256354276264,17.35803952524226,512,0,12.37927952220368,4.978760003038645,0,1.3877787807814457e-17,1.3877787807814457e-17,1.3877787807814457e-17,0,-1,mechanism,False,0.9966796875,0.9134716796875,True,True,2400.0,2400,True,2600.0,2600,True,2800.0,2800
62017,8,512,aligned,baseline,0.002,0.5,0.2,1,0.0,,0204_aligned_62017,0,1.2582859159447253,,459,42371,19372599,0.0,0,3.8857805861880484e-16,0.0,8.326672684688674e-17,42882,94.27256354276264,17.35803952524226,512,0,11.971645852065924,5.386393673176408,0,0.0,0.0,0.0,0,-1,mechanism,False,0.9984375,0.955302734375,True,True,1400.0,1400,True,1400.0,1400,True,2400.0,2400
62017,8,512,aligned,baseline,0.002,0.5,0.2,1,0.2,,0205_aligned_62017,0,1.4938407080480829,,459,58658,18826684,0.0,0,5.134781488891349e-16,0.0,8.326672684688674e-17,59169,94.27256354276264,17.35803952524226,512,0,11.971645852065924,5.386393673176408,0,0.0,0.0,0.0,0,-1,mechanism,False,0.995703125,0.9287646484375,True,True,2200.0,2200,True,2600.0,2600,True,9400.0,9400
62017,8,512,aligned,baseline,0.002,0.5,0.2,1,0.8,,0206_aligned_62017,0,1.2328362920088691,,459,41761,19534346,0.0,0,5.134781488891349e-16,0.0,8.326672684688674e-17,42272,94.27256354276264,17.35803952524226,512,0,11.971645852065924,5.386393673176408,0,0.0,0.0,0.0,0,-1,mechanism,False,0.998046875,0.9637939453125,True,True,1200.0,1200,True,1200.0,1200,True,1400.0,1400
62017,8,512,aligned,baseline,0.002,0.5,0.2,2,0.0,,0207_aligned_62017,0,0.117008417029865,,459,321,22853,33.97471622482914,0,2.914335439641036e-16,0.0,8.326672684688674e-17,832,94.27256354276264,17.35803952524226,512,0,11.971645852065924,5.386393673176408,0,0.0,0.0,0.0,0,2800,mechanism,True,0.0,0.00900390625,True,False,,20000,False,,20000,False,,20000
62017,8,512,aligned,baseline,0.002,0.5,0.2,2,0.2,,0208_aligned_62017,0,1.2742252090247348,,459,44432,11654196,6056.085942391285,0,4.996003610813204e-16,0.0,8.326672684688674e-17,44943,94.27256354276264,17.35803952524226,512,0,11.971645852065924,5.386393673176408,0,0.0,0.0,0.0,0,-1,mechanism,False,0.889453125,0.57736328125,True,False,,20000,False,,20000,False,,20000
62017,8,512,aligned,baseline,0.002,0.5,0.2,2,0.8,,0209_aligned_62017,0,1.2361616669222713,,459,41506,19341929,5124.643015645908,0,5.134781488891349e-16,0.0,8.326672684688674e-17,42017,94.27256354276264,17.35803952524226,512,0,11.971645852065924,5.386393673176408,0,0.0,0.0,0.0,0,-1,mechanism,False,0.995703125,0.9541357421875,True,True,1600.0,1600,True,1600.0,1600,True,1800.0,1800
62017,8,512,state_rotated,baseline,0.002,0.5,0.2,1,0.0,,0210_state_rotated_62017,0,0.1052540000528097,,675,241,35672,0.0,0,2.914335439641036e-16,0.0,8.326672684688674e-17,752,94.27256354276264,17.35803952524226,512,0,12.305031264607534,5.053008260634789,0,1.3877787807814457e-17,1.0408340855860844e-17,1.0408340855860844e-17,0,5200,mechanism,True,0.0,0.009765625,True,False,,20000,False,,20000,False,,20000
62017,8,512,state_rotated,baseline,0.002,0.5,0.2,1,0.2,,0211_state_rotated_62017,0,1.5092452500248328,,675,52961,15961938,0.0,0,5.134781488891349e-16,0.0,8.326672684688674e-17,53472,94.27256354276264,17.35803952524226,512,0,12.305031264607534,5.053008260634789,0,1.3877787807814457e-17,1.7347234759768068e-17,1.7347234759768068e-17,0,-1,mechanism,False,0.9814453125,0.78943359375,True,True,5800.0,5800,True,6800.0,6800,False,,20000
62017,8,512,state_rotated,baseline,0.002,0.5,0.2,1,0.8,,0212_state_rotated_62017,0,1.3096914590569213,,675,40460,18994249,0.0,0,5.134781488891349e-16,0.0,8.326672684688674e-17,40971,94.27256354276264,17.35803952524226,512,0,12.305031264607534,5.053008260634789,0,1.3877787807814457e-17,1.3877787807814457e-17,1.3877787807814457e-17,0,-1,mechanism,False,0.99921875,0.9379345703125,True,True,1800.0,1800,True,2000.0,2000,True,2200.0,2200
62017,8,512,state_rotated,baseline,0.002,0.5,0.2,2,0.0,,0213_state_rotated_62017,0,0.1039681249530986,,675,225,15815,9.25849774878292,0,2.914335439641036e-16,0.0,8.326672684688674e-17,736,94.27256354276264,17.35803952524226,512,0,12.305031264607534,5.053008260634789,0,1.3877787807814457e-17,1.0408340855860844e-17,1.0408340855860844e-17,0,4200,mechanism,True,0.0,0.00875,True,False,,20000,False,,20000,False,,20000
62017,8,512,state_rotated,baseline,0.002,0.5,0.2,2,0.2,,0214_state_rotated_62017,0,1.4360381250735372,,675,42116,11547969,4013.6877057462743,0,4.579669976578771e-16,0.0,8.326672684688674e-17,42627,94.27256354276264,17.35803952524226,512,0,12.305031264607534,5.053008260634789,0,1.3877787807814457e-17,1.3877787807814457e-17,1.3877787807814457e-17,0,-1,mechanism,False,0.8501953125,0.5714990234375,True,False,,20000,False,,20000,False,,20000
62017,8,512,state_rotated,baseline,0.002,0.5,0.2,2,0.8,,0215_state_rotated_62017,0,1.4138970409985632,,675,40682,18863186,2260.7405419086135,0,5.134781488891349e-16,0.0,8.326672684688674e-17,41193,94.27256354276264,17.35803952524226,512,0,12.305031264607534,5.053008260634789,0,1.3877787807814457e-17,1.3877787807814457e-17,1.0408340855860844e-17,0,-1,mechanism,False,0.9986328125,0.931201171875,True,True,2000.0,2000,True,2200.0,2200,True,2400.0,2400
62018,8,512,aligned,baseline,0.002,0.5,0.2,1,0.0,,0216_aligned_62018,0,1.294380125007592,,437,42921,19421342,0.0,0,4.996003610813204e-16,0.0,8.326672684688674e-17,43432,94.27256354276264,17.35803952524226,512,0,11.94186466005446,5.416174865187862,0,0.0,0.0,0.0,0,-1,mechanism,False,0.9986328125,0.95744140625,True,True,1400.0,1400,True,1400.0,1400,True,2000.0,2000
62018,8,512,aligned,baseline,0.002,0.5,0.2,1,0.2,,0217_aligned_62018,0,1.5169120420468971,,437,59353,18905012,0.0,0,5.134781488891349e-16,0.0,8.326672684688674e-17,59864,94.27256354276264,17.35803952524226,512,0,11.94186466005446,5.416174865187862,0,0.0,0.0,0.0,0,-1,mechanism,False,0.992578125,0.93306640625,True,True,2000.0,2000,True,2400.0,2400,True,11000.0,11000
62018,8,512,aligned,baseline,0.002,0.5,0.2,1,0.8,,0218_aligned_62018,0,1.2698112500365824,,437,41790,19554476,0.0,0,5.134781488891349e-16,0.0,8.326672684688674e-17,42301,94.27256354276264,17.35803952524226,512,0,11.94186466005446,5.416174865187862,0,0.0,0.0,0.0,0,-1,mechanism,False,0.9986328125,0.964296875,True,True,1200.0,1200,True,1400.0,1400,True,1400.0,1400
62018,8,512,aligned,baseline,0.002,0.5,0.2,2,0.0,,0219_aligned_62018,0,0.1061908750561997,,437,321,22381,25.84638659919158,0,2.914335439641036e-16,0.0,8.326672684688674e-17,832,94.27256354276264,17.35803952524226,512,0,11.94186466005446,5.416174865187862,0,0.0,0.0,0.0,0,3400,mechanism,True,0.0,0.00880859375,True,False,,20000,False,,20000,False,,20000
62018,8,512,aligned,baseline,0.002,0.5,0.2,2,0.2,,0220_aligned_62018,0,1.371366792009212,,437,46650,13166385,8687.054305324886,0,4.996003610813204e-16,0.0,8.326672684688674e-17,47161,94.27256354276264,17.35803952524226,512,0,11.94186466005446,5.416174865187862,0,0.0,0.0,0.0,0,-1,mechanism,False,0.87421875,0.651435546875,True,False,,20000,False,,20000,False,,20000
62018,8,512,aligned,baseline,0.002,0.5,0.2,2,0.8,,0221_aligned_62018,0,1.2508247079094872,,437,41878,19340850,5839.028932703915,0,5.134781488891349e-16,0.0,8.326672684688674e-17,42389,94.27256354276264,17.35803952524226,512,0,11.94186466005446,5.416174865187862,0,0.0,0.0,0.0,0,-1,mechanism,False,0.996875,0.9540087890625,True,True,1600.0,1600,True,1600.0,1600,True,2000.0,2000
62018,8,512,state_rotated,baseline,0.002,0.5,0.2,1,0.0,,0222_state_rotated_62018,0,0.1061257920227944,,671,245,32775,0.0,0,2.914335439641036e-16,0.0,8.326672684688674e-17,756,94.27256354276264,17.35803952524226,512,0,12.2907183998622,5.067321125380128,0,1.3877787807814457e-17,1.0408340855860844e-17,1.0408340855860844e-17,0,2600,mechanism,True,0.0,0.009677734375,True,False,,20000,False,,20000,False,,20000
62018,8,512,state_rotated,baseline,0.002,0.5,0.2,1,0.2,,0223_state_rotated_62018,0,1.5201582500012591,,671,53651,17128220,0.0,0,5.134781488891349e-16,0.0,8.326672684688674e-17,54162,94.27256354276264,17.35803952524226,512,0,12.2907183998622,5.067321125380128,0,1.3877787807814457e-17,1.7347234759768068e-17,1.3877787807814457e-17,0,-1,mechanism,False,0.9904296875,0.846259765625,True,True,4400.0,4400,True,4800.0,4800,True,11400.0,11400
62018,8,512,state_rotated,baseline,0.002,0.5,0.2,1,0.8,,0224_state_rotated_62018,0,1.311984375002794,,671,40602,19048753,0.0,0,5.134781488891349e-16,0.0,8.326672684688674e-17,41113,94.27256354276264,17.35803952524226,512,0,12.2907183998622,5.067321125380128,0,1.3877787807814457e-17,1.7347234759768068e-17,1.7347234759768068e-17,0,-1,mechanism,False,0.9994140625,0.94072265625,True,True,1800.0,1800,True,2000.0,2000,True,2000.0,2000
62018,8,512,state_rotated,baseline,0.002,0.5,0.2,2,0.0,,0225_state_rotated_62018,0,0.1087188330711796,,671,193,13367,9.074301855987985,0,2.914335439641036e-16,0.0,8.326672684688674e-17,704,94.27256354276264,17.35803952524226,512,0,12.2907183998622,5.067321125380128,0,1.3877787807814457e-17,1.0408340855860844e-17,1.0408340855860844e-17,0,2400,mechanism,True,0.0,0.008671875,True,False,,20000,False,,20000,False,,20000
62018,8,512,state_rotated,baseline,0.002,0.5,0.2,2,0.2,,0226_state_rotated_62018,0,1.458882458973676,,671,46262,13543450,5418.792667656198,0,4.996003610813204e-16,0.0,8.326672684688674e-17,46773,94.27256354276264,17.35803952524226,512,0,12.2907183998622,5.067321125380128,0,1.3877787807814457e-17,1.0408340855860844e-17,1.0408340855860844e-17,0,-1,mechanism,False,0.948046875,0.6716162109375,True,True,9000.0,9000,False,,20000,False,,20000
62018,8,512,state_rotated,baseline,0.002,0.5,0.2,2,0.8,,0227_state_rotated_62018,0,1.35041170893237,,671,40858,18879029,2288.983183695454,0,5.134781488891349e-16,0.0,8.326672684688674e-17,41369,94.27256354276264,17.35803952524226,512,0,12.2907183998622,5.067321125380128,0,1.3877787807814457e-17,1.0408340855860844e-17,1.0408340855860844e-17,0,-1,mechanism,False,0.9966796875,0.932021484375,True,True,2000.0,2000,True,2200.0,2200,True,2600.0,2600
62019,8,512,aligned,baseline,0.002,0.5,0.2,1,0.0,,0228_aligned_62019,0,1.2302421249914914,,359,42202,19517903,0.0,0,4.996003610813204e-16,0.0,8.326672684688674e-17,42713,94.27256354276264,17.35803952524226,512,0,11.979853640893824,5.378185884348512,0,0.0,0.0,0.0,0,-1,mechanism,False,0.9986328125,0.9630517578125,True,True,1200.0,1200,True,1200.0,1200,True,1400.0,1400
62019,8,512,aligned,baseline,0.002,0.5,0.2,1,0.2,,0229_aligned_62019,0,1.4660243329126388,,359,56722,18834956,0.0,0,5.134781488891349e-16,0.0,8.326672684688674e-17,57233,94.27256354276264,17.35803952524226,512,0,11.979853640893824,5.378185884348512,0,0.0,0.0,0.0,0,-1,mechanism,False,0.987890625,0.929599609375,True,True,2000.0,2000,True,2800.0,2800,False,,20000
62019,8,512,aligned,baseline,0.002,0.5,0.2,1,0.8,,0230_aligned_62019,0,1.2285732500022275,,359,42197,19686249,0.0,0,5.134781488891349e-16,0.0,8.326672684688674e-17,42708,94.27256354276264,17.35803952524226,512,0,11.979853640893824,5.378185884348512,0,0.0,0.0,0.0,0,-1,mechanism,False,0.998828125,0.9715380859375,True,True,1000.0,1000,True,1000.0,1000,True,1200.0,1200
62019,8,512,aligned,baseline,0.002,0.5,0.2,2,0.0,,0231_aligned_62019,0,0.1075802920386195,,359,380,27641,31.105661668923595,0,2.914335439641036e-16,0.0,8.326672684688674e-17,891,94.27256354276264,17.35803952524226,512,0,11.979853640893824,5.378185884348512,0,0.0,0.0,0.0,0,2800,mechanism,True,0.0,0.00966796875,True,False,,20000,False,,20000,False,,20000
62019,8,512,aligned,baseline,0.002,0.5,0.2,2,0.2,,0232_aligned_62019,0,1.2982962500536814,,359,45313,14993910,5343.353576614733,0,4.996003610813204e-16,0.0,8.326672684688674e-17,45824,94.27256354276264,17.35803952524226,512,0,11.979853640893824,5.378185884348512,0,0.0,0.0,0.0,0,-1,mechanism,False,0.9619140625,0.7422216796875,True,True,7200.0,7200,True,9600.0,9600,False,,20000
62019,8,512,aligned,baseline,0.002,0.5,0.2,2,0.8,,0233_aligned_62019,0,1.255300333024934,,359,42506,19470285,4331.799946688939,0,5.134781488891349e-16,0.0,8.326672684688674e-17,43017,94.27256354276264,17.35803952524226,512,0,11.979853640893824,5.378185884348512,0,0.0,0.0,0.0,0,-1,mechanism,False,0.997265625,0.960673828125,True,True,1400.0,1400,True,1600.0,1600,True,1800.0,1800
62019,8,512,state_rotated,baseline,0.002,0.5,0.2,1,0.0,,0234_state_rotated_62019,0,0.1128152920864522,,564,402,41430,0.0,0,2.914335439641036e-16,0.0,8.326672684688674e-17,913,94.27256354276264,17.35803952524226,512,0,12.23884824940917,5.119191275833154,0,1.3877787807814457e-17,1.0408340855860844e-17,1.0408340855860844e-17,0,5400,mechanism,True,0.0,0.01150390625,True,False,,20000,False,,20000,False,,20000
62019,8,512,state_rotated,baseline,0.002,0.5,0.2,1,0.2,,0235_state_rotated_62019,0,1.5394274999853224,,564,54251,17671642,0.0,0,5.134781488891349e-16,0.0,8.326672684688674e-17,54762,94.27256354276264,17.35803952524226,512,0,12.23884824940917,5.119191275833154,0,1.3877787807814457e-17,1.7347234759768068e-17,1.3877787807814457e-17,0,-1,mechanism,False,0.99609375,0.8734912109375,True,True,3800.0,3800,True,4000.0,4000,True,6200.0,6200
62019,8,512,state_rotated,baseline,0.002,0.5,0.2,1,0.8,,0236_state_rotated_62019,0,1.3852292079245672,,564,41521,19232498,0.0,0,5.134781488891349e-16,0.0,8.326672684688674e-17,42032,94.27256354276264,17.35803952524226,512,0,12.23884824940917,5.119191275833154,0,1.3877787807814457e-17,1.7347234759768068e-17,1.3877787807814457e-17,0,-1,mechanism,False,0.9984375,0.95021484375,True,True,1600.0,1600,True,1800.0,1800,True,1800.0,1800
62019,8,512,state_rotated,baseline,0.002,0.5,0.2,2,0.0,,0237_state_rotated_62019,0,0.1096647089580074,,564,321,23180,11.720727316737772,0,2.914335439641036e-16,0.0,8.326672684688674e-17,832,94.27256354276264,17.35803952524226,512,0,12.23884824940917,5.119191275833154,0,1.3877787807814457e-17,1.0408340855860844e-17,1.0408340855860844e-17,0,5600,mechanism,True,0.0,0.01005859375,True,False,,20000,False,,20000,False,,20000
62019,8,512,state_rotated,baseline,0.002,0.5,0.2,2,0.2,,0238_state_rotated_62019,0,1.6063088329974562,,564,50587,13932178,3778.297148708523,0,4.996003610813204e-16,0.0,8.326672684688674e-17,51098,94.27256354276264,17.35803952524226,512,0,12.23884824940917,5.119191275833154,0,1.3877787807814457e-17,1.7347234759768068e-17,1.3877787807814457e-17,0,-1,mechanism,False,0.9470703125,0.68984375,True,True,8200.0,8200,False,,20000,False,,20000
62019,8,512,state_rotated,baseline,0.002,0.5,0.2,2,0.8,,0239_state_rotated_62019,0,1.4313991669332609,,564,41626,19185977,1576.4699649056777,0,5.134781488891349e-16,0.0,8.326672684688674e-17,42137,94.27256354276264,17.35803952524226,512,0,12.23884824940917,5.119191275833154,0,1.3877787807814457e-17,1.7347234759768068e-17,1.0408340855860844e-17,0,-1,mechanism,False,0.996875,0.9476806640625,True,True,1600.0,1600,True,1800.0,1800,True,2000.0,2000
63000,8,1024,aligned,baseline,0.002,0.5,0.2,0,0.2,,0000_aligned_63000,0,1.2466102079488337,,693,0,0,0.0,0,5.134781488891349e-16,0.0,8.326672684688674e-17,46245,188.54512708552588,34.716079050485185,1024,0,23.582322474609715,11.133756575874742,0,0.0,0.0,0.0,0,-1,robustness,False,0.9990234375,0.9626513671875,True,True,1200.0,1200,True,1400.0,1400,True,1800.0,1800
63000,8,1024,state_rotated,baseline,0.002,0.5,0.2,0,0.2,,0001_state_rotated_63000,0,1.2684080409817398,,1738,0,0,0.0,0,5.134781488891349e-16,0.0,1.3877787807814454e-16,41964,188.54512708552588,34.716079050485185,1024,0,25.522742323692775,9.19333672679184,0,1.3877787807814457e-17,2.0816681711721685e-17,1.7347234759768068e-17,0,-1,robustness,False,0.998828125,0.90064453125,True,True,2800.0,2800,True,2800.0,2800,True,3000.0,3000
63000,8,0,none,baseline,0.002,0.5,0.2,0,0.2,,0002_none_63000,0,0.112737042014487,,-1,0,0,0.0,0,2.914335439641036e-16,0.0,0.0,996,0.0,0.0,0,0,0.0,0.0,0,0.0,0.0,0.0,0,7000,robustness,True,0.0,0.0139697265625,False,False,,20000,False,,20000,False,,20000
63000,8,1024,aligned,low_death,0.0005,0.5,0.2,0,0.2,,0003_aligned_63000,0,0.9139182079816236,,570,0,0,0.0,0,5.134781488891349e-16,0.0,8.326672684688674e-17,15271,188.54512708552588,34.716079050485185,1024,0,23.44536512505448,11.270713925430016,0,0.0,0.0,0.0,0,-1,robustness,False,1.0,0.9773974609375,True,True,1000.0,1000,True,1000.0,1000,True,1200.0,1200
63000,8,1024,state_rotated,low_death,0.0005,0.5,0.2,0,0.2,,0004_state_rotated_63000,0,0.9671786669641732,,898,0,0,0.0,0,5.134781488891349e-16,0.0,1.1102230246251563e-16,15517,188.54512708552588,34.716079050485185,1024,0,24.787745854178553,9.928333196306085,0,1.3877787807814457e-17,1.0408340855860844e-17,1.3877787807814457e-17,0,-1,robustness,False,1.0,0.9567333984375,True,True,1800.0,1800,True,1800.0,1800,True,2000.0,2000
63000,8,0,none,low_death,0.0005,0.5,0.2,0,0.2,,0005_none_63000,0,1.0675721670268103,,-1,0,0,0.0,0,5.134781488891349e-16,0.0,0.0,25166,0.0,0.0,0,0,0.0,0.0,0,0.0,0.0,0.0,0,-1,robustness,False,0.9982421875,0.9267626953125,False,True,3000.0,3000,True,3400.0,3400,True,4200.0,4200
63000,8,1024,aligned,high_death,0.01,0.5,0.2,0,0.2,,0006_aligned_63000,0,0.0851213330170139,,-1,0,0,0.0,0,2.914335439641036e-16,0.0,5.551115123125783e-17,278,51.18705598610915,9.42487302347142,278,0,6.663406263019626,2.7614667604517926,0,0.0,0.0,0.0,0,800,robustness,True,0.0,0.0017626953125,False,False,,20000,False,,20000,False,,20000
63000,8,1024,state_rotated,high_death,0.01,0.5,0.2,0,0.2,,0007_state_rotated_63000,0,0.0866384580731391,,-1,0,0,0.0,0,2.775557561562891e-16,0.0,8.326672684688674e-17,234,43.085507556652935,7.933166501770932,234,0,5.693730969278852,2.23943553249205,0,6.938893903907228e-18,1.0408340855860844e-17,1.0408340855860844e-17,0,800,robustness,True,0.0,0.0018408203125,False,False,,20000,False,,20000,False,,20000
63000,8,0,none,high_death,0.01,0.5,0.2,0,0.2,,0008_none_63000,0,0.0863109589554369,,-1,0,0,0.0,0,2.775557561562891e-16,0.0,0.0,230,0.0,0.0,0,0,0.0,0.0,0,0.0,0.0,0.0,0,1000,robustness,True,0.0,0.0017333984375,False,False,,20000,False,,20000,False,,20000
63000,8,1024,aligned,low_child_energy,0.002,0.35,0.2,0,0.2,,0009_aligned_63000,0,1.3831729580415413,,808,0,0,0.0,0,5.134781488891349e-16,4.440892098500626e-16,1.1102230246251563e-16,57103,188.54512708552588,34.716079050485185,1024,0,23.54541140787092,11.1706676426137,0,0.0,0.0,0.0,0,-1,robustness,False,0.9939453125,0.9540966796875,True,True,1400.0,1400,True,1600.0,1600,True,6000.0,6000
63000,8,1024,state_rotated,low_child_energy,0.002,0.35,0.2,0,0.2,,0010_state_rotated_63000,0,1.535269874962978,,1328,0,0,0.0,0,5.134781488891349e-16,4.440892098500626e-16,1.1102230246251563e-16,56511,188.54512708552588,34.716079050485185,1024,0,25.105871555969156,9.610207494515423,0,1.3877787807814457e-17,1.3877787807814457e-17,1.3877787807814457e-17,0,-1,robustness,False,0.994921875,0.9048388671875,True,True,2800.0,2800,True,3000.0,3000,True,9800.0,9800
63000,8,0,none,low_child_energy,0.002,0.35,0.2,0,0.2,,0011_none_63000,0,0.1679022089811042,,-1,0,0,0.0,0,2.914335439641036e-16,0.0,0.0,2811,0.0,0.0,0,0,0.0,0.0,0,0.0,0.0,0.0,0,10600,robustness,True,0.0,0.0380615234375,False,False,,20000,False,,20000,False,,20000
63000,8,1024,aligned,high_child_energy,0.002,0.65,0.2,0,0.2,,0012_aligned_63000,0,2.2473241250263527,,158,0,0,0.0,0,4.579669976578771e-16,4.440892098500626e-16,8.326672684688674e-17,111758,188.54512708552588,34.716079050485185,1024,0,23.826367075300823,10.889711975183433,0,0.0,0.0,0.0,0,-1,robustness,False,0.86171875,0.813369140625,True,False,,20000,False,,20000,False,,20000
63000,8,1024,state_rotated,high_child_energy,0.002,0.65,0.2,0,0.2,,0013_state_rotated_63000,0,1.4447014579782262,,1200,0,0,0.0,0,5.134781488891349e-16,4.440892098500626e-16,1.3877787807814454e-16,50364,188.54512708552588,34.716079050485185,1024,0,25.118028231601624,9.59805081888289,0,1.3877787807814457e-17,2.0816681711721685e-17,2.0816681711721685e-17,0,-1,robustness,False,0.9974609375,0.9104833984375,True,True,2600.0,2600,True,2600.0,2600,True,4000.0,4000
63000,8,0,none,high_child_energy,0.002,0.65,0.2,0,0.2,,0014_none_63000,0,0.134752833051607,,-1,0,0,0.0,0,2.914335439641036e-16,0.0,0.0,2139,0.0,0.0,0,0,0.0,0.0,0,0.0,0.0,0.0,0,8000,robustness,True,0.0,0.0197998046875,False,False,,20000,False,,20000,False,,20000
63000,8,1024,aligned,no_birth_bonus,0.002,0.5,0.0,0,0.2,,0015_aligned_63000,0,1.2468446670100093,,1185,0,0,0.0,0,5.134781488891349e-16,0.0,8.326672684688674e-17,43180,188.54512708552588,34.716079050485185,1024,0,23.23728192115113,11.478797129333474,0,0.0,0.0,0.0,0,-1,robustness,False,0.991796875,0.92861328125,True,True,2000.0,2000,True,2200.0,2200,True,11800.0,11800
63000,8,1024,state_rotated,no_birth_bonus,0.002,0.5,0.0,0,0.2,,0016_state_rotated_63000,0,1.377704625017941,,1876,0,0,0.0,0,5.134781488891349e-16,0.0,1.3877787807814454e-16,45885,188.54512708552588,34.716079050485185,1024,0,25.24240891941255,9.473670131072089,0,1.3877787807814457e-17,1.7347234759768068e-17,1.3877787807814457e-17,0,-1,robustness,False,0.9962890625,0.8845361328125,True,True,3200.0,3200,True,3400.0,3400,True,5600.0,5600
63000,8,0,none,no_birth_bonus,0.002,0.5,0.0,0,0.2,,0017_none_63000,0,0.1058398329187184,,-1,0,0,0.0,0,2.914335439641036e-16,0.0,0.0,780,0.0,0.0,0,0,0.0,0.0,0,0.0,0.0,0.0,0,5600,robustness,True,0.0,0.0114013671875,False,False,,20000,False,,20000,False,,20000
63001,8,1024,aligned,baseline,0.002,0.5,0.2,0,0.2,,0018_aligned_63001,0,1.3310444169910625,,797,0,0,0.0,0,5.134781488891349e-16,0.0,8.326672684688674e-17,46729,188.54512708552588,34.716079050485185,1024,0,23.47343214797737,11.242646902507072,0,0.0,0.0,0.0,0,-1,robustness,False,0.99921875,0.957734375,True,True,1400.0,1400,True,1400.0,1400,True,3800.0,3800
63001,8,1024,state_rotated,baseline,0.002,0.5,0.2,0,0.2,,0019_state_rotated_63001,0,1.36274891695939,,1740,0,0,0.0,0,5.134781488891349e-16,0.0,1.1102230246251563e-16,42011,188.54512708552588,34.716079050485185,1024,0,25.43017256511233,9.285906485372315,0,1.3877787807814457e-17,2.0816681711721685e-17,1.7347234759768068e-17,0,-1,robustness,False,0.998046875,0.8851953125,True,True,3400.0,3400,True,3600.0,3600,True,4600.0,4600
63001,8,0,none,baseline,0.002,0.5,0.2,0,0.2,,0020_none_63001,0,0.107264291960746,,-1,0,0,0.0,0,2.914335439641036e-16,0.0,0.0,870,0.0,0.0,0,0,0.0,0.0,0,0.0,0.0,0.0,0,6000,robustness,True,0.0,0.011884765625,False,False,,20000,False,,20000,False,,20000
63001,8,1024,aligned,low_death,0.0005,0.5,0.2,0,0.2,,0021_aligned_63001,0,0.9863802089821548,,588,0,0,0.0,0,5.134781488891349e-16,0.0,1.1102230246251563e-16,15180,188.54512708552588,34.716079050485185,1024,0,23.428571679567785,11.287507370916726,0,0.0,0.0,0.0,0,-1,robustness,False,0.999609375,0.9770263671875,True,True,1000.0,1000,True,1000.0,1000,True,1200.0,1200
63001,8,1024,state_rotated,low_death,0.0005,0.5,0.2,0,0.2,,0022_state_rotated_63001,0,1.027645834023133,,852,0,0,0.0,0,5.134781488891349e-16,0.0,1.1102230246251563e-16,15308,188.54512708552588,34.716079050485185,1024,0,24.753720515707535,9.962358534777064,0,1.3877787807814457e-17,1.7347234759768068e-17,1.3877787807814457e-17,0,-1,robustness,False,0.999609375,0.9628857421875,True,True,1400.0,1400,True,1600.0,1600,True,1800.0,1800
63001,8,0,none,low_death,0.0005,0.5,0.2,0,0.2,,0023_none_63001,0,1.0835307909874246,,-1,0,0,0.0,0,5.134781488891349e-16,0.0,0.0,26428,0.0,0.0,0,0,0.0,0.0,0,0.0,0.0,0.0,0,-1,robustness,False,0.9978515625,0.9315673828125,False,True,2600.0,2600,True,3200.0,3200,True,4000.0,4000
63001,8,1024,aligned,high_death,0.01,0.5,0.2,0,0.2,,0024_aligned_63001,0,0.0854697079630568,,-1,0,0,0.0,0,2.914335439641036e-16,0.0,1.3877787807814454e-16,224,41.24424654995834,7.59414229229354,224,0,5.409712780686884,2.184429511606635,0,0.0,0.0,0.0,0,1000,robustness,True,0.0,0.001767578125,False,False,,20000,False,,20000,False,,20000
63001,8,1024,state_rotated,high_death,0.01,0.5,0.2,0,0.2,,0025_state_rotated_63001,0,0.0853831670247018,,-1,0,0,0.0,0,2.914335439641036e-16,0.0,8.326672684688674e-17,202,37.19347233523023,6.8482890314432785,202,0,4.912221474412563,1.9360675570306929,0,1.3877787807814457e-17,1.0408340855860844e-17,8.673617379884035e-18,0,600,robustness,True,0.0,0.00166015625,False,False,,20000,False,,20000,False,,20000
63001,8,0,none,high_death,0.01,0.5,0.2,0,0.2,,0026_none_63001,0,0.0860387500142678,,-1,0,0,0.0,0,2.914335439641036e-16,0.0,0.0,209,0.0,0.0,0,0,0.0,0.0,0,0.0,0.0,0.0,0,800,robustness,True,0.0,0.00171875,False,False,,20000,False,,20000,False,,20000
63001,8,1024,aligned,low_child_energy,0.002,0.35,0.2,0,0.2,,0027_aligned_63001,0,1.3488073750631884,,931,0,0,0.0,0,5.134781488891349e-16,4.440892098500626e-16,8.326672684688674e-17,54654,188.54512708552588,34.716079050485185,1024,0,23.429299266519862,11.28677978396471,0,0.0,0.0,0.0,0,-1,robustness,False,0.9962890625,0.95021484375,True,True,1400.0,1400,True,1600.0,1600,True,5600.0,5600
63001,8,1024,state_rotated,low_child_energy,0.002,0.35,0.2,0,0.2,,0028_state_rotated_63001,0,1.5008286660304293,,1533,0,0,0.0,0,5.134781488891349e-16,4.440892098500626e-16,1.3877787807814454e-16,55466,188.54512708552588,34.716079050485185,1024,0,25.297323700987302,9.41875534949734,0,1.3877787807814457e-17,1.3877787807814457e-17,1.0408340855860844e-17,0,-1,robustness,False,0.9974609375,0.8979638671875,True,True,3000.0,3000,True,3400.0,3400,True,6800.0,6800
63001,8,0,none,low_child_energy,0.002,0.35,0.2,0,0.2,,0029_none_63001,0,0.1512649999931454,,-1,0,0,0.0,0,2.914335439641036e-16,0.0,0.0,2261,0.0,0.0,0,0,0.0,0.0,0,0.0,0.0,0.0,0,9400,robustness,True,0.0,0.0309375,False,False,,20000,False,,20000,False,,20000
63001,8,1024,aligned,high_child_energy,0.002,0.65,0.2,0,0.2,,0030_aligned_63001,0,2.2056797499535605,,136,0,0,0.0,0,4.579669976578771e-16,4.440892098500626e-16,5.551115123125783e-17,110284,188.54512708552588,34.716079050485185,1024,0,23.73605197254611,10.98002707793821,0,0.0,0.0,0.0,0,-1,robustness,False,0.862890625,0.8140576171875,True,False,,20000,False,,20000,False,,20000
63001,8,1024,state_rotated,high_child_energy,0.002,0.65,0.2,0,0.2,,0031_state_rotated_63001,0,2.0940575830172747,,916,0,0,0.0,0,4.996003610813204e-16,4.440892098500626e-16,1.1102230246251563e-16,92615,188.54512708552588,34.716079050485185,1024,0,24.63828265349124,10.0777963969931,0,1.3877787807814457e-17,2.7755575615628914e-17,2.7755575615628914e-17,0,-1,robustness,False,0.966015625,0.901201171875,True,True,2400.0,2400,True,7400.0,7400,False,,20000
63001,8,0,none,high_child_energy,0.002,0.65,0.2,0,0.2,,0032_none_63001,0,0.1158419579733163,,-1,0,0,0.0,0,2.914335439641036e-16,0.0,0.0,1487,0.0,0.0,0,0,0.0,0.0,0,0.0,0.0,0.0,0,5000,robustness,True,0.0,0.0126171875,False,False,,20000,False,,20000,False,,20000
63001,8,1024,aligned,no_birth_bonus,0.002,0.5,0.0,0,0.2,,0033_aligned_63001,0,1.2264856250258165,,1169,0,0,0.0,0,5.134781488891349e-16,0.0,1.1102230246251563e-16,43948,188.54512708552588,34.716079050485185,1024,0,23.223410126926108,11.492668923558533,0,0.0,0.0,0.0,0,-1,robustness,False,0.9923828125,0.928203125,True,True,2000.0,2000,True,2200.0,2200,True,9000.0,9000
63001,8,1024,state_rotated,no_birth_bonus,0.002,0.5,0.0,0,0.2,,0034_state_rotated_63001,0,1.3158974159741774,,1541,0,0,0.0,0,5.134781488891349e-16,0.0,1.1102230246251563e-16,43535,188.54512708552588,34.716079050485185,1024,0,25.126983411197923,9.589095639286752,0,1.3877787807814457e-17,2.0816681711721685e-17,1.7347234759768068e-17,0,-1,robustness,False,0.9970703125,0.9060205078125,True,True,2800.0,2800,True,3000.0,3000,True,3800.0,3800
63001,8,0,none,no_birth_bonus,0.002,0.5,0.0,0,0.2,,0035_none_63001,0,0.1052119160303846,,-1,0,0,0.0,0,2.914335439641036e-16,0.0,0.0,781,0.0,0.0,0,0,0.0,0.0,0,0.0,0.0,0.0,0,6400,robustness,True,0.0,0.011396484375,False,False,,20000,False,,20000,False,,20000
63002,8,1024,aligned,baseline,0.002,0.5,0.2,0,0.2,,0036_aligned_63002,0,1.2591314169112593,,713,0,0,0.0,0,5.134781488891349e-16,0.0,8.326672684688674e-17,47621,188.54512708552588,34.716079050485185,1024,0,23.47593728976501,11.240141760719467,0,0.0,0.0,0.0,0,-1,robustness,False,0.9982421875,0.96236328125,True,True,1200.0,1200,True,1400.0,1400,True,2400.0,2400
63002,8,1024,state_rotated,baseline,0.002,0.5,0.2,0,0.2,,0037_state_rotated_63002,0,1.365162582951598,,1503,0,0,0.0,0,5.134781488891349e-16,0.0,1.1102230246251563e-16,46180,188.54512708552588,34.716079050485185,1024,0,25.219979318530218,9.496099731954418,0,1.3877787807814457e-17,1.7347234759768068e-17,1.7347234759768068e-17,0,-1,robustness,False,0.9955078125,0.8858544921875,True,True,3400.0,3400,True,3600.0,3600,True,5600.0,5600
63002,8,0,none,baseline,0.002,0.5,0.2,0,0.2,,0038_none_63002,0,0.1108729160623624,,-1,0,0,0.0,0,2.914335439641036e-16,0.0,0.0,990,0.0,0.0,0,0,0.0,0.0,0,0.0,0.0,0.0,0,6200,robustness,True,0.0,0.0137255859375,False,False,,20000,False,,20000,False,,20000
63002,8,1024,aligned,low_death,0.0005,0.5,0.2,0,0.2,,0039_aligned_63002,0,0.9122540829703212,,609,0,0,0.0,0,5.134781488891349e-16,0.0,1.1102230246251563e-16,14907,188.54512708552588,34.716079050485185,1024,0,23.451811178327684,11.264267872156786,0,0.0,0.0,0.0,0,-1,robustness,False,0.9998046875,0.9762841796875,True,True,1000.0,1000,True,1000.0,1000,True,1000.0,1000
63002,8,1024,state_rotated,low_death,0.0005,0.5,0.2,0,0.2,,0040_state_rotated_63002,0,0.9810041669989004,,880,0,0,0.0,0,5.134781488891349e-16,0.0,1.3877787807814454e-16,16110,188.54512708552588,34.716079050485185,1024,0,24.783615388682247,9.932463661802355,0,1.3877787807814457e-17,2.0816681711721685e-17,1.3877787807814457e-17,0,-1,robustness,False,0.9998046875,0.9589599609375,True,True,1600.0,1600,True,1800.0,1800,True,2000.0,2000
63002,8,0,none,low_death,0.0005,0.5,0.2,0,0.2,,0041_none_63002,0,1.1249381669331342,,-1,0,0,0.0,0,5.134781488891349e-16,0.0,0.0,27175,0.0,0.0,0,0,0.0,0.0,0,0.0,0.0,0.0,0,-1,robustness,False,0.998046875,0.9315869140625,False,True,2800.0,2800,True,3200.0,3200,True,4600.0,4600
63002,8,1024,aligned,high_death,0.01,0.5,0.2,0,0.2,,0042_aligned_63002,0,0.085291082970798,,-1,0,0,0.0,0,2.914335439641036e-16,0.0,8.326672684688674e-17,256,47.13628177138104,8.679019762621177,256,0,6.076625062707927,2.6023946999132384,0,0.0,0.0,0.0,0,1000,robustness,True,0.0,0.0019970703125,False,False,,20000,False,,20000,False,,20000
63002,8,1024,state_rotated,high_death,0.01,0.5,0.2,0,0.2,,0043_state_rotated_63002,0,0.0859445000533014,,-1,0,0,0.0,0,2.914335439641036e-16,0.0,8.326672684688674e-17,214,39.402985543263746,7.255118082816148,214,0,5.168027038305112,2.0870910445110167,0,1.3877787807814457e-17,1.3877787807814457e-17,1.3877787807814457e-17,0,800,robustness,True,0.0,0.0017041015625,False,False,,20000,False,,20000,False,,20000
63002,8,0,none,high_death,0.01,0.5,0.2,0,0.2,,0044_none_63002,0,0.0848700000206008,,-1,0,0,0.0,0,2.914335439641036e-16,0.0,0.0,213,0.0,0.0,0,0,0.0,0.0,0,0.0,0.0,0.0,0,800,robustness,True,0.0,0.0017431640625,False,False,,20000,False,,20000,False,,20000
63002,8,1024,aligned,low_child_energy,0.002,0.35,0.2,0,0.2,,0045_aligned_63002,0,1.3306781250284985,,872,0,0,0.0,0,5.134781488891349e-16,4.440892098500626e-16,1.3877787807814454e-16,50930,188.54512708552588,34.716079050485185,1024,0,23.456693058658733,11.259385991825852,0,0.0,0.0,0.0,0,-1,robustness,False,0.998046875,0.9532373046875,True,True,1600.0,1600,True,1600.0,1600,True,6000.0,6000
63002,8,1024,state_rotated,low_child_energy,0.002,0.35,0.2,0,0.2,,0046_state_rotated_63002,0,1.6358939580386505,,1172,0,0,0.0,0,5.134781488891349e-16,4.440892098500626e-16,1.1102230246251563e-16,57442,188.54512708552588,34.716079050485185,1024,0,24.910642946630208,9.805436103854433,0,1.3877787807814457e-17,2.0816681711721685e-17,1.7347234759768068e-17,0,-1,robustness,False,0.985546875,0.8855322265625,True,True,3400.0,3400,True,3800.0,3800,False,,20000
63002,8,0,none,low_child_energy,0.002,0.35,0.2,0,0.2,,0047_none_63002,0,0.1516635000007227,,-1,0,0,0.0,0,2.775557561562891e-16,0.0,0.0,2349,0.0,0.0,0,0,0.0,0.0,0,0.0,0.0,0.0,0,17800,robustness,True,0.0,0.0312939453125,False,False,,20000,False,,20000,False,,20000
63002,8,1024,aligned,high_child_energy,0.002,0.65,0.2,0,0.2,,0048_aligned_63002,0,2.2624108330346644,,142,0,0,0.0,0,3.469446951953614e-16,4.440892098500626e-16,8.326672684688674e-17,110367,188.54512708552588,34.716079050485185,1024,0,23.779945974780333,10.936133075703916,0,0.0,0.0,0.0,0,-1,robustness,False,0.8376953125,0.804375,True,False,,20000,False,,20000,False,,20000
63002,8,1024,state_rotated,high_child_energy,0.002,0.65,0.2,0,0.2,,0049_state_rotated_63002,0,1.4303144159493968,,830,0,0,0.0,0,5.134781488891349e-16,4.440892098500626e-16,8.326672684688674e-17,47015,188.54512708552588,34.716079050485185,1024,0,24.754167904420036,9.961911146064368,0,1.3877787807814457e-17,2.0816681711721685e-17,2.0816681711721685e-17,0,-1,robustness,False,0.9982421875,0.9420263671875,True,True,1800.0,1800,True,2000.0,2000,True,3800.0,3800
63002,8,0,none,high_child_energy,0.002,0.65,0.2,0,0.2,,0050_none_63002,0,0.1408500419929623,,-1,0,0,0.0,0,2.914335439641036e-16,0.0,0.0,1827,0.0,0.0,0,0,0.0,0.0,0,0.0,0.0,0.0,0,11200,robustness,True,0.0,0.0168896484375,False,False,,20000,False,,20000,False,,20000
63002,8,1024,aligned,no_birth_bonus,0.002,0.5,0.0,0,0.2,,0051_aligned_63002,0,1.2643729159608483,,1074,0,0,0.0,0,5.134781488891349e-16,0.0,1.1102230246251563e-16,44561,188.54512708552588,34.716079050485185,1024,0,23.045071338254218,11.671007712230432,0,0.0,0.0,0.0,0,-1,robustness,False,0.9935546875,0.9309130859375,True,True,2000.0,2000,True,2200.0,2200,True,15600.0,15600
63002,8,1024,state_rotated,no_birth_bonus,0.002,0.5,0.0,0,0.2,,0052_state_rotated_63002,0,1.343526375014335,,1817,0,0,0.0,0,5.134781488891349e-16,0.0,1.3877787807814454e-16,44667,188.54512708552588,34.716079050485185,1024,0,25.01897495090047,9.69710409958416,0,1.3877787807814457e-17,1.3877787807814457e-17,1.3877787807814457e-17,0,-1,robustness,False,0.9943359375,0.877822265625,True,True,3400.0,3400,True,3600.0,3600,True,11400.0,11400
63002,8,0,none,no_birth_bonus,0.002,0.5,0.0,0,0.2,,0053_none_63002,0,0.1126646660268306,,-1,0,0,0.0,0,2.914335439641036e-16,0.0,0.0,990,0.0,0.0,0,0,0.0,0.0,0,0.0,0.0,0.0,0,12600,robustness,True,0.0,0.0142626953125,False,False,,20000,False,,20000,False,,20000
63003,8,1024,aligned,baseline,0.002,0.5,0.2,0,0.2,,0054_aligned_63003,0,1.2801317080156878,,742,0,0,0.0,0,5.134781488891349e-16,0.0,8.326672684688674e-17,48660,188.54512708552588,34.716079050485185,1024,0,23.507560132028363,11.20851891845616,0,0.0,0.0,0.0,0,-1,robustness,False,0.9982421875,0.9614013671875,True,True,1200.0,1200,True,1200.0,1200,True,2000.0,2000
63003,8,1024,state_rotated,baseline,0.002,0.5,0.2,0,0.2,,0055_state_rotated_63003,0,1.3343484580982476,,1562,0,0,0.0,0,5.134781488891349e-16,0.0,1.3877787807814454e-16,44952,188.54512708552588,34.716079050485185,1024,0,25.249187818508783,9.46689123197585,0,1.3877787807814457e-17,2.4286128663675302e-17,2.0816681711721685e-17,0,-1,robustness,False,0.998046875,0.8998828125,True,True,3000.0,3000,True,3000.0,3000,True,3600.0,3600
63003,8,0,none,baseline,0.002,0.5,0.2,0,0.2,,0056_none_63003,0,0.1189857500139623,,-1,0,0,0.0,0,2.914335439641036e-16,0.0,0.0,1204,0.0,0.0,0,0,0.0,0.0,0,0.0,0.0,0.0,0,9800,robustness,True,0.0,0.01708984375,False,False,,20000,False,,20000,False,,20000
63003,8,1024,aligned,low_death,0.0005,0.5,0.2,0,0.2,,0057_aligned_63003,0,0.9104805409442632,,572,0,0,0.0,0,5.134781488891349e-16,0.0,8.326672684688674e-17,14536,188.54512708552588,34.716079050485185,1024,0,23.394893846851957,11.321185203632584,0,0.0,0.0,0.0,0,-1,robustness,False,1.0,0.976669921875,True,True,1000.0,1000,True,1000.0,1000,True,1200.0,1200
63003,8,1024,state_rotated,low_death,0.0005,0.5,0.2,0,0.2,,0058_state_rotated_63003,0,0.9747089580632746,,902,0,0,0.0,0,5.134781488891349e-16,0.0,1.1102230246251563e-16,15671,188.54512708552588,34.716079050485185,1024,0,24.762840007998808,9.95323904248584,0,1.3877787807814457e-17,1.7347234759768068e-17,1.3877787807814457e-17,0,-1,robustness,False,1.0,0.95908203125,True,True,1600.0,1600,True,1600.0,1600,True,1800.0,1800
63003,8,0,none,low_death,0.0005,0.5,0.2,0,0.2,,0059_none_63003,0,1.0847160830162466,,-1,0,0,0.0,0,5.134781488891349e-16,0.0,0.0,26754,0.0,0.0,0,0,0.0,0.0,0,0.0,0.0,0.0,0,-1,robustness,False,0.9982421875,0.9217236328125,False,True,3200.0,3200,True,3800.0,3800,True,4200.0,4200
63003,8,1024,aligned,high_death,0.01,0.5,0.2,0,0.2,,0060_aligned_63003,0,0.0873750830069184,,-1,0,0,0.0,0,2.914335439641036e-16,0.0,5.551115123125783e-17,319,58.73622611355699,10.814872282328691,319,0,7.593404819538258,3.22146746279046,0,0.0,0.0,0.0,0,2000,robustness,True,0.0,0.00212890625,False,False,,20000,False,,20000,False,,20000
63003,8,1024,state_rotated,high_death,0.01,0.5,0.2,0,0.2,,0061_state_rotated_63003,0,0.0864456250565126,,-1,0,0,0.0,0,2.775557561562891e-16,0.0,8.326672684688674e-17,229,42.16487705330564,7.763654397032237,229,0,5.560654166175659,2.203000230856547,0,1.3877787807814457e-17,6.938893903907228e-18,6.938893903907228e-18,0,800,robustness,True,0.0,0.0017578125,False,False,,20000,False,,20000,False,,20000
63003,8,0,none,high_death,0.01,0.5,0.2,0,0.2,,0062_none_63003,0,0.0855397910345345,,-1,0,0,0.0,0,2.775557561562891e-16,0.0,0.0,224,0.0,0.0,0,0,0.0,0.0,0,0.0,0.0,0.0,0,600,robustness,True,0.0,0.00166015625,False,False,,20000,False,,20000,False,,20000
63003,8,1024,aligned,low_child_energy,0.002,0.35,0.2,0,0.2,,0063_aligned_63003,0,1.4063288749894127,,861,0,0,0.0,0,5.134781488891349e-16,4.440892098500626e-16,8.326672684688674e-17,59166,188.54512708552588,34.716079050485185,1024,0,23.41409871378211,11.30198033670246,0,0.0,0.0,0.0,0,-1,robustness,False,0.9947265625,0.949912109375,True,True,1600.0,1600,True,1600.0,1600,True,7800.0,7800
63003,8,1024,state_rotated,low_child_energy,0.002,0.35,0.2,0,0.2,,0064_state_rotated_63003,0,1.512517208000645,,1337,0,0,0.0,0,5.134781488891349e-16,4.440892098500626e-16,1.1102230246251563e-16,56085,188.54512708552588,34.716079050485185,1024,0,25.211340464796695,9.504738585687948,0,1.3877787807814457e-17,1.3877787807814457e-17,1.3877787807814457e-17,0,-1,robustness,False,0.9931640625,0.91353515625,True,True,2600.0,2600,True,2800.0,2800,True,4800.0,4800
63003,8,0,none,low_child_energy,0.002,0.35,0.2,0,0.2,,0065_none_63003,0,0.1330755410017445,,-1,0,0,0.0,0,2.914335439641036e-16,0.0,0.0,1694,0.0,0.0,0,0,0.0,0.0,0,0.0,0.0,0.0,0,8000,robustness,True,0.0,0.022578125,False,False,,20000,False,,20000,False,,20000
63003,8,1024,aligned,high_child_energy,0.002,0.65,0.2,0,0.2,,0066_aligned_63003,0,2.2215354579966515,,129,0,0,0.0,0,2.914335439641036e-16,4.440892098500626e-16,8.326672684688674e-17,111720,188.54512708552588,34.716079050485185,1024,0,23.659599677625692,11.056479372858654,0,0.0,0.0,0.0,0,-1,robustness,False,0.855078125,0.805263671875,True,False,,20000,False,,20000,False,,20000
63003,8,1024,state_rotated,high_child_energy,0.002,0.65,0.2,0,0.2,,0067_state_rotated_63003,0,1.5820463330019263,,942,0,0,0.0,0,5.134781488891349e-16,4.440892098500626e-16,1.1102230246251563e-16,57826,188.54512708552588,34.716079050485185,1024,0,24.831562719483987,9.88451633100044,0,1.3877787807814457e-17,2.7755575615628914e-17,1.7347234759768068e-17,0,-1,robustness,False,0.991796875,0.9150830078125,True,True,2400.0,2400,True,3400.0,3400,False,,20000
63003,8,0,none,high_child_energy,0.002,0.65,0.2,0,0.2,,0068_none_63003,0,0.1198575000744313,,-1,0,0,0.0,0,2.914335439641036e-16,0.0,0.0,1582,0.0,0.0,0,0,0.0,0.0,0,0.0,0.0,0.0,0,5800,robustness,True,0.0,0.01361328125,False,False,,20000,False,,20000,False,,20000
63003,8,1024,aligned,no_birth_bonus,0.002,0.5,0.0,0,0.2,,0069_aligned_63003,0,1.233051749994047,,1163,0,0,0.0,0,5.134781488891349e-16,0.0,1.1102230246251563e-16,43998,188.54512708552588,34.716079050485185,1024,0,23.200866046066523,11.515213004418118,0,0.0,0.0,0.0,0,-1,robustness,False,0.992578125,0.9264697265625,True,True,2200.0,2200,True,2400.0,2400,True,9000.0,9000
63003,8,1024,state_rotated,no_birth_bonus,0.002,0.5,0.0,0,0.2,,0070_state_rotated_63003,0,1.3038173749810085,,1585,0,0,0.0,0,5.134781488891349e-16,0.0,1.3877787807814454e-16,44099,188.54512708552588,34.716079050485185,1024,0,25.27327476511539,9.442804285369194,0,1.3877787807814457e-17,2.0816681711721685e-17,1.7347234759768068e-17,0,-1,robustness,False,0.9986328125,0.9047607421875,True,True,2800.0,2800,True,3000.0,3000,True,3200.0,3200
63003,8,0,none,no_birth_bonus,0.002,0.5,0.0,0,0.2,,0071_none_63003,0,0.1041315420297905,,-1,0,0,0.0,0,2.914335439641036e-16,0.0,0.0,717,0.0,0.0,0,0,0.0,0.0,0,0.0,0.0,0.0,0,3800,robustness,True,0.0,0.01046875,False,False,,20000,False,,20000,False,,20000
63004,8,1024,aligned,baseline,0.002,0.5,0.2,0,0.2,,0072_aligned_63004,0,1.2390472498955205,,843,0,0,0.0,0,5.134781488891349e-16,0.0,8.326672684688674e-17,46439,188.54512708552588,34.716079050485185,1024,0,23.54679077040208,11.169288280082402,0,0.0,0.0,0.0,0,-1,robustness,False,0.9978515625,0.956728515625,True,True,1400.0,1400,True,1400.0,1400,True,1600.0,1600
63004,8,1024,state_rotated,baseline,0.002,0.5,0.2,0,0.2,,0073_state_rotated_63004,0,1.311247791047208,,1818,0,0,0.0,0,5.134781488891349e-16,0.0,8.326672684688674e-17,44294,188.54512708552588,34.716079050485185,1024,0,25.22849826641497,9.487580784069667,0,1.3877787807814457e-17,2.0816681711721685e-17,1.7347234759768068e-17,0,-1,robustness,False,0.99921875,0.8925439453125,True,True,3000.0,3000,True,3000.0,3000,True,3400.0,3400
63004,8,0,none,baseline,0.002,0.5,0.2,0,0.2,,0074_none_63004,0,0.1104082079837098,,-1,0,0,0.0,0,2.914335439641036e-16,0.0,0.0,963,0.0,0.0,0,0,0.0,0.0,0,0.0,0.0,0.0,0,8400,robustness,True,0.0,0.0130859375,False,False,,20000,False,,20000,False,,20000
63004,8,1024,aligned,low_death,0.0005,0.5,0.2,0,0.2,,0075_aligned_63004,0,0.9281960829393938,,536,0,0,0.0,0,5.134781488891349e-16,0.0,8.326672684688674e-17,15945,188.54512708552588,34.716079050485185,1024,0,23.497855914094288,11.218223136390248,0,0.0,0.0,0.0,0,-1,robustness,False,1.0,0.979267578125,True,True,800.0,800,True,1000.0,1000,True,1200.0,1200
63004,8,1024,state_rotated,low_death,0.0005,0.5,0.2,0,0.2,,0076_state_rotated_63004,0,0.9917041670996696,,870,0,0,0.0,0,5.134781488891349e-16,0.0,1.3877787807814454e-16,16679,188.54512708552588,34.716079050485185,1024,0,24.518260206006193,10.197818844478414,0,1.3877787807814457e-17,1.3877787807814457e-17,1.0408340855860844e-17,0,-1,robustness,False,0.998828125,0.9590869140625,True,True,1600.0,1600,True,1800.0,1800,True,2400.0,2400
63004,8,0,none,low_death,0.0005,0.5,0.2,0,0.2,,0077_none_63004,0,1.084468749933876,,-1,0,0,0.0,0,5.134781488891349e-16,0.0,0.0,26578,0.0,0.0,0,0,0.0,0.0,0,0.0,0.0,0.0,0,-1,robustness,False,0.9970703125,0.927001953125,False,True,3200.0,3200,True,3600.0,3600,True,4800.0,4800
63004,8,1024,aligned,high_death,0.01,0.5,0.2,0,0.2,,0078_aligned_63004,0,0.0855062920600175,,-1,0,0,0.0,0,2.914335439641036e-16,0.0,8.326672684688674e-17,284,52.29181259012591,9.62828754915785,284,0,6.856165719500667,2.772121829657186,0,0.0,0.0,0.0,0,1000,robustness,True,0.0,0.0018359375,False,False,,20000,False,,20000,False,,20000
63004,8,1024,state_rotated,high_death,0.01,0.5,0.2,0,0.2,,0079_state_rotated_63004,0,0.0877427919767797,,-1,0,0,0.0,0,2.914335439641036e-16,0.0,8.326672684688674e-17,256,47.13628177138104,8.679019762621177,256,0,6.237376722396963,2.4416430402241964,0,1.3877787807814457e-17,1.0408340855860844e-17,1.0408340855860844e-17,0,800,robustness,True,0.0,0.001767578125,False,False,,20000,False,,20000,False,,20000
63004,8,0,none,high_death,0.01,0.5,0.2,0,0.2,,0080_none_63004,0,0.0858723329147324,,-1,0,0,0.0,0,2.914335439641036e-16,0.0,0.0,243,0.0,0.0,0,0,0.0,0.0,0,0.0,0.0,0.0,0,1000,robustness,True,0.0,0.00171875,False,False,,20000,False,,20000,False,,20000
63004,8,1024,aligned,low_child_energy,0.002,0.35,0.2,0,0.2,,0081_aligned_63004,0,1.418439167086035,,878,0,0,0.0,0,5.134781488891349e-16,4.440892098500626e-16,8.326672684688674e-17,60449,188.54512708552588,34.716079050485185,1024,0,23.544700966013895,11.171378084470645,0,0.0,0.0,0.0,0,-1,robustness,False,0.995703125,0.948818359375,True,True,1400.0,1400,True,1600.0,1600,True,7600.0,7600
63004,8,1024,state_rotated,low_child_energy,0.002,0.35,0.2,0,0.2,,0082_state_rotated_63004,0,1.580956832971424,,1307,0,0,0.0,0,5.134781488891349e-16,4.440892098500626e-16,1.1102230246251563e-16,59782,188.54512708552588,34.716079050485185,1024,0,25.05088336292865,9.665195687556,0,1.3877787807814457e-17,1.3877787807814457e-17,1.3877787807814457e-17,0,-1,robustness,False,0.99609375,0.9124072265625,True,True,2600.0,2600,True,2600.0,2600,True,11400.0,11400
63004,8,0,none,low_child_energy,0.002,0.35,0.2,0,0.2,,0083_none_63004,0,0.1422615420306101,,-1,0,0,0.0,0,2.914335439641036e-16,0.0,0.0,2023,0.0,0.0,0,0,0.0,0.0,0,0.0,0.0,0.0,0,15000,robustness,True,0.0,0.027197265625,False,False,,20000,False,,20000,False,,20000
63004,8,1024,aligned,high_child_energy,0.002,0.65,0.2,0,0.2,,0084_aligned_63004,0,2.1825966669712216,,159,0,0,0.0,0,4.579669976578771e-16,4.440892098500626e-16,5.551115123125783e-17,108557,188.54512708552588,34.716079050485185,1024,0,23.833679828627336,10.882399221857003,0,0.0,0.0,0.0,0,-1,robustness,False,0.858203125,0.8246240234375,True,False,,20000,False,,20000,False,,20000
63004,8,1024,state_rotated,high_child_energy,0.002,0.65,0.2,0,0.2,,0085_state_rotated_63004,0,1.8437392500927672,,873,0,0,0.0,0,4.996003610813204e-16,4.440892098500626e-16,1.1102230246251563e-16,74117,188.54512708552588,34.716079050485185,1024,0,24.946915377570058,9.769163672914448,0,1.3877787807814457e-17,2.0816681711721685e-17,2.0816681711721685e-17,0,-1,robustness,False,0.974609375,0.9062353515625,True,True,2400.0,2400,True,3400.0,3400,False,,20000
63004,8,0,none,high_child_energy,0.002,0.65,0.2,0,0.2,,0086_none_63004,0,0.1228297500638291,,-1,0,0,0.0,0,2.914335439641036e-16,0.0,0.0,1752,0.0,0.0,0,0,0.0,0.0,0,0.0,0.0,0.0,0,8800,robustness,True,0.0,0.01591796875,False,False,,20000,False,,20000,False,,20000
63004,8,1024,aligned,no_birth_bonus,0.002,0.5,0.0,0,0.2,,0087_aligned_63004,0,1.265587209025398,,1076,0,0,0.0,0,5.134781488891349e-16,0.0,8.326672684688674e-17,45026,188.54512708552588,34.716079050485185,1024,0,23.197542214148843,11.518536836335803,0,0.0,0.0,0.0,0,-1,robustness,False,0.9908203125,0.9305224609375,True,True,2000.0,2000,True,2200.0,2200,True,18600.0,18600
63004,8,1024,state_rotated,no_birth_bonus,0.002,0.5,0.0,0,0.2,,0088_state_rotated_63004,0,1.3109374159248546,,2158,0,0,0.0,0,5.134781488891349e-16,0.0,1.3877787807814454e-16,42988,188.54512708552588,34.716079050485185,1024,0,25.285964817063295,9.43011423342133,0,1.3877787807814457e-17,1.3877787807814457e-17,1.3877787807814457e-17,0,-1,robustness,False,0.99375,0.8464892578125,True,True,4400.0,4400,True,4800.0,4800,True,6600.0,6600
63004,8,0,none,no_birth_bonus,0.002,0.5,0.0,0,0.2,,0089_none_63004,0,0.1045665830606594,,-1,0,0,0.0,0,2.914335439641036e-16,0.0,0.0,777,0.0,0.0,0,0,0.0,0.0,0,0.0,0.0,0.0,0,4800,robustness,True,0.0,0.01087890625,False,False,,20000,False,,20000,False,,20000
63005,8,1024,aligned,baseline,0.002,0.5,0.2,0,0.2,,0090_aligned_63005,0,1.2607122920453548,,721,0,0,0.0,0,5.134781488891349e-16,0.0,8.326672684688674e-17,47273,188.54512708552588,34.716079050485185,1024,0,23.476131005579973,11.239948044904525,0,0.0,0.0,0.0,0,-1,robustness,False,0.9982421875,0.9586328125,True,True,1400.0,1400,True,1600.0,1600,True,3200.0,3200
63005,8,1024,state_rotated,baseline,0.002,0.5,0.2,0,0.2,,0091_state_rotated_63005,0,1.3306733329081908,,1719,0,0,0.0,0,5.134781488891349e-16,0.0,1.3877787807814454e-16,44259,188.54512708552588,34.716079050485185,1024,0,25.421652526563804,9.294426523920842,0,1.3877787807814457e-17,1.7347234759768068e-17,1.7347234759768068e-17,0,-1,robustness,False,0.997265625,0.8879638671875,True,True,3200.0,3200,True,3400.0,3400,True,5200.0,5200
63005,8,0,none,baseline,0.002,0.5,0.2,0,0.2,,0092_none_63005,0,0.104253250057809,,-1,0,0,0.0,0,2.914335439641036e-16,0.0,0.0,751,0.0,0.0,0,0,0.0,0.0,0,0.0,0.0,0.0,0,5600,robustness,True,0.0,0.0104833984375,False,False,,20000,False,,20000,False,,20000
63005,8,1024,aligned,low_death,0.0005,0.5,0.2,0,0.2,,0093_aligned_63005,0,0.917394916061312,,577,0,0,0.0,0,5.134781488891349e-16,0.0,8.326672684688674e-17,15337,188.54512708552588,34.716079050485185,1024,0,23.520181791150662,11.195897259333874,0,0.0,0.0,0.0,0,-1,robustness,False,1.0,0.9769482421875,True,True,1000.0,1000,True,1000.0,1000,True,1200.0,1200
63005,8,1024,state_rotated,low_death,0.0005,0.5,0.2,0,0.2,,0094_state_rotated_63005,0,0.96670524997171,,957,0,0,0.0,0,5.134781488891349e-16,0.0,1.1102230246251563e-16,15256,188.54512708552588,34.716079050485185,1024,0,24.749605831649593,9.966473218835027,0,1.3877787807814457e-17,1.3877787807814457e-17,1.0408340855860844e-17,0,-1,robustness,False,1.0,0.9553857421875,True,True,1600.0,1600,True,1800.0,1800,True,2000.0,2000
63005,8,0,none,low_death,0.0005,0.5,0.2,0,0.2,,0095_none_63005,0,1.077764124958776,,-1,0,0,0.0,0,5.134781488891349e-16,0.0,0.0,25980,0.0,0.0,0,0,0.0,0.0,0,0.0,0.0,0.0,0,-1,robustness,False,0.998046875,0.925283203125,False,True,2800.0,2800,True,3000.0,3000,True,3800.0,3800
63005,8,1024,aligned,high_death,0.01,0.5,0.2,0,0.2,,0096_aligned_63005,0,0.0866159580182284,,-1,0,0,0.0,0,2.914335439641036e-16,0.0,5.551115123125783e-17,303,55.79020850284564,10.272433547164878,303,0,7.272692097318763,2.9997414498461388,0,0.0,0.0,0.0,0,2000,robustness,True,0.0,0.0019384765625,False,False,,20000,False,,20000,False,,20000
63005,8,1024,state_rotated,high_death,0.01,0.5,0.2,0,0.2,,0097_state_rotated_63005,0,0.0861659169895574,,-1,0,0,0.0,0,2.914335439641036e-16,0.0,8.326672684688674e-17,226,41.61249875129726,7.6619471341890195,226,0,5.521802785713392,2.1401443484756,0,1.3877787807814457e-17,1.3877787807814457e-17,1.0408340855860844e-17,0,800,robustness,True,0.0,0.0015380859375,False,False,,20000,False,,20000,False,,20000
63005,8,0,none,high_death,0.01,0.5,0.2,0,0.2,,0098_none_63005,0,0.085213084006682,,-1,0,0,0.0,0,2.914335439641036e-16,0.0,0.0,229,0.0,0.0,0,0,0.0,0.0,0,0.0,0.0,0.0,0,600,robustness,True,0.0,0.0015673828125,False,False,,20000,False,,20000,False,,20000
63005,8,1024,aligned,low_child_energy,0.002,0.35,0.2,0,0.2,,0099_aligned_63005,0,1.398835290921852,,860,0,0,0.0,0,5.134781488891349e-16,4.440892098500626e-16,8.326672684688674e-17,57591,188.54512708552588,34.716079050485185,1024,0,23.482717468326804,11.233361582157809,0,0.0,0.0,0.0,0,-1,robustness,False,0.9986328125,0.95251953125,True,True,1400.0,1400,True,1400.0,1400,True,10400.0,10400
63005,8,1024,state_rotated,low_child_energy,0.002,0.35,0.2,0,0.2,,0100_state_rotated_63005,0,1.6171222500270233,,1275,0,0,0.0,0,5.134781488891349e-16,4.440892098500626e-16,8.326672684688674e-17,60087,188.54512708552588,34.716079050485185,1024,0,25.18414850427191,9.53193054621275,0,1.3877787807814457e-17,1.7347234759768068e-17,1.3877787807814457e-17,0,-1,robustness,False,0.995703125,0.908818359375,True,True,2600.0,2600,True,3000.0,3000,True,9800.0,9800
63005,8,0,none,low_child_energy,0.002,0.35,0.2,0,0.2,,0101_none_63005,0,0.1248438339680433,,-1,0,0,0.0,0,2.914335439641036e-16,0.0,0.0,1436,0.0,0.0,0,0,0.0,0.0,0,0.0,0.0,0.0,0,7200,robustness,True,0.0,0.0188720703125,False,False,,20000,False,,20000,False,,20000
63005,8,1024,aligned,high_child_energy,0.002,0.65,0.2,0,0.2,,0102_aligned_63005,0,2.2361798339989036,,131,0,0,0.0,0,2.914335439641036e-16,4.440892098500626e-16,8.326672684688674e-17,108482,188.54512708552588,34.716079050485185,1024,0,23.84697419319752,10.86910485728679,0,0.0,0.0,0.0,0,-1,robustness,False,0.835546875,0.8042138671875,True,False,,20000,False,,20000,False,,20000
63005,8,1024,state_rotated,high_child_energy,0.002,0.65,0.2,0,0.2,,0103_state_rotated_63005,0,1.5828146670246497,,1074,0,0,0.0,0,5.134781488891349e-16,4.440892098500626e-16,1.1102230246251563e-16,55627,188.54512708552588,34.716079050485185,1024,0,25.018076870716243,9.6980021797682,0,1.3877787807814457e-17,2.7755575615628914e-17,1.7347234759768068e-17,0,-1,robustness,False,0.992578125,0.930625,True,True,1800.0,1800,True,2200.0,2200,True,6000.0,6000
63005,8,0,none,high_child_energy,0.002,0.65,0.2,0,0.2,,0104_none_63005,0,0.1279136659577489,,-1,0,0,0.0,0,2.914335439641036e-16,0.0,0.0,1404,0.0,0.0,0,0,0.0,0.0,0,0.0,0.0,0.0,0,4200,robustness,True,0.0,0.0121044921875,False,False,,20000,False,,20000,False,,20000
63005,8,1024,aligned,no_birth_bonus,0.002,0.5,0.0,0,0.2,,0105_aligned_63005,0,1.2698607080383226,,1114,0,0,0.0,0,5.134781488891349e-16,0.0,8.326672684688674e-17,43928,188.54512708552588,34.716079050485185,1024,0,23.233122918618587,11.482956131866048,0,0.0,0.0,0.0,0,-1,robustness,False,0.9900390625,0.9273046875,True,True,2000.0,2000,True,2200.0,2200,True,14000.0,14000
63005,8,1024,state_rotated,no_birth_bonus,0.002,0.5,0.0,0,0.2,,0106_state_rotated_63005,0,1.297319042030722,,2068,0,0,0.0,0,5.134781488891349e-16,0.0,1.1102230246251563e-16,42456,188.54512708552588,34.716079050485185,1024,0,25.25804572090947,9.458033329575148,0,1.3877787807814457e-17,1.7347234759768068e-17,1.7347234759768068e-17,0,-1,robustness,False,0.997265625,0.8627392578125,True,True,3800.0,3800,True,4000.0,4000,True,5000.0,5000
63005,8,0,none,no_birth_bonus,0.002,0.5,0.0,0,0.2,,0107_none_63005,0,0.1104909169953316,,-1,0,0,0.0,0,2.914335439641036e-16,0.0,0.0,938,0.0,0.0,0,0,0.0,0.0,0,0.0,0.0,0.0,0,6600,robustness,True,0.0,0.0130615234375,False,False,,20000,False,,20000,False,,20000
63006,8,1024,aligned,baseline,0.002,0.5,0.2,0,0.2,,0108_aligned_63006,0,1.267271334072575,,722,0,0,0.0,0,5.134781488891349e-16,0.0,8.326672684688674e-17,47704,188.54512708552588,34.716079050485185,1024,0,23.52398562404794,11.192093426436518,0,0.0,0.0,0.0,0,-1,robustness,False,0.99921875,0.960498046875,True,True,1200.0,1200,True,1600.0,1600,True,2400.0,2400
63006,8,1024,state_rotated,baseline,0.002,0.5,0.2,0,0.2,,0109_state_rotated_63006,0,1.2954749580239877,,1482,0,0,0.0,0,5.134781488891349e-16,0.0,1.1102230246251563e-16,43652,188.54512708552588,34.716079050485185,1024,0,25.092884938906188,9.623194111578416,0,1.3877787807814457e-17,2.4286128663675302e-17,2.0816681711721685e-17,0,-1,robustness,False,0.9984375,0.9171337890625,True,True,2400.0,2400,True,2400.0,2400,True,2600.0,2600
63006,8,0,none,baseline,0.002,0.5,0.2,0,0.2,,0110_none_63006,0,0.1081549160880968,,-1,0,0,0.0,0,2.914335439641036e-16,0.0,0.0,875,0.0,0.0,0,0,0.0,0.0,0,0.0,0.0,0.0,0,6000,robustness,True,0.0,0.0120166015625,False,False,,20000,False,,20000,False,,20000
63006,8,1024,aligned,low_death,0.0005,0.5,0.2,0,0.2,,0111_aligned_63006,0,0.9200580830220132,,583,0,0,0.0,0,5.134781488891349e-16,0.0,8.326672684688674e-17,14984,188.54512708552588,34.716079050485185,1024,0,23.397475324994957,11.318603725489536,0,0.0,0.0,0.0,0,-1,robustness,False,0.9998046875,0.9765869140625,True,True,1000.0,1000,True,1000.0,1000,True,1200.0,1200
63006,8,1024,state_rotated,low_death,0.0005,0.5,0.2,0,0.2,,0112_state_rotated_63006,0,0.992339790915139,,906,0,0,0.0,0,5.134781488891349e-16,0.0,8.326672684688674e-17,15590,188.54512708552588,34.716079050485185,1024,0,24.760573052622448,9.95550599786219,0,1.3877787807814457e-17,1.3877787807814457e-17,1.0408340855860844e-17,0,-1,robustness,False,1.0,0.9568896484375,True,True,1600.0,1600,True,1800.0,1800,True,2000.0,2000
63006,8,0,none,low_death,0.0005,0.5,0.2,0,0.2,,0113_none_63006,0,1.0988963750423864,,-1,0,0,0.0,0,5.134781488891349e-16,0.0,0.0,26348,0.0,0.0,0,0,0.0,0.0,0,0.0,0.0,0.0,0,-1,robustness,False,0.998828125,0.9263330078125,False,True,3000.0,3000,True,3400.0,3400,True,4000.0,4000
63006,8,1024,aligned,high_death,0.01,0.5,0.2,0,0.2,,0114_aligned_63006,0,0.1018302079755812,,-1,0,0,0.0,0,2.914335439641036e-16,0.0,5.551115123125783e-17,244,44.92676856334753,8.272190711248317,244,0,5.836323045375692,2.4358676658726,0,0.0,0.0,0.0,0,600,robustness,True,0.0,0.0016064453125,False,False,,20000,False,,20000,False,,20000
63006,8,1024,state_rotated,high_death,0.01,0.5,0.2,0,0.2,,0115_state_rotated_63006,0,0.0925391669152304,,-1,0,0,0.0,0,2.775557561562891e-16,0.0,8.326672684688674e-17,194,35.72046352987456,6.577069663861365,194,0,4.7405326746063245,1.8365369892550216,0,1.3877787807814457e-17,6.938893903907228e-18,1.0408340855860844e-17,0,600,robustness,True,0.0,0.0015771484375,False,False,,20000,False,,20000,False,,20000
63006,8,0,none,high_death,0.01,0.5,0.2,0,0.2,,0116_none_63006,0,0.0850045409752056,,-1,0,0,0.0,0,2.775557561562891e-16,0.0,0.0,189,0.0,0.0,0,0,0.0,0.0,0,0.0,0.0,0.0,0,600,robustness,True,0.0,0.0015283203125,False,False,,20000,False,,20000,False,,20000
63006,8,1024,aligned,low_child_energy,0.002,0.35,0.2,0,0.2,,0117_aligned_63006,0,1.2863477079663426,,923,0,0,0.0,0,5.134781488891349e-16,4.440892098500626e-16,8.326672684688674e-17,50169,188.54512708552588,34.716079050485185,1024,0,23.545319071496316,11.170759978988292,0,0.0,0.0,0.0,0,-1,robustness,False,0.997265625,0.9545556640625,True,True,1400.0,1400,True,1400.0,1400,True,3600.0,3600
63006,8,1024,state_rotated,low_child_energy,0.002,0.35,0.2,0,0.2,,0118_state_rotated_63006,0,1.6212412909371778,,1438,0,0,0.0,0,5.134781488891349e-16,4.440892098500626e-16,1.1102230246251563e-16,62974,188.54512708552588,34.716079050485185,1024,0,25.43117012807834,9.28490892240627,0,1.3877787807814457e-17,1.7347234759768068e-17,1.3877787807814457e-17,0,-1,robustness,False,0.985546875,0.8885205078125,True,True,3200.0,3200,True,3400.0,3400,False,,20000
63006,8,0,none,low_child_energy,0.002,0.35,0.2,0,0.2,,0119_none_63006,0,0.1297656659735366,,-1,0,0,0.0,0,2.914335439641036e-16,0.0,0.0,1611,0.0,0.0,0,0,0.0,0.0,0,0.0,0.0,0.0,0,9000,robustness,True,0.0,0.0217236328125,False,False,,20000,False,,20000,False,,20000
63006,8,1024,aligned,high_child_energy,0.002,0.65,0.2,0,0.2,,0120_aligned_63006,0,2.205666624940932,,144,0,0,0.0,0,2.914335439641036e-16,4.440892098500626e-16,8.326672684688674e-17,108616,188.54512708552588,34.716079050485185,1024,0,23.72252718403792,10.993551866446346,0,0.0,0.0,0.0,0,-1,robustness,False,0.8177734375,0.7799853515625,True,False,,20000,False,,20000,False,,20000
63006,8,1024,state_rotated,high_child_energy,0.002,0.65,0.2,0,0.2,,0121_state_rotated_63006,0,1.5475624999962747,,1031,0,0,0.0,0,5.134781488891349e-16,4.440892098500626e-16,8.326672684688674e-17,57429,188.54512708552588,34.716079050485185,1024,0,24.980465437271373,9.735613613213149,0,1.3877787807814457e-17,2.0816681711721685e-17,2.0816681711721685e-17,0,-1,robustness,False,0.9943359375,0.9078857421875,True,True,2600.0,2600,True,4000.0,4000,True,6800.0,6800
63006,8,0,none,high_child_energy,0.002,0.65,0.2,0,0.2,,0122_none_63006,0,0.1174393340479582,,-1,0,0,0.0,0,2.914335439641036e-16,0.0,0.0,1471,0.0,0.0,0,0,0.0,0.0,0,0.0,0.0,0.0,0,12800,robustness,True,0.0,0.0128076171875,False,False,,20000,False,,20000,False,,20000
63006,8,1024,aligned,no_birth_bonus,0.002,0.5,0.0,0,0.2,,0123_aligned_63006,0,1.2472568330122158,,1104,0,0,0.0,0,5.134781488891349e-16,0.0,1.3877787807814454e-16,43525,188.54512708552588,34.716079050485185,1024,0,23.156720386355108,11.559358664129544,0,0.0,0.0,0.0,0,-1,robustness,False,0.9931640625,0.9312890625,True,True,2000.0,2000,True,2200.0,2200,True,14400.0,14400
63006,8,1024,state_rotated,no_birth_bonus,0.002,0.5,0.0,0,0.2,,0124_state_rotated_63006,0,1.3694698329782111,,1553,0,0,0.0,0,5.134781488891349e-16,0.0,1.3877787807814454e-16,42451,188.54512708552588,34.716079050485185,1024,0,25.10071023923412,9.61536881125051,0,1.3877787807814457e-17,1.7347234759768068e-17,1.7347234759768068e-17,0,-1,robustness,False,0.997265625,0.8839208984375,True,True,3600.0,3600,True,3800.0,3800,True,6200.0,6200
63006,8,0,none,no_birth_bonus,0.002,0.5,0.0,0,0.2,,0125_none_63006,0,0.1032133749686181,,-1,0,0,0.0,0,2.914335439641036e-16,0.0,0.0,733,0.0,0.0,0,0,0.0,0.0,0,0.0,0.0,0.0,0,4400,robustness,True,0.0,0.0101806640625,False,False,,20000,False,,20000,False,,20000
63007,8,1024,aligned,baseline,0.002,0.5,0.2,0,0.2,,0126_aligned_63007,0,1.3574860830558464,,728,0,0,0.0,0,5.134781488891349e-16,0.0,8.326672684688674e-17,49156,188.54512708552588,34.716079050485185,1024,0,23.46929243590447,11.246786614580031,0,0.0,0.0,0.0,0,-1,robustness,False,0.99765625,0.95744140625,True,True,1400.0,1400,True,1600.0,1600,True,3400.0,3400
63007,8,1024,state_rotated,baseline,0.002,0.5,0.2,0,0.2,,0127_state_rotated_63007,0,1.373883040971123,,1864,0,0,0.0,0,5.134781488891349e-16,0.0,8.326672684688674e-17,42780,188.54512708552588,34.716079050485185,1024,0,25.47996251699401,9.236116533490648,0,1.3877787807814457e-17,2.0816681711721685e-17,1.3877787807814457e-17,0,-1,robustness,False,0.99765625,0.863740234375,True,True,4000.0,4000,True,4200.0,4200,True,6800.0,6800
63007,8,0,none,baseline,0.002,0.5,0.2,0,0.2,,0128_none_63007,0,0.1461352499900385,,-1,0,0,0.0,0,2.775557561562891e-16,0.0,0.0,701,0.0,0.0,0,0,0.0,0.0,0,0.0,0.0,0.0,0,5600,robustness,True,0.0,0.0092626953125,False,False,,20000,False,,20000,False,,20000
63007,8,1024,aligned,low_death,0.0005,0.5,0.2,0,0.2,,0129_aligned_63007,0,0.9401606250321493,,560,0,0,0.0,0,5.134781488891349e-16,0.0,8.326672684688674e-17,15150,188.54512708552588,34.716079050485185,1024,0,23.41584563839139,11.30023341209316,0,0.0,0.0,0.0,0,-1,robustness,False,1.0,0.9778759765625,True,True,1000.0,1000,True,1000.0,1000,True,1200.0,1200
63007,8,1024,state_rotated,low_death,0.0005,0.5,0.2,0,0.2,,0130_state_rotated_63007,0,0.9919997079996392,,843,0,0,0.0,0,5.134781488891349e-16,0.0,1.3877787807814454e-16,15750,188.54512708552588,34.716079050485185,1024,0,24.68338239080834,10.032696659676276,0,1.3877787807814457e-17,1.3877787807814457e-17,1.0408340855860844e-17,0,-1,robustness,False,0.999609375,0.960107421875,True,True,1600.0,1600,True,1800.0,1800,True,2000.0,2000
63007,8,0,none,low_death,0.0005,0.5,0.2,0,0.2,,0131_none_63007,0,1.099685875000432,,-1,0,0,0.0,0,5.134781488891349e-16,0.0,0.0,26806,0.0,0.0,0,0,0.0,0.0,0,0.0,0.0,0.0,0,-1,robustness,False,0.9982421875,0.9253369140625,False,True,3000.0,3000,True,3400.0,3400,True,4200.0,4200
63007,8,1024,aligned,high_death,0.01,0.5,0.2,0,0.2,,0132_aligned_63007,0,0.0866327499970793,,-1,0,0,0.0,0,2.914335439641036e-16,0.0,8.326672684688674e-17,306,56.342586804854015,10.374140810008091,306,0,7.249972692415413,3.124168117592697,0,0.0,0.0,0.0,0,1000,robustness,True,0.0,0.0018310546875,False,False,,20000,False,,20000,False,,20000
63007,8,1024,state_rotated,high_death,0.01,0.5,0.2,0,0.2,,0133_state_rotated_63007,0,0.0858664159895852,,-1,0,0,0.0,0,2.914335439641036e-16,0.0,8.326672684688674e-17,236,43.453759757991854,8.00097134366641,236,0,5.729166559943473,2.2718047837229043,0,1.3877787807814457e-17,1.0408340855860844e-17,6.938893903907228e-18,0,800,robustness,True,0.0,0.0018115234375,False,False,,20000,False,,20000,False,,20000
63007,8,0,none,high_death,0.01,0.5,0.2,0,0.2,,0134_none_63007,0,0.0839224170194938,,-1,0,0,0.0,0,2.914335439641036e-16,0.0,0.0,232,0.0,0.0,0,0,0.0,0.0,0,0.0,0.0,0.0,0,800,robustness,True,0.0,0.0017138671875,False,False,,20000,False,,20000,False,,20000
63007,8,1024,aligned,low_child_energy,0.002,0.35,0.2,0,0.2,,0135_aligned_63007,0,1.421013041981496,,867,0,0,0.0,0,5.134781488891349e-16,4.440892098500626e-16,8.326672684688674e-17,60164,188.54512708552588,34.716079050485185,1024,0,23.395382615981276,11.320696434503368,0,0.0,0.0,0.0,0,-1,robustness,False,0.9939453125,0.9520556640625,True,True,1400.0,1400,True,1400.0,1400,True,6600.0,6600
63007,8,1024,state_rotated,low_child_energy,0.002,0.35,0.2,0,0.2,,0136_state_rotated_63007,0,1.4732067090226335,,1524,0,0,0.0,0,5.134781488891349e-16,4.440892098500626e-16,1.1102230246251563e-16,53503,188.54512708552588,34.716079050485185,1024,0,25.25590735969564,9.460171690788986,0,1.3877787807814457e-17,1.7347234759768068e-17,1.7347234759768068e-17,0,-1,robustness,False,0.9966796875,0.8994482421875,True,True,2800.0,2800,True,3000.0,3000,True,6200.0,6200
63007,8,0,none,low_child_energy,0.002,0.35,0.2,0,0.2,,0137_none_63007,0,0.1339568339753896,,-1,0,0,0.0,0,2.775557561562891e-16,0.0,0.0,1477,0.0,0.0,0,0,0.0,0.0,0,0.0,0.0,0.0,0,13200,robustness,True,0.0,0.0198583984375,False,False,,20000,False,,20000,False,,20000
63007,8,1024,aligned,high_child_energy,0.002,0.65,0.2,0,0.2,,0138_aligned_63007,0,2.0391084579750896,,132,0,0,0.0,0,4.579669976578771e-16,4.440892098500626e-16,5.551115123125783e-17,103938,188.54512708552588,34.716079050485185,1024,0,23.68540235564209,11.030676694842263,0,0.0,0.0,0.0,0,-1,robustness,False,0.923046875,0.8934423828125,True,True,4200.0,4200,False,,20000,False,,20000
63007,8,1024,state_rotated,high_child_energy,0.002,0.65,0.2,0,0.2,,0139_state_rotated_63007,0,1.5532298749312758,,1057,0,0,0.0,0,4.996003610813204e-16,4.440892098500626e-16,1.1102230246251563e-16,55529,188.54512708552588,34.716079050485185,1024,0,24.891165939013177,9.82491311147133,0,1.3877787807814457e-17,2.0816681711721685e-17,2.0816681711721685e-17,0,-1,robustness,False,0.9873046875,0.9084765625,True,True,2200.0,2200,True,2600.0,2600,False,,20000
63007,8,0,none,high_child_energy,0.002,0.65,0.2,0,0.2,,0140_none_63007,0,0.1123771669808775,,-1,0,0,0.0,0,2.914335439641036e-16,0.0,0.0,1280,0.0,0.0,0,0,0.0,0.0,0,0.0,0.0,0.0,0,4800,robustness,True,0.0,0.0107177734375,False,False,,20000,False,,20000,False,,20000
63007,8,1024,aligned,no_birth_bonus,0.002,0.5,0.0,0,0.2,,0141_aligned_63007,0,1.2201154999202115,,1105,0,0,0.0,0,5.134781488891349e-16,0.0,1.1102230246251563e-16,43125,188.54512708552588,34.716079050485185,1024,0,23.17351661532816,11.542562435156476,0,0.0,0.0,0.0,0,-1,robustness,False,0.9912109375,0.931494140625,True,True,2000.0,2000,True,2200.0,2200,True,7400.0,7400
63007,8,1024,state_rotated,no_birth_bonus,0.002,0.5,0.0,0,0.2,,0142_state_rotated_63007,0,1.273361291969195,,2068,0,0,0.0,0,5.134781488891349e-16,0.0,1.3877787807814454e-16,41837,188.54512708552588,34.716079050485185,1024,0,25.29561286161561,9.420466188869092,0,1.3877787807814457e-17,1.7347234759768068e-17,1.3877787807814457e-17,0,-1,robustness,False,0.997265625,0.8588671875,True,True,4000.0,4000,True,4200.0,4200,True,4400.0,4400
63007,8,0,none,no_birth_bonus,0.002,0.5,0.0,0,0.2,,0143_none_63007,0,0.101432166993618,,-1,0,0,0.0,0,2.914335439641036e-16,0.0,0.0,627,0.0,0.0,0,0,0.0,0.0,0,0.0,0.0,0.0,0,8200,robustness,True,0.0,0.0082958984375,False,False,,20000,False,,20000,False,,20000
63008,8,1024,aligned,baseline,0.002,0.5,0.2,0,0.2,,0144_aligned_63008,0,1.2480864999815822,,750,0,0,0.0,0,5.134781488891349e-16,0.0,8.326672684688674e-17,46254,188.54512708552588,34.716079050485185,1024,0,23.513527695700414,11.202551354784054,0,0.0,0.0,0.0,0,-1,robustness,False,0.998046875,0.9586474609375,True,True,1400.0,1400,True,1400.0,1400,True,2200.0,2200
63008,8,1024,state_rotated,baseline,0.002,0.5,0.2,0,0.2,,0145_state_rotated_63008,0,1.2800265840487557,,1542,0,0,0.0,0,5.134781488891349e-16,0.0,1.1102230246251563e-16,42597,188.54512708552588,34.716079050485185,1024,0,25.245821039500793,9.470258010983851,0,1.3877787807814457e-17,1.7347234759768068e-17,1.7347234759768068e-17,0,-1,robustness,False,0.9994140625,0.9096533203125,True,True,2600.0,2600,True,2800.0,2800,True,3000.0,3000
63008,8,0,none,baseline,0.002,0.5,0.2,0,0.2,,0146_none_63008,0,0.1138614589581266,,-1,0,0,0.0,0,2.914335439641036e-16,0.0,0.0,1009,0.0,0.0,0,0,0.0,0.0,0,0.0,0.0,0.0,0,7000,robustness,True,0.0,0.0144970703125,False,False,,20000,False,,20000,False,,20000
63008,8,1024,aligned,low_death,0.0005,0.5,0.2,0,0.2,,0147_aligned_63008,0,0.9214178749825804,,569,0,0,0.0,0,5.134781488891349e-16,0.0,8.326672684688674e-17,15202,188.54512708552588,34.716079050485185,1024,0,23.517664034000468,11.198415016484043,0,0.0,0.0,0.0,0,-1,robustness,False,0.9998046875,0.9779541015625,True,True,1000.0,1000,True,1000.0,1000,True,1200.0,1200
63008,8,1024,state_rotated,low_death,0.0005,0.5,0.2,0,0.2,,0148_state_rotated_63008,0,0.9823557920753956,,880,0,0,0.0,0,5.134781488891349e-16,0.0,1.1102230246251563e-16,16116,188.54512708552588,34.716079050485185,1024,0,24.675636339419256,10.040442711065394,0,1.3877787807814457e-17,1.3877787807814457e-17,1.214306433183765e-17,0,-1,robustness,False,0.999609375,0.95939453125,True,True,1600.0,1600,True,1800.0,1800,True,2000.0,2000
63008,8,0,none,low_death,0.0005,0.5,0.2,0,0.2,,0149_none_63008,0,1.082122000050731,,-1,0,0,0.0,0,5.134781488891349e-16,0.0,0.0,26438,0.0,0.0,0,0,0.0,0.0,0,0.0,0.0,0.0,0,-1,robustness,False,0.998046875,0.9304052734375,False,True,3000.0,3000,True,3200.0,3200,True,4000.0,4000
63008,8,1024,aligned,high_death,0.01,0.5,0.2,0,0.2,,0150_aligned_63008,0,0.0864364159060642,,-1,0,0,0.0,0,2.775557561562891e-16,0.0,8.326672684688674e-17,300,55.23783020083726,10.170726284321663,300,0,7.137886457882219,3.032839826439459,0,0.0,0.0,0.0,0,800,robustness,True,0.0,0.0019287109375,False,False,,20000,False,,20000,False,,20000
63008,8,1024,state_rotated,high_death,0.01,0.5,0.2,0,0.2,,0151_state_rotated_63008,0,0.0856104589765891,,-1,0,0,0.0,0,2.775557561562891e-16,0.0,8.326672684688674e-17,223,41.06012044928888,7.560239871345802,223,0,5.4215394681223,2.1387004032234733,0,1.3877787807814457e-17,1.3877787807814457e-17,1.3877787807814457e-17,0,600,robustness,True,0.0,0.0015966796875,False,False,,20000,False,,20000,False,,20000
63008,8,0,none,high_death,0.01,0.5,0.2,0,0.2,,0152_none_63008,0,0.0846000419696793,,-1,0,0,0.0,0,2.775557561562891e-16,0.0,0.0,234,0.0,0.0,0,0,0.0,0.0,0,0.0,0.0,0.0,0,600,robustness,True,0.0,0.0016357421875,False,False,,20000,False,,20000,False,,20000
63008,8,1024,aligned,low_child_energy,0.002,0.35,0.2,0,0.2,,0153_aligned_63008,0,1.35186416702345,,868,0,0,0.0,0,5.134781488891349e-16,4.440892098500626e-16,8.326672684688674e-17,55360,188.54512708552588,34.716079050485185,1024,0,23.46524426166147,11.25083478882312,0,0.0,0.0,0.0,0,-1,robustness,False,0.9974609375,0.951396484375,True,True,1400.0,1400,True,1600.0,1600,True,4400.0,4400
63008,8,1024,state_rotated,low_child_energy,0.002,0.35,0.2,0,0.2,,0154_state_rotated_63008,0,1.6325820829952136,,1250,0,0,0.0,0,5.134781488891349e-16,4.440892098500626e-16,1.1102230246251563e-16,63790,188.54512708552588,34.716079050485185,1024,0,24.85624348486261,9.859835565622005,0,1.3877787807814457e-17,2.0816681711721685e-17,1.7347234759768068e-17,0,-1,robustness,False,0.991015625,0.9026513671875,True,True,2800.0,2800,True,3200.0,3200,True,11600.0,11600
63008,8,0,none,low_child_energy,0.002,0.35,0.2,0,0.2,,0155_none_63008,0,0.1354838330298662,,-1,0,0,0.0,0,2.914335439641036e-16,0.0,0.0,1791,0.0,0.0,0,0,0.0,0.0,0,0.0,0.0,0.0,0,6400,robustness,True,0.0,0.0237744140625,False,False,,20000,False,,20000,False,,20000
63008,8,1024,aligned,high_child_energy,0.002,0.65,0.2,0,0.2,,0156_aligned_63008,0,2.1910363340284675,,139,0,0,0.0,0,2.914335439641036e-16,4.440892098500626e-16,8.326672684688674e-17,109158,188.54512708552588,34.716079050485185,1024,0,23.694402756135176,11.02167629434914,0,0.0,0.0,0.0,0,-1,robustness,False,0.8482421875,0.8115771484375,True,False,,20000,False,,20000,False,,20000
63008,8,1024,state_rotated,high_child_energy,0.002,0.65,0.2,0,0.2,,0157_state_rotated_63008,0,1.8725276249460876,,1000,0,0,0.0,0,5.134781488891349e-16,4.440892098500626e-16,1.1102230246251563e-16,77545,188.54512708552588,34.716079050485185,1024,0,24.80336140596606,9.912717644518462,0,1.3877787807814457e-17,2.0816681711721685e-17,2.4286128663675302e-17,0,-1,robustness,False,0.984765625,0.896455078125,True,True,2600.0,2600,True,6000.0,6000,False,,20000
63008,8,0,none,high_child_energy,0.002,0.65,0.2,0,0.2,,0158_none_63008,0,0.123703374993056,,-1,0,0,0.0,0,2.914335439641036e-16,0.0,0.0,1729,0.0,0.0,0,0,0.0,0.0,0,0.0,0.0,0.0,0,6000,robustness,True,0.0,0.0151708984375,False,False,,20000,False,,20000,False,,20000
63008,8,1024,aligned,no_birth_bonus,0.002,0.5,0.0,0,0.2,,0159_aligned_63008,0,1.244384958059527,,1111,0,0,0.0,0,5.134781488891349e-16,0.0,1.1102230246251563e-16,44760,188.54512708552588,34.716079050485185,1024,0,23.189529597486004,11.52654945299862,0,0.0,0.0,0.0,0,-1,robustness,False,0.9921875,0.92876953125,True,True,2000.0,2000,True,2200.0,2200,True,18800.0,18800
63008,8,1024,state_rotated,no_birth_bonus,0.002,0.5,0.0,0,0.2,,0160_state_rotated_63008,0,1.3310915828915313,,1545,0,0,0.0,0,5.134781488891349e-16,0.0,1.3877787807814454e-16,44566,188.54512708552588,34.716079050485185,1024,0,25.0956971056688,9.620381944815795,0,1.3877787807814457e-17,2.0816681711721685e-17,1.3877787807814457e-17,0,-1,robustness,False,0.998828125,0.9025146484375,True,True,2800.0,2800,True,3000.0,3000,True,3600.0,3600
63008,8,0,none,no_birth_bonus,0.002,0.5,0.0,0,0.2,,0161_none_63008,0,0.1128726250026375,,-1,0,0,0.0,0,2.914335439641036e-16,0.0,0.0,953,0.0,0.0,0,0,0.0,0.0,0,0.0,0.0,0.0,0,7200,robustness,True,0.0,0.0142138671875,False,False,,20000,False,,20000,False,,20000
63009,8,1024,aligned,baseline,0.002,0.5,0.2,0,0.2,,0162_aligned_63009,0,1.2866267919307577,,702,0,0,0.0,0,5.134781488891349e-16,0.0,8.326672684688674e-17,49393,188.54512708552588,34.716079050485185,1024,0,23.391589390118018,11.324489660366424,0,0.0,0.0,0.0,0,-1,robustness,False,0.9978515625,0.96111328125,True,True,1200.0,1200,True,1400.0,1400,True,2200.0,2200
63009,8,1024,state_rotated,baseline,0.002,0.5,0.2,0,0.2,,0163_state_rotated_63009,0,1.3233300420688463,,1489,0,0,0.0,0,5.134781488891349e-16,0.0,1.3877787807814454e-16,43881,188.54512708552588,34.716079050485185,1024,0,25.284045190813885,9.432033859670744,0,1.3877787807814457e-17,1.7347234759768068e-17,1.7347234759768068e-17,0,-1,robustness,False,0.9990234375,0.8981591796875,True,True,3200.0,3200,True,3400.0,3400,True,4800.0,4800
63009,8,0,none,baseline,0.002,0.5,0.2,0,0.2,,0164_none_63009,0,0.107472457922995,,-1,0,0,0.0,0,2.775557561562891e-16,0.0,0.0,891,0.0,0.0,0,0,0.0,0.0,0,0.0,0.0,0.0,0,5400,robustness,True,0.0,0.0119775390625,False,False,,20000,False,,20000,False,,20000
63009,8,1024,aligned,low_death,0.0005,0.5,0.2,0,0.2,,0165_aligned_63009,0,0.9003330409759656,,574,0,0,0.0,0,5.134781488891349e-16,0.0,8.326672684688674e-17,14467,188.54512708552588,34.716079050485185,1024,0,23.412289308442297,11.303789742042229,0,0.0,0.0,0.0,0,-1,robustness,False,0.9998046875,0.9766357421875,True,True,1000.0,1000,True,1000.0,1000,True,1200.0,1200
63009,8,1024,state_rotated,low_death,0.0005,0.5,0.2,0,0.2,,0166_state_rotated_63009,0,0.962182541959919,,923,0,0,0.0,0,5.134781488891349e-16,0.0,1.3877787807814454e-16,15330,188.54512708552588,34.716079050485185,1024,0,24.721636900195804,9.994442150288856,0,1.3877787807814457e-17,1.3877787807814457e-17,1.0408340855860844e-17,0,-1,robustness,False,0.9998046875,0.9584765625,True,True,1600.0,1600,True,1800.0,1800,True,1800.0,1800
63009,8,0,none,low_death,0.0005,0.5,0.2,0,0.2,,0167_none_63009,0,1.0751909170066938,,-1,0,0,0.0,0,5.134781488891349e-16,0.0,0.0,25944,0.0,0.0,0,0,0.0,0.0,0,0.0,0.0,0.0,0,-1,robustness,False,0.9990234375,0.9244287109375,False,True,3000.0,3000,True,3400.0,3400,True,3800.0,3800
63009,8,1024,aligned,high_death,0.01,0.5,0.2,0,0.2,,0168_aligned_63009,0,0.0862619169056415,,-1,0,0,0.0,0,2.914335439641036e-16,0.0,5.551115123125783e-17,254,46.76802957004213,8.6112149207257,254,0,6.090617965518309,2.520596955207378,0,0.0,0.0,0.0,0,600,robustness,True,0.0,0.0016650390625,False,False,,20000,False,,20000,False,,20000
63009,8,1024,state_rotated,high_death,0.01,0.5,0.2,0,0.2,,0169_state_rotated_63009,0,0.0857252079294994,,-1,0,0,0.0,0,2.914335439641036e-16,0.0,8.326672684688674e-17,223,41.06012044928888,7.560239871345801,223,0,5.418283745925665,2.141956125420111,0,1.3877787807814457e-17,1.3877787807814457e-17,1.0408340855860844e-17,0,600,robustness,True,0.0,0.0016064453125,False,False,,20000,False,,20000,False,,20000
63009,8,0,none,high_death,0.01,0.5,0.2,0,0.2,,0170_none_63009,0,0.0842302079545334,,-1,0,0,0.0,0,2.914335439641036e-16,0.0,0.0,214,0.0,0.0,0,0,0.0,0.0,0,0.0,0.0,0.0,0,600,robustness,True,0.0,0.0014892578125,False,False,,20000,False,,20000,False,,20000
63009,8,1024,aligned,low_child_energy,0.002,0.35,0.2,0,0.2,,0171_aligned_63009,0,1.460959375021048,,811,0,0,0.0,0,5.134781488891349e-16,4.440892098500626e-16,1.1102230246251563e-16,63641,188.54512708552588,34.716079050485185,1024,0,23.458027281251447,11.258051769233164,0,0.0,0.0,0.0,0,-1,robustness,False,0.9927734375,0.95255859375,True,True,1400.0,1400,True,1400.0,1400,True,17400.0,17400
63009,8,1024,state_rotated,low_child_energy,0.002,0.35,0.2,0,0.2,,0172_state_rotated_63009,0,1.4789264579303565,,1389,0,0,0.0,0,5.134781488891349e-16,4.440892098500626e-16,1.1102230246251563e-16,54318,188.54512708552588,34.716079050485185,1024,0,25.055837896105672,9.660241154378946,0,1.3877787807814457e-17,1.3877787807814457e-17,1.3877787807814457e-17,0,-1,robustness,False,0.9978515625,0.9045361328125,True,True,3000.0,3000,True,3400.0,3400,True,5200.0,5200
63009,8,0,none,low_child_energy,0.002,0.35,0.2,0,0.2,,0173_none_63009,0,0.1420494589256122,,-1,0,0,0.0,0,2.775557561562891e-16,0.0,0.0,2047,0.0,0.0,0,0,0.0,0.0,0,0.0,0.0,0.0,0,11400,robustness,True,0.0,0.0273974609375,False,False,,20000,False,,20000,False,,20000
63009,8,1024,aligned,high_child_energy,0.002,0.65,0.2,0,0.2,,0174_aligned_63009,0,2.172586082946509,,141,0,0,0.0,0,4.996003610813204e-16,4.440892098500626e-16,5.551115123125783e-17,107744,188.54512708552588,34.716079050485185,1024,0,23.73333265767717,10.98274639280712,0,0.0,0.0,0.0,0,-1,robustness,False,0.873046875,0.8187060546875,True,False,,20000,False,,20000,False,,20000
63009,8,1024,state_rotated,high_child_energy,0.002,0.65,0.2,0,0.2,,0175_state_rotated_63009,0,1.549203958013095,,805,0,0,0.0,0,4.996003610813204e-16,4.440892098500626e-16,8.326672684688674e-17,53906,188.54512708552588,34.716079050485185,1024,0,24.80190211338999,9.914176937094432,0,1.3877787807814457e-17,2.0816681711721685e-17,1.7347234759768068e-17,0,-1,robustness,False,0.9865234375,0.932705078125,True,True,1800.0,1800,True,2400.0,2400,False,,20000
63009,8,0,none,high_child_energy,0.002,0.65,0.2,0,0.2,,0176_none_63009,0,0.1236260420409962,,-1,0,0,0.0,0,2.914335439641036e-16,0.0,0.0,1763,0.0,0.0,0,0,0.0,0.0,0,0.0,0.0,0.0,0,7000,robustness,True,0.0,0.0151708984375,False,False,,20000,False,,20000,False,,20000
63009,8,1024,aligned,no_birth_bonus,0.002,0.5,0.0,0,0.2,,0177_aligned_63009,0,1.2320769159123302,,1140,0,0,0.0,0,5.134781488891349e-16,0.0,1.1102230246251563e-16,43294,188.54512708552588,34.716079050485185,1024,0,23.237611956290973,11.47846709419366,0,0.0,0.0,0.0,0,-1,robustness,False,0.9935546875,0.9302392578125,True,True,2000.0,2000,True,2200.0,2200,True,18800.0,18800
63009,8,1024,state_rotated,no_birth_bonus,0.002,0.5,0.0,0,0.2,,0178_state_rotated_63009,0,1.3135200829710811,,1906,0,0,0.0,0,5.134781488891349e-16,0.0,1.3877787807814454e-16,44421,188.54512708552588,34.716079050485185,1024,0,25.101575107647008,9.61450394283754,0,1.3877787807814457e-17,1.7347234759768068e-17,1.7347234759768068e-17,0,-1,robustness,False,0.9984375,0.884736328125,True,True,3200.0,3200,True,3400.0,3400,True,3600.0,3600
63009,8,0,none,no_birth_bonus,0.002,0.5,0.0,0,0.2,,0179_none_63009,0,0.1019985420862212,,-1,0,0,0.0,0,2.914335439641036e-16,0.0,0.0,680,0.0,0.0,0,0,0.0,0.0,0,0.0,0.0,0.0,0,4200,robustness,True,0.0,0.0096240234375,False,False,,20000,False,,20000,False,,20000
63010,8,1024,aligned,baseline,0.002,0.5,0.2,0,0.2,,0180_aligned_63010,0,1.2648686249740422,,774,0,0,0.0,0,5.134781488891349e-16,0.0,8.326672684688674e-17,47624,188.54512708552588,34.716079050485185,1024,0,23.44790831987186,11.26817073061265,0,0.0,0.0,0.0,0,-1,robustness,False,0.9974609375,0.9585205078125,True,True,1400.0,1400,True,1400.0,1400,True,2000.0,2000
63010,8,1024,state_rotated,baseline,0.002,0.5,0.2,0,0.2,,0181_state_rotated_63010,0,1.3781576249748468,,1512,0,0,0.0,0,5.134781488891349e-16,0.0,1.3877787807814454e-16,48479,188.54512708552588,34.716079050485185,1024,0,25.191494291743417,9.52458475874119,0,1.3877787807814457e-17,2.7755575615628914e-17,2.4286128663675302e-17,0,-1,robustness,False,0.9982421875,0.9142578125,True,True,2400.0,2400,True,2600.0,2600,True,2800.0,2800
63010,8,0,none,baseline,0.002,0.5,0.2,0,0.2,,0182_none_63010,0,0.1076894170837476,,-1,0,0,0.0,0,2.914335439641036e-16,0.0,0.0,850,0.0,0.0,0,0,0.0,0.0,0,0.0,0.0,0.0,0,5000,robustness,True,0.0,0.011826171875,False,False,,20000,False,,20000,False,,20000
63010,8,1024,aligned,low_death,0.0005,0.5,0.2,0,0.2,,0183_aligned_63010,0,0.9274615839822218,,569,0,0,0.0,0,5.134781488891349e-16,0.0,8.326672684688674e-17,15431,188.54512708552588,34.716079050485185,1024,0,23.49813893312477,11.217940117359722,0,0.0,0.0,0.0,0,-1,robustness,False,1.0,0.977353515625,True,True,800.0,800,True,1000.0,1000,True,1200.0,1200
63010,8,1024,state_rotated,low_death,0.0005,0.5,0.2,0,0.2,,0184_state_rotated_63010,0,0.9718804170843214,,939,0,0,0.0,0,5.134781488891349e-16,0.0,8.326672684688674e-17,15371,188.54512708552588,34.716079050485185,1024,0,24.78972193560295,9.926357114881691,0,1.3877787807814457e-17,1.3877787807814457e-17,1.3877787807814457e-17,0,-1,robustness,False,0.999609375,0.95625,True,True,1600.0,1600,True,1800.0,1800,True,2000.0,2000
63010,8,0,none,low_death,0.0005,0.5,0.2,0,0.2,,0185_none_63010,0,1.0891270000720397,,-1,0,0,0.0,0,5.134781488891349e-16,0.0,0.0,26371,0.0,0.0,0,0,0.0,0.0,0,0.0,0.0,0.0,0,-1,robustness,False,0.9984375,0.9255517578125,False,True,3000.0,3000,True,3400.0,3400,True,4200.0,4200
63010,8,1024,aligned,high_death,0.01,0.5,0.2,0,0.2,,0186_aligned_63010,0,0.0860810839803889,,-1,0,0,0.0,0,2.914335439641036e-16,0.0,5.551115123125783e-17,272,50.082299382092394,9.22145849778499,272,0,6.488104647830153,2.7333538499548324,0,0.0,0.0,0.0,0,1200,robustness,True,0.0,0.0018359375,False,False,,20000,False,,20000,False,,20000
63010,8,1024,state_rotated,high_death,0.01,0.5,0.2,0,0.2,,0187_state_rotated_63010,0,0.0867553330026567,,-1,0,0,0.0,0,2.914335439641036e-16,0.0,8.326672684688674e-17,214,39.402985543263746,7.255118082816148,214,0,5.205854356980746,2.0492637258353814,0,6.938893903907228e-18,1.0408340855860844e-17,1.0408340855860844e-17,0,600,robustness,True,0.0,0.001669921875,False,False,,20000,False,,20000,False,,20000
63010,8,0,none,high_death,0.01,0.5,0.2,0,0.2,,0188_none_63010,0,0.0849070419790223,,-1,0,0,0.0,0,2.914335439641036e-16,0.0,0.0,224,0.0,0.0,0,0,0.0,0.0,0,0.0,0.0,0.0,0,800,robustness,True,0.0,0.00177734375,False,False,,20000,False,,20000,False,,20000
63010,8,1024,aligned,low_child_energy,0.002,0.35,0.2,0,0.2,,0189_aligned_63010,0,1.2925825000274926,,883,0,0,0.0,0,5.134781488891349e-16,4.440892098500626e-16,1.1102230246251563e-16,50653,188.54512708552588,34.716079050485185,1024,0,23.3840661190643,11.332012931420325,0,0.0,0.0,0.0,0,-1,robustness,False,0.9982421875,0.9542626953125,True,True,1400.0,1400,True,1600.0,1600,True,3800.0,3800
63010,8,1024,state_rotated,low_child_energy,0.002,0.35,0.2,0,0.2,,0190_state_rotated_63010,0,1.5347179588861763,,1476,0,0,0.0,0,4.996003610813204e-16,4.440892098500626e-16,1.1102230246251563e-16,56062,188.54512708552588,34.716079050485185,1024,0,25.32082079787123,9.395258252613395,0,1.3877787807814457e-17,1.3877787807814457e-17,1.0408340855860844e-17,0,-1,robustness,False,0.9853515625,0.8843603515625,True,True,3400.0,3400,True,3800.0,3800,False,,20000
63010,8,0,none,low_child_energy,0.002,0.35,0.2,0,0.2,,0191_none_63010,0,0.1672902079299092,,-1,0,0,0.0,0,2.914335439641036e-16,0.0,0.0,2815,0.0,0.0,0,0,0.0,0.0,0,0.0,0.0,0.0,0,-1,robustness,False,0.0091796875,0.03775390625,False,False,,20000,False,,20000,False,,20000
63010,8,1024,aligned,high_child_energy,0.002,0.65,0.2,0,0.2,,0192_aligned_63010,0,2.2058036669623107,,128,0,0,0.0,0,2.914335439641036e-16,4.440892098500626e-16,8.326672684688674e-17,108581,188.54512708552588,34.716079050485185,1024,0,23.767003367340664,10.949075683143633,0,0.0,0.0,0.0,0,-1,robustness,False,0.8306640625,0.7899560546875,True,False,,20000,False,,20000,False,,20000
63010,8,1024,state_rotated,high_child_energy,0.002,0.65,0.2,0,0.2,,0193_state_rotated_63010,0,1.7147877080133185,,855,0,0,0.0,0,4.996003610813204e-16,4.440892098500626e-16,8.326672684688674e-17,66015,188.54512708552588,34.716079050485185,1024,0,25.137390043249493,9.57868900723501,0,1.3877787807814457e-17,2.0816681711721685e-17,2.0816681711721685e-17,0,-1,robustness,False,0.983203125,0.8968212890625,True,True,2600.0,2600,True,5000.0,5000,False,,20000
63010,8,0,none,high_child_energy,0.002,0.65,0.2,0,0.2,,0194_none_63010,0,0.1288593750214204,,-1,0,0,0.0,0,2.914335439641036e-16,0.0,0.0,1979,0.0,0.0,0,0,0.0,0.0,0,0.0,0.0,0.0,0,9800,robustness,True,0.0,0.01744140625,False,False,,20000,False,,20000,False,,20000
63010,8,1024,aligned,no_birth_bonus,0.002,0.5,0.0,0,0.2,,0195_aligned_63010,0,1.2396019590087235,,1104,0,0,0.0,0,5.134781488891349e-16,0.0,8.326672684688674e-17,43680,188.54512708552588,34.716079050485185,1024,0,23.124412210216832,11.591666840267806,0,0.0,0.0,0.0,0,-1,robustness,False,0.992578125,0.9321875,True,True,2000.0,2000,True,2200.0,2200,True,11000.0,11000
63010,8,1024,state_rotated,no_birth_bonus,0.002,0.5,0.0,0,0.2,,0196_state_rotated_63010,0,1.323137916973792,,2003,0,0,0.0,0,5.134781488891349e-16,0.0,1.1102230246251563e-16,42714,188.54512708552588,34.716079050485185,1024,0,25.075781332855698,9.640297717628934,0,1.3877787807814457e-17,2.0816681711721685e-17,1.7347234759768068e-17,0,-1,robustness,False,0.9984375,0.883896484375,True,True,3200.0,3200,True,3200.0,3200,True,3600.0,3600
63010,8,0,none,no_birth_bonus,0.002,0.5,0.0,0,0.2,,0197_none_63010,0,0.1101093749748542,,-1,0,0,0.0,0,2.914335439641036e-16,0.0,0.0,900,0.0,0.0,0,0,0.0,0.0,0,0.0,0.0,0.0,0,9200,robustness,True,0.0,0.013447265625,False,False,,20000,False,,20000,False,,20000
63011,8,1024,aligned,baseline,0.002,0.5,0.2,0,0.2,,0198_aligned_63011,0,1.315592125058174,,741,0,0,0.0,0,5.134781488891349e-16,0.0,1.3877787807814454e-16,47641,188.54512708552588,34.716079050485185,1024,0,23.43499098128621,11.281088069198274,0,0.0,0.0,0.0,0,-1,robustness,False,0.9984375,0.9598193359375,True,True,1400.0,1400,True,1400.0,1400,True,2000.0,2000
63011,8,1024,state_rotated,baseline,0.002,0.5,0.2,0,0.2,,0199_state_rotated_63011,0,1.3023233329877255,,2202,0,0,0.0,0,5.134781488891349e-16,0.0,1.1102230246251563e-16,39951,188.54512708552588,34.716079050485185,1024,0,25.316011323568414,9.400067726916207,0,1.3877787807814457e-17,1.7347234759768068e-17,1.7347234759768068e-17,0,-1,robustness,False,0.9984375,0.8568017578125,True,True,3800.0,3800,True,4200.0,4200,True,4600.0,4600
63011,8,0,none,baseline,0.002,0.5,0.2,0,0.2,,0200_none_63011,0,0.1244437079876661,,-1,0,0,0.0,0,2.914335439641036e-16,0.0,0.0,1065,0.0,0.0,0,0,0.0,0.0,0,0.0,0.0,0.0,0,6200,robustness,True,0.0,0.0148046875,False,False,,20000,False,,20000,False,,20000
63011,8,1024,aligned,low_death,0.0005,0.5,0.2,0,0.2,,0201_aligned_63011,0,0.9416806660592556,,540,0,0,0.0,0,5.134781488891349e-16,0.0,8.326672684688674e-17,14788,188.54512708552588,34.716079050485185,1024,0,23.394515879822684,11.32156317066185,0,0.0,0.0,0.0,0,-1,robustness,False,1.0,0.978408203125,True,True,800.0,800,True,1000.0,1000,True,1000.0,1000
63011,8,1024,state_rotated,low_death,0.0005,0.5,0.2,0,0.2,,0202_state_rotated_63011,0,0.9787053329637274,,837,0,0,0.0,0,5.134781488891349e-16,0.0,1.3877787807814454e-16,15359,188.54512708552588,34.716079050485185,1024,0,24.60686474725188,10.109214303232736,0,1.3877787807814457e-17,1.7347234759768068e-17,1.0408340855860844e-17,0,-1,robustness,False,0.9998046875,0.962841796875,True,True,1600.0,1600,True,1600.0,1600,True,2000.0,2000
63011,8,0,none,low_death,0.0005,0.5,0.2,0,0.2,,0203_none_63011,0,1.0983582079643384,,-1,0,0,0.0,0,5.134781488891349e-16,0.0,0.0,27094,0.0,0.0,0,0,0.0,0.0,0,0.0,0.0,0.0,0,-1,robustness,False,0.9986328125,0.926162109375,False,True,3000.0,3000,True,3400.0,3400,True,4000.0,4000
63011,8,1024,aligned,high_death,0.01,0.5,0.2,0,0.2,,0204_aligned_63011,0,0.0883744579041376,,-1,0,0,0.0,0,2.775557561562891e-16,0.0,8.326672684688674e-17,282,51.92356038878699,9.560482707262372,282,0,6.744722284631045,2.8157604226313344,0,0.0,0.0,0.0,0,1000,robustness,True,0.0,0.001943359375,False,False,,20000,False,,20000,False,,20000
63011,8,1024,state_rotated,high_death,0.01,0.5,0.2,0,0.2,,0205_state_rotated_63011,0,0.0875696250004693,,-1,0,0,0.0,0,2.914335439641036e-16,0.0,8.326672684688674e-17,244,44.92676856334753,8.272190711248317,244,0,5.927159013309593,2.345031697938701,0,1.3877787807814457e-17,1.3877787807814457e-17,1.3877787807814457e-17,0,1000,robustness,True,0.0,0.001787109375,False,False,,20000,False,,20000,False,,20000
63011,8,0,none,high_death,0.01,0.5,0.2,0,0.2,,0206_none_63011,0,0.0859539160737767,,-1,0,0,0.0,0,2.775557561562891e-16,0.0,0.0,232,0.0,0.0,0,0,0.0,0.0,0,0.0,0.0,0.0,0,600,robustness,True,0.0,0.001669921875,False,False,,20000,False,,20000,False,,20000
63011,8,1024,aligned,low_child_energy,0.002,0.35,0.2,0,0.2,,0207_aligned_63011,0,1.3686030419776216,,839,0,0,0.0,0,5.134781488891349e-16,4.440892098500626e-16,8.326672684688674e-17,55645,188.54512708552588,34.716079050485185,1024,0,23.422539702298028,11.293539348186547,0,0.0,0.0,0.0,0,-1,robustness,False,0.997265625,0.9538037109375,True,True,1400.0,1400,True,1600.0,1600,True,8600.0,8600
63011,8,1024,state_rotated,low_child_energy,0.002,0.35,0.2,0,0.2,,0208_state_rotated_63011,0,1.5739236250519753,,1284,0,0,0.0,0,5.134781488891349e-16,4.440892098500626e-16,1.3877787807814454e-16,60319,188.54512708552588,34.716079050485185,1024,0,25.027539520649267,9.688539529835383,0,1.3877787807814457e-17,1.7347234759768068e-17,1.3877787807814457e-17,0,-1,robustness,False,0.994921875,0.9162646484375,True,True,2600.0,2600,True,2600.0,2600,True,7200.0,7200
63011,8,0,none,low_child_energy,0.002,0.35,0.2,0,0.2,,0209_none_63011,0,0.1484533750917762,,-1,0,0,0.0,0,2.914335439641036e-16,0.0,0.0,2150,0.0,0.0,0,0,0.0,0.0,0,0.0,0.0,0.0,0,13400,robustness,True,0.0,0.030009765625,False,False,,20000,False,,20000,False,,20000
63011,8,1024,aligned,high_child_energy,0.002,0.65,0.2,0,0.2,,0210_aligned_63011,0,2.2427172500174493,,128,0,0,0.0,0,3.8857805861880484e-16,4.440892098500626e-16,8.326672684688674e-17,109201,188.54512708552588,34.716079050485185,1024,0,23.81857708889356,10.897501961590772,0,0.0,0.0,0.0,0,-1,robustness,False,0.880078125,0.8397412109375,True,False,,20000,False,,20000,False,,20000
63011,8,1024,state_rotated,high_child_energy,0.002,0.65,0.2,0,0.2,,0211_state_rotated_63011,0,2.163817875087261,,842,0,0,0.0,0,5.134781488891349e-16,4.440892098500626e-16,8.326672684688674e-17,86950,188.54512708552588,34.716079050485185,1024,0,24.9484710681218,9.76760798236268,0,1.3877787807814457e-17,2.0816681711721685e-17,2.0816681711721685e-17,0,-1,robustness,False,0.9201171875,0.8594580078125,True,True,4000.0,4000,False,,20000,False,,20000
63011,8,0,none,high_child_energy,0.002,0.65,0.2,0,0.2,,0212_none_63011,0,0.1309285000897944,,-1,0,0,0.0,0,2.914335439641036e-16,0.0,0.0,1995,0.0,0.0,0,0,0.0,0.0,0,0.0,0.0,0.0,0,9400,robustness,True,0.0,0.01734375,False,False,,20000,False,,20000,False,,20000
63011,8,1024,aligned,no_birth_bonus,0.002,0.5,0.0,0,0.2,,0213_aligned_63011,0,1.326586083043367,,1128,0,0,0.0,0,5.134781488891349e-16,0.0,8.326672684688674e-17,44346,188.54512708552588,34.716079050485185,1024,0,23.154924371917836,11.56115467856682,0,0.0,0.0,0.0,0,-1,robustness,False,0.9888671875,0.9299560546875,True,True,1800.0,1800,True,2000.0,2000,False,,20000
63011,8,1024,state_rotated,no_birth_bonus,0.002,0.5,0.0,0,0.2,,0214_state_rotated_63011,0,1.3846119169611484,,2009,0,0,0.0,0,5.134781488891349e-16,0.0,1.1102230246251563e-16,43336,188.54512708552588,34.716079050485185,1024,0,25.392222390648087,9.323856659836531,0,1.3877787807814457e-17,1.3877787807814457e-17,1.3877787807814457e-17,0,-1,robustness,False,0.994921875,0.8690283203125,True,True,3600.0,3600,True,3800.0,3800,True,6800.0,6800
63011,8,0,none,no_birth_bonus,0.002,0.5,0.0,0,0.2,,0215_none_63011,0,0.1105185409542173,,-1,0,0,0.0,0,2.914335439641036e-16,0.0,0.0,870,0.0,0.0,0,0,0.0,0.0,0,0.0,0.0,0.0,0,7800,robustness,True,0.0,0.01244140625,False,False,,20000,False,,20000,False,,20000
63012,8,1024,aligned,baseline,0.002,0.5,0.2,0,0.2,,0216_aligned_63012,0,1.3390292919939384,,671,0,0,0.0,0,5.134781488891349e-16,0.0,1.1102230246251563e-16,53026,188.54512708552588,34.716079050485185,1024,0,23.452745813880743,11.263333236603785,0,0.0,0.0,0.0,0,-1,robustness,False,0.99609375,0.9575830078125,True,True,1400.0,1400,True,1600.0,1600,True,5800.0,5800
63012,8,1024,state_rotated,baseline,0.002,0.5,0.2,0,0.2,,0217_state_rotated_63012,0,1.351751249982044,,1518,0,0,0.0,0,5.134781488891349e-16,0.0,1.1102230246251563e-16,45804,188.54512708552588,34.716079050485185,1024,0,25.049123116381313,9.666955934103326,0,1.3877787807814457e-17,1.7347234759768068e-17,1.7347234759768068e-17,0,-1,robustness,False,0.9986328125,0.90310546875,True,True,2800.0,2800,True,2800.0,2800,True,3200.0,3200
63012,8,0,none,baseline,0.002,0.5,0.2,0,0.2,,0218_none_63012,0,0.1167214160086587,,-1,0,0,0.0,0,2.914335439641036e-16,0.0,0.0,1080,0.0,0.0,0,0,0.0,0.0,0,0.0,0.0,0.0,0,5200,robustness,True,0.0,0.0144482421875,False,False,,20000,False,,20000,False,,20000
63012,8,1024,aligned,low_death,0.0005,0.5,0.2,0,0.2,,0219_aligned_63012,0,0.929239375051111,,518,0,0,0.0,0,5.134781488891349e-16,0.0,8.326672684688674e-17,15389,188.54512708552588,34.716079050485185,1024,0,23.564136916408305,11.151942134076185,0,0.0,0.0,0.0,0,-1,robustness,False,0.9998046875,0.979580078125,True,True,800.0,800,True,1000.0,1000,True,1200.0,1200
63012,8,1024,state_rotated,low_death,0.0005,0.5,0.2,0,0.2,,0220_state_rotated_63012,0,1.01452345889993,,770,0,0,0.0,0,5.134781488891349e-16,0.0,1.3877787807814454e-16,17034,188.54512708552588,34.716079050485185,1024,0,24.46536736705765,10.250711683427015,0,1.3877787807814457e-17,1.3877787807814457e-17,1.0408340855860844e-17,0,-1,robustness,False,1.0,0.9654541015625,True,True,1400.0,1400,True,1600.0,1600,True,2000.0,2000
63012,8,0,none,low_death,0.0005,0.5,0.2,0,0.2,,0221_none_63012,0,1.15525204106234,,-1,0,0,0.0,0,5.134781488891349e-16,0.0,0.0,26481,0.0,0.0,0,0,0.0,0.0,0,0.0,0.0,0.0,0,-1,robustness,False,0.99765625,0.938603515625,False,True,2600.0,2600,True,3200.0,3200,True,3800.0,3800
63012,8,1024,aligned,high_death,0.01,0.5,0.2,0,0.2,,0222_aligned_63012,0,0.0899949589511379,,-1,0,0,0.0,0,2.914335439641036e-16,0.0,8.326672684688674e-17,306,56.342586804854015,10.374140810008091,306,0,7.338724815455298,3.035415994552813,0,0.0,0.0,0.0,0,1000,robustness,True,0.0,0.0019775390625,False,False,,20000,False,,20000,False,,20000
63012,8,1024,state_rotated,high_death,0.01,0.5,0.2,0,0.2,,0223_state_rotated_63012,0,0.0898416669806465,,-1,0,0,0.0,0,2.914335439641036e-16,0.0,8.326672684688674e-17,265,48.79341667740618,8.984141551150822,265,0,6.427891169091803,2.556250382059004,0,1.3877787807814457e-17,1.3877787807814457e-17,1.0408340855860844e-17,0,600,robustness,True,0.0,0.0018408203125,False,False,,20000,False,,20000,False,,20000
63012,8,0,none,high_death,0.01,0.5,0.2,0,0.2,,0224_none_63012,0,0.0885162909980863,,-1,0,0,0.0,0,2.914335439641036e-16,0.0,0.0,270,0.0,0.0,0,0,0.0,0.0,0,0.0,0.0,0.0,0,1000,robustness,True,0.0,0.0019482421875,False,False,,20000,False,,20000,False,,20000
63012,8,1024,aligned,low_child_energy,0.002,0.35,0.2,0,0.2,,0225_aligned_63012,0,1.4063648750307038,,810,0,0,0.0,0,5.134781488891349e-16,4.440892098500626e-16,8.326672684688674e-17,53546,188.54512708552588,34.716079050485185,1024,0,23.549263426814797,11.166815623669814,0,0.0,0.0,0.0,0,-1,robustness,False,0.9986328125,0.9556396484375,True,True,1400.0,1400,True,1600.0,1600,True,8600.0,8600
63012,8,1024,state_rotated,low_child_energy,0.002,0.35,0.2,0,0.2,,0226_state_rotated_63012,0,1.6881312920013445,,1176,0,0,0.0,0,5.134781488891349e-16,4.440892098500626e-16,1.3877787807814454e-16,62130,188.54512708552588,34.716079050485185,1024,0,25.011605528293597,9.704473522191025,0,1.3877787807814457e-17,1.7347234759768068e-17,1.3877787807814457e-17,0,-1,robustness,False,0.993359375,0.9102978515625,True,True,2600.0,2600,True,3000.0,3000,True,10400.0,10400
63012,8,0,none,low_child_energy,0.002,0.35,0.2,0,0.2,,0227_none_63012,0,0.1535397080006078,,-1,0,0,0.0,0,2.914335439641036e-16,0.0,0.0,2264,0.0,0.0,0,0,0.0,0.0,0,0.0,0.0,0.0,0,11400,robustness,True,0.0,0.0313232421875,False,False,,20000,False,,20000,False,,20000
63012,8,1024,aligned,high_child_energy,0.002,0.65,0.2,0,0.2,,0228_aligned_63012,0,2.267552417004481,,143,0,0,0.0,0,2.914335439641036e-16,4.440892098500626e-16,5.551115123125783e-17,110952,188.54512708552588,34.716079050485185,1024,0,23.7571914545231,10.958887595961228,0,0.0,0.0,0.0,0,-1,robustness,False,0.86484375,0.8308251953125,True,False,,20000,False,,20000,False,,20000
63012,8,1024,state_rotated,high_child_energy,0.002,0.65,0.2,0,0.2,,0229_state_rotated_63012,0,1.4654748329194265,,806,0,0,0.0,0,5.134781488891349e-16,4.440892098500626e-16,1.3877787807814454e-16,47093,188.54512708552588,34.716079050485185,1024,0,24.77011428069398,9.945964769790518,0,1.3877787807814457e-17,2.0816681711721685e-17,1.7347234759768068e-17,0,-1,robustness,False,0.9958984375,0.943251953125,True,True,1600.0,1600,True,1800.0,1800,True,4000.0,4000
63012,8,0,none,high_child_energy,0.002,0.65,0.2,0,0.2,,0230_none_63012,0,0.1213187919929623,,-1,0,0,0.0,0,2.914335439641036e-16,0.0,0.0,1645,0.0,0.0,0,0,0.0,0.0,0,0.0,0.0,0.0,0,5800,robustness,True,0.0,0.0141162109375,False,False,,20000,False,,20000,False,,20000
63012,8,1024,aligned,no_birth_bonus,0.002,0.5,0.0,0,0.2,,0231_aligned_63012,0,1.271450416999869,,992,0,0,0.0,0,5.134781488891349e-16,0.0,8.326672684688674e-17,43728,188.54512708552588,34.716079050485185,1024,0,23.170595485103032,11.54548356538164,0,0.0,0.0,0.0,0,-1,robustness,False,0.994140625,0.93904296875,True,True,1800.0,1800,True,2000.0,2000,True,10000.0,10000
63012,8,1024,state_rotated,no_birth_bonus,0.002,0.5,0.0,0,0.2,,0232_state_rotated_63012,0,1.34796733292751,,1907,0,0,0.0,0,5.134781488891349e-16,0.0,1.1102230246251563e-16,43006,188.54512708552588,34.716079050485185,1024,0,25.186755126812123,9.52932392367247,0,1.3877787807814457e-17,1.7347234759768068e-17,1.7347234759768068e-17,0,-1,robustness,False,0.997265625,0.874599609375,True,True,3400.0,3400,True,3400.0,3400,True,4600.0,4600
63012,8,0,none,no_birth_bonus,0.002,0.5,0.0,0,0.2,,0233_none_63012,0,0.1105137909762561,,-1,0,0,0.0,0,2.914335439641036e-16,0.0,0.0,877,0.0,0.0,0,0,0.0,0.0,0,0.0,0.0,0.0,0,7000,robustness,True,0.0,0.0124755859375,False,False,,20000,False,,20000,False,,20000
63013,8,1024,aligned,baseline,0.002,0.5,0.2,0,0.2,,0234_aligned_63013,0,1.3367673750035465,,731,0,0,0.0,0,5.134781488891349e-16,0.0,8.326672684688674e-17,50046,188.54512708552588,34.716079050485185,1024,0,23.434091478467643,11.281987572016856,0,0.0,0.0,0.0,0,-1,robustness,False,0.9974609375,0.958193359375,True,True,1400.0,1400,True,1600.0,1600,True,2200.0,2200
63013,8,1024,state_rotated,baseline,0.002,0.5,0.2,0,0.2,,0235_state_rotated_63013,0,1.486639374983497,,1423,0,0,0.0,0,5.134781488891349e-16,0.0,8.326672684688674e-17,49905,188.54512708552588,34.716079050485185,1024,0,25.195019765783744,9.521059284700872,0,1.3877787807814457e-17,2.0816681711721685e-17,1.7347234759768068e-17,0,-1,robustness,False,0.995703125,0.89583984375,True,True,3000.0,3000,True,3200.0,3200,True,5800.0,5800
63013,8,0,none,baseline,0.002,0.5,0.2,0,0.2,,0236_none_63013,0,0.1203602500027045,,-1,0,0,0.0,0,2.914335439641036e-16,0.0,0.0,1191,0.0,0.0,0,0,0.0,0.0,0,0.0,0.0,0.0,0,8600,robustness,True,0.0,0.016142578125,False,False,,20000,False,,20000,False,,20000
63013,8,1024,aligned,low_death,0.0005,0.5,0.2,0,0.2,,0237_aligned_63013,0,0.9637486250139772,,538,0,0,0.0,0,5.134781488891349e-16,0.0,8.326672684688674e-17,14905,188.54512708552588,34.716079050485185,1024,0,23.543554742883902,11.172524307600558,0,0.0,0.0,0.0,0,-1,robustness,False,0.9998046875,0.97873046875,True,True,800.0,800,True,1000.0,1000,True,1000.0,1000
63013,8,1024,state_rotated,low_death,0.0005,0.5,0.2,0,0.2,,0238_state_rotated_63013,0,1.0320530409226194,,891,0,0,0.0,0,5.134781488891349e-16,0.0,1.1102230246251563e-16,15618,188.54512708552588,34.716079050485185,1024,0,24.69141104926662,10.02466800121801,0,1.3877787807814457e-17,1.3877787807814457e-17,1.0408340855860844e-17,0,-1,robustness,False,0.9998046875,0.9604345703125,True,True,1600.0,1600,True,1600.0,1600,True,1800.0,1800
63013,8,0,none,low_death,0.0005,0.5,0.2,0,0.2,,0239_none_63013,0,1.144984749960713,,-1,0,0,0.0,0,5.134781488891349e-16,0.0,0.0,26819,0.0,0.0,0,0,0.0,0.0,0,0.0,0.0,0.0,0,-1,robustness,False,0.99921875,0.9428515625,False,True,2400.0,2400,True,2800.0,2800,True,3600.0,3600
63013,8,1024,aligned,high_death,0.01,0.5,0.2,0,0.2,,0240_aligned_63013,0,0.0882757499348372,,-1,0,0,0.0,0,2.775557561562891e-16,0.0,8.326672684688674e-17,283,52.10768648945645,9.594385128210112,283,0,6.788472598310538,2.8059125298995777,0,0.0,0.0,0.0,0,800,robustness,True,0.0,0.001953125,False,False,,20000,False,,20000,False,,20000
63013,8,1024,state_rotated,high_death,0.01,0.5,0.2,0,0.2,,0241_state_rotated_63013,0,0.0886325419414788,,-1,0,0,0.0,0,2.775557561562891e-16,0.0,8.326672684688674e-17,221,40.69186824794996,7.4924350294503235,221,0,5.422877045826961,2.069557983623337,0,1.3877787807814457e-17,1.0408340855860844e-17,8.673617379884035e-18,0,600,robustness,True,0.0,0.00169921875,False,False,,20000,False,,20000,False,,20000
63013,8,0,none,high_death,0.01,0.5,0.2,0,0.2,,0242_none_63013,0,0.0859279999276623,,-1,0,0,0.0,0,2.775557561562891e-16,0.0,0.0,224,0.0,0.0,0,0,0.0,0.0,0,0.0,0.0,0.0,0,600,robustness,True,0.0,0.001650390625,False,False,,20000,False,,20000,False,,20000
63013,8,1024,aligned,low_child_energy,0.002,0.35,0.2,0,0.2,,0243_aligned_63013,0,1.3646027079084888,,766,0,0,0.0,0,5.134781488891349e-16,4.440892098500626e-16,8.326672684688674e-17,54105,188.54512708552588,34.716079050485185,1024,0,23.560889388525215,11.155189661959348,0,0.0,0.0,0.0,0,-1,robustness,False,0.9982421875,0.9582666015625,True,True,1200.0,1200,True,1400.0,1400,True,6000.0,6000
63013,8,1024,state_rotated,low_child_energy,0.002,0.35,0.2,0,0.2,,0244_state_rotated_63013,0,1.5794327090261504,,1195,0,0,0.0,0,5.134781488891349e-16,4.440892098500626e-16,8.326672684688674e-17,58482,188.54512708552588,34.716079050485185,1024,0,24.91832348857296,9.79775556191163,0,1.3877787807814457e-17,1.7347234759768068e-17,1.3877787807814457e-17,0,-1,robustness,False,0.994921875,0.9159619140625,True,True,2400.0,2400,True,2800.0,2800,True,7600.0,7600
63013,8,0,none,low_child_energy,0.002,0.35,0.2,0,0.2,,0245_none_63013,0,0.1864455840550363,,-1,0,0,0.0,0,2.914335439641036e-16,0.0,0.0,3249,0.0,0.0,0,0,0.0,0.0,0,0.0,0.0,0.0,0,-1,robustness,False,0.00859375,0.043740234375,False,False,,20000,False,,20000,False,,20000
63013,8,1024,aligned,high_child_energy,0.002,0.65,0.2,0,0.2,,0246_aligned_63013,0,2.254687333945185,,146,0,0,0.0,0,4.579669976578771e-16,4.440892098500626e-16,5.551115123125783e-17,111992,188.54512708552588,34.716079050485185,1024,0,23.77386806440274,10.942210986081554,0,0.0,0.0,0.0,0,-1,robustness,False,0.83671875,0.807265625,True,False,,20000,False,,20000,False,,20000
63013,8,1024,state_rotated,high_child_energy,0.002,0.65,0.2,0,0.2,,0247_state_rotated_63013,0,1.8789345829281956,,968,0,0,0.0,0,5.134781488891349e-16,4.440892098500626e-16,8.326672684688674e-17,76158,188.54512708552588,34.716079050485185,1024,0,24.707922846736484,10.008156203747852,0,1.3877787807814457e-17,2.0816681711721685e-17,1.7347234759768068e-17,0,-1,robustness,False,0.975,0.892978515625,True,True,2400.0,2400,True,7400.0,7400,False,,20000
63013,8,0,none,high_child_energy,0.002,0.65,0.2,0,0.2,,0248_none_63013,0,0.1254929589340463,,-1,0,0,0.0,0,2.914335439641036e-16,0.0,0.0,1822,0.0,0.0,0,0,0.0,0.0,0,0.0,0.0,0.0,0,5600,robustness,True,0.0,0.015849609375,False,False,,20000,False,,20000,False,,20000
63013,8,1024,aligned,no_birth_bonus,0.002,0.5,0.0,0,0.2,,0249_aligned_63013,0,1.26101529202424,,942,0,0,0.0,0,5.134781488891349e-16,0.0,1.9428902930940242e-16,45198,188.54512708552588,34.716079050485185,1024,0,23.17489204260364,11.541187007880955,0,0.0,0.0,0.0,0,-1,robustness,False,0.9927734375,0.9370556640625,True,True,2000.0,2000,True,2200.0,2200,True,13600.0,13600
63013,8,1024,state_rotated,no_birth_bonus,0.002,0.5,0.0,0,0.2,,0250_state_rotated_63013,0,1.390391333028674,,1530,0,0,0.0,0,5.134781488891349e-16,0.0,8.326672684688674e-17,48161,188.54512708552588,34.716079050485185,1024,0,24.90718958567293,9.80888946481171,0,1.3877787807814457e-17,1.3877787807814457e-17,1.3877787807814457e-17,0,-1,robustness,False,0.9935546875,0.8907470703125,True,True,3000.0,3000,True,3200.0,3200,True,7600.0,7600
63013,8,0,none,no_birth_bonus,0.002,0.5,0.0,0,0.2,,0251_none_63013,0,0.1079145409166812,,-1,0,0,0.0,0,2.914335439641036e-16,0.0,0.0,880,0.0,0.0,0,0,0.0,0.0,0,0.0,0.0,0.0,0,5000,robustness,True,0.0,0.01236328125,False,False,,20000,False,,20000,False,,20000
63014,8,1024,aligned,baseline,0.002,0.5,0.2,0,0.2,,0252_aligned_63014,0,1.2799583330051971,,727,0,0,0.0,0,5.134781488891349e-16,0.0,8.326672684688674e-17,49233,188.54512708552588,34.716079050485185,1024,0,23.52512910371629,11.190949946768182,0,0.0,0.0,0.0,0,-1,robustness,False,0.9986328125,0.9588427734375,True,True,1400.0,1400,True,1600.0,1600,True,2200.0,2200
63014,8,1024,state_rotated,baseline,0.002,0.5,0.2,0,0.2,,0253_state_rotated_63014,0,1.3278450410580265,,1771,0,0,0.0,0,5.134781488891349e-16,0.0,1.1102230246251563e-16,45259,188.54512708552588,34.716079050485185,1024,0,25.28216307420318,9.433915976281426,0,1.3877787807814457e-17,1.7347234759768068e-17,1.3877787807814457e-17,0,-1,robustness,False,0.9955078125,0.8684912109375,True,True,3600.0,3600,True,4000.0,4000,True,5800.0,5800
63014,8,0,none,baseline,0.002,0.5,0.2,0,0.2,,0254_none_63014,0,0.112352083902806,,-1,0,0,0.0,0,2.914335439641036e-16,0.0,0.0,1015,0.0,0.0,0,0,0.0,0.0,0,0.0,0.0,0.0,0,6600,robustness,True,0.0,0.01359375,False,False,,20000,False,,20000,False,,20000
63014,8,1024,aligned,low_death,0.0005,0.5,0.2,0,0.2,,0255_aligned_63014,0,0.9240319170057774,,586,0,0,0.0,0,5.134781488891349e-16,0.0,8.326672684688674e-17,15707,188.54512708552588,34.716079050485185,1024,0,23.408540312645876,11.307538737838652,0,0.0,0.0,0.0,0,-1,robustness,False,0.9998046875,0.9764501953125,True,True,1000.0,1000,True,1000.0,1000,True,1200.0,1200
63014,8,1024,state_rotated,low_death,0.0005,0.5,0.2,0,0.2,,0256_state_rotated_63014,0,0.9593299160478636,,965,0,0,0.0,0,5.134781488891349e-16,0.0,1.3877787807814454e-16,14979,188.54512708552588,34.716079050485185,1024,0,24.825434358192087,9.890644692292522,0,1.3877787807814457e-17,1.7347234759768068e-17,1.3877787807814457e-17,0,-1,robustness,False,1.0,0.954541015625,True,True,1800.0,1800,True,1800.0,1800,True,2200.0,2200
63014,8,0,none,low_death,0.0005,0.5,0.2,0,0.2,,0257_none_63014,0,1.0797454999992624,,-1,0,0,0.0,0,5.134781488891349e-16,0.0,0.0,26392,0.0,0.0,0,0,0.0,0.0,0,0.0,0.0,0.0,0,-1,robustness,False,0.9974609375,0.92041015625,False,True,3200.0,3200,True,3600.0,3600,True,4800.0,4800
63014,8,1024,aligned,high_death,0.01,0.5,0.2,0,0.2,,0258_aligned_63014,0,0.0858494580024853,,-1,0,0,0.0,0,2.914335439641036e-16,0.0,8.326672684688674e-17,240,44.19026416066969,8.136581027457364,240,0,5.769917326027657,2.3666637014296814,0,0.0,0.0,0.0,0,600,robustness,True,0.0,0.001533203125,False,False,,20000,False,,20000,False,,20000
63014,8,1024,state_rotated,high_death,0.01,0.5,0.2,0,0.2,,0259_state_rotated_63014,0,0.0857356250053271,,-1,0,0,0.0,0,2.914335439641036e-16,0.0,8.326672684688674e-17,211,38.85060724125537,7.153410819972931,211,0,5.116079095132996,2.037331724839912,0,1.3877787807814457e-17,1.0408340855860844e-17,6.938893903907228e-18,0,600,robustness,True,0.0,0.001533203125,False,False,,20000,False,,20000,False,,20000
63014,8,0,none,high_death,0.01,0.5,0.2,0,0.2,,0260_none_63014,0,0.0842043749289587,,-1,0,0,0.0,0,2.914335439641036e-16,0.0,0.0,202,0.0,0.0,0,0,0.0,0.0,0,0.0,0.0,0.0,0,600,robustness,True,0.0,0.0015234375,False,False,,20000,False,,20000,False,,20000
63014,8,1024,aligned,low_child_energy,0.002,0.35,0.2,0,0.2,,0261_aligned_63014,0,1.3203729580854997,,847,0,0,0.0,0,5.134781488891349e-16,4.440892098500626e-16,8.326672684688674e-17,52616,188.54512708552588,34.716079050485185,1024,0,23.389346003854858,11.326733046629732,0,0.0,0.0,0.0,0,-1,robustness,False,0.998046875,0.95373046875,True,True,1600.0,1600,True,1600.0,1600,True,5800.0,5800
63014,8,1024,state_rotated,low_child_energy,0.002,0.35,0.2,0,0.2,,0262_state_rotated_63014,0,1.546894875005819,,1326,0,0,0.0,0,5.134781488891349e-16,4.440892098500626e-16,8.326672684688674e-17,57271,188.54512708552588,34.716079050485185,1024,0,25.20192270236879,9.514156348115822,0,1.3877787807814457e-17,1.3877787807814457e-17,1.3877787807814457e-17,0,-1,robustness,False,0.9912109375,0.8906640625,True,True,3400.0,3400,True,3800.0,3800,True,16000.0,16000
63014,8,0,none,low_child_energy,0.002,0.35,0.2,0,0.2,,0263_none_63014,0,0.1703095419798046,,-1,0,0,0.0,0,2.914335439641036e-16,0.0,0.0,2915,0.0,0.0,0,0,0.0,0.0,0,0.0,0.0,0.0,0,16600,robustness,True,0.0,0.039873046875,False,False,,20000,False,,20000,False,,20000
63014,8,1024,aligned,high_child_energy,0.002,0.65,0.2,0,0.2,,0264_aligned_63014,0,2.171440708101727,,164,0,0,0.0,0,2.914335439641036e-16,4.440892098500626e-16,5.551115123125783e-17,105836,188.54512708552588,34.716079050485185,1024,0,23.766980465963247,10.94909858452104,0,0.0,0.0,0.0,0,-1,robustness,False,0.8478515625,0.79001953125,True,False,,20000,False,,20000,False,,20000
63014,8,1024,state_rotated,high_child_energy,0.002,0.65,0.2,0,0.2,,0265_state_rotated_63014,0,1.8140595409786329,,930,0,0,0.0,0,4.996003610813204e-16,4.440892098500626e-16,8.326672684688674e-17,76061,188.54512708552588,34.716079050485185,1024,0,24.83956241312535,9.876516637359051,0,1.3877787807814457e-17,2.4286128663675302e-17,2.0816681711721685e-17,0,-1,robustness,False,0.98984375,0.9304345703125,True,True,2000.0,2000,True,2200.0,2200,True,4800.0,4800
63014,8,0,none,high_child_energy,0.002,0.65,0.2,0,0.2,,0266_none_63014,0,0.1262809589970857,,-1,0,0,0.0,0,2.914335439641036e-16,0.0,0.0,1814,0.0,0.0,0,0,0.0,0.0,0,0.0,0.0,0.0,0,7000,robustness,True,0.0,0.016328125,False,False,,20000,False,,20000,False,,20000
63014,8,1024,aligned,no_birth_bonus,0.002,0.5,0.0,0,0.2,,0267_aligned_63014,0,1.2515924170147628,,1143,0,0,0.0,0,5.134781488891349e-16,0.0,1.3877787807814454e-16,44798,188.54512708552588,34.716079050485185,1024,0,23.24538609721306,11.470692953271548,0,0.0,0.0,0.0,0,-1,robustness,False,0.9849609375,0.9277392578125,True,True,2000.0,2000,True,2000.0,2000,True,18000.0,18000
63014,8,1024,state_rotated,no_birth_bonus,0.002,0.5,0.0,0,0.2,,0268_state_rotated_63014,0,1.3137145830551162,,1540,0,0,0.0,0,5.134781488891349e-16,0.0,1.3877787807814454e-16,42842,188.54512708552588,34.716079050485185,1024,0,25.03045917060976,9.685619879874878,0,1.3877787807814457e-17,1.3877787807814457e-17,1.3877787807814457e-17,0,-1,robustness,False,0.99765625,0.8885595703125,True,True,3200.0,3200,True,3400.0,3400,True,4400.0,4400
63014,8,0,none,no_birth_bonus,0.002,0.5,0.0,0,0.2,,0269_none_63014,0,0.1058094169711694,,-1,0,0,0.0,0,2.914335439641036e-16,0.0,0.0,785,0.0,0.0,0,0,0.0,0.0,0,0.0,0.0,0.0,0,5600,robustness,True,0.0,0.01072265625,False,False,,20000,False,,20000,False,,20000
63015,8,1024,aligned,baseline,0.002,0.5,0.2,0,0.2,,0270_aligned_63015,0,1.2889420409919694,,740,0,0,0.0,0,5.134781488891349e-16,0.0,1.3877787807814454e-16,46704,188.54512708552588,34.716079050485185,1024,0,23.374188319889875,11.341890730594583,0,0.0,0.0,0.0,0,-1,robustness,False,0.9982421875,0.959912109375,True,True,1200.0,1200,True,1400.0,1400,True,2000.0,2000
63015,8,1024,state_rotated,baseline,0.002,0.5,0.2,0,0.2,,0271_state_rotated_63015,0,1.404352791956626,,1480,0,0,0.0,0,5.134781488891349e-16,0.0,1.1102230246251563e-16,46839,188.54512708552588,34.716079050485185,1024,0,25.16976644281571,9.54631260766889,0,1.3877787807814457e-17,2.0816681711721685e-17,1.7347234759768068e-17,0,-1,robustness,False,0.9970703125,0.9095361328125,True,True,2600.0,2600,True,2800.0,2800,True,3000.0,3000
63015,8,0,none,baseline,0.002,0.5,0.2,0,0.2,,0272_none_63015,0,0.111473000026308,,-1,0,0,0.0,0,2.914335439641036e-16,0.0,0.0,978,0.0,0.0,0,0,0.0,0.0,0,0.0,0.0,0.0,0,7200,robustness,True,0.0,0.0135546875,False,False,,20000,False,,20000,False,,20000
63015,8,1024,aligned,low_death,0.0005,0.5,0.2,0,0.2,,0273_aligned_63015,0,0.9483293330995366,,588,0,0,0.0,0,5.134781488891349e-16,0.0,1.6653345369377348e-16,14610,188.54512708552588,34.716079050485185,1024,0,23.48425049263242,11.23182855785211,0,0.0,0.0,0.0,0,-1,robustness,False,0.9998046875,0.977001953125,True,True,1000.0,1000,True,1000.0,1000,True,1200.0,1200
63015,8,1024,state_rotated,low_death,0.0005,0.5,0.2,0,0.2,,0274_state_rotated_63015,0,1.0244154169922697,,910,0,0,0.0,0,5.134781488891349e-16,0.0,1.6653345369377348e-16,16142,188.54512708552588,34.716079050485185,1024,0,24.809786351145952,9.906292699338705,0,1.3877787807814457e-17,1.3877787807814457e-17,1.0408340855860844e-17,0,-1,robustness,False,0.9994140625,0.9600439453125,True,True,1600.0,1600,True,1600.0,1600,True,1800.0,1800
63015,8,0,none,low_death,0.0005,0.5,0.2,0,0.2,,0275_none_63015,0,1.0695952909300104,,-1,0,0,0.0,0,5.134781488891349e-16,0.0,0.0,25996,0.0,0.0,0,0,0.0,0.0,0,0.0,0.0,0.0,0,-1,robustness,False,0.99921875,0.9217822265625,False,True,3000.0,3000,True,3400.0,3400,True,4200.0,4200
63015,8,1024,aligned,high_death,0.01,0.5,0.2,0,0.2,,0276_aligned_63015,0,0.0865750409429892,,-1,0,0,0.0,0,2.914335439641036e-16,0.0,5.551115123125783e-17,242,44.55851636200861,8.20438586935284,242,0,5.807523189243808,2.3968626801090163,0,0.0,0.0,0.0,0,800,robustness,True,0.0,0.00158203125,False,False,,20000,False,,20000,False,,20000
63015,8,1024,state_rotated,high_death,0.01,0.5,0.2,0,0.2,,0277_state_rotated_63015,0,0.0863781670341268,,-1,0,0,0.0,0,2.914335439641036e-16,0.0,8.326672684688674e-17,187,34.43158082518834,6.33975271722719,187,0,4.58055043074455,1.7592022864826309,0,1.3877787807814457e-17,1.0408340855860844e-17,1.0408340855860844e-17,0,800,robustness,True,0.0,0.001455078125,False,False,,20000,False,,20000,False,,20000
63015,8,0,none,high_death,0.01,0.5,0.2,0,0.2,,0278_none_63015,0,0.085311833070591,,-1,0,0,0.0,0,2.914335439641036e-16,0.0,0.0,198,0.0,0.0,0,0,0.0,0.0,0,0.0,0.0,0.0,0,600,robustness,True,0.0,0.001494140625,False,False,,20000,False,,20000,False,,20000
63015,8,1024,aligned,low_child_energy,0.002,0.35,0.2,0,0.2,,0279_aligned_63015,0,1.3885829580249265,,824,0,0,0.0,0,5.134781488891349e-16,4.440892098500626e-16,1.3877787807814454e-16,57522,188.54512708552588,34.716079050485185,1024,0,23.38564315166092,11.330435898823698,0,0.0,0.0,0.0,0,-1,robustness,False,0.9951171875,0.95314453125,True,True,1400.0,1400,True,1600.0,1600,True,8000.0,8000
63015,8,1024,state_rotated,low_child_energy,0.002,0.35,0.2,0,0.2,,0280_state_rotated_63015,0,1.5007549580186603,,1319,0,0,0.0,0,5.134781488891349e-16,4.440892098500626e-16,8.326672684688674e-17,55095,188.54512708552588,34.716079050485185,1024,0,25.255563586240633,9.460515464244022,0,1.3877787807814457e-17,1.3877787807814457e-17,1.0408340855860844e-17,0,-1,robustness,False,0.995703125,0.9175830078125,True,True,2400.0,2400,True,2600.0,2600,True,6000.0,6000
63015,8,0,none,low_child_energy,0.002,0.35,0.2,0,0.2,,0281_none_63015,0,0.1539819160243496,,-1,0,0,0.0,0,2.914335439641036e-16,0.0,0.0,2373,0.0,0.0,0,0,0.0,0.0,0,0.0,0.0,0.0,0,19800,robustness,True,0.001171875,0.031982421875,False,False,,20000,False,,20000,False,,20000
63015,8,1024,aligned,high_child_energy,0.002,0.65,0.2,0,0.2,,0282_aligned_63015,0,2.209278958966024,,155,0,0,0.0,0,2.914335439641036e-16,4.440892098500626e-16,8.326672684688674e-17,111345,188.54512708552588,34.716079050485185,1024,0,23.674594747678988,11.041484302805303,0,0.0,0.0,0.0,0,-1,robustness,False,0.8619140625,0.81458984375,True,False,,20000,False,,20000,False,,20000
63015,8,1024,state_rotated,high_child_energy,0.002,0.65,0.2,0,0.2,,0283_state_rotated_63015,0,1.5843127080006525,,1177,0,0,0.0,0,5.134781488891349e-16,4.440892098500626e-16,1.1102230246251563e-16,59418,188.54512708552588,34.716079050485185,1024,0,24.83928027306988,9.876798777414546,0,1.3877787807814457e-17,2.0816681711721685e-17,1.7347234759768068e-17,0,-1,robustness,False,0.9921875,0.9091748046875,True,True,2600.0,2600,True,3000.0,3000,True,12000.0,12000
63015,8,0,none,high_child_energy,0.002,0.65,0.2,0,0.2,,0284_none_63015,0,0.1154824580298736,,-1,0,0,0.0,0,2.914335439641036e-16,0.0,0.0,1408,0.0,0.0,0,0,0.0,0.0,0,0.0,0.0,0.0,0,6800,robustness,True,0.0,0.012451171875,False,False,,20000,False,,20000,False,,20000
63015,8,1024,aligned,no_birth_bonus,0.002,0.5,0.0,0,0.2,,0285_aligned_63015,0,1.2382853330345824,,1056,0,0,0.0,0,5.134781488891349e-16,0.0,1.3877787807814454e-16,43784,188.54512708552588,34.716079050485185,1024,0,23.07176128187541,11.644317768609184,0,0.0,0.0,0.0,0,-1,robustness,False,0.9923828125,0.934033203125,True,True,2000.0,2000,True,2000.0,2000,True,14400.0,14400
63015,8,1024,state_rotated,no_birth_bonus,0.002,0.5,0.0,0,0.2,,0286_state_rotated_63015,0,1.240540042053908,,1869,0,0,0.0,0,5.134781488891349e-16,0.0,1.6653345369377348e-16,39967,188.54512708552588,34.716079050485185,1024,0,25.132375858738392,9.58370319174622,0,1.3877787807814457e-17,1.7347234759768068e-17,1.7347234759768068e-17,0,-1,robustness,False,0.9982421875,0.8933251953125,True,True,3000.0,3000,True,3000.0,3000,True,3200.0,3200
63015,8,0,none,no_birth_bonus,0.002,0.5,0.0,0,0.2,,0287_none_63015,0,0.1053171659586951,,-1,0,0,0.0,0,2.914335439641036e-16,0.0,0.0,779,0.0,0.0,0,0,0.0,0.0,0,0.0,0.0,0.0,0,5000,robustness,True,0.0,0.011318359375,False,False,,20000,False,,20000,False,,20000
63016,8,1024,aligned,baseline,0.002,0.5,0.2,0,0.2,,0288_aligned_63016,0,1.2913247919641435,,629,0,0,0.0,0,5.134781488891349e-16,0.0,8.326672684688674e-17,48848,188.54512708552588,34.716079050485185,1024,0,23.5828797385488,11.133199311935668,0,0.0,0.0,0.0,0,-1,robustness,False,0.998828125,0.963837890625,True,True,1200.0,1200,True,1400.0,1400,True,4000.0,4000
63016,8,1024,state_rotated,baseline,0.002,0.5,0.2,0,0.2,,0289_state_rotated_63016,0,1.3725783330155537,,1613,0,0,0.0,0,5.134781488891349e-16,0.0,1.1102230246251563e-16,47113,188.54512708552588,34.716079050485185,1024,0,25.158387318906065,9.557691731578592,0,1.3877787807814457e-17,1.7347234759768068e-17,1.7347234759768068e-17,0,-1,robustness,False,0.99765625,0.90521484375,True,True,2600.0,2600,True,2800.0,2800,True,3000.0,3000
63016,8,0,none,baseline,0.002,0.5,0.2,0,0.2,,0290_none_63016,0,0.1195650419685989,,-1,0,0,0.0,0,2.914335439641036e-16,0.0,0.0,1197,0.0,0.0,0,0,0.0,0.0,0,0.0,0.0,0.0,0,5200,robustness,True,0.0,0.0163427734375,False,False,,20000,False,,20000,False,,20000
63016,8,1024,aligned,low_death,0.0005,0.5,0.2,0,0.2,,0291_aligned_63016,0,0.931979792076163,,510,0,0,0.0,0,5.134781488891349e-16,0.0,8.326672684688674e-17,15511,188.54512708552588,34.716079050485185,1024,0,23.45065792245266,11.265421128031871,0,0.0,0.0,0.0,0,-1,robustness,False,0.9998046875,0.9804638671875,True,True,800.0,800,True,1000.0,1000,True,1000.0,1000
63016,8,1024,state_rotated,low_death,0.0005,0.5,0.2,0,0.2,,0292_state_rotated_63016,0,0.9959562500007452,,812,0,0,0.0,0,5.134781488891349e-16,0.0,8.326672684688674e-17,16216,188.54512708552588,34.716079050485185,1024,0,24.748470944683273,9.967608105801355,0,1.3877787807814457e-17,1.3877787807814457e-17,1.3877787807814457e-17,0,-1,robustness,False,0.999609375,0.961884765625,True,True,1600.0,1600,True,1600.0,1600,True,1800.0,1800
63016,8,0,none,low_death,0.0005,0.5,0.2,0,0.2,,0293_none_63016,0,1.1052484579849988,,-1,0,0,0.0,0,5.134781488891349e-16,0.0,0.0,26216,0.0,0.0,0,0,0.0,0.0,0,0.0,0.0,0.0,0,-1,robustness,False,0.998046875,0.938427734375,False,True,2800.0,2800,True,3200.0,3200,True,4000.0,4000
63016,8,1024,aligned,high_death,0.01,0.5,0.2,0,0.2,,0294_aligned_63016,0,0.0970142500009387,,-1,0,0,0.0,0,2.914335439641036e-16,0.0,5.551115123125783e-17,323,59.472730516234826,10.950481966119645,323,0,7.737870671025038,3.212611295094633,0,0.0,0.0,0.0,0,600,robustness,True,0.0,0.0020654296875,False,False,,20000,False,,20000,False,,20000
63016,8,1024,state_rotated,high_death,0.01,0.5,0.2,0,0.2,,0295_state_rotated_63016,0,0.0883102089865133,,-1,0,0,0.0,0,2.914335439641036e-16,0.0,8.326672684688674e-17,268,49.34579497941456,9.085848813994035,268,0,6.519876245043717,2.5659725689503117,0,1.3877787807814457e-17,1.0408340855860844e-17,1.0408340855860844e-17,0,600,robustness,True,0.0,0.0019775390625,False,False,,20000,False,,20000,False,,20000
63016,8,0,none,high_death,0.01,0.5,0.2,0,0.2,,0296_none_63016,0,0.0864082080079242,,-1,0,0,0.0,0,2.914335439641036e-16,0.0,0.0,264,0.0,0.0,0,0,0.0,0.0,0,0.0,0.0,0.0,0,600,robustness,True,0.0,0.0018896484375,False,False,,20000,False,,20000,False,,20000
63016,8,1024,aligned,low_child_energy,0.002,0.35,0.2,0,0.2,,0297_aligned_63016,0,1.3612074579577893,,804,0,0,0.0,0,5.134781488891349e-16,4.440892098500626e-16,1.3877787807814454e-16,55157,188.54512708552588,34.716079050485185,1024,0,23.57545545371763,11.140623596766975,0,0.0,0.0,0.0,0,-1,robustness,False,0.9978515625,0.9559765625,True,True,1400.0,1400,True,1600.0,1600,True,5800.0,5800
63016,8,1024,state_rotated,low_child_energy,0.002,0.35,0.2,0,0.2,,0298_state_rotated_63016,0,1.5859074160689488,,1328,0,0,0.0,0,5.134781488891349e-16,4.440892098500626e-16,1.1102230246251563e-16,59133,188.54512708552588,34.716079050485185,1024,0,25.07767330750522,9.638405742979415,0,1.3877787807814457e-17,1.3877787807814457e-17,1.3877787807814457e-17,0,-1,robustness,False,0.98828125,0.8939501953125,True,True,3200.0,3200,True,3400.0,3400,False,,20000
63016,8,0,none,low_child_energy,0.002,0.35,0.2,0,0.2,,0299_none_63016,0,0.1458603329956531,,-1,0,0,0.0,0,2.914335439641036e-16,0.0,0.0,2118,0.0,0.0,0,0,0.0,0.0,0,0.0,0.0,0.0,0,11400,robustness,True,0.0,0.0284228515625,False,False,,20000,False,,20000,False,,20000
63016,8,1024,aligned,high_child_energy,0.002,0.65,0.2,0,0.2,,0300_aligned_63016,0,2.2122661670437083,,145,0,0,0.0,0,2.914335439641036e-16,4.440892098500626e-16,8.326672684688674e-17,110094,188.54512708552588,34.716079050485185,1024,0,23.728857021250352,10.987222029234005,0,0.0,0.0,0.0,0,-1,robustness,False,0.833984375,0.810693359375,True,False,,20000,False,,20000,False,,20000
63016,8,1024,state_rotated,high_child_energy,0.002,0.65,0.2,0,0.2,,0301_state_rotated_63016,0,2.1813221249030903,,758,0,0,0.0,0,4.579669976578771e-16,4.440892098500626e-16,1.3877787807814454e-16,88664,188.54512708552588,34.716079050485185,1024,0,24.98811590259915,9.727963147885406,0,2.7755575615628914e-17,2.4286128663675302e-17,2.0816681711721685e-17,0,-1,robustness,False,0.9166015625,0.815595703125,True,True,15000.0,15000,False,,20000,False,,20000
63016,8,0,none,high_child_energy,0.002,0.65,0.2,0,0.2,,0302_none_63016,0,0.1309032089775428,,-1,0,0,0.0,0,2.914335439641036e-16,0.0,0.0,2034,0.0,0.0,0,0,0.0,0.0,0,0.0,0.0,0.0,0,6600,robustness,True,0.0,0.0182373046875,False,False,,20000,False,,20000,False,,20000
63016,8,1024,aligned,no_birth_bonus,0.002,0.5,0.0,0,0.2,,0303_aligned_63016,0,1.2880230830051005,,988,0,0,0.0,0,5.134781488891349e-16,0.0,1.3877787807814454e-16,45810,188.54512708552588,34.716079050485185,1024,0,23.19601113852429,11.520067911960298,0,0.0,0.0,0.0,0,-1,robustness,False,0.985546875,0.9287353515625,True,True,2200.0,2200,True,2400.0,2400,False,,20000
63016,8,1024,state_rotated,no_birth_bonus,0.002,0.5,0.0,0,0.2,,0304_state_rotated_63016,0,1.376854292000644,,1667,0,0,0.0,0,5.134781488891349e-16,0.0,1.3877787807814454e-16,46263,188.54512708552588,34.716079050485185,1024,0,24.779520580106087,9.936558470378523,0,1.3877787807814457e-17,1.7347234759768068e-17,1.7347234759768068e-17,0,-1,robustness,False,0.9955078125,0.8814892578125,True,True,3400.0,3400,True,3600.0,3600,True,5000.0,5000
63016,8,0,none,no_birth_bonus,0.002,0.5,0.0,0,0.2,,0305_none_63016,0,0.1179599160095676,,-1,0,0,0.0,0,2.914335439641036e-16,0.0,0.0,1055,0.0,0.0,0,0,0.0,0.0,0,0.0,0.0,0.0,0,6400,robustness,True,0.0,0.0145068359375,False,False,,20000,False,,20000,False,,20000
63017,8,1024,aligned,baseline,0.002,0.5,0.2,0,0.2,,0306_aligned_63017,0,1.3353719579754395,,656,0,0,0.0,0,5.134781488891349e-16,0.0,8.326672684688674e-17,52079,188.54512708552588,34.716079050485185,1024,0,23.49154616482655,11.22453288565794,0,0.0,0.0,0.0,0,-1,robustness,False,0.996875,0.960986328125,True,True,1200.0,1200,True,1400.0,1400,True,3000.0,3000
63017,8,1024,state_rotated,baseline,0.002,0.5,0.2,0,0.2,,0307_state_rotated_63017,0,1.311816958943382,,1502,0,0,0.0,0,5.134781488891349e-16,0.0,1.3877787807814454e-16,43607,188.54512708552588,34.716079050485185,1024,0,25.398457067249492,9.3176219832351,0,1.3877787807814457e-17,2.0816681711721685e-17,1.7347234759768068e-17,0,-1,robustness,False,0.9986328125,0.9074365234375,True,True,2800.0,2800,True,2800.0,2800,True,3000.0,3000
63017,8,0,none,baseline,0.002,0.5,0.2,0,0.2,,0308_none_63017,0,0.115399207919836,,-1,0,0,0.0,0,2.914335439641036e-16,0.0,0.0,1126,0.0,0.0,0,0,0.0,0.0,0,0.0,0.0,0.0,0,7200,robustness,True,0.0,0.0156982421875,False,False,,20000,False,,20000,False,,20000
63017,8,1024,aligned,low_death,0.0005,0.5,0.2,0,0.2,,0309_aligned_63017,0,0.9104076250223444,,576,0,0,0.0,0,5.134781488891349e-16,0.0,1.3877787807814454e-16,14704,188.54512708552588,34.716079050485185,1024,0,23.45923053318893,11.256848517295587,0,0.0,0.0,0.0,0,-1,robustness,False,0.9998046875,0.9774072265625,True,True,800.0,800,True,1000.0,1000,True,1000.0,1000
63017,8,1024,state_rotated,low_death,0.0005,0.5,0.2,0,0.2,,0310_state_rotated_63017,0,0.966983792022802,,871,0,0,0.0,0,5.134781488891349e-16,0.0,1.1102230246251563e-16,15310,188.54512708552588,34.716079050485185,1024,0,24.809623951158105,9.906455099326513,0,1.3877787807814457e-17,1.3877787807814457e-17,1.0408340855860844e-17,0,-1,robustness,False,0.9998046875,0.9579052734375,True,True,1600.0,1600,True,1800.0,1800,True,2200.0,2200
63017,8,0,none,low_death,0.0005,0.5,0.2,0,0.2,,0311_none_63017,0,1.0814059580443427,,-1,0,0,0.0,0,5.134781488891349e-16,0.0,0.0,25972,0.0,0.0,0,0,0.0,0.0,0,0.0,0.0,0.0,0,-1,robustness,False,0.9974609375,0.917109375,False,True,3200.0,3200,True,3600.0,3600,True,4600.0,4600
63017,8,1024,aligned,high_death,0.01,0.5,0.2,0,0.2,,0312_aligned_63017,0,0.0862045000540092,,-1,0,0,0.0,0,2.775557561562891e-16,0.0,8.326672684688674e-17,266,48.97754277807564,9.01804397209856,266,0,6.405371430832655,2.6126725412658955,0,0.0,0.0,0.0,0,1200,robustness,True,0.0,0.0018212890625,False,False,,20000,False,,20000,False,,20000
63017,8,1024,state_rotated,high_death,0.01,0.5,0.2,0,0.2,,0313_state_rotated_63017,0,0.0859326670179143,,-1,0,0,0.0,0,2.775557561562891e-16,0.0,8.326672684688674e-17,215,39.587111643933206,7.289020503763887,215,0,5.2808124773533605,2.008208026410502,0,6.938893903907228e-18,1.0408340855860844e-17,6.938893903907228e-18,0,600,robustness,True,0.0,0.0016259765625,False,False,,20000,False,,20000,False,,20000
63017,8,0,none,high_death,0.01,0.5,0.2,0,0.2,,0314_none_63017,0,0.0844404159579426,,-1,0,0,0.0,0,2.775557561562891e-16,0.0,0.0,217,0.0,0.0,0,0,0.0,0.0,0,0.0,0.0,0.0,0,600,robustness,True,0.0,0.0015869140625,False,False,,20000,False,,20000,False,,20000
63017,8,1024,aligned,low_child_energy,0.002,0.35,0.2,0,0.2,,0315_aligned_63017,0,1.4012272499967366,,826,0,0,0.0,0,5.134781488891349e-16,4.440892098500626e-16,1.1102230246251563e-16,56030,188.54512708552588,34.716079050485185,1024,0,23.570373427107963,11.14570562337662,0,0.0,0.0,0.0,0,-1,robustness,False,0.9962890625,0.954814453125,True,True,1400.0,1400,True,1400.0,1400,True,7000.0,7000
63017,8,1024,state_rotated,low_child_energy,0.002,0.35,0.2,0,0.2,,0316_state_rotated_63017,0,1.6759074580622837,,1273,0,0,0.0,0,5.134781488891349e-16,4.440892098500626e-16,1.1102230246251563e-16,63744,188.54512708552588,34.716079050485185,1024,0,24.927876084347837,9.788202966136804,0,1.3877787807814457e-17,1.7347234759768068e-17,1.7347234759768068e-17,0,-1,robustness,False,0.989453125,0.89826171875,True,True,3200.0,3200,True,3400.0,3400,True,12800.0,12800
63017,8,0,none,low_child_energy,0.002,0.35,0.2,0,0.2,,0317_none_63017,0,0.1396153750829398,,-1,0,0,0.0,0,2.914335439641036e-16,0.0,0.0,1927,0.0,0.0,0,0,0.0,0.0,0,0.0,0.0,0.0,0,12600,robustness,True,0.0,0.0258251953125,False,False,,20000,False,,20000,False,,20000
63017,8,1024,aligned,high_child_energy,0.002,0.65,0.2,0,0.2,,0318_aligned_63017,0,2.2541468330891803,,134,0,0,0.0,0,2.914335439641036e-16,4.440892098500626e-16,8.326672684688674e-17,111169,188.54512708552588,34.716079050485185,1024,0,23.71416921786463,11.001909832619694,0,0.0,0.0,0.0,0,-1,robustness,False,0.84609375,0.8010400390625,True,False,,20000,False,,20000,False,,20000
63017,8,1024,state_rotated,high_child_energy,0.002,0.65,0.2,0,0.2,,0319_state_rotated_63017,0,1.4543733750469985,,906,0,0,0.0,0,5.134781488891349e-16,4.440892098500626e-16,8.326672684688674e-17,48360,188.54512708552588,34.716079050485185,1024,0,24.980597785028905,9.735481265455618,0,1.3877787807814457e-17,2.7755575615628914e-17,2.0816681711721685e-17,0,-1,robustness,False,0.9916015625,0.9359765625,True,True,1800.0,1800,True,2000.0,2000,True,3200.0,3200
63017,8,0,none,high_child_energy,0.002,0.65,0.2,0,0.2,,0320_none_63017,0,0.1248587080044671,,-1,0,0,0.0,0,2.914335439641036e-16,0.0,0.0,1751,0.0,0.0,0,0,0.0,0.0,0,0.0,0.0,0.0,0,6400,robustness,True,0.0,0.0163037109375,False,False,,20000,False,,20000,False,,20000
63017,8,1024,aligned,no_birth_bonus,0.002,0.5,0.0,0,0.2,,0321_aligned_63017,0,1.2434312499826774,,1042,0,0,0.0,0,5.134781488891349e-16,0.0,1.6653345369377348e-16,44707,188.54512708552588,34.716079050485185,1024,0,23.04331148968233,11.672767560802251,0,0.0,0.0,0.0,0,-1,robustness,False,0.99140625,0.9359375,True,True,1800.0,1800,True,2000.0,2000,True,9600.0,9600
63017,8,1024,state_rotated,no_birth_bonus,0.002,0.5,0.0,0,0.2,,0322_state_rotated_63017,0,1.3517786669544876,,1596,0,0,0.0,0,5.134781488891349e-16,0.0,1.1102230246251563e-16,45214,188.54512708552588,34.716079050485185,1024,0,25.045285932202564,9.670793118282065,0,1.3877787807814457e-17,1.7347234759768068e-17,1.3877787807814457e-17,0,-1,robustness,False,0.9966796875,0.8861669921875,True,True,3400.0,3400,True,3600.0,3600,True,4800.0,4800
63017,8,0,none,no_birth_bonus,0.002,0.5,0.0,0,0.2,,0323_none_63017,0,0.104015166987665,,-1,0,0,0.0,0,2.914335439641036e-16,0.0,0.0,735,0.0,0.0,0,0,0.0,0.0,0,0.0,0.0,0.0,0,4000,robustness,True,0.0,0.0105322265625,False,False,,20000,False,,20000,False,,20000
63018,8,1024,aligned,baseline,0.002,0.5,0.2,0,0.2,,0324_aligned_63018,0,1.3100149169331416,,682,0,0,0.0,0,5.134781488891349e-16,0.0,8.326672684688674e-17,49220,188.54512708552588,34.716079050485185,1024,0,23.455036106346014,11.261042944138516,0,0.0,0.0,0.0,0,-1,robustness,False,0.998828125,0.959697265625,True,True,1400.0,1400,True,1600.0,1600,True,2400.0,2400
63018,8,1024,state_rotated,baseline,0.002,0.5,0.2,0,0.2,,0325_state_rotated_63018,0,1.439914582995698,,1387,0,0,0.0,0,5.134781488891349e-16,0.0,1.1102230246251563e-16,49706,188.54512708552588,34.716079050485185,1024,0,25.09167908013055,9.624399970354071,0,1.3877787807814457e-17,2.0816681711721685e-17,2.0816681711721685e-17,0,-1,robustness,False,0.997265625,0.909921875,True,True,2600.0,2600,True,3000.0,3000,True,6400.0,6400
63018,8,0,none,baseline,0.002,0.5,0.2,0,0.2,,0326_none_63018,0,0.1106243749381974,,-1,0,0,0.0,0,2.914335439641036e-16,0.0,0.0,879,0.0,0.0,0,0,0.0,0.0,0,0.0,0.0,0.0,0,8000,robustness,True,0.0,0.012373046875,False,False,,20000,False,,20000,False,,20000
63018,8,1024,aligned,low_death,0.0005,0.5,0.2,0,0.2,,0327_aligned_63018,0,0.92670095898211,,577,0,0,0.0,0,5.134781488891349e-16,0.0,8.326672684688674e-17,14529,188.54512708552588,34.716079050485185,1024,0,23.35002248394409,11.366056566540395,0,0.0,0.0,0.0,0,-1,robustness,False,0.99921875,0.9762109375,True,True,1000.0,1000,True,1000.0,1000,True,1200.0,1200
63018,8,1024,state_rotated,low_death,0.0005,0.5,0.2,0,0.2,,0328_state_rotated_63018,0,0.9843666669912636,,893,0,0,0.0,0,5.134781488891349e-16,0.0,1.1102230246251563e-16,14971,188.54512708552588,34.716079050485185,1024,0,24.726516281333335,9.989562769151345,0,1.3877787807814457e-17,1.3877787807814457e-17,1.0408340855860844e-17,0,-1,robustness,False,1.0,0.958173828125,True,True,1600.0,1600,True,1600.0,1600,True,2000.0,2000
63018,8,0,none,low_death,0.0005,0.5,0.2,0,0.2,,0329_none_63018,0,1.0914449589326978,,-1,0,0,0.0,0,5.134781488891349e-16,0.0,0.0,26408,0.0,0.0,0,0,0.0,0.0,0,0.0,0.0,0.0,0,-1,robustness,False,0.9982421875,0.9247705078125,False,True,3000.0,3000,True,3400.0,3400,True,4200.0,4200
63018,8,1024,aligned,high_death,0.01,0.5,0.2,0,0.2,,0330_aligned_63018,0,0.086155250086449,,-1,0,0,0.0,0,2.914335439641036e-16,0.0,8.326672684688674e-17,273,50.26642548276185,9.255360918732729,273,0,6.498788311937626,2.7565726067951,0,0.0,0.0,0.0,0,1000,robustness,True,0.0,0.00177734375,False,False,,20000,False,,20000,False,,20000
63018,8,1024,state_rotated,high_death,0.01,0.5,0.2,0,0.2,,0331_state_rotated_63018,0,0.0869473329512402,,-1,0,0,0.0,0,2.914335439641036e-16,0.0,8.326672684688674e-17,217,39.955363845272124,7.356825345659366,217,0,5.2647099560133075,2.092115389646031,0,1.3877787807814457e-17,1.3877787807814457e-17,8.673617379884035e-18,0,1200,robustness,True,0.0,0.001552734375,False,False,,20000,False,,20000,False,,20000
63018,8,0,none,high_death,0.01,0.5,0.2,0,0.2,,0332_none_63018,0,0.0880672089988365,,-1,0,0,0.0,0,2.914335439641036e-16,0.0,0.0,215,0.0,0.0,0,0,0.0,0.0,0,0.0,0.0,0.0,0,600,robustness,True,0.0,0.001611328125,False,False,,20000,False,,20000,False,,20000
63018,8,1024,aligned,low_child_energy,0.002,0.35,0.2,0,0.2,,0333_aligned_63018,0,1.3768260000506416,,855,0,0,0.0,0,5.134781488891349e-16,4.440892098500626e-16,8.326672684688674e-17,51790,188.54512708552588,34.716079050485185,1024,0,23.44060795628937,11.275471094195218,0,0.0,0.0,0.0,0,-1,robustness,False,0.9978515625,0.9539306640625,True,True,1400.0,1400,True,1600.0,1600,True,4000.0,4000
63018,8,1024,state_rotated,low_child_energy,0.002,0.35,0.2,0,0.2,,0334_state_rotated_63018,0,1.5561118749901652,,1388,0,0,0.0,0,5.134781488891349e-16,4.440892098500626e-16,8.326672684688674e-17,54144,188.54512708552588,34.716079050485185,1024,0,25.074860396292355,9.641218654192324,0,1.3877787807814457e-17,1.0408340855860844e-17,1.0408340855860844e-17,0,-1,robustness,False,0.9916015625,0.896259765625,True,True,3000.0,3000,True,3000.0,3000,True,14200.0,14200
63018,8,0,none,low_child_energy,0.002,0.35,0.2,0,0.2,,0335_none_63018,0,0.1274854169460013,,-1,0,0,0.0,0,2.914335439641036e-16,0.0,0.0,1384,0.0,0.0,0,0,0.0,0.0,0,0.0,0.0,0.0,0,7600,robustness,True,0.0,0.01806640625,False,False,,20000,False,,20000,False,,20000
63018,8,1024,aligned,high_child_energy,0.002,0.65,0.2,0,0.2,,0336_aligned_63018,0,2.267453624983318,,127,0,0,0.0,0,4.996003610813204e-16,4.440892098500626e-16,5.551115123125783e-17,112347,188.54512708552588,34.716079050485185,1024,0,23.736218585752628,10.979860464731695,0,0.0,0.0,0.0,0,-1,robustness,False,0.8453125,0.8195947265625,True,False,,20000,False,,20000,False,,20000
63018,8,1024,state_rotated,high_child_energy,0.002,0.65,0.2,0,0.2,,0337_state_rotated_63018,0,2.0014981660060585,,945,0,0,0.0,0,4.996003610813204e-16,4.440892098500626e-16,8.326672684688674e-17,80891,188.54512708552588,34.716079050485185,1024,0,24.813753134900164,9.902325915584257,0,1.3877787807814457e-17,2.7755575615628914e-17,2.0816681711721685e-17,0,-1,robustness,False,0.9603515625,0.8927587890625,True,True,2600.0,2600,True,6400.0,6400,False,,20000
63018,8,0,none,high_child_energy,0.002,0.65,0.2,0,0.2,,0338_none_63018,0,0.1221895000198856,,-1,0,0,0.0,0,2.914335439641036e-16,0.0,0.0,1639,0.0,0.0,0,0,0.0,0.0,0,0.0,0.0,0.0,0,5800,robustness,True,0.0,0.014462890625,False,False,,20000,False,,20000,False,,20000
63018,8,1024,aligned,no_birth_bonus,0.002,0.5,0.0,0,0.2,,0339_aligned_63018,0,1.2431320410687476,,1102,0,0,0.0,0,5.134781488891349e-16,0.0,1.1102230246251563e-16,44501,188.54512708552588,34.716079050485185,1024,0,23.11364895274595,11.602430097738717,0,0.0,0.0,0.0,0,-1,robustness,False,0.9947265625,0.9299072265625,True,True,2200.0,2200,True,2200.0,2200,True,14600.0,14600
63018,8,1024,state_rotated,no_birth_bonus,0.002,0.5,0.0,0,0.2,,0340_state_rotated_63018,0,1.3227687920443714,,2107,0,0,0.0,0,5.134781488891349e-16,0.0,1.1102230246251563e-16,44645,188.54512708552588,34.716079050485185,1024,0,25.278854931497197,9.437224118987418,0,1.3877787807814457e-17,1.7347234759768068e-17,1.3877787807814457e-17,0,-1,robustness,False,0.9958984375,0.8676025390625,True,True,3600.0,3600,True,3800.0,3800,True,5600.0,5600
63018,8,0,none,no_birth_bonus,0.002,0.5,0.0,0,0.2,,0341_none_63018,0,0.1070286660687998,,-1,0,0,0.0,0,2.914335439641036e-16,0.0,0.0,818,0.0,0.0,0,0,0.0,0.0,0,0.0,0.0,0.0,0,6800,robustness,True,0.0,0.011748046875,False,False,,20000,False,,20000,False,,20000
63019,8,1024,aligned,baseline,0.002,0.5,0.2,0,0.2,,0342_aligned_63019,0,1.3210222909692677,,721,0,0,0.0,0,5.134781488891349e-16,0.0,8.326672684688674e-17,47450,188.54512708552588,34.716079050485185,1024,0,23.577340501718627,11.138738548765842,0,0.0,0.0,0.0,0,-1,robustness,False,0.9966796875,0.9593017578125,True,True,1400.0,1400,True,1400.0,1400,True,2400.0,2400
63019,8,1024,state_rotated,baseline,0.002,0.5,0.2,0,0.2,,0343_state_rotated_63019,0,1.3934768330072984,,1771,0,0,0.0,0,5.134781488891349e-16,0.0,1.1102230246251563e-16,45007,188.54512708552588,34.716079050485185,1024,0,25.34199899457876,9.374080055905864,0,1.3877787807814457e-17,1.7347234759768068e-17,1.7347234759768068e-17,0,-1,robustness,False,0.994921875,0.8871044921875,True,True,3200.0,3200,True,3400.0,3400,True,4600.0,4600
63019,8,0,none,baseline,0.002,0.5,0.2,0,0.2,,0344_none_63019,0,0.1068840420339256,,-1,0,0,0.0,0,2.914335439641036e-16,0.0,0.0,845,0.0,0.0,0,0,0.0,0.0,0,0.0,0.0,0.0,0,6200,robustness,True,0.0,0.01115234375,False,False,,20000,False,,20000,False,,20000
63019,8,1024,aligned,low_death,0.0005,0.5,0.2,0,0.2,,0345_aligned_63019,0,0.9668620410375296,,580,0,0,0.0,0,5.134781488891349e-16,0.0,8.326672684688674e-17,14748,188.54512708552588,34.716079050485185,1024,0,23.46465476330197,11.251424287182552,0,0.0,0.0,0.0,0,-1,robustness,False,0.999609375,0.977119140625,True,True,800.0,800,True,1000.0,1000,True,1200.0,1200
63019,8,1024,state_rotated,low_death,0.0005,0.5,0.2,0,0.2,,0346_state_rotated_63019,0,1.0147649589926004,,962,0,0,0.0,0,5.134781488891349e-16,0.0,1.1102230246251563e-16,15043,188.54512708552588,34.716079050485185,1024,0,24.837272526071697,9.878806524412916,0,1.3877787807814457e-17,1.3877787807814457e-17,1.3877787807814457e-17,0,-1,robustness,False,0.9998046875,0.950654296875,True,True,1800.0,1800,True,2000.0,2000,True,2400.0,2400
63019,8,0,none,low_death,0.0005,0.5,0.2,0,0.2,,0347_none_63019,0,1.0733839999884367,,-1,0,0,0.0,0,5.134781488891349e-16,0.0,0.0,25973,0.0,0.0,0,0,0.0,0.0,0,0.0,0.0,0.0,0,-1,robustness,False,0.9978515625,0.9252490234375,False,True,2800.0,2800,True,3200.0,3200,True,4000.0,4000
63019,8,1024,aligned,high_death,0.01,0.5,0.2,0,0.2,,0348_aligned_63019,0,0.0870285000419244,,-1,0,0,0.0,0,2.775557561562891e-16,0.0,8.326672684688674e-17,261,48.05691227472834,8.848531867359869,261,0,6.277919923638605,2.5706119437212527,0,0.0,0.0,0.0,0,800,robustness,True,0.0,0.001806640625,False,False,,20000,False,,20000,False,,20000
63019,8,1024,state_rotated,high_death,0.01,0.5,0.2,0,0.2,,0349_state_rotated_63019,0,0.0860160839511081,,-1,0,0,0.0,0,2.914335439641036e-16,0.0,8.326672684688674e-17,225,41.4283726506278,7.628044713241279,225,0,5.4720125094135295,2.1560322038277264,0,1.3877787807814457e-17,1.0408340855860844e-17,1.0408340855860844e-17,0,800,robustness,True,0.0,0.001689453125,False,False,,20000,False,,20000,False,,20000
63019,8,0,none,high_death,0.01,0.5,0.2,0,0.2,,0350_none_63019,0,0.0852470409590751,,-1,0,0,0.0,0,2.775557561562891e-16,0.0,0.0,229,0.0,0.0,0,0,0.0,0.0,0,0.0,0.0,0.0,0,600,robustness,True,0.0,0.001650390625,False,False,,20000,False,,20000,False,,20000
63019,8,1024,aligned,low_child_energy,0.002,0.35,0.2,0,0.2,,0351_aligned_63019,0,1.3821784999454394,,841,0,0,0.0,0,5.134781488891349e-16,4.440892098500626e-16,8.326672684688674e-17,58020,188.54512708552588,34.716079050485185,1024,0,23.52015815918275,11.195920891301856,0,0.0,0.0,0.0,0,-1,robustness,False,0.994921875,0.9539892578125,True,True,1400.0,1400,True,1400.0,1400,True,9000.0,9000
63019,8,1024,state_rotated,low_child_energy,0.002,0.35,0.2,0,0.2,,0352_state_rotated_63019,0,1.360919791040942,,1371,0,0,0.0,0,5.134781488891349e-16,4.440892098500626e-16,1.1102230246251563e-16,46332,188.54512708552588,34.716079050485185,1024,0,25.07533352348249,9.640745527002167,0,1.3877787807814457e-17,1.7347234759768068e-17,1.3877787807814457e-17,0,-1,robustness,False,0.9984375,0.909755859375,True,True,2800.0,2800,True,3200.0,3200,True,7400.0,7400
63019,8,0,none,low_child_energy,0.002,0.35,0.2,0,0.2,,0353_none_63019,0,0.1764834159985184,,-1,0,0,0.0,0,2.914335439641036e-16,0.0,0.0,3059,0.0,0.0,0,0,0.0,0.0,0,0.0,0.0,0.0,0,19200,robustness,True,0.0,0.04158203125,False,False,,20000,False,,20000,False,,20000
63019,8,1024,aligned,high_child_energy,0.002,0.65,0.2,0,0.2,,0354_aligned_63019,0,2.261664874968119,,143,0,0,0.0,0,4.579669976578771e-16,4.440892098500626e-16,8.326672684688674e-17,110036,188.54512708552588,34.716079050485185,1024,0,23.698621445285095,11.017457605199194,0,0.0,0.0,0.0,0,-1,robustness,False,0.829296875,0.800830078125,True,False,,20000,False,,20000,False,,20000
63019,8,1024,state_rotated,high_child_energy,0.002,0.65,0.2,0,0.2,,0355_state_rotated_63019,0,1.5872941670240834,,919,0,0,0.0,0,5.134781488891349e-16,4.440892098500626e-16,1.1102230246251563e-16,56190,188.54512708552588,34.716079050485185,1024,0,24.96583480195716,9.750244248527345,0,1.3877787807814457e-17,2.0816681711721685e-17,1.7347234759768068e-17,0,-1,robustness,False,0.995703125,0.934677734375,True,True,1800.0,1800,True,2000.0,2000,True,3000.0,3000
63019,8,0,none,high_child_energy,0.002,0.65,0.2,0,0.2,,0356_none_63019,0,0.1260607499862089,,-1,0,0,0.0,0,2.914335439641036e-16,0.0,0.0,1830,0.0,0.0,0,0,0.0,0.0,0,0.0,0.0,0.0,0,8600,robustness,True,0.0,0.01634765625,False,False,,20000,False,,20000,False,,20000
63019,8,1024,aligned,no_birth_bonus,0.002,0.5,0.0,0,0.2,,0357_aligned_63019,0,1.2790572079829872,,1000,0,0,0.0,0,5.134781488891349e-16,0.0,1.3877787807814454e-16,42694,188.54512708552588,34.716079050485185,1024,0,23.175494621470047,11.54058442901458,0,0.0,0.0,0.0,0,-1,robustness,False,0.996875,0.9396337890625,True,True,1800.0,1800,True,2000.0,2000,True,6800.0,6800
63019,8,1024,state_rotated,no_birth_bonus,0.002,0.5,0.0,0,0.2,,0358_state_rotated_63019,0,1.393707458046265,,1787,0,0,0.0,0,5.134781488891349e-16,0.0,1.1102230246251563e-16,43719,188.54512708552588,34.716079050485185,1024,0,25.108376230258372,9.607702820226274,0,1.3877787807814457e-17,2.0816681711721685e-17,1.7347234759768068e-17,0,-1,robustness,False,0.994921875,0.8634326171875,True,True,3800.0,3800,True,4000.0,4000,True,10000.0,10000
63019,8,0,none,no_birth_bonus,0.002,0.5,0.0,0,0.2,,0359_none_63019,0,0.108905333909206,,-1,0,0,0.0,0,2.914335439641036e-16,0.0,0.0,802,0.0,0.0,0,0,0.0,0.0,0,0.0,0.0,0.0,0,5000,robustness,True,0.0,0.011171875,False,False,,20000,False,,20000,False,,20000
