seed,fraction,cap,lam,method,prefix,exit_code,seconds,stderr,formula_error,bins,intervention,child_eta,cap_time,intervention_births,intervention_visits,erased_sq,phenotype_mean_error,energy_error,split_error,norm_error,births_total,sum_norm,sum_sq,nonzero,fallbacks,contrast_sq,common_sq,unreachable_sq,row_mean_error,row_norm_error,row_contrast_error,empty_support_error,extinction_first_sample,stage,extinct,final_occupancy,auc,quota_used,mean_nonzero_norm,max_write_norm,reached0.9,time0.9,capped0.9,reached0.95,time0.95,capped0.95,reached0.99,time0.99,capped0.99
81000,0.5,-1,0.25,aligned,0000_aligned_81000,0,1.8593055419623852,,2.7755575615628914e-17,8,0,0.2,-1,0,0,0,0,5.134781488891349e-16,0.0,0.0,45097,1710.791763170258,95.20743218978284,45097,0,63.05657882574661,32.15085336403748,0,0.0,0.0,0.0,0,-1,confirmation,False,0.998828125,0.9325244140625,False,0.0379358219653249,0.1921697423366805,True,2200.0,2200,True,2400.0,2400,True,3000.0,3000
81000,0.5,-1,0.25,state_rotated,0001_state_rotated_81000,0,1.8898098340723664,,0.0,8,0,0.2,-1,0,0,0,0,5.134781488891349e-16,0.0,1.6653345369377348e-16,41305,3940.293184479171,446.1201247760692,41305,0,354.61522247387984,91.50490230219,0,1.3877787807814457e-17,1.7347234759768068e-17,6.938893903907228e-18,0,-1,confirmation,False,0.998828125,0.86869140625,False,0.095395065596881,0.282797409358497,True,3600.0,3600,True,3800.0,3800,True,4200.0,4200
81000,0.5,-1,0.5,aligned,0002_aligned_81000,0,1.8111085830023512,,2.7755575615628914e-17,8,0,0.2,-1,0,0,0,0,5.134781488891349e-16,0.0,0.0,43284,2476.6248265425365,231.81876722578824,43284,0,155.6200419019878,76.19872532380035,0,0.0,0.0,0.0,0,-1,confirmation,False,0.9986328125,0.9575390625,False,0.0572180211288821,0.4273392798032656,True,1400.0,1400,True,1400.0,1400,True,1800.0,1800
81000,0.5,-1,0.5,state_rotated,0003_state_rotated_81000,0,1.935797750018537,,0.0,8,0,0.2,-1,0,0,0,0,5.134781488891349e-16,0.0,3.3306690738754696e-16,42495,7661.244866563743,1732.7791191642184,42495,0,1370.6906793866967,362.0884397775223,0,5.551115123125783e-17,3.3306690738754696e-16,3.3306690738754696e-16,0,-1,confirmation,False,0.9994140625,0.9156298828125,False,0.1802857951891691,0.964297833967922,True,2600.0,2600,True,2600.0,2600,True,2800.0,2800
81000,0.5,-1,1.0,aligned,0004_aligned_81000,0,1.82450141699519,,2.7755575615628914e-17,8,0,0.2,-1,0,0,0,0,5.134781488891349e-16,0.0,0.0,42939,3933.7395083924966,635.9955260273086,42939,0,431.32391856031927,204.67160746698931,0,0.0,0.0,0.0,0,-1,confirmation,False,0.99921875,0.9772216796875,False,0.091612275749144,0.7862779878019149,True,800.0,800,True,800.0,800,True,1000.0,1000
81000,0.5,-1,1.0,state_rotated,0005_state_rotated_81000,0,1.9850405829492956,,0.0,8,0,0.2,-1,0,0,0,0,5.134781488891349e-16,0.0,7.105427357601002e-15,42773,21278.47685090736,21081.334969679097,42773,0,17187.77859860456,3893.556371074439,0,4.440892098500626e-16,1.1368683772161605e-13,8.526512829121202e-14,0,-1,confirmation,False,0.9990234375,0.937255859375,False,0.4974745014590364,22.172907610356788,True,2000.0,2000,True,2000.0,2000,True,2400.0,2400
81000,0.5,1024,0.25,aligned,0006_aligned_81000,0,2.2446653340011835,,1.3877787807814457e-17,8,0,0.2,1061,0,0,0,0,5.134781488891349e-16,0.0,0.0,59607,59.86332719192257,4.562857983001366,1024,0,3.0090420987069293,1.5538158842944356,0,0.0,0.0,0.0,0,-1,confirmation,False,0.945703125,0.85576171875,True,0.0584602804608618,0.1460395214403661,True,5400.0,5400,False,,20000,False,,20000
81000,0.5,1024,0.25,state_rotated,0007_state_rotated_81000,0,2.078445416991599,,0.0,8,0,0.2,1923,0,0,0,0,5.134781488891349e-16,0.0,5.551115123125783e-17,50201,80.16360873313143,7.642460944740534,1024,0,5.435739968980171,2.206720975760362,0,6.938893903907228e-18,4.3368086899420185e-18,4.3368086899420185e-18,0,-1,confirmation,False,0.992578125,0.8531005859375,True,0.0782847741534486,0.1720008820979786,True,4000.0,4000,True,4200.0,4200,True,8600.0,8600
81000,0.5,1024,0.5,aligned,0008_aligned_81000,0,1.9342583329416811,,2.7755575615628914e-17,8,0,0.2,800,0,0,0,0,5.134781488891349e-16,0.0,0.0,54384,96.7245502769392,12.670263089384187,1024,0,8.45139042743785,4.2188726619463495,0,0.0,0.0,0.0,0,-1,confirmation,False,0.98984375,0.9358837890625,True,0.0944575686298234,0.2915601626615325,True,1800.0,1800,True,2000.0,2000,True,15200.0,15200
81000,0.5,1024,0.5,state_rotated,0009_state_rotated_81000,0,1.954256167053245,,0.0,8,0,0.2,1355,0,0,0,0,5.134781488891349e-16,0.0,1.6653345369377348e-16,47595,154.178717793686,28.77458137739444,1024,0,21.025856597076796,7.7487247803176365,0,1.3877787807814457e-17,2.7755575615628914e-17,2.7755575615628914e-17,0,-1,confirmation,False,0.9986328125,0.913564453125,True,0.1505651540953964,0.3455527048543822,True,2600.0,2600,True,2600.0,2600,True,3200.0,3200
81000,0.5,1024,1.0,aligned,0010_aligned_81000,0,1.7604447919875383,,1.3877787807814457e-17,8,0,0.2,529,0,0,0,0,5.134781488891349e-16,0.0,0.0,44702,150.83382357400544,32.87745525714835,1024,0,22.08934582086803,10.788109436280322,0,0.0,0.0,0.0,0,-1,confirmation,False,0.9966796875,0.974814453125,True,0.1472986558339896,0.4872992023765789,True,800.0,800,True,1000.0,1000,True,1200.0,1200
81000,0.5,1024,1.0,state_rotated,0011_state_rotated_81000,0,1.877539167064242,,0.0,8,0,0.2,1103,0,0,0,0,5.134781488891349e-16,0.0,3.3306690738754696e-16,43039,298.9483916532571,112.052121711254,1024,0,81.79944605566239,30.252675655591553,0,3.7296554733501346e-17,1.6653345369377348e-16,2.220446049250313e-16,0,-1,confirmation,False,0.9984375,0.9412255859375,True,0.2919417887238839,0.808837276157755,True,1800.0,1800,True,2000.0,2000,True,2000.0,2000
81000,0.5,-1,0.0,none,0012_none_81000,0,0.1926932500209659,,0.0,8,0,0.2,-1,0,0,0,0,2.914335439641036e-16,0.0,0.0,1066,0.0,0.0,0,0,0.0,0.0,0,0.0,0.0,0.0,0,7000,confirmation,True,0.0,0.0150830078125,False,,0.0,False,,20000,False,,20000,False,,20000
81000,0.65,-1,0.25,aligned,0013_aligned_81000,0,1.9637816669419408,,2.7755575615628914e-17,8,0,0.2,-1,0,0,0,0,5.134781488891349e-16,4.440892098500626e-16,0.0,51200,1682.365577548331,87.78516414253265,51200,0,57.854202575368475,29.930961567163443,0,0.0,0.0,0.0,0,-1,confirmation,False,0.999609375,0.9714697265625,False,0.0328587026864908,0.2200941062816591,True,1600.0,1600,True,2200.0,2200,True,4000.0,4000
81000,0.65,-1,0.25,state_rotated,0014_state_rotated_81000,0,1.9983372919959947,,0.0,8,0,0.2,-1,0,0,0,0,5.134781488891349e-16,4.440892098500626e-16,1.6653345369377348e-16,47300,3991.4256530772695,440.28438944772,47300,0,351.4193438383352,88.8650456093842,0,6.938893903907228e-18,1.0408340855860844e-17,6.938893903907228e-18,0,-1,confirmation,False,0.9984375,0.9051171875,False,0.0843853203610416,0.2946244617458305,True,2800.0,2800,True,3000.0,3000,True,5000.0,5000
81000,0.65,-1,0.5,aligned,0015_aligned_81000,0,1.845789625076577,,2.7755575615628914e-17,8,0,0.2,-1,0,0,0,0,5.134781488891349e-16,4.440892098500626e-16,0.0,47615,2410.2300981716953,216.363493755062,47615,0,144.73178892052553,71.63170483453547,0,0.0,0.0,0.0,0,-1,confirmation,False,0.99921875,0.9804443359375,False,0.050619134688054,0.3686868941128484,True,1000.0,1000,True,1200.0,1200,True,1600.0,1600
81000,0.65,-1,0.5,state_rotated,0016_state_rotated_81000,0,2.0063723330385983,,0.0,8,0,0.2,-1,0,0,0,0,5.134781488891349e-16,4.440892098500626e-16,3.3306690738754696e-16,47283,7569.637534552534,1650.896874700452,47283,0,1301.645688503875,349.2511861965714,0,2.7755575615628914e-17,1.1102230246251563e-16,8.326672684688674e-17,0,-1,confirmation,False,0.9982421875,0.950068359375,False,0.1600921585887641,0.6334393861311529,True,1600.0,1600,True,1800.0,1800,True,3000.0,3000
81000,0.65,-1,1.0,aligned,0017_aligned_81000,0,1.7778681250056252,,2.7755575615628914e-17,8,0,0.2,-1,0,0,0,0,5.134781488891349e-16,4.440892098500626e-16,0.0,45291,3741.3530707918176,581.7908654070287,45291,0,393.66601925161,188.1248461554253,0,0.0,0.0,0.0,0,-1,confirmation,False,0.99921875,0.9863427734375,False,0.0826069874984393,0.8752780518102182,True,600.0,600,True,600.0,600,True,800.0,800
81000,0.65,-1,1.0,state_rotated,0018_state_rotated_81000,0,2.024672125000506,,0.0,8,0,0.2,-1,0,0,0,0,5.134781488891349e-16,4.440892098500626e-16,1.7763568394002505e-15,48360,17991.913271342986,11480.735876811936,48360,0,9009.436898093652,2471.2989787182905,0,2.775557561562891e-16,1.4210854715202004e-14,1.4210854715202004e-14,0,-1,confirmation,False,0.9994140625,0.9554541015625,False,0.3720412173561411,6.954371481164323,True,1400.0,1400,True,1600.0,1600,True,3000.0,3000
81000,0.65,1024,0.25,aligned,0019_aligned_81000,0,2.9887422919273376,,1.3877787807814457e-17,8,0,0.2,142,0,0,0,0,2.914335439641036e-16,0.0,0.0,96370,29.00052174495189,0.8846499549466924,1024,0,0.6088460792482604,0.27580387569843,0,0.0,0.0,0.0,0,-1,confirmation,False,0.7091796875,0.6783642578125,True,0.0283208220165545,0.0708728815742669,False,,20000,False,,20000,False,,20000
81000,0.65,1024,0.25,state_rotated,0020_state_rotated_81000,0,2.9700454169651493,,0.0,8,0,0.2,767,0,0,0,0,2.914335439641036e-16,4.440892098500626e-16,5.551115123125783e-17,80715,49.865289362047584,3.1928512579581447,1024,0,2.235913841286906,0.9569374166712422,0,6.938893903907228e-18,3.469446951953614e-18,2.6020852139652106e-18,0,-1,confirmation,False,0.7990234375,0.7043310546875,True,0.0486965716426245,0.1521386367671425,False,,20000,False,,20000,False,,20000
81000,0.65,1024,0.5,aligned,0021_aligned_81000,0,3.0287719590123743,,1.3877787807814457e-17,8,0,0.2,149,0,0,0,0,2.914335439641036e-16,4.440892098500626e-16,0.0,100018,54.30745868383342,3.235126326944342,1024,0,2.2325608262164667,1.0025655007278789,0,0.0,0.0,0.0,0,-1,confirmation,False,0.7927734375,0.733466796875,True,0.053034627620931,0.1481362606137081,False,,20000,False,,20000,False,,20000
81000,0.65,1024,0.5,state_rotated,0022_state_rotated_81000,0,2.1438945829868317,,0.0,8,0,0.2,707,0,0,0,0,5.134781488891349e-16,4.440892098500626e-16,8.326672684688674e-17,53336,88.81946196376347,10.70970540555598,1024,0,7.586468343594521,3.1232370619614502,0,1.3877787807814457e-17,2.7755575615628914e-17,2.7755575615628914e-17,0,-1,confirmation,False,0.99296875,0.93703125,True,0.0867377558239877,0.2637884585074479,True,2000.0,2000,True,2800.0,2800,True,6800.0,6800
81000,0.65,1024,1.0,aligned,0023_aligned_81000,0,3.1419237080262974,,1.3877787807814457e-17,8,0,0.2,124,0,0,0,0,2.914335439641036e-16,4.440892098500626e-16,0.0,109944,94.58901098342608,10.712781154280345,1024,0,7.455641232358992,3.2571399219213726,0,0.0,0.0,0.0,0,-1,confirmation,False,0.8234375,0.811826171875,True,0.092372081038502,0.2839157866071855,False,,20000,False,,20000,False,,20000
81000,0.65,1024,1.0,state_rotated,0024_state_rotated_81000,0,2.0682537080720067,,0.0,8,0,0.2,630,0,0,0,0,5.134781488891349e-16,4.440892098500626e-16,2.220446049250313e-16,51933,169.46655428334796,41.649370690136,1024,0,29.477471870742537,12.171898819393462,0,2.7755575615628914e-17,8.326672684688674e-17,5.551115123125783e-17,0,-1,confirmation,False,0.9962890625,0.9525,True,0.165494681917332,0.6458005991259822,True,1400.0,1400,True,1800.0,1800,True,3600.0,3600
81000,0.65,-1,0.0,none,0025_none_81000,0,0.1563026669900864,,0.0,8,0,0.2,-1,0,0,0,0,2.914335439641036e-16,0.0,0.0,1376,0.0,0.0,0,0,0.0,0.0,0,0.0,0.0,0.0,0,4400,confirmation,True,0.0,0.0120166015625,False,,0.0,False,,20000,False,,20000,False,,20000
81001,0.5,-1,0.25,aligned,0026_aligned_81001,0,1.7961387500399724,,2.7755575615628914e-17,8,0,0.2,-1,0,0,0,0,5.134781488891349e-16,0.0,0.0,44857,1692.1218812323252,94.00492102986064,44857,0,62.3001417684426,31.704779261418366,0,0.0,0.0,0.0,0,-1,confirmation,False,0.99921875,0.922685546875,False,0.0377225824560787,0.1885834188022412,True,2400.0,2400,True,2600.0,2600,True,4200.0,4200
81001,0.5,-1,0.25,state_rotated,0027_state_rotated_81001,0,1.869997667032294,,0.0,8,0,0.2,-1,0,0,0,0,5.134781488891349e-16,0.0,1.3877787807814454e-16,42798,4033.507478170295,450.5114844938011,42798,0,357.00685514095073,93.50462935284756,0,1.3877787807814457e-17,1.0408340855860844e-17,1.0408340855860844e-17,0,-1,confirmation,False,0.998828125,0.8729638671875,False,0.0942452329120588,0.279472856066669,True,3400.0,3400,True,3600.0,3600,True,4600.0,4600
81001,0.5,-1,0.5,aligned,0028_aligned_81001,0,1.7648821250768378,,2.7755575615628914e-17,8,0,0.2,-1,0,0,0,0,5.134781488891349e-16,0.0,0.0,43552,2464.5975512280856,227.5198493102136,43552,0,152.5529844482316,74.9668648619796,0,0.0,0.0,0.0,0,-1,confirmation,False,0.9984375,0.952314453125,False,0.0565897674326801,0.3964862315844471,True,1600.0,1600,True,1600.0,1600,True,2200.0,2200
81001,0.5,-1,0.5,state_rotated,0029_state_rotated_81001,0,1.8559907919261605,,0.0,8,0,0.2,-1,0,0,0,0,5.134781488891349e-16,0.0,4.440892098500626e-16,42603,8205.81176009956,1992.635580832264,42603,0,1573.358668112001,419.2769127202641,0,2.7755575615628914e-17,1.6653345369377348e-16,1.6653345369377348e-16,0,-1,confirmation,False,0.9994140625,0.904951171875,False,0.1926111250404797,0.6893484967012559,True,2800.0,2800,True,3000.0,3000,True,3400.0,3400
81001,0.5,-1,1.0,aligned,0030_aligned_81001,0,1.736284166923724,,2.7755575615628914e-17,8,0,0.2,-1,0,0,0,0,5.134781488891349e-16,0.0,0.0,43049,3968.630872076648,650.4079256790891,43049,0,441.0652194129986,209.34270626610493,0,0.0,0.0,0.0,0,-1,confirmation,False,0.998828125,0.9762060546875,False,0.0921886889841029,0.7851127237474974,True,800.0,800,True,800.0,800,True,1200.0,1200
81001,0.5,-1,1.0,state_rotated,0031_state_rotated_81001,0,1.890858666971326,,0.0,8,0,0.2,-1,0,0,0,0,5.134781488891349e-16,0.0,1.0658141036401504e-14,43897,22357.06451687169,19233.5643892956,43897,0,15250.149704882357,3983.414684412903,0,4.440892098500626e-16,1.1368683772161605e-13,2.273736754432321e-13,0,-1,confirmation,False,0.9994140625,0.9326708984375,False,0.5093073448498004,23.551864580941732,True,2200.0,2200,True,2400.0,2400,True,3000.0,3000
81001,0.5,1024,0.25,aligned,0032_aligned_81001,0,2.09783491701819,,1.3877787807814457e-17,8,0,0.2,1171,0,0,0,0,4.996003610813204e-16,0.0,0.0,56758,59.97715795214788,4.601130730273462,1024,0,3.0320710515716582,1.5690596787018023,0,0.0,0.0,0.0,0,-1,confirmation,False,0.9591796875,0.8350390625,True,0.0585714433126444,0.1499175333302183,True,7800.0,7800,True,18600.0,18600,False,,20000
81001,0.5,1024,0.25,state_rotated,0033_state_rotated_81001,0,1.975117790978402,,0.0,8,0,0.2,1880,0,0,0,0,5.134781488891349e-16,0.0,1.1102230246251563e-16,49661,82.50356379620105,8.162846447314985,1024,0,5.885125880081106,2.277720567233874,0,6.938893903907228e-18,5.204170427930421e-18,4.3368086899420185e-18,0,-1,confirmation,False,0.9923828125,0.8476123046875,True,0.0805698865197275,0.1776407698527867,True,4200.0,4200,True,4200.0,4200,True,11000.0,11000
81001,0.5,1024,0.5,aligned,0034_aligned_81001,0,1.948810457950458,,2.7755575615628914e-17,8,0,0.2,887,0,0,0,0,5.134781488891349e-16,0.0,0.0,54965,98.12436348093212,13.26006635876413,1024,0,8.905671622184025,4.354394736580101,0,0.0,0.0,0.0,0,-1,confirmation,False,0.988671875,0.9332470703125,True,0.0958245737118477,0.3055055575848891,True,1800.0,1800,True,2000.0,2000,True,17600.0,17600
81001,0.5,1024,0.5,state_rotated,0035_state_rotated_81001,0,1.9192030410049483,,0.0,8,0,0.2,1561,0,0,0,0,5.134781488891349e-16,0.0,1.6653345369377348e-16,46942,153.52671880934193,28.549688143242655,1024,0,20.834177959578327,7.715510183664366,0,1.5612511283791264e-17,2.7755575615628914e-17,2.0816681711721685e-17,0,-1,confirmation,False,0.996875,0.9044580078125,True,0.1499284363372479,0.3549502226421406,True,2800.0,2800,True,3000.0,3000,True,4600.0,4600
81001,0.5,1024,1.0,aligned,0036_aligned_81001,0,1.7201655419776216,,2.7755575615628914e-17,8,0,0.2,544,0,0,0,0,5.134781488891349e-16,0.0,0.0,44770,149.55264268934806,31.778337215317972,1024,0,21.291821805033795,10.486515410284184,0,0.0,0.0,0.0,0,-1,confirmation,False,0.996875,0.9739208984375,True,0.1460475026263164,0.4977125624456804,True,1000.0,1000,True,1000.0,1000,True,2000.0,2000
81001,0.5,1024,1.0,state_rotated,0037_state_rotated_81001,0,1.8630852499045432,,0.0,8,0,0.2,1117,0,0,0,0,5.134781488891349e-16,0.0,3.3306690738754696e-16,45063,302.8846093172067,114.36848843799562,1024,0,82.95101853023677,31.417469907758917,0,3.4694469519536136e-17,1.1102230246251563e-16,1.1102230246251563e-16,0,-1,confirmation,False,0.9984375,0.937119140625,True,0.2957857512863346,0.7652000860985471,True,1800.0,1800,True,2000.0,2000,True,2400.0,2400
81001,0.5,-1,0.0,none,0038_none_81001,0,0.1556470829527825,,0.0,8,0,0.2,-1,0,0,0,0,2.914335439641036e-16,0.0,0.0,1064,0.0,0.0,0,0,0.0,0.0,0,0.0,0.0,0.0,0,5600,confirmation,True,0.0,0.01455078125,False,,0.0,False,,20000,False,,20000,False,,20000
81001,0.65,-1,0.25,aligned,0039_aligned_81001,0,1.917888833093457,,2.7755575615628914e-17,8,0,0.2,-1,0,0,0,0,5.134781488891349e-16,4.440892098500626e-16,0.0,51670,1661.2355774206849,85.23063292280897,51670,0,56.17920613730881,29.051426785500553,0,0.0,0.0,0.0,0,-1,confirmation,False,0.99921875,0.96890625,False,0.0321508724099222,0.2078883263819116,True,1600.0,1600,True,1800.0,1800,True,4000.0,4000
81001,0.65,-1,0.25,state_rotated,0040_state_rotated_81001,0,1.9977203749585897,,0.0,8,0,0.2,-1,0,0,0,0,5.134781488891349e-16,4.440892098500626e-16,1.6653345369377348e-16,48864,3755.9065596262567,376.6670648334445,48864,0,299.57827334246247,77.0887914909787,0,9.54097911787244e-18,1.3877787807814457e-17,1.3877787807814457e-17,0,-1,confirmation,False,0.9994140625,0.920595703125,False,0.0768644924612446,0.2764552694858351,True,2400.0,2400,True,2400.0,2400,True,4000.0,4000
81001,0.65,-1,0.5,aligned,0041_aligned_81001,0,1.8295786660164597,,2.7755575615628914e-17,8,0,0.2,-1,0,0,0,0,5.134781488891349e-16,4.440892098500626e-16,0.0,48488,2409.3170541675545,210.86985527355375,48488,0,140.9616201171214,69.90823515643166,0,0.0,0.0,0.0,0,-1,confirmation,False,0.999609375,0.9789990234375,False,0.0496889344614658,0.4197521333279371,True,1000.0,1000,True,1200.0,1200,True,1600.0,1600
81001,0.65,-1,0.5,state_rotated,0042_state_rotated_81001,0,1.9656798329669984,,0.0,8,0,0.2,-1,0,0,0,0,5.134781488891349e-16,4.440892098500626e-16,3.8857805861880484e-16,47694,7639.301873942725,1671.579061907324,47694,0,1311.5309621127444,360.0480997946014,0,2.7755575615628914e-17,1.6653345369377348e-16,2.220446049250313e-16,0,-1,confirmation,False,0.998828125,0.935693359375,False,0.1601732266939809,0.7879394264126458,True,2000.0,2000,True,2000.0,2000,True,2800.0,2800
81001,0.65,-1,1.0,aligned,0043_aligned_81001,0,1.757560333004221,,2.7755575615628914e-17,8,0,0.2,-1,0,0,0,0,5.134781488891349e-16,4.440892098500626e-16,0.0,45511,3698.019209037648,568.5693366923657,45511,0,384.39985762049673,184.16947907186392,0,0.0,0.0,0.0,0,-1,confirmation,False,0.999609375,0.986142578125,False,0.0812555032637746,0.7866076780189579,True,600.0,600,True,600.0,600,True,800.0,800
81001,0.65,-1,1.0,state_rotated,0044_state_rotated_81001,0,2.007814708049409,,0.0,8,0,0.2,-1,0,0,0,0,5.134781488891349e-16,4.440892098500626e-16,2.6645352591003757e-15,48559,19166.186905817485,13830.697274572089,48559,0,10882.396844564237,2948.300430007811,0,4.440892098500626e-16,2.131628207280301e-14,2.131628207280301e-14,0,-1,confirmation,False,0.9982421875,0.9575341796875,False,0.39469896220716,9.113255358768292,True,1400.0,1400,True,1600.0,1600,True,2400.0,2400
81001,0.65,1024,0.25,aligned,0045_aligned_81001,0,2.950371374958195,,1.3877787807814457e-17,8,0,0.2,150,0,0,0,0,2.914335439641036e-16,0.0,0.0,95936,29.39905563591353,0.9111101713796784,1024,0,0.6269374678771824,0.2841727035024957,0,0.0,0.0,0.0,0,-1,confirmation,False,0.697265625,0.66595703125,True,0.0287100152694468,0.0828550075533214,False,,20000,False,,20000,False,,20000
81001,0.65,1024,0.25,state_rotated,0046_state_rotated_81001,0,3.1204539169557393,,0.0,8,0,0.2,802,0,0,0,0,3.469446951953614e-16,0.0,5.551115123125783e-17,90631,46.42174101062864,2.8091433621571102,1024,0,1.967417832226373,0.8417255299307417,0,6.938893903907228e-18,3.469446951953614e-18,2.6020852139652106e-18,0,-1,confirmation,False,0.853515625,0.7603076171875,True,0.045333731455692,0.1325603453941605,False,,20000,False,,20000,False,,20000
81001,0.65,1024,0.5,aligned,0047_aligned_81001,0,3.02925887494348,,1.3877787807814457e-17,8,0,0.2,151,0,0,0,0,2.914335439641036e-16,0.0,0.0,101318,53.24212917926732,3.1361653331194157,1024,0,2.161152876126748,0.9750124569926736,0,0.0,0.0,0.0,0,-1,confirmation,False,0.7484375,0.7201953125,True,0.0519942667766282,0.1460957479517212,False,,20000,False,,20000,False,,20000
81001,0.65,1024,0.5,state_rotated,0048_state_rotated_81001,0,2.194285999983549,,0.0,8,0,0.2,749,0,0,0,0,5.134781488891349e-16,4.440892098500626e-16,1.1102230246251563e-16,57160,89.91903495715681,11.181833069341415,1024,0,7.923619860328105,3.258213209013313,0,1.3877787807814457e-17,2.7755575615628914e-17,2.0816681711721685e-17,0,-1,confirmation,False,0.990625,0.915068359375,True,0.0878115575753484,0.2757617925145564,True,2400.0,2400,True,4200.0,4200,True,14200.0,14200
81001,0.65,1024,1.0,aligned,0049_aligned_81001,0,2.441052250098437,,8.673617379884035e-19,8,0,0.2,155,0,0,0,0,4.996003610813204e-16,4.440892098500626e-16,0.0,79966,90.8347899547643,10.29066493583803,1024,0,7.148187748619513,3.142477187218518,0,0.0,0.0,0.0,0,-1,confirmation,False,0.976171875,0.9420361328125,True,0.0887058495651995,0.3130406114895927,True,1800.0,1800,True,3000.0,3000,False,,20000
81001,0.65,1024,1.0,state_rotated,0050_state_rotated_81001,0,2.2430201249662787,,0.0,8,0,0.2,566,0,0,0,0,5.134781488891349e-16,4.440892098500626e-16,1.6653345369377348e-16,58571,147.52465665757074,33.191458364971034,1024,0,23.39011978900839,9.801338575962674,0,2.7755575615628914e-17,1.1102230246251563e-16,8.326672684688674e-17,0,-1,confirmation,False,0.9943359375,0.9554248046875,True,0.1440670475171589,0.5316853459526623,True,1400.0,1400,True,1600.0,1600,True,4400.0,4400
81001,0.65,-1,0.0,none,0051_none_81001,0,0.1612705830484628,,0.0,8,0,0.2,-1,0,0,0,0,2.914335439641036e-16,0.0,0.0,1506,0.0,0.0,0,0,0.0,0.0,0,0.0,0.0,0.0,0,4200,confirmation,True,0.0,0.013076171875,False,,0.0,False,,20000,False,,20000,False,,20000
81002,0.5,-1,0.25,aligned,0052_aligned_81002,0,1.8206892090383917,,2.7755575615628914e-17,8,0,0.2,-1,0,0,0,0,5.134781488891349e-16,0.0,0.0,45075,1703.7071779181426,94.1762678313013,45075,0,62.351987715554486,31.824280115747573,0,0.0,0.0,0.0,0,-1,confirmation,False,0.9994140625,0.932705078125,False,0.0377971642355661,0.1838555978382496,True,2200.0,2200,True,2400.0,2400,True,3400.0,3400
81002,0.5,-1,0.25,state_rotated,0053_state_rotated_81002,0,1.8923126249574125,,0.0,8,0,0.2,-1,0,0,0,0,5.134781488891349e-16,0.0,1.6653345369377348e-16,43243,4086.059476433371,456.17649458729846,43243,0,361.9935554513893,94.18293913591182,0,6.938893903907228e-18,6.938893903907228e-18,1.0408340855860844e-17,0,-1,confirmation,False,0.99921875,0.874716796875,False,0.0944906569024667,0.2672446028372879,True,3400.0,3400,True,3600.0,3600,True,3800.0,3800
81002,0.5,-1,0.5,aligned,0054_aligned_81002,0,1.7152271249797195,,2.7755575615628914e-17,8,0,0.2,-1,0,0,0,0,5.134781488891349e-16,0.0,0.0,43046,2442.5506877384623,223.59378616203267,43046,0,149.90796214412953,73.68582401790088,0,0.0,0.0,0.0,0,-1,confirmation,False,0.9986328125,0.9560107421875,False,0.0567428027630549,0.3316596352409484,True,1400.0,1400,True,1600.0,1600,True,2000.0,2000
81002,0.5,-1,0.5,state_rotated,0055_state_rotated_81002,0,1.8158345830161124,,0.0,8,0,0.2,-1,0,0,0,0,5.134781488891349e-16,0.0,4.996003610813204e-16,41782,8079.553638072758,1943.3399418810657,41782,0,1532.598912273956,410.7410296071079,0,2.7755575615628914e-17,1.1102230246251563e-16,8.326672684688674e-17,0,-1,confirmation,False,0.9986328125,0.916005859375,False,0.1933740280042304,0.6540385214633462,True,2600.0,2600,True,2800.0,2800,True,3000.0,3000
81002,0.5,-1,1.0,aligned,0056_aligned_81002,0,1.6972989169880748,,2.7755575615628914e-17,8,0,0.2,-1,0,0,0,0,5.134781488891349e-16,0.0,0.0,42685,3906.3821695704314,628.2298934465875,42685,0,426.0490000995261,202.1808933470642,0,0.0,0.0,0.0,0,-1,confirmation,False,0.999609375,0.97578125,False,0.0915165085995181,0.6977856056979455,True,800.0,800,True,1000.0,1000,True,1000.0,1000
81002,0.5,-1,1.0,state_rotated,0057_state_rotated_81002,0,1.8376903340686113,,0.0,8,0,0.2,-1,0,0,0,0,5.134781488891349e-16,0.0,2.8421709430404014e-14,42184,25893.425031690815,131387.66065118264,42184,0,112518.96074738128,18868.699903800854,0,5.3290705182007506e-15,3.637978807091713e-12,3.637978807091713e-12,0,-1,confirmation,False,0.9986328125,0.9143701171875,False,0.6138209992340891,113.83550909398876,True,2400.0,2400,True,2600.0,2600,True,3200.0,3200
81002,0.5,1024,0.25,aligned,0058_aligned_81002,0,2.0425670410040766,,1.3877787807814457e-17,8,0,0.2,1034,0,0,0,0,4.996003610813204e-16,0.0,0.0,56243,58.118503821443134,4.3494147272384485,1024,0,2.85809036952824,1.491324357710208,0,0.0,0.0,0.0,0,-1,confirmation,False,0.9759765625,0.8614404296875,True,0.056756351388128,0.1516997452138577,True,4400.0,4400,True,12200.0,12200,False,,20000
81002,0.5,1024,0.25,state_rotated,0059_state_rotated_81002,0,1.9434190419269728,,0.0,8,0,0.2,1864,0,0,0,0,5.134781488891349e-16,0.0,5.551115123125783e-17,48475,79.58243361296765,7.460657014289107,1024,0,5.403788162222078,2.056868852067041,0,6.938893903907228e-18,5.204170427930421e-18,4.3368086899420185e-18,0,-1,confirmation,False,0.9921875,0.8618603515625,True,0.0777172203251637,0.1709520722910815,True,3800.0,3800,True,4200.0,4200,True,9400.0,9400
81002,0.5,1024,0.5,aligned,0060_aligned_81002,0,1.8795246669324115,,2.7755575615628914e-17,8,0,0.2,878,0,0,0,0,5.134781488891349e-16,0.0,0.0,51925,97.12007975667746,12.806530242749089,1024,0,8.505510561003796,4.301019681745287,0,0.0,0.0,0.0,0,-1,confirmation,False,0.9931640625,0.9391845703125,True,0.0948438278873803,0.2842233018376322,True,1800.0,1800,True,2200.0,2200,True,18000.0,18000
81002,0.5,1024,0.5,state_rotated,0061_state_rotated_81002,0,1.8598919169744477,,0.0,8,0,0.2,1466,0,0,0,0,5.134781488891349e-16,0.0,1.3877787807814454e-16,45513,151.23086743993196,27.75195410936989,1024,0,20.35852271610683,7.393431393263112,0,1.3877787807814457e-17,3.4694469519536136e-17,2.7755575615628914e-17,0,-1,confirmation,False,0.9990234375,0.91572265625,True,0.1476863939843085,0.3293457384680147,True,2600.0,2600,True,2600.0,2600,True,3000.0,3000
81002,0.5,1024,1.0,aligned,0062_aligned_81002,0,1.71257874998264,,1.3877787807814457e-17,8,0,0.2,564,0,0,0,0,5.134781488891349e-16,0.0,0.0,44594,149.71731049838434,33.36923206701825,1024,0,22.495353452075086,10.87387861494318,0,0.0,0.0,0.0,0,-1,confirmation,False,0.998046875,0.973466796875,True,0.1462083110335784,0.5263828930035227,True,1000.0,1000,True,1000.0,1000,True,1400.0,1400
81002,0.5,1024,1.0,state_rotated,0063_state_rotated_81002,0,1.7565865409560502,,0.0,8,0,0.2,1510,0,0,0,0,5.134781488891349e-16,0.0,3.3306690738754696e-16,40910,329.9462663589136,138.44872962270856,1024,0,101.62679903301928,36.821930589689366,0,5.551115123125783e-17,3.3306690738754696e-16,2.775557561562891e-16,0,-1,confirmation,False,0.9998046875,0.916357421875,True,0.3222131507411265,0.9081469642356556,True,2400.0,2400,True,2600.0,2600,True,2800.0,2800
81002,0.5,-1,0.0,none,0064_none_81002,0,0.1490296249976381,,0.0,8,0,0.2,-1,0,0,0,0,2.914335439641036e-16,0.0,0.0,871,0.0,0.0,0,0,0.0,0.0,0,0.0,0.0,0.0,0,8000,confirmation,True,0.0,0.0123193359375,False,,0.0,False,,20000,False,,20000,False,,20000
81002,0.65,-1,0.25,aligned,0065_aligned_81002,0,1.902512790984474,,2.7755575615628914e-17,8,0,0.2,-1,0,0,0,0,5.134781488891349e-16,4.440892098500626e-16,0.0,50886,1652.6452601041085,85.82014932908008,50886,0,56.6052330359858,29.21491629309371,0,0.0,0.0,0.0,0,-1,confirmation,False,0.99921875,0.9675341796875,False,0.032477405575288,0.2102315932118305,True,1800.0,1800,True,2000.0,2000,True,3800.0,3800
81002,0.65,-1,0.25,state_rotated,0066_state_rotated_81002,0,1.9538654159987343,,0.0,8,0,0.2,-1,0,0,0,0,5.134781488891349e-16,4.440892098500626e-16,1.3877787807814454e-16,46512,3600.252429806385,359.86371462607326,46512,0,285.860637394205,74.00307723186852,0,7.37257477290143e-18,6.938893903907228e-18,6.938893903907228e-18,0,-1,confirmation,False,0.99921875,0.934140625,False,0.0774048080023732,0.2677767738059092,True,2000.0,2000,True,2200.0,2200,True,3200.0,3200
81002,0.65,-1,0.5,aligned,0067_aligned_81002,0,1.8186729589942845,,2.7755575615628914e-17,8,0,0.2,-1,0,0,0,0,5.134781488891349e-16,4.440892098500626e-16,0.0,47519,2374.754395869999,209.0728825373829,47519,0,139.93424230997036,69.13864022741522,0,0.0,0.0,0.0,0,-1,confirmation,False,0.999609375,0.9792041015625,False,0.0499748394509564,0.4011357573132075,True,1000.0,1000,True,1200.0,1200,True,1600.0,1600
81002,0.65,-1,0.5,state_rotated,0068_state_rotated_81002,0,1.9713632080238312,,0.0,8,0,0.2,-1,0,0,0,0,5.134781488891349e-16,4.440892098500626e-16,3.8857805861880484e-16,46516,7639.546334299345,1733.9685128283709,46516,0,1371.81411669951,362.1543961288784,0,3.122502256758253e-17,2.220446049250313e-16,2.220446049250313e-16,0,-1,confirmation,False,0.99921875,0.940361328125,False,0.164234808115473,0.9379510400563584,True,1800.0,1800,True,2000.0,2000,True,4000.0,4000
81002,0.65,-1,1.0,aligned,0069_aligned_81002,0,1.7911135839531198,,2.7755575615628914e-17,8,0,0.2,-1,0,0,0,0,5.134781488891349e-16,4.440892098500626e-16,0.0,45711,3647.4129451512463,546.7391238387142,45711,0,369.8225927758955,176.9165310628149,0,0.0,0.0,0.0,0,-1,confirmation,False,0.9994140625,0.98587890625,False,0.0797928932893886,0.7416363110331221,True,600.0,600,True,600.0,600,True,800.0,800
81002,0.65,-1,1.0,state_rotated,0070_state_rotated_81002,0,1.9998499169014392,,0.0,8,0,0.2,-1,0,0,0,0,5.134781488891349e-16,4.440892098500626e-16,5.3290705182007506e-15,47390,19781.78386464647,16369.780683055336,47390,0,12979.47040154558,3390.310281509652,0,8.881784197001252e-16,2.8421709430404014e-14,4.263256414560601e-14,0,-1,confirmation,False,0.998828125,0.9566259765625,False,0.4174252767386889,12.988222415035017,True,1400.0,1400,True,1600.0,1600,True,3800.0,3800
81002,0.65,1024,0.25,aligned,0071_aligned_81002,0,2.9993861250113696,,1.3877787807814457e-17,8,0,0.2,172,0,0,0,0,2.914335439641036e-16,0.0,0.0,96990,29.56179674580008,0.9181631614564564,1024,0,0.630171107717473,0.2879920537389843,0,0.0,0.0,0.0,0,-1,confirmation,False,0.7453125,0.7064990234375,True,0.0288689421345703,0.0791154791062486,False,,20000,False,,20000,False,,20000
81002,0.65,1024,0.25,state_rotated,0072_state_rotated_81002,0,2.9615422919159755,,0.0,8,0,0.2,766,0,0,0,0,4.579669976578771e-16,4.440892098500626e-16,5.551115123125783e-17,79350,46.40168038842483,2.85188588077975,1024,0,1.9933192457768687,0.858566635002879,0,6.938893903907228e-18,3.469446951953614e-18,2.6020852139652106e-18,0,-1,confirmation,False,0.8552734375,0.78236328125,True,0.0453141410043211,0.1409270685627916,False,,20000,False,,20000,False,,20000
81002,0.65,1024,0.5,aligned,0073_aligned_81002,0,3.0653763338923454,,1.3877787807814457e-17,8,0,0.2,128,0,0,0,0,2.914335439641036e-16,0.0,0.0,98602,53.71780107612045,3.138500795145436,1024,0,2.170023682487662,0.9684771126577764,0,0.0,0.0,0.0,0,-1,confirmation,False,0.7349609375,0.699443359375,True,0.0524587901133988,0.1430806766831954,False,,20000,False,,20000,False,,20000
81002,0.65,1024,0.5,state_rotated,0074_state_rotated_81002,0,2.2294774579349905,,0.0,8,0,0.2,844,0,0,0,0,5.134781488891349e-16,4.440892098500626e-16,1.3877787807814454e-16,53716,92.61473440304844,11.984169679573762,1024,0,8.54710929121687,3.4370603883568847,0,1.3877787807814457e-17,2.0816681711721685e-17,2.0816681711721685e-17,0,-1,confirmation,False,0.9865234375,0.91447265625,True,0.090444076565477,0.3437705966181303,True,2400.0,2400,True,5000.0,5000,False,,20000
81002,0.65,1024,1.0,aligned,0075_aligned_81002,0,3.076262208051048,,1.734723475976807e-18,8,0,0.2,139,0,0,0,0,4.0245584642661925e-16,4.440892098500626e-16,0.0,99766,90.5782756431952,10.10700607459202,1024,0,7.021275091993431,3.0857309825986023,0,0.0,0.0,0.0,0,-1,confirmation,False,0.916015625,0.8710400390625,True,0.0884553473078078,0.2918859720390466,True,11800.0,11800,False,,20000,False,,20000
81002,0.65,1024,1.0,state_rotated,0076_state_rotated_81002,0,2.076911957934499,,0.0,8,0,0.2,721,0,0,0,0,5.134781488891349e-16,4.440892098500626e-16,1.6653345369377348e-16,52021,165.85555990687126,41.09169882187493,1024,0,29.1547838603003,11.936914961574674,0,3.7296554733501346e-17,1.6653345369377348e-16,1.6653345369377348e-16,0,-1,confirmation,False,0.99609375,0.95380859375,True,0.1619683202215539,0.5508849869085294,True,1400.0,1400,True,1800.0,1800,True,5400.0,5400
81002,0.65,-1,0.0,none,0077_none_81002,0,0.1902993750991299,,0.0,8,0,0.2,-1,0,0,0,0,2.914335439641036e-16,0.0,0.0,2333,0.0,0.0,0,0,0.0,0.0,0,0.0,0.0,0.0,0,8400,confirmation,True,0.0,0.0216064453125,False,,0.0,False,,20000,False,,20000,False,,20000
81003,0.5,-1,0.25,aligned,0078_aligned_81003,0,1.7731567920418456,,2.7755575615628914e-17,8,0,0.2,-1,0,0,0,0,5.134781488891349e-16,0.0,0.0,44202,1694.90927201177,95.09877301637655,44202,0,62.94247250894378,32.15630050743267,0,0.0,0.0,0.0,0,-1,confirmation,False,0.9990234375,0.93013671875,False,0.0383446285691093,0.1766306066210005,True,2200.0,2200,True,2400.0,2400,True,3000.0,3000
81003,0.5,-1,0.25,state_rotated,0079_state_rotated_81003,0,1.8019084580009803,,0.0,8,0,0.2,-1,0,0,0,0,5.134781488891349e-16,0.0,1.6653345369377348e-16,40469,3846.262971985085,433.63988012515347,40469,0,344.57778161059343,89.06209851456097,0,1.3877787807814457e-17,1.3877787807814457e-17,1.3877787807814457e-17,0,-1,confirmation,False,0.998046875,0.8515234375,False,0.0950422044524224,0.2792120770812383,True,4000.0,4000,True,4200.0,4200,True,4800.0,4800
81003,0.5,-1,0.5,aligned,0080_aligned_81003,0,1.9102238749619571,,2.7755575615628914e-17,8,0,0.2,-1,0,0,0,0,5.134781488891349e-16,0.0,0.0,43405,2472.4329651437324,229.79226283048695,43405,0,154.268083026963,75.52417980352587,0,0.0,0.0,0.0,0,-1,confirmation,False,0.9994140625,0.9583447265625,False,0.0569619390656314,0.369100715053226,True,1400.0,1400,True,1400.0,1400,True,1800.0,1800
81003,0.5,-1,0.5,state_rotated,0081_state_rotated_81003,0,2.006391333998181,,0.0,8,0,0.2,-1,0,0,0,0,5.134781488891349e-16,0.0,4.440892098500626e-16,42261,7799.370576950396,1826.236772153496,42261,0,1441.291759335842,384.9450128176552,0,2.7755575615628914e-17,2.220446049250313e-16,3.3306690738754696e-16,0,-1,confirmation,False,0.9990234375,0.9093359375,False,0.1845524378729892,0.9903460050661824,True,2600.0,2600,True,2800.0,2800,True,3600.0,3600
81003,0.5,-1,1.0,aligned,0082_aligned_81003,0,1.8564515410689637,,2.7755575615628914e-17,8,0,0.2,-1,0,0,0,0,5.134781488891349e-16,0.0,0.0,42471,3941.7037307325777,640.0584127564191,42471,0,433.7316067315401,206.32680602487625,0,0.0,0.0,0.0,0,-1,confirmation,False,0.9998046875,0.97423828125,False,0.0928092988329113,0.7707418096862613,True,800.0,800,True,1000.0,1000,True,1000.0,1000
81003,0.5,-1,1.0,state_rotated,0083_state_rotated_81003,0,1.8454392090206968,,0.0,8,0,0.2,-1,0,0,0,0,5.134781488891349e-16,0.0,1.7763568394002505e-15,41665,19988.00067692276,15021.60207289174,41665,0,11863.599862239696,3158.002210652181,0,3.3306690738754696e-16,1.4210854715202004e-14,1.0658141036401504e-14,0,-1,confirmation,False,0.998828125,0.9116748046875,False,0.479731205494366,6.204004425706733,True,2600.0,2600,True,2800.0,2800,True,3200.0,3200
81003,0.5,1024,0.25,aligned,0084_aligned_81003,0,2.1205448750406504,,1.3877787807814457e-17,8,0,0.2,1113,0,0,0,0,4.996003610813204e-16,0.0,0.0,59126,63.35679300987831,5.147721476246158,1024,0,3.4035444195071136,1.74417705673904,0,0.0,0.0,0.0,0,-1,confirmation,False,0.936328125,0.848642578125,True,0.0618718681737092,0.1558957777575959,True,4200.0,4200,False,,20000,False,,20000
81003,0.5,1024,0.25,state_rotated,0085_state_rotated_81003,0,1.9504407909698784,,0.0,8,0,0.2,1979,0,0,0,0,4.996003610813204e-16,0.0,8.326672684688674e-17,48670,80.82740826135242,7.7386975760590495,1024,0,5.536696855359236,2.202000720699809,0,6.938893903907228e-18,4.3368086899420185e-18,3.469446951953614e-18,0,-1,confirmation,False,0.9865234375,0.80513671875,True,0.0789330158802269,0.1690815179821879,True,5400.0,5400,True,5800.0,5800,False,,20000
81003,0.5,1024,0.5,aligned,0086_aligned_81003,0,1.9228501670295373,,2.7755575615628914e-17,8,0,0.2,829,0,0,0,0,5.134781488891349e-16,0.0,0.0,54663,97.60752993425672,13.236622627646952,1024,0,8.911141409955228,4.32548121769173,0,0.0,0.0,0.0,0,-1,confirmation,False,0.9931640625,0.94041015625,True,0.0953198534514225,0.2919480664380528,True,1600.0,1600,True,2200.0,2200,True,18000.0,18000
81003,0.5,1024,0.5,state_rotated,0087_state_rotated_81003,0,1.866030125063844,,0.0,8,0,0.2,1344,0,0,0,0,5.134781488891349e-16,0.0,1.6653345369377348e-16,44424,164.07131473290903,32.074182158869924,1024,0,23.304620759175968,8.769561399693936,0,1.3877787807814457e-17,2.0816681711721685e-17,2.0816681711721685e-17,0,-1,confirmation,False,0.99765625,0.9070947265625,True,0.1602258932938564,0.3307769016873862,True,2800.0,2800,True,2800.0,2800,True,5800.0,5800
81003,0.5,1024,1.0,aligned,0088_aligned_81003,0,1.7154858339345085,,1.3877787807814457e-17,8,0,0.2,585,0,0,0,0,5.134781488891349e-16,0.0,0.0,44243,150.4710570038672,33.437930127980536,1024,0,22.524627880655807,10.913302247324689,0,0.0,0.0,0.0,0,-1,confirmation,False,0.997265625,0.9716455078125,True,0.146944391605339,0.5135101968900451,True,1000.0,1000,True,1000.0,1000,True,1200.0,1200
81003,0.5,1024,1.0,state_rotated,0089_state_rotated_81003,0,1.7623587499838322,,0.0,8,0,0.2,1462,0,0,0,0,5.134781488891349e-16,0.0,3.3306690738754696e-16,40599,347.683051616545,151.77200989713626,1024,0,111.64427003501704,40.12773986211933,0,5.551115123125783e-17,4.440892098500626e-16,3.3306690738754696e-16,0,-1,confirmation,False,0.9982421875,0.9169873046875,True,0.3395342300942822,1.0187113349797,True,2400.0,2400,True,2600.0,2600,True,2800.0,2800
81003,0.5,-1,0.0,none,0090_none_81003,0,0.1435516249621287,,0.0,8,0,0.2,-1,0,0,0,0,2.914335439641036e-16,0.0,0.0,773,0.0,0.0,0,0,0.0,0.0,0,0.0,0.0,0.0,0,3800,confirmation,True,0.0,0.0107568359375,False,,0.0,False,,20000,False,,20000,False,,20000
81003,0.65,-1,0.25,aligned,0091_aligned_81003,0,1.9306014579487965,,2.7755575615628914e-17,8,0,0.2,-1,0,0,0,0,5.134781488891349e-16,4.440892098500626e-16,0.0,51556,1681.7286742875149,87.42047528201613,51556,0,57.599349147592115,29.821126134425104,0,0.0,0.0,0.0,0,-1,confirmation,False,0.9994140625,0.9705224609375,False,0.0326194560145766,0.2021013843147167,True,1400.0,1400,True,2000.0,2000,True,3400.0,3400
81003,0.65,-1,0.25,state_rotated,0092_state_rotated_81003,0,1.9942089160904288,,0.0,8,0,0.2,-1,0,0,0,0,5.134781488891349e-16,4.440892098500626e-16,1.6653345369377348e-16,47992,3650.178387023698,361.2704240548973,47992,0,286.40188144308735,74.86854261180756,0,6.938893903907228e-18,6.938893903907228e-18,6.938893903907228e-18,0,-1,confirmation,False,0.9990234375,0.9235009765625,False,0.076058059406228,0.2343186383697527,True,2200.0,2200,True,2400.0,2400,True,3800.0,3800
81003,0.65,-1,0.5,aligned,0093_aligned_81003,0,1.826368708978407,,2.7755575615628914e-17,8,0,0.2,-1,0,0,0,0,5.134781488891349e-16,4.440892098500626e-16,0.0,47630,2397.410767092181,215.18797496196868,47630,0,143.93392357597656,71.25405138599154,0,0.0,0.0,0.0,0,-1,confirmation,False,0.9994140625,0.9803857421875,False,0.0503340492776019,0.4073197255789821,True,1000.0,1000,True,1200.0,1200,True,1800.0,1800
81003,0.65,-1,0.5,state_rotated,0094_state_rotated_81003,0,1.9840437499806285,,0.0,8,0,0.2,-1,0,0,0,0,5.134781488891349e-16,4.440892098500626e-16,4.440892098500626e-16,47595,7266.450307515568,1526.5573827638198,47595,0,1203.300520231798,323.2568625320308,0,2.7755575615628914e-17,1.1102230246251563e-16,1.1102230246251563e-16,0,-1,confirmation,False,0.9994140625,0.9343310546875,False,0.1526725560986567,0.752995130813557,True,1800.0,1800,True,2000.0,2000,True,3000.0,3000
81003,0.65,-1,1.0,aligned,0095_aligned_81003,0,1.765009458991699,,2.7755575615628914e-17,8,0,0.2,-1,0,0,0,0,5.134781488891349e-16,4.440892098500626e-16,0.0,44957,3705.948964000614,581.506941301514,44957,0,394.0526231915197,187.45431810999625,0,0.0,0.0,0.0,0,-1,confirmation,False,0.99765625,0.98673828125,False,0.0824331909157776,0.7880557900858007,True,600.0,600,True,600.0,600,True,800.0,800
81003,0.65,-1,1.0,state_rotated,0096_state_rotated_81003,0,1.981703625060618,,0.0,8,0,0.2,-1,0,0,0,0,5.134781488891349e-16,4.440892098500626e-16,7.105427357601002e-15,47131,18458.362637213297,16811.091030163152,47131,0,13224.726009059828,3586.3650211032987,0,8.881784197001252e-16,2.273736754432321e-13,1.7053025658242404e-13,0,-1,confirmation,False,0.99921875,0.9470751953125,False,0.3916395289133118,23.693003283774033,True,1600.0,1600,True,1800.0,1800,True,2600.0,2600
81003,0.65,1024,0.25,aligned,0097_aligned_81003,0,2.980599958100356,,1.3877787807814457e-17,8,0,0.2,129,0,0,0,0,2.914335439641036e-16,0.0,0.0,96499,29.1593908662755,0.8873889605002568,1024,0,0.6085452756910946,0.2788436848091616,0,0.0,0.0,0.0,0,-1,confirmation,False,0.7263671875,0.680078125,True,0.0284759676428471,0.0719463900867416,False,,20000,False,,20000,False,,20000
81003,0.65,1024,0.25,state_rotated,0098_state_rotated_81003,0,2.8347613329533488,,0.0,8,0,0.2,835,0,0,0,0,5.134781488891349e-16,4.440892098500626e-16,5.551115123125783e-17,79420,45.95368135166338,2.909751787404429,1024,0,2.020479031135734,0.8892727562686934,0,6.938893903907228e-18,3.469446951953614e-18,2.6020852139652106e-18,0,-1,confirmation,False,0.8978515625,0.828740234375,True,0.0448766419449837,0.1437348648305286,True,9000.0,9000,False,,20000,False,,20000
81003,0.65,1024,0.5,aligned,0099_aligned_81003,0,3.123821625020355,,1.3877787807814457e-17,8,0,0.2,133,0,0,0,0,2.914335439641036e-16,4.440892098500626e-16,0.0,100137,53.73418829455811,3.1771629535456034,1024,0,2.1860601025853086,0.9911028509603024,0,0.0,0.0,0.0,0,-1,confirmation,False,0.786328125,0.7385205078125,True,0.0524747932564044,0.146963840333837,False,,20000,False,,20000,False,,20000
81003,0.65,1024,0.5,state_rotated,0100_state_rotated_81003,0,2.734764541964978,,0.0,8,0,0.2,808,0,0,0,0,4.996003610813204e-16,4.440892098500626e-16,1.3877787807814454e-16,71422,91.64228604817166,11.636272400834107,1024,0,8.258565872416675,3.3777065284174386,0,1.3877787807814457e-17,2.0816681711721685e-17,2.0816681711721685e-17,0,-1,confirmation,False,0.94296875,0.8285986328125,True,0.0894944199689176,0.2842766040389021,True,9400.0,9400,False,,20000,False,,20000
81003,0.65,1024,1.0,aligned,0101_aligned_81003,0,3.1599014159291983,,8.673617379884035e-19,8,0,0.2,132,0,0,0,0,2.914335439641036e-16,4.440892098500626e-16,0.0,108892,91.29391000181025,10.174956581521595,1024,0,7.080301986300323,3.094654595221285,0,0.0,0.0,0.0,0,-1,confirmation,False,0.878515625,0.8319091796875,True,0.0891542089861428,0.3053410730975096,False,,20000,False,,20000,False,,20000
81003,0.65,1024,1.0,state_rotated,0102_state_rotated_81003,0,2.0054519589757547,,0.0,8,0,0.2,738,0,0,0,0,5.134781488891349e-16,4.440892098500626e-16,2.220446049250313e-16,45172,166.7753372590901,43.46041891538453,1024,0,30.687026141373792,12.77339277401077,0,2.949029909160572e-17,8.326672684688674e-17,8.326672684688674e-17,0,-1,confirmation,False,0.9986328125,0.9510888671875,True,0.1628665402920801,0.5704296207014093,True,1400.0,1400,True,1600.0,1600,True,2200.0,2200
81003,0.65,-1,0.0,none,0103_none_81003,0,0.1716389579232782,,0.0,8,0,0.2,-1,0,0,0,0,2.914335439641036e-16,0.0,0.0,1728,0.0,0.0,0,0,0.0,0.0,0,0.0,0.0,0.0,0,5000,confirmation,True,0.0,0.0154248046875,False,,0.0,False,,20000,False,,20000,False,,20000
81004,0.5,-1,0.25,aligned,0104_aligned_81004,0,1.7762029590085149,,2.7755575615628914e-17,8,0,0.2,-1,0,0,0,0,5.134781488891349e-16,0.0,0.0,44918,1693.4080239097395,94.20952860050642,44918,0,62.399680666460426,31.809847934046047,0,0.0,0.0,0.0,0,-1,confirmation,False,0.99921875,0.92435546875,False,0.0376999871746235,0.2147285519226432,True,2400.0,2400,True,2400.0,2400,True,3600.0,3600
81004,0.5,-1,0.25,state_rotated,0105_state_rotated_81004,0,1.7860601249849424,,0.0,8,0,0.2,-1,0,0,0,0,5.134781488891349e-16,0.0,1.3877787807814454e-16,40888,3728.7954544391982,406.2613470570235,40888,0,322.71872295389164,83.54262410313454,0,1.0408340855860844e-17,1.0408340855860844e-17,1.0408340855860844e-17,0,-1,confirmation,False,0.9986328125,0.8568359375,False,0.091195349599863,0.2636939955749931,True,4000.0,4000,True,4000.0,4000,True,4400.0,4400
81004,0.5,-1,0.5,aligned,0106_aligned_81004,0,1.7204385000513869,,2.7755575615628914e-17,8,0,0.2,-1,0,0,0,0,5.134781488891349e-16,0.0,0.0,43580,2526.6500725526007,238.65384212329897,43580,0,159.89020017489293,78.76364194840724,0,0.0,0.0,0.0,0,-1,confirmation,False,0.9990234375,0.9613037109375,False,0.0579772848222258,0.3570463873638804,True,1400.0,1400,True,1400.0,1400,True,2000.0,2000
81004,0.5,-1,0.5,state_rotated,0107_state_rotated_81004,0,1.869781041983515,,0.0,8,0,0.2,-1,0,0,0,0,5.134781488891349e-16,0.0,3.3306690738754696e-16,43504,7917.502213310422,1785.2529385432204,43504,0,1409.0252805146945,376.22765802854946,0,2.7755575615628914e-17,8.326672684688674e-17,8.326672684688674e-17,0,-1,confirmation,False,0.9994140625,0.92306640625,False,0.1819948099786323,0.6729863196213287,True,2400.0,2400,True,2600.0,2600,True,3600.0,3600
81004,0.5,-1,1.0,aligned,0108_aligned_81004,0,1.7076732499990612,,2.7755575615628914e-17,8,0,0.2,-1,0,0,0,0,5.134781488891349e-16,0.0,0.0,43081,3987.878147675105,651.5553807565956,43081,0,442.0975445863656,209.45783617022556,0,0.0,0.0,0.0,0,-1,confirmation,False,0.999609375,0.97720703125,False,0.0925669819102412,0.7944645094986111,True,800.0,800,True,800.0,800,True,1000.0,1000
81004,0.5,-1,1.0,state_rotated,0109_state_rotated_81004,0,1.9043156249681488,,0.0,8,0,0.2,-1,0,0,0,0,5.134781488891349e-16,0.0,7.105427357601002e-15,43965,21522.521070559676,23297.27556527484,43965,0,18920.26609930266,4377.009465972304,0,8.881784197001252e-16,7.105427357601003e-14,5.684341886080803e-14,0,-1,confirmation,False,0.9974609375,0.9381103515625,False,0.4895376110669777,12.872346890603708,True,2000.0,2000,True,2200.0,2200,True,3400.0,3400
81004,0.5,1024,0.25,aligned,0110_aligned_81004,0,2.0870645419927314,,1.3877787807814457e-17,8,0,0.2,1077,0,0,0,0,4.996003610813204e-16,0.0,0.0,57494,61.17519232019375,4.732549824323871,1024,0,3.12888643399385,1.6036633903300277,0,0.0,0.0,0.0,0,-1,confirmation,False,0.948828125,0.831435546875,True,0.0597413987501892,0.1515137580387908,True,5600.0,5600,False,,20000,False,,20000
81004,0.5,1024,0.25,state_rotated,0111_state_rotated_81004,0,1.877165750018321,,0.0,8,0,0.2,1949,0,0,0,0,5.134781488891349e-16,0.0,8.326672684688674e-17,46332,81.75408028380774,7.850973069819364,1024,0,5.570987312216991,2.279985757602373,0,6.938893903907228e-18,4.3368086899420185e-18,4.3368086899420185e-18,0,-1,confirmation,False,0.9927734375,0.8204833984375,True,0.079837969027156,0.1693923958168422,True,4800.0,4800,True,5000.0,5000,True,11000.0,11000
81004,0.5,1024,0.5,aligned,0112_aligned_81004,0,1.9164002089528367,,2.7755575615628914e-17,8,0,0.2,768,0,0,0,0,5.134781488891349e-16,0.0,0.0,53345,104.04483162140797,14.72121199437664,1024,0,9.85907870648694,4.8621332878897,0,0.0,0.0,0.0,0,-1,confirmation,False,0.988671875,0.9419873046875,True,0.1016062808802812,0.2783527706887395,True,1600.0,1600,True,2000.0,2000,True,16400.0,16400
81004,0.5,1024,0.5,state_rotated,0113_state_rotated_81004,0,1.89546158304438,,0.0,8,0,0.2,1249,0,0,0,0,5.134781488891349e-16,0.0,1.1102230246251563e-16,45065,154.46975227441953,28.71321824871825,1024,0,20.846990030940063,7.866228217778207,0,2.0816681711721685e-17,4.163336342344337e-17,2.7755575615628914e-17,0,-1,confirmation,False,0.998046875,0.9154833984375,True,0.1508493674554878,0.3501689914060314,True,2600.0,2600,True,2800.0,2800,True,4800.0,4800
81004,0.5,1024,1.0,aligned,0114_aligned_81004,0,1.7342844589147717,,1.3877787807814457e-17,8,0,0.2,535,0,0,0,0,5.134781488891349e-16,0.0,0.0,45220,155.68285285774706,35.04719519376885,1024,0,23.65550942855597,11.391685765212864,0,0.0,0.0,0.0,0,-1,confirmation,False,0.998046875,0.974755859375,True,0.1520340359938936,0.5343110410818507,True,800.0,800,True,1000.0,1000,True,1400.0,1400
81004,0.5,1024,1.0,state_rotated,0115_state_rotated_81004,0,1.829429875011556,,0.0,8,0,0.2,1028,0,0,0,0,5.134781488891349e-16,0.0,3.3306690738754696e-16,42503,292.908549005353,108.03448402403998,1024,0,78.41273953465968,29.621744489380525,0,4.163336342344337e-17,1.6653345369377348e-16,1.6653345369377348e-16,0,-1,confirmation,False,0.99921875,0.9415380859375,True,0.28604350488804,0.7285990779349129,True,2000.0,2000,True,2000.0,2000,True,2200.0,2200
81004,0.5,-1,0.0,none,0116_none_81004,0,0.1470897920662537,,0.0,8,0,0.2,-1,0,0,0,0,2.914335439641036e-16,0.0,0.0,880,0.0,0.0,0,0,0.0,0.0,0,0.0,0.0,0.0,0,5600,confirmation,True,0.0,0.0115869140625,False,,0.0,False,,20000,False,,20000,False,,20000
81004,0.65,-1,0.25,aligned,0117_aligned_81004,0,1.933557040989399,,2.7755575615628914e-17,8,0,0.2,-1,0,0,0,0,5.134781488891349e-16,4.440892098500626e-16,0.0,51328,1671.5553778349088,86.73761111694193,51328,0,57.15519199659723,29.582419120345577,0,0.0,0.0,0.0,0,-1,confirmation,False,0.9984375,0.9699072265625,False,0.0325661505968459,0.1922566887359544,True,1400.0,1400,True,2200.0,2200,True,3800.0,3800
81004,0.65,-1,0.25,state_rotated,0118_state_rotated_81004,0,2.0346489169169217,,0.0,8,0,0.2,-1,0,0,0,0,5.134781488891349e-16,4.440892098500626e-16,1.3877787807814454e-16,48877,3758.3892995895458,379.26236938463353,48877,0,301.9353819236966,77.326987460935,0,7.806255641895632e-18,8.673617379884035e-18,6.938893903907228e-18,0,-1,confirmation,False,0.9990234375,0.9230224609375,False,0.0768948441923511,0.261172535697617,True,2400.0,2400,True,2800.0,2800,True,5200.0,5200
81004,0.65,-1,0.5,aligned,0119_aligned_81004,0,1.833766540978104,,2.7755575615628914e-17,8,0,0.2,-1,0,0,0,0,5.134781488891349e-16,4.440892098500626e-16,0.0,47741,2402.2639588866796,212.3419580870577,47741,0,141.99633109317784,70.34562699387826,0,0.0,0.0,0.0,0,-1,confirmation,False,0.998828125,0.98,False,0.0503186770048109,0.427123997179069,True,800.0,800,True,1000.0,1000,True,1600.0,1600
81004,0.65,-1,0.5,state_rotated,0120_state_rotated_81004,0,1.996644499944523,,0.0,8,0,0.2,-1,0,0,0,0,5.134781488891349e-16,4.440892098500626e-16,4.440892098500626e-16,47946,7810.72920008924,1740.836413422474,47946,0,1367.4931903717493,373.3432230507413,0,2.7755575615628914e-17,2.220446049250313e-16,1.1102230246251563e-16,0,-1,confirmation,False,0.9990234375,0.9418603515625,False,0.1629067951463988,0.777989657442302,True,1800.0,1800,True,2000.0,2000,True,3600.0,3600
81004,0.65,-1,1.0,aligned,0121_aligned_81004,0,1.7695494170766324,,2.7755575615628914e-17,8,0,0.2,-1,0,0,0,0,5.134781488891349e-16,4.440892098500626e-16,0.0,45432,3725.9220177373286,584.5198103503984,45432,0,395.8487538132091,188.67105653718045,0,0.0,0.0,0.0,0,-1,confirmation,False,0.99921875,0.987314453125,False,0.0820109618272875,0.8004448717396013,True,600.0,600,True,600.0,600,True,800.0,800
81004,0.65,-1,1.0,state_rotated,0122_state_rotated_81004,0,2.019151832908392,,0.0,8,0,0.2,-1,0,0,0,0,5.134781488891349e-16,4.440892098500626e-16,1.7763568394002505e-15,48106,17332.160784234213,10531.49981777732,48106,0,8315.226548283312,2216.2732694940014,0,4.440892098500626e-16,7.105427357601002e-15,1.4210854715202004e-14,0,-1,confirmation,False,0.998828125,0.954423828125,False,0.3602910402909037,7.196136397169966,True,1600.0,1600,True,1800.0,1800,True,2400.0,2400
81004,0.65,1024,0.25,aligned,0123_aligned_81004,0,2.95905904204119,,1.3877787807814457e-17,8,0,0.2,162,0,0,0,0,2.914335439641036e-16,0.0,0.0,95802,29.47620062482462,0.9070609290243248,1024,0,0.6251650620597946,0.2818958669645308,0,0.0,0.0,0.0,0,-1,confirmation,False,0.7095703125,0.6719921875,True,0.0287853521726802,0.0818827818857496,False,,20000,False,,20000,False,,20000
81004,0.65,1024,0.25,state_rotated,0124_state_rotated_81004,0,3.010867749922909,,0.0,8,0,0.2,688,0,0,0,0,2.914335439641036e-16,4.440892098500626e-16,5.551115123125783e-17,83542,45.32150222423986,2.690380459556332,1024,0,1.882930413691608,0.8074500458647254,0,6.938893903907228e-18,3.469446951953614e-18,3.469446951953614e-18,0,-1,confirmation,False,0.7791015625,0.6871337890625,True,0.0442592795158592,0.1340498718847521,False,,20000,False,,20000,False,,20000
81004,0.65,1024,0.5,aligned,0125_aligned_81004,0,3.0008409580914304,,1.3877787807814457e-17,8,0,0.2,148,0,0,0,0,2.914335439641036e-16,4.440892098500626e-16,0.0,99235,53.507523032236875,3.1368555667767604,1024,0,2.1647849180157577,0.9720706487610128,0,0.0,0.0,0.0,0,-1,confirmation,False,0.717578125,0.699384765625,True,0.0522534404611688,0.1531099967287583,False,,20000,False,,20000,False,,20000
81004,0.65,1024,0.5,state_rotated,0126_state_rotated_81004,0,2.6926522499416023,,0.0,8,0,0.2,646,0,0,0,0,4.996003610813204e-16,4.440892098500626e-16,1.1102230246251563e-16,76686,86.14773705482004,10.2287482646035,1024,0,7.198131288513007,3.0306169760904753,0,1.3877787807814457e-17,1.7347234759768068e-17,1.3877787807814457e-17,0,-1,confirmation,False,0.9578125,0.87578125,True,0.0841286494675977,0.2665564272328853,True,3600.0,3600,True,9600.0,9600,False,,20000
81004,0.65,1024,1.0,aligned,0127_aligned_81004,0,3.0904757919488475,,6.938893903907228e-18,8,0,0.2,109,0,0,0,0,3.469446951953614e-16,4.440892098500626e-16,0.0,109666,90.43776343371056,9.888622714059032,1024,0,6.8707106863142275,3.017912027744809,0,0.0,0.0,0.0,0,-1,confirmation,False,0.8685546875,0.8276904296875,True,0.0883181283532329,0.2763995200854692,False,,20000,False,,20000,False,,20000
81004,0.65,1024,1.0,state_rotated,0128_state_rotated_81004,0,2.132486499962397,,0.0,8,0,0.2,654,0,0,0,0,5.134781488891349e-16,4.440892098500626e-16,2.220446049250313e-16,54744,185.9686351288571,50.183384176943505,1024,0,35.66564259709429,14.517741579849249,0,2.7755575615628914e-17,2.220446049250313e-16,1.6653345369377348e-16,0,-1,confirmation,False,0.99296875,0.9478125,True,0.1816099952430245,0.6127952456191249,True,1600.0,1600,True,1800.0,1800,True,7400.0,7400
81004,0.65,-1,0.0,none,0129_none_81004,0,0.1520595420151949,,0.0,8,0,0.2,-1,0,0,0,0,2.914335439641036e-16,0.0,0.0,1241,0.0,0.0,0,0,0.0,0.0,0,0.0,0.0,0.0,0,4200,confirmation,True,0.0,0.0107861328125,False,,0.0,False,,20000,False,,20000,False,,20000
81005,0.5,-1,0.25,aligned,0130_aligned_81005,0,1.769436709000729,,2.7755575615628914e-17,8,0,0.2,-1,0,0,0,0,5.134781488891349e-16,0.0,0.0,44809,1695.471377791556,94.44615002500498,44809,0,62.48686672638438,31.959283298620385,0,0.0,0.0,0.0,0,-1,confirmation,False,0.9986328125,0.92609375,False,0.0378377419221932,0.2104514938016783,True,2200.0,2200,True,2600.0,2600,True,4400.0,4400
81005,0.5,-1,0.25,state_rotated,0131_state_rotated_81005,0,1.7765761249465868,,0.0,8,0,0.2,-1,0,0,0,0,5.134781488891349e-16,0.0,1.6653345369377348e-16,40054,3736.103616232976,420.3454337563787,40054,0,333.43829020825996,86.90714354812457,0,1.3877787807814457e-17,1.3877787807814457e-17,6.938893903907228e-18,0,-1,confirmation,False,0.9990234375,0.8552587890625,False,0.0932766669055019,0.2649612874430327,True,4000.0,4000,True,4200.0,4200,True,5400.0,5400
81005,0.5,-1,0.5,aligned,0132_aligned_81005,0,1.7187143750488758,,2.7755575615628914e-17,8,0,0.2,-1,0,0,0,0,5.134781488891349e-16,0.0,0.0,43289,2488.5362814418913,232.0928409220547,43289,0,155.55810109435677,76.53473982769742,0,0.0,0.0,0.0,0,-1,confirmation,False,0.999609375,0.957197265625,False,0.0574865735277297,0.3630203109331077,True,1400.0,1400,True,1600.0,1600,True,2000.0,2000
81005,0.5,-1,0.5,state_rotated,0133_state_rotated_81005,0,1.7979013749863952,,0.0,8,0,0.2,-1,0,0,0,0,5.134781488891349e-16,0.0,3.3306690738754696e-16,41103,7795.237400406519,1833.5189352765783,41103,0,1453.3007158066778,380.21821946988,0,2.7755575615628914e-17,1.1102230246251563e-16,1.3877787807814454e-16,0,-1,confirmation,False,0.99921875,0.89701171875,False,0.1896513004015891,0.7203367385988348,True,3000.0,3000,True,3200.0,3200,True,3600.0,3600
81005,0.5,-1,1.0,aligned,0134_aligned_81005,0,1.716595708974637,,2.7755575615628914e-17,8,0,0.2,-1,0,0,0,0,5.134781488891349e-16,0.0,0.0,42828,3920.541494792704,637.4918247176491,42828,0,431.98884255924384,205.50298215839817,0,0.0,0.0,0.0,0,-1,confirmation,False,0.9998046875,0.9755419921875,False,0.0915415497990264,0.8673087078483172,True,800.0,800,True,1000.0,1000,True,1000.0,1000
81005,0.5,-1,1.0,state_rotated,0135_state_rotated_81005,0,1.8389497919706628,,0.0,8,0,0.2,-1,0,0,0,0,5.134781488891349e-16,0.0,5.3290705182007506e-15,41822,20887.54277364236,18742.570853779132,41822,0,15045.562396295722,3697.0084574834746,0,5.551115123125784e-16,5.684341886080803e-14,5.684341886080803e-14,0,-1,confirmation,False,0.9984375,0.93564453125,False,0.4994391175372378,22.141674612731347,True,2000.0,2000,True,2000.0,2000,True,2200.0,2200
81005,0.5,1024,0.25,aligned,0136_aligned_81005,0,2.172922041034326,,1.3877787807814457e-17,8,0,0.2,1093,0,0,0,0,4.996003610813204e-16,0.0,0.0,58197,58.40584186799074,4.331609942524214,1024,0,2.851513877467629,1.4800960650565858,0,0.0,0.0,0.0,0,-1,confirmation,False,0.940625,0.8453955078125,True,0.0570369549492097,0.1490437810264854,True,4800.0,4800,False,,20000,False,,20000
81005,0.5,1024,0.25,state_rotated,0137_state_rotated_81005,0,2.1253791250055656,,0.0,8,0,0.2,1919,0,0,0,0,5.134781488891349e-16,0.0,8.326672684688674e-17,51957,83.33637938429153,8.304313036736517,1024,0,5.950542066746359,2.353770969990156,0,6.938893903907228e-18,4.3368086899420185e-18,4.3368086899420185e-18,0,-1,confirmation,False,0.9736328125,0.8184521484375,True,0.0813831829924722,0.1770224191830734,True,5000.0,5000,True,5800.0,5800,False,,20000
81005,0.5,1024,0.5,aligned,0138_aligned_81005,0,2.031251791981049,,2.7755575615628914e-17,8,0,0.2,818,0,0,0,0,5.134781488891349e-16,0.0,0.0,55139,102.95896347085522,14.192959322645043,1024,0,9.431970273911428,4.760989048733611,0,0.0,0.0,0.0,0,-1,confirmation,False,0.983984375,0.9356982421875,True,0.100545862764507,0.2902959516504278,True,1800.0,1800,True,2200.0,2200,False,,20000
81005,0.5,1024,0.5,state_rotated,0139_state_rotated_81005,0,1.9114673340227455,,0.0,8,0,0.2,1599,0,0,0,0,5.134781488891349e-16,0.0,1.6653345369377348e-16,43566,164.53881767619882,32.174393918807716,1024,0,23.706028880872672,8.468365037935069,0,1.3877787807814457e-17,2.7755575615628914e-17,2.7755575615628914e-17,0,-1,confirmation,False,0.997265625,0.8896630859375,True,0.1606824391369129,0.3952373745962989,True,3200.0,3200,True,3400.0,3400,True,6000.0,6000
81005,0.5,1024,1.0,aligned,0140_aligned_81005,0,1.7261540830368176,,2.7755575615628914e-17,8,0,0.2,537,0,0,0,0,5.134781488891349e-16,0.0,0.0,44970,148.13929717587402,31.575407995867476,1024,0,21.200773915921676,10.374634079945722,0,0.0,0.0,0.0,0,-1,confirmation,False,0.9966796875,0.9731787109375,True,0.1446672823983144,0.5169608737251036,True,1000.0,1000,True,1000.0,1000,True,1200.0,1200
81005,0.5,1024,1.0,state_rotated,0141_state_rotated_81005,0,1.7422019579680637,,0.0,8,0,0.2,1202,0,0,0,0,5.134781488891349e-16,0.0,3.3306690738754696e-16,40317,305.2873493809461,116.48200248589842,1024,0,84.92271147525207,31.559291010646312,0,8.326672684688674e-17,1.3322676295501878e-15,8.881784197001252e-16,0,-1,confirmation,False,0.999609375,0.93724609375,True,0.2981321771298302,0.9095731434888432,True,2000.0,2000,True,2000.0,2000,True,2200.0,2200
81005,0.5,-1,0.0,none,0142_none_81005,0,0.1430677500320598,,0.0,8,0,0.2,-1,0,0,0,0,2.914335439641036e-16,0.0,0.0,776,0.0,0.0,0,0,0.0,0.0,0,0.0,0.0,0.0,0,4200,confirmation,True,0.0,0.010380859375,False,,0.0,False,,20000,False,,20000,False,,20000
81005,0.65,-1,0.25,aligned,0143_aligned_81005,0,1.9126630830578504,,2.7755575615628914e-17,8,0,0.2,-1,0,0,0,0,5.134781488891349e-16,4.440892098500626e-16,0.0,51585,1681.1775291717163,87.56456775584293,51585,0,57.71690639299422,29.847661362848065,0,0.0,0.0,0.0,0,-1,confirmation,False,0.9990234375,0.970478515625,False,0.0325904338309918,0.2078202165244018,True,1400.0,1400,True,2000.0,2000,True,4200.0,4200
81005,0.65,-1,0.25,state_rotated,0144_state_rotated_81005,0,1.960631708963774,,0.0,8,0,0.2,-1,0,0,0,0,5.134781488891349e-16,4.440892098500626e-16,1.6653345369377348e-16,46994,3708.337624286507,381.0834226337417,46994,0,302.93719101605114,78.14623161768804,0,1.0408340855860844e-17,8.673617379884035e-18,6.938893903907228e-18,0,-1,confirmation,False,0.999609375,0.9166259765625,False,0.0789108742453612,0.2624137448230282,True,2400.0,2400,True,2600.0,2600,True,4800.0,4800
81005,0.65,-1,0.5,aligned,0145_aligned_81005,0,1.8208608749555424,,2.7755575615628914e-17,8,0,0.2,-1,0,0,0,0,5.134781488891349e-16,4.440892098500626e-16,0.0,47954,2379.946045665993,206.97497880403057,47954,0,138.2735911308632,68.70138767316968,0,0.0,0.0,0.0,0,-1,confirmation,False,0.998828125,0.979892578125,False,0.0496297711487257,0.3913370369175117,True,1000.0,1000,True,1200.0,1200,True,1800.0,1800
81005,0.65,-1,0.5,state_rotated,0146_state_rotated_81005,0,1.9466368750436231,,0.0,8,0,0.2,-1,0,0,0,0,5.134781488891349e-16,4.440892098500626e-16,4.996003610813204e-16,46420,7586.7367411935475,1695.135173646883,46420,0,1334.8236862087954,360.3114874380818,0,2.7755575615628914e-17,2.220446049250313e-16,2.220446049250313e-16,0,-1,confirmation,False,0.9986328125,0.9383349609375,False,0.1634368104522522,0.761180850698636,True,2000.0,2000,True,2200.0,2200,True,3800.0,3800
81005,0.65,-1,1.0,aligned,0147_aligned_81005,0,1.7581645000027493,,2.7755575615628914e-17,8,0,0.2,-1,0,0,0,0,5.134781488891349e-16,4.440892098500626e-16,0.0,45138,3686.712088675432,581.0832548735922,45138,0,392.97893471140463,188.10432016218525,0,0.0,0.0,0.0,0,-1,confirmation,False,0.9990234375,0.9857861328125,False,0.0816764608240381,0.7960572342780967,True,600.0,600,True,800.0,800,True,1000.0,1000
81005,0.65,-1,1.0,state_rotated,0148_state_rotated_81005,0,2.0036286669783294,,0.0,8,0,0.2,-1,0,0,0,0,5.134781488891349e-16,4.440892098500626e-16,2.131628207280301e-14,47663,20888.502121050708,30025.028957892468,47663,0,25240.744596174623,4784.284361717952,0,1.3322676295501878e-15,1.3642420526593924e-12,9.094947017729282e-13,0,-1,confirmation,False,0.9982421875,0.9599267578125,False,0.4382540360667752,47.86134875985481,True,1400.0,1400,True,1400.0,1400,True,4200.0,4200
81005,0.65,1024,0.25,aligned,0149_aligned_81005,0,2.970753000001423,,1.3877787807814457e-17,8,0,0.2,144,0,0,0,0,2.914335439641036e-16,0.0,0.0,97103,28.887821456282484,0.8775977982371189,1024,0,0.6047994169738549,0.2727983812632641,0,0.0,0.0,0.0,0,-1,confirmation,False,0.69453125,0.6828515625,True,0.0282107631409008,0.0742924521202906,False,,20000,False,,20000,False,,20000
81005,0.65,1024,0.25,state_rotated,0150_state_rotated_81005,0,2.8121793339960277,,0.0,8,0,0.2,798,0,0,0,0,4.0245584642661925e-16,4.440892098500626e-16,5.551115123125783e-17,76910,49.03886862481806,3.2251670217884487,1024,0,2.250129019275513,0.9750380025129288,0,6.938893903907228e-18,3.469446951953614e-18,3.469446951953614e-18,0,-1,confirmation,False,0.871484375,0.7837255859375,True,0.0478895201414238,0.1477535530020517,False,,20000,False,,20000,False,,20000
81005,0.65,1024,0.5,aligned,0151_aligned_81005,0,3.0304469590773806,,1.3877787807814457e-17,8,0,0.2,142,0,0,0,0,2.914335439641036e-16,4.440892098500626e-16,0.0,99638,52.61462861598939,3.103399522132092,1024,0,2.146177050214577,0.9572224719175122,0,0.0,0.0,0.0,0,-1,confirmation,False,0.7435546875,0.7112841796875,True,0.0513814732578021,0.1492341096767237,False,,20000,False,,20000,False,,20000
81005,0.65,1024,0.5,state_rotated,0152_state_rotated_81005,0,2.3460544999688864,,0.0,8,0,0.2,827,0,0,0,0,4.996003610813204e-16,4.440892098500626e-16,1.1102230246251563e-16,65248,98.09124790382472,13.101629522772996,1024,0,9.2933702304345,3.808259292338503,0,1.3877787807814457e-17,2.0816681711721685e-17,2.0816681711721685e-17,0,-1,confirmation,False,0.988671875,0.9177587890625,True,0.0957922342810788,0.2916379305431317,True,2600.0,2600,True,3400.0,3400,False,,20000
81005,0.65,1024,1.0,aligned,0153_aligned_81005,0,3.07373687508516,,1.3877787807814457e-17,8,0,0.2,154,0,0,0,0,4.579669976578771e-16,4.440892098500626e-16,0.0,109167,87.5252758104517,9.819429496766354,1024,0,6.837147752217384,2.9822817445489846,0,0.0,0.0,0.0,0,-1,confirmation,False,0.8666015625,0.8220556640625,True,0.0854739021586442,0.2890568849214571,False,,20000,False,,20000,False,,20000
81005,0.65,1024,1.0,state_rotated,0154_state_rotated_81005,0,2.081110666040331,,0.0,8,0,0.2,584,0,0,0,0,5.134781488891349e-16,4.440892098500626e-16,2.220446049250313e-16,53721,148.05440382851202,36.10016240774469,1024,0,25.830728334355868,10.269434073388751,0,3.382710778154774e-17,1.6653345369377348e-16,1.1102230246251563e-16,0,-1,confirmation,False,0.9982421875,0.9576953125,True,0.1445843787387812,0.5561368848022687,True,1400.0,1400,True,1600.0,1600,True,3600.0,3600
81005,0.65,-1,0.0,none,0155_none_81005,0,0.1709800829412415,,0.0,8,0,0.2,-1,0,0,0,0,2.914335439641036e-16,0.0,0.0,1835,0.0,0.0,0,0,0.0,0.0,0,0.0,0.0,0.0,0,8200,confirmation,True,0.0,0.0162890625,False,,0.0,False,,20000,False,,20000,False,,20000
81006,0.5,-1,0.25,aligned,0156_aligned_81006,0,1.777224334073253,,2.7755575615628914e-17,8,0,0.2,-1,0,0,0,0,5.134781488891349e-16,0.0,0.0,44804,1706.7274999280082,95.11449381201,44804,0,63.009419690536255,32.10507412147403,0,0.0,0.0,0.0,0,-1,confirmation,False,0.998828125,0.932919921875,False,0.0380931948024285,0.1910133671212142,True,2200.0,2200,True,2400.0,2400,True,3200.0,3200
81006,0.5,-1,0.25,state_rotated,0157_state_rotated_81006,0,1.7913743340177462,,0.0,8,0,0.2,-1,0,0,0,0,5.134781488891349e-16,0.0,1.6653345369377348e-16,40181,3828.466791517852,430.0963225585579,40181,0,342.4755741500285,87.62074840853151,0,7.15573433840433e-18,1.0408340855860844e-17,6.938893903907228e-18,0,-1,confirmation,False,1.0,0.8567626953125,False,0.0952805254104639,0.2831593450180576,True,3800.0,3800,True,4000.0,4000,True,4200.0,4200
81006,0.5,-1,0.5,aligned,0158_aligned_81006,0,1.720800041919574,,2.7755575615628914e-17,8,0,0.2,-1,0,0,0,0,5.134781488891349e-16,0.0,0.0,43541,2503.7120271294893,235.5439052105333,43541,0,157.9816988619524,77.56220634858231,0,0.0,0.0,0.0,0,-1,confirmation,False,0.9994140625,0.9573388671875,False,0.0575024006598261,0.3875167527384777,True,1400.0,1400,True,1600.0,1600,True,1800.0,1800
81006,0.5,-1,0.5,state_rotated,0159_state_rotated_81006,0,1.8549145419383424,,0.0,8,0,0.2,-1,0,0,0,0,5.134781488891349e-16,0.0,3.8857805861880484e-16,42909,8231.898562666334,1964.9500918924753,42909,0,1552.2558299933594,412.6942618990933,0,2.7755575615628914e-17,1.1102230246251563e-16,8.326672684688674e-17,0,-1,confirmation,False,0.9984375,0.9123828125,False,0.1918455000737918,0.6593565239318954,True,2600.0,2600,True,2800.0,2800,True,3000.0,3000
81006,0.5,-1,1.0,aligned,0160_aligned_81006,0,1.708555791992694,,2.7755575615628914e-17,8,0,0.2,-1,0,0,0,0,5.134781488891349e-16,0.0,0.0,43173,3954.4874868638926,633.8969258386552,43173,0,429.0272461587964,204.8696796798581,0,0.0,0.0,0.0,0,-1,confirmation,False,0.999609375,0.976044921875,False,0.0915963098896044,0.8108815271948313,True,800.0,800,True,800.0,800,True,1200.0,1200
81006,0.5,-1,1.0,state_rotated,0161_state_rotated_81006,0,1.8516507080057636,,0.0,8,0,0.2,-1,0,0,0,0,5.134781488891349e-16,0.0,7.105427357601002e-15,42196,23958.80055222613,36887.32532864544,42196,0,29730.190495417835,7157.134833227316,0,8.881784197001252e-16,1.1368683772161605e-13,1.1368683772161605e-13,0,-1,confirmation,False,0.9990234375,0.9282080078125,False,0.5677979086222895,28.176475111617187,True,2200.0,2200,True,2200.0,2200,True,2800.0,2800
81006,0.5,1024,0.25,aligned,0162_aligned_81006,0,2.090046582976356,,1.3877787807814457e-17,8,0,0.2,998,0,0,0,0,4.996003610813204e-16,0.0,0.0,56509,61.83173126785198,4.78867696798851,1024,0,3.1499167504171703,1.638760217571338,0,0.0,0.0,0.0,0,-1,confirmation,False,0.94765625,0.8414013671875,True,0.0603825500662617,0.1489114629526925,True,8800.0,8800,False,,20000,False,,20000
81006,0.5,1024,0.25,state_rotated,0163_state_rotated_81006,0,1.891581582953222,,0.0,8,0,0.2,2130,0,0,0,0,5.134781488891349e-16,0.0,1.1102230246251563e-16,47137,82.49296587769075,8.004966685528073,1024,0,5.700995868646827,2.3039708168812423,0,6.938893903907228e-18,6.0715321659188256e-18,5.204170427930421e-18,0,-1,confirmation,False,0.986328125,0.8230419921875,True,0.0805595369899323,0.1714629843037808,True,4800.0,4800,True,5000.0,5000,False,,20000
81006,0.5,1024,0.5,aligned,0164_aligned_81006,0,1.9507790410425512,,2.7755575615628914e-17,8,0,0.2,823,0,0,0,0,5.134781488891349e-16,0.0,0.0,55466,102.04502895568196,13.998903625415736,1024,0,9.314583476024415,4.684320149391325,0,0.0,0.0,0.0,0,-1,confirmation,False,0.990625,0.938466796875,True,0.0996533485895331,0.2861500913202484,True,1800.0,1800,True,2000.0,2000,False,,20000
81006,0.5,1024,0.5,state_rotated,0165_state_rotated_81006,0,1.8678908749716356,,0.0,8,0,0.2,1376,0,0,0,0,5.134781488891349e-16,0.0,1.6653345369377348e-16,45377,164.45773572336745,32.25882008358107,1024,0,23.425931925389335,8.832888158191707,0,1.3877787807814457e-17,3.4694469519536136e-17,3.4694469519536136e-17,0,-1,confirmation,False,0.9970703125,0.9165966796875,True,0.160603257542351,0.3544965886388098,True,2400.0,2400,True,2600.0,2600,True,2800.0,2800
81006,0.5,1024,1.0,aligned,0166_aligned_81006,0,1.7119775839382785,,3.469446951953614e-18,8,0,0.2,540,0,0,0,0,5.134781488891349e-16,0.0,0.0,44381,150.09511698456512,31.567023253269785,1024,0,21.246351539262054,10.320671714007746,0,0.0,0.0,0.0,0,-1,confirmation,False,0.9984375,0.97380859375,True,0.1465772626802393,0.5022368744643104,True,1000.0,1000,True,1000.0,1000,True,1400.0,1400
81006,0.5,1024,1.0,state_rotated,0167_state_rotated_81006,0,1.8161541250301525,,0.0,8,0,0.2,1241,0,0,0,0,5.134781488891349e-16,0.0,3.3306690738754696e-16,42234,315.8904688897695,126.15551684003128,1024,0,91.76312624895137,34.39239059107995,0,3.7296554733501346e-17,1.6653345369377348e-16,1.6653345369377348e-16,0,-1,confirmation,False,0.998046875,0.9288671875,True,0.3084867860251655,0.9242440480057053,True,2200.0,2200,True,2400.0,2400,True,2800.0,2800
81006,0.5,-1,0.0,none,0168_none_81006,0,0.1470476659014821,,0.0,8,0,0.2,-1,0,0,0,0,2.914335439641036e-16,0.0,0.0,865,0.0,0.0,0,0,0.0,0.0,0,0.0,0.0,0.0,0,8400,confirmation,True,0.0,0.0116552734375,False,,0.0,False,,20000,False,,20000,False,,20000
81006,0.65,-1,0.25,aligned,0169_aligned_81006,0,1.9226458750199529,,2.7755575615628914e-17,8,0,0.2,-1,0,0,0,0,5.134781488891349e-16,4.440892098500626e-16,0.0,51517,1680.4381433650735,86.70827420328958,51517,0,57.151920942503615,29.556353260785645,0,0.0,0.0,0.0,0,-1,confirmation,False,0.9994140625,0.9699365234375,False,0.0326190993917556,0.1847037926276202,True,1600.0,1600,True,2000.0,2000,True,3600.0,3600
81006,0.65,-1,0.25,state_rotated,0170_state_rotated_81006,0,2.003583375015296,,0.0,8,0,0.2,-1,0,0,0,0,5.134781488891349e-16,4.440892098500626e-16,1.6653345369377348e-16,48839,3655.237012616315,358.0233557919489,48839,0,284.1001595645198,73.92319622742707,0,6.938893903907228e-18,8.673617379884035e-18,8.673617379884035e-18,0,-1,confirmation,False,0.99921875,0.9227392578125,False,0.0748425850778336,0.2599932530032905,True,2400.0,2400,True,2600.0,2600,True,4600.0,4600
81006,0.65,-1,0.5,aligned,0171_aligned_81006,0,1.8168737079249695,,2.7755575615628914e-17,8,0,0.2,-1,0,0,0,0,5.134781488891349e-16,4.440892098500626e-16,0.0,47598,2373.1927405398646,208.58044285468588,47598,0,139.446274641437,69.13416821325121,0,0.0,0.0,0.0,0,-1,confirmation,False,0.9990234375,0.979384765625,False,0.0498590852670251,0.3781723115821388,True,1000.0,1000,True,1200.0,1200,True,1600.0,1600
81006,0.65,-1,0.5,state_rotated,0172_state_rotated_81006,0,2.0028383339522406,,0.0,8,0,0.2,-1,0,0,0,0,5.134781488891349e-16,4.440892098500626e-16,3.3306690738754696e-16,48712,7589.750437829815,1641.5601948279311,48712,0,1288.612043361661,352.94815146627883,0,2.7755575615628914e-17,1.1102230246251563e-16,1.1102230246251563e-16,0,-1,confirmation,False,0.9990234375,0.9481494140625,False,0.1558086393050955,0.7126603480052329,True,1600.0,1600,True,1800.0,1800,True,3000.0,3000
81006,0.65,-1,1.0,aligned,0173_aligned_81006,0,1.764543041936122,,2.7755575615628914e-17,8,0,0.2,-1,0,0,0,0,5.134781488891349e-16,4.440892098500626e-16,0.0,45931,3697.1194254834704,556.0202028579929,45931,0,376.259236153763,179.76096670422976,0,0.0,0.0,0.0,0,-1,confirmation,False,0.9994140625,0.9858642578125,False,0.0804929007747157,0.8151162609208817,True,600.0,600,True,600.0,600,True,800.0,800
81006,0.65,-1,1.0,state_rotated,0174_state_rotated_81006,0,1.975944917066954,,0.0,8,0,0.2,-1,0,0,0,0,5.134781488891349e-16,4.440892098500626e-16,3.410605131648481e-13,47193,46565.06027122965,9305284.548994089,47193,0,8620502.052444765,684782.4965492939,0,8.526512829121202e-14,4.656612873077393e-10,4.656612873077393e-10,0,-1,confirmation,False,0.99921875,0.9584619140625,False,0.9866942188720712,1664.4783986733034,True,1400.0,1400,True,1400.0,1400,True,2600.0,2600
81006,0.65,1024,0.25,aligned,0175_aligned_81006,0,2.957821291987784,,1.3877787807814457e-17,8,0,0.2,133,0,0,0,0,2.914335439641036e-16,4.440892098500626e-16,0.0,95975,29.483136219600656,0.90955351735605,1024,0,0.6253746480028006,0.2841788693532472,0,0.0,0.0,0.0,0,-1,confirmation,False,0.7099609375,0.6786083984375,True,0.0287921252144537,0.0734752589236003,False,,20000,False,,20000,False,,20000
81006,0.65,1024,0.25,state_rotated,0176_state_rotated_81006,0,2.9653981670271605,,0.0,8,0,0.2,698,0,0,0,0,2.914335439641036e-16,4.440892098500626e-16,5.551115123125783e-17,83034,47.039663040423946,2.8409678314645426,1024,0,1.98474136593318,0.856226465531364,0,6.938893903907228e-18,2.6020852139652106e-18,2.6020852139652106e-18,0,-1,confirmation,False,0.8607421875,0.7666650390625,True,0.045937170937914,0.1328468667450625,False,,20000,False,,20000,False,,20000
81006,0.65,1024,0.5,aligned,0177_aligned_81006,0,3.0067073330283165,,1.3877787807814457e-17,8,0,0.2,145,0,0,0,0,2.914335439641036e-16,0.0,0.0,100442,53.758910308634434,3.2269259083579573,1024,0,2.2209812568048823,1.0059446515530777,0,0.0,0.0,0.0,0,-1,confirmation,False,0.764453125,0.72615234375,True,0.0524989358482758,0.1433655064030066,False,,20000,False,,20000,False,,20000
81006,0.65,1024,0.5,state_rotated,0178_state_rotated_81006,0,2.6613299580058083,,0.0,8,0,0.2,695,0,0,0,0,4.996003610813204e-16,4.440892098500626e-16,1.1102230246251563e-16,75968,92.9804776305526,11.405757841727535,1024,0,8.03087694528817,3.374880896439359,0,1.3877787807814457e-17,1.7347234759768068e-17,1.7347234759768068e-17,0,-1,confirmation,False,0.9646484375,0.8999267578125,True,0.0908012476860865,0.2678454194330453,True,2400.0,2400,True,10800.0,10800,False,,20000
81006,0.65,1024,1.0,aligned,0179_aligned_81006,0,2.8052875420544297,,1.734723475976807e-18,8,0,0.2,153,0,0,0,0,5.134781488891349e-16,4.440892098500626e-16,0.0,100255,91.47939869441646,10.618952280260428,1024,0,7.356159745511269,3.2627925347491566,0,0.0,0.0,0.0,0,-1,confirmation,False,0.95078125,0.8982568359375,True,0.089335350287516,0.3184845092544124,True,4800.0,4800,True,18800.0,18800,False,,20000
81006,0.65,1024,1.0,state_rotated,0180_state_rotated_81006,0,1.9611109580146149,,0.0,8,0,0.2,623,0,0,0,0,5.134781488891349e-16,4.440892098500626e-16,3.3306690738754696e-16,49226,170.4803501100083,42.55861493687008,1024,0,29.93348248875849,12.625132448111572,0,5.551115123125783e-17,2.220446049250313e-16,1.6653345369377348e-16,0,-1,confirmation,False,0.996875,0.954736328125,True,0.1664847169043049,0.6019253673571116,True,1600.0,1600,True,1600.0,1600,True,2400.0,2400
81006,0.65,-1,0.0,none,0181_none_81006,0,0.166172125027515,,0.0,8,0,0.2,-1,0,0,0,0,2.914335439641036e-16,0.0,0.0,1654,0.0,0.0,0,0,0.0,0.0,0,0.0,0.0,0.0,0,4400,confirmation,True,0.0,0.0146240234375,False,,0.0,False,,20000,False,,20000,False,,20000
81007,0.5,-1,0.25,aligned,0182_aligned_81007,0,1.7396742909913885,,2.7755575615628914e-17,8,0,0.2,-1,0,0,0,0,5.134781488891349e-16,0.0,0.0,44332,1660.1850797573416,90.8859880723815,44332,0,60.14104481870125,30.744943253680596,0,0.0,0.0,0.0,0,-1,confirmation,False,0.9990234375,0.9279736328125,False,0.0374489100369336,0.1824888358200053,True,2200.0,2200,True,2400.0,2400,True,3600.0,3600
81007,0.5,-1,0.25,state_rotated,0183_state_rotated_81007,0,1.7422612500377,,0.0,8,0,0.2,-1,0,0,0,0,5.134781488891349e-16,0.0,1.3877787807814454e-16,40215,3850.031171318485,435.6449144446794,40215,0,348.26256507457174,87.38234937010301,0,1.3877787807814457e-17,2.0816681711721685e-17,2.0816681711721685e-17,0,-1,confirmation,False,0.999609375,0.847275390625,False,0.0957361972228891,0.2820623567127506,True,4200.0,4200,True,4400.0,4400,True,5000.0,5000
81007,0.5,-1,0.5,aligned,0184_aligned_81007,0,1.8091718329815192,,2.7755575615628914e-17,8,0,0.2,-1,0,0,0,0,5.134781488891349e-16,0.0,0.0,43872,2520.2550942325133,233.73749080535816,43872,0,156.75909264037696,76.97839816497977,0,0.0,0.0,0.0,0,-1,confirmation,False,0.9994140625,0.955478515625,False,0.0574456394564303,0.3971368235348569,True,1400.0,1400,True,1600.0,1600,True,1800.0,1800
81007,0.5,-1,0.5,state_rotated,0185_state_rotated_81007,0,1.8829124169424176,,0.0,8,0,0.2,-1,0,0,0,0,5.134781488891349e-16,0.0,3.3306690738754696e-16,41142,7663.734005248376,1793.9056877598453,41142,0,1418.680005382092,375.2256823777751,0,2.7755575615628914e-17,1.1102230246251563e-16,8.326672684688674e-17,0,-1,confirmation,False,0.99921875,0.9006201171875,False,0.1862751933607597,0.7757219634349652,True,2800.0,2800,True,3000.0,3000,True,3400.0,3400
81007,0.5,-1,1.0,aligned,0186_aligned_81007,0,1.7840222080703825,,2.7755575615628914e-17,8,0,0.2,-1,0,0,0,0,5.134781488891349e-16,0.0,0.0,42817,3982.728031661816,644.8479502874278,42817,0,436.7436402514272,208.10431003599504,0,0.0,0.0,0.0,0,-1,confirmation,False,0.9990234375,0.9755224609375,False,0.0930174470808748,0.7157133149990265,True,800.0,800,True,1000.0,1000,True,1000.0,1000
81007,0.5,-1,1.0,state_rotated,0187_state_rotated_81007,0,1.9433617080794647,,0.0,8,0,0.2,-1,0,0,0,0,5.134781488891349e-16,0.0,1.4210854715202004e-14,42984,22407.96152025715,33870.81587038205,42984,0,28413.837765644752,5456.978104737555,0,1.3322676295501878e-15,4.547473508864641e-13,2.273736754432321e-13,0,-1,confirmation,False,0.9982421875,0.930576171875,False,0.5213093597677543,36.35769291880874,True,2200.0,2200,True,2400.0,2400,True,2600.0,2600
81007,0.5,1024,0.25,aligned,0188_aligned_81007,0,2.097216041060165,,1.3877787807814457e-17,8,0,0.2,1106,0,0,0,0,4.996003610813204e-16,0.0,0.0,58237,58.90603607133386,4.421836518883091,1024,0,2.9134871414387606,1.5083493774443288,0,0.0,0.0,0.0,0,-1,confirmation,False,0.9517578125,0.856376953125,True,0.0575254258509119,0.146722891373367,True,3600.0,3600,True,17400.0,17400,False,,20000
81007,0.5,1024,0.25,state_rotated,0189_state_rotated_81007,0,1.961606084019877,,0.0,8,0,0.2,2078,0,0,0,0,5.134781488891349e-16,0.0,5.551115123125783e-17,49053,82.12895765475287,8.021287570733529,1024,0,5.769249860508676,2.252037710224858,0,8.673617379884035e-18,6.938893903907228e-18,6.938893903907228e-18,0,-1,confirmation,False,0.9939453125,0.8126806640625,True,0.0802040602097196,0.179725018335762,True,5200.0,5200,True,5600.0,5600,True,16400.0,16400
81007,0.5,1024,0.5,aligned,0190_aligned_81007,0,1.9229837500024587,,2.7755575615628914e-17,8,0,0.2,877,0,0,0,0,5.134781488891349e-16,0.0,0.0,53485,100.64333516563872,13.602004806329733,1024,0,9.05817198685609,4.543832819473647,0,0.0,0.0,0.0,0,-1,confirmation,False,0.99140625,0.938818359375,True,0.098284506997694,0.2871730510804356,True,1800.0,1800,True,2000.0,2000,True,7000.0,7000
81007,0.5,1024,0.5,state_rotated,0191_state_rotated_81007,0,1.8446432501077652,,0.0,8,0,0.2,1576,0,0,0,0,5.134781488891349e-16,0.0,1.6653345369377348e-16,43337,156.15343460666134,29.506330451868827,1024,0,21.51431679890144,7.992013652967405,0,1.3877787807814457e-17,2.7755575615628914e-17,2.0816681711721685e-17,0,-1,confirmation,False,0.9974609375,0.904013671875,True,0.1524935884830677,0.3417096621613319,True,2800.0,2800,True,3000.0,3000,True,3600.0,3600
81007,0.5,1024,1.0,aligned,0192_aligned_81007,0,1.787974959006533,,1.3877787807814457e-17,8,0,0.2,551,0,0,0,0,5.134781488891349e-16,0.0,0.0,44166,148.71152782527605,31.840625513297898,1024,0,21.43180421779268,10.408821295505218,0,0.0,0.0,0.0,0,-1,confirmation,False,0.997265625,0.9734375,True,0.1452261013918711,0.4878184292596758,True,800.0,800,True,1000.0,1000,True,1600.0,1600
81007,0.5,1024,1.0,state_rotated,0193_state_rotated_81007,0,1.893091292004101,,0.0,8,0,0.2,1184,0,0,0,0,5.134781488891349e-16,0.0,3.3306690738754696e-16,43824,287.4479070020894,106.38718043447795,1024,0,78.05698609009453,28.33019434438351,0,5.551115123125783e-17,2.220446049250313e-16,1.6653345369377348e-16,0,-1,confirmation,False,0.998046875,0.93505859375,True,0.2807108466817279,0.7620597343140985,True,2000.0,2000,True,2200.0,2200,True,2400.0,2400
81007,0.5,-1,0.0,none,0194_none_81007,0,0.1448964170413091,,0.0,8,0,0.2,-1,0,0,0,0,2.914335439641036e-16,0.0,0.0,788,0.0,0.0,0,0,0.0,0.0,0,0.0,0.0,0.0,0,4400,confirmation,True,0.0,0.010439453125,False,,0.0,False,,20000,False,,20000,False,,20000
81007,0.65,-1,0.25,aligned,0195_aligned_81007,0,2.0102654170477763,,2.7755575615628914e-17,8,0,0.2,-1,0,0,0,0,5.134781488891349e-16,4.440892098500626e-16,0.0,52053,1671.2049507660531,86.27041023624237,52053,0,56.817040041455456,29.453370194786636,0,0.0,0.0,0.0,0,-1,confirmation,False,0.9990234375,0.9702734375,False,0.032105833492134,0.1829993873671706,True,1600.0,1600,True,1800.0,1800,True,3200.0,3200
81007,0.65,-1,0.25,state_rotated,0196_state_rotated_81007,0,2.049797832965851,,0.0,8,0,0.2,-1,0,0,0,0,5.134781488891349e-16,4.440892098500626e-16,1.6653345369377348e-16,47289,3642.439193533861,367.8017299204447,47289,0,291.5050812046993,76.29664871574613,0,7.806255641895632e-18,6.938893903907228e-18,6.938893903907228e-18,0,-1,confirmation,False,0.9994140625,0.9121240234375,False,0.0770250839208666,0.2902957439937082,True,2800.0,2800,True,3000.0,3000,True,5000.0,5000
81007,0.65,-1,0.5,aligned,0197_aligned_81007,0,1.8665139999939129,,2.7755575615628914e-17,8,0,0.2,-1,0,0,0,0,5.134781488891349e-16,4.440892098500626e-16,0.0,47316,2358.375909428328,208.60190634137209,47316,0,139.4704033182103,69.1315030231635,0,0.0,0.0,0.0,0,-1,confirmation,False,0.9994140625,0.9795654296875,False,0.0498430955581268,0.4163893046655391,True,1000.0,1000,True,1200.0,1200,True,1800.0,1800
81007,0.65,-1,0.5,state_rotated,0198_state_rotated_81007,0,2.0434880420798436,,0.0,8,0,0.2,-1,0,0,0,0,5.134781488891349e-16,4.440892098500626e-16,4.440892098500626e-16,47235,7549.743134782709,1659.4722741268429,47235,0,1302.6370551260754,356.8352190007508,0,4.163336342344337e-17,2.220446049250313e-16,3.3306690738754696e-16,0,-1,confirmation,False,0.9990234375,0.9424755859375,False,0.1598336643332848,1.008991086306837,True,1800.0,1800,True,2000.0,2000,True,3400.0,3400
81007,0.65,-1,1.0,aligned,0199_aligned_81007,0,1.82009604095947,,2.7755575615628914e-17,8,0,0.2,-1,0,0,0,0,5.134781488891349e-16,4.440892098500626e-16,0.0,45072,3683.560682072277,566.4055176625084,45072,0,382.6247972932924,183.7807203692211,0,0.0,0.0,0.0,0,-1,confirmation,False,0.99921875,0.98572265625,False,0.081726142218501,0.7872034010250165,True,600.0,600,True,600.0,600,True,1000.0,1000
81007,0.65,-1,1.0,state_rotated,0200_state_rotated_81007,0,2.0732864580349997,,0.0,8,0,0.2,-1,0,0,0,0,5.134781488891349e-16,4.440892098500626e-16,3.552713678800501e-15,48796,19746.73543137247,13931.244657177092,48796,0,11031.195505000112,2900.049152176986,0,4.440892098500626e-16,8.526512829121202e-14,5.684341886080803e-14,0,-1,confirmation,False,0.998828125,0.9625341796875,False,0.404679388297657,18.880784245364055,True,1200.0,1200,True,1400.0,1400,True,2800.0,2800
81007,0.65,1024,0.25,aligned,0201_aligned_81007,0,3.030994041939266,,1.3877787807814457e-17,8,0,0.2,125,0,0,0,0,2.914335439641036e-16,0.0,0.0,96419,28.551513963744743,0.8446723941510643,1024,0,0.5799838450078103,0.2646885491432519,0,0.0,0.0,0.0,0,-1,confirmation,False,0.701171875,0.68736328125,True,0.0278823378552194,0.0697541084946559,False,,20000,False,,20000,False,,20000
81007,0.65,1024,0.25,state_rotated,0202_state_rotated_81007,0,3.0706063749967143,,0.0,8,0,0.2,734,0,0,0,0,2.914335439641036e-16,4.440892098500626e-16,5.551115123125783e-17,84725,47.89348269489436,3.0059442094032134,1024,0,2.1000823719209616,0.905861837482253,0,6.938893903907228e-18,3.469446951953614e-18,3.469446951953614e-18,0,-1,confirmation,False,0.819921875,0.7483251953125,True,0.0467709791942327,0.1395840759375058,False,,20000,False,,20000,False,,20000
81007,0.65,1024,0.5,aligned,0203_aligned_81007,0,3.0680895000696182,,1.3877787807814457e-17,8,0,0.2,123,0,0,0,0,2.914335439641036e-16,4.440892098500626e-16,0.0,99545,50.93031984732378,2.859547837929686,1024,0,1.973002643363121,0.8865451945665588,0,0.0,0.0,0.0,0,-1,confirmation,False,0.73671875,0.716318359375,True,0.0497366404759021,0.1395082169893119,False,,20000,False,,20000,False,,20000
81007,0.65,1024,0.5,state_rotated,0204_state_rotated_81007,0,2.5059038340114057,,0.0,8,0,0.2,681,0,0,0,0,4.996003610813204e-16,4.440892098500626e-16,1.1102230246251563e-16,61891,94.1583154792069,11.87944304961727,1024,0,8.345943521031003,3.533499528586266,0,1.3877787807814457e-17,2.0816681711721685e-17,1.7347234759768068e-17,0,-1,confirmation,False,0.94453125,0.8459912109375,True,0.091951479960163,0.2731478547287877,True,7000.0,7000,True,15600.0,15600,False,,20000
81007,0.65,1024,1.0,aligned,0205_aligned_81007,0,3.0673629579832777,,8.673617379884035e-19,8,0,0.2,142,0,0,0,0,2.914335439641036e-16,4.440892098500626e-16,0.0,107145,90.31887379146944,10.064790468180624,1024,0,6.956917927797857,3.107872540382763,0,0.0,0.0,0.0,0,-1,confirmation,False,0.8744140625,0.866064453125,True,0.0882020251869818,0.3075882899024081,True,16000.0,16000,False,,20000,False,,20000
81007,0.65,1024,1.0,state_rotated,0206_state_rotated_81007,0,2.1590248339343816,,0.0,8,0,0.2,575,0,0,0,0,5.134781488891349e-16,4.440892098500626e-16,2.220446049250313e-16,53677,151.74837433653457,35.19871775408943,1024,0,24.833334776371075,10.365382977718324,0,2.7755575615628914e-17,8.326672684688674e-17,8.326672684688674e-17,0,-1,confirmation,False,0.99609375,0.9608837890625,True,0.148191771813022,0.5936696039615692,True,1200.0,1200,True,1600.0,1600,True,3600.0,3600
81007,0.65,-1,0.0,none,0207_none_81007,0,0.1795354159548878,,0.0,8,0,0.2,-1,0,0,0,0,2.914335439641036e-16,0.0,0.0,2026,0.0,0.0,0,0,0.0,0.0,0,0.0,0.0,0.0,0,6600,confirmation,True,0.0,0.01818359375,False,,0.0,False,,20000,False,,20000,False,,20000
81008,0.5,-1,0.25,aligned,0208_aligned_81008,0,1.8268939580302683,,2.7755575615628914e-17,8,0,0.2,-1,0,0,0,0,5.134781488891349e-16,0.0,0.0,44487,1648.1144648403151,89.48491795695926,44487,0,59.239541621679855,30.245376335279957,0,0.0,0.0,0.0,0,-1,confirmation,False,0.9986328125,0.9230712890625,False,0.0370471028579206,0.1721785047888352,True,2400.0,2400,True,2600.0,2600,True,3400.0,3400
81008,0.5,-1,0.25,state_rotated,0209_state_rotated_81008,0,1.820608083042316,,0.0,8,0,0.2,-1,0,0,0,0,5.134781488891349e-16,0.0,2.220446049250313e-16,40648,3944.3363163876647,451.2504802968992,40648,0,359.73705685803066,91.51342343886942,0,1.3877787807814457e-17,1.3877787807814457e-17,1.0408340855860844e-17,0,-1,confirmation,False,0.9982421875,0.840966796875,False,0.0970364179390785,0.2626922375296204,True,4200.0,4200,True,4400.0,4400,True,4600.0,4600
81008,0.5,-1,0.5,aligned,0210_aligned_81008,0,1.727878834004514,,2.7755575615628914e-17,8,0,0.2,-1,0,0,0,0,5.134781488891349e-16,0.0,0.0,43529,2480.880930432848,230.91478982249893,43529,0,154.92609641020508,75.9886934122928,0,0.0,0.0,0.0,0,-1,confirmation,False,0.999609375,0.9562451171875,False,0.0569937496940625,0.4028831758278016,True,1400.0,1400,True,1400.0,1400,True,1800.0,1800
81008,0.5,-1,0.5,state_rotated,0211_state_rotated_81008,0,1.8143661249196157,,0.0,8,0,0.2,-1,0,0,0,0,5.134781488891349e-16,0.0,4.440892098500626e-16,41633,8298.76767177152,2025.143574131895,41633,0,1601.5903080256662,423.55326610621194,0,3.122502256758253e-17,2.220446049250313e-16,1.6653345369377348e-16,0,-1,confirmation,False,0.9990234375,0.9067578125,False,0.1993314839615574,0.7134751188279461,True,2600.0,2600,True,2800.0,2800,True,3200.0,3200
81008,0.5,-1,1.0,aligned,0212_aligned_81008,0,1.7133337080013007,,2.7755575615628914e-17,8,0,0.2,-1,0,0,0,0,5.134781488891349e-16,0.0,0.0,42746,3883.7266495850545,618.1139239745352,42746,0,418.9679377160625,199.14598625847108,0,0.0,0.0,0.0,0,-1,confirmation,False,0.9990234375,0.97341796875,False,0.0908559081454417,0.7964127597927027,True,1000.0,1000,True,1000.0,1000,True,1200.0,1200
81008,0.5,-1,1.0,state_rotated,0213_state_rotated_81008,0,1.8791241670260208,,0.0,8,0,0.2,-1,0,0,0,0,5.134781488891349e-16,0.0,5.3290705182007506e-15,43132,20410.39651686065,23429.41748508233,43132,0,18872.385069125074,4557.032415957084,0,6.661338147750939e-16,1.1368683772161605e-13,5.684341886080803e-14,0,-1,confirmation,False,0.996875,0.92279296875,False,0.4732077463799649,20.04363009845625,True,2400.0,2400,True,2400.0,2400,True,3000.0,3000
81008,0.5,1024,0.25,aligned,0214_aligned_81008,0,2.104902792023495,,1.3877787807814457e-17,8,0,0.2,1236,0,0,0,0,4.996003610813204e-16,0.0,0.0,56688,56.17822894723717,4.135745394311927,1024,0,2.732107291702255,1.4036381026096745,0,0.0,0.0,0.0,0,-1,confirmation,False,0.966796875,0.86728515625,True,0.0548615517062863,0.1607093043748781,True,3800.0,3800,True,10800.0,10800,False,,20000
81008,0.5,1024,0.25,state_rotated,0215_state_rotated_81008,0,2.018914166954346,,0.0,8,0,0.2,2265,0,0,0,0,5.134781488891349e-16,0.0,8.326672684688674e-17,49160,79.92681411771694,7.630021085718861,1024,0,5.474530471028092,2.155490614690775,0,6.938893903907228e-18,4.3368086899420185e-18,3.469446951953614e-18,0,-1,confirmation,False,0.987109375,0.82099609375,True,0.0780535294118329,0.1652954311229938,True,4600.0,4600,True,4800.0,4800,False,,20000
81008,0.5,1024,0.5,aligned,0216_aligned_81008,0,1.9721316669601947,,2.7755575615628914e-17,8,0,0.2,840,0,0,0,0,5.134781488891349e-16,0.0,0.0,53334,97.00877480975832,12.856263909882156,1024,0,8.55275488082985,4.3035090290523,0,0.0,0.0,0.0,0,-1,confirmation,False,0.9904296875,0.938837890625,True,0.0947351316501546,0.2718173953463707,True,1800.0,1800,True,2000.0,2000,True,14800.0,14800
81008,0.5,1024,0.5,state_rotated,0217_state_rotated_81008,0,1.8983320420375096,,0.0,8,0,0.2,1637,0,0,0,0,5.134781488891349e-16,0.0,1.6653345369377348e-16,43241,160.58275702671435,31.114397179931657,1024,0,22.93804035932574,8.176356820605916,0,1.3877787807814457e-17,2.7755575615628914e-17,3.4694469519536136e-17,0,-1,confirmation,False,0.99765625,0.903505859375,True,0.1568190986589007,0.3475480577335976,True,2800.0,2800,True,3000.0,3000,True,3200.0,3200
81008,0.5,1024,1.0,aligned,0218_aligned_81008,0,1.7247727090725675,,2.7755575615628914e-17,8,0,0.2,574,0,0,0,0,5.134781488891349e-16,0.0,0.0,44111,146.47053692362357,31.02831182297737,1024,0,20.90683213518848,10.121479687788902,0,0.0,0.0,0.0,0,-1,confirmation,False,0.9984375,0.9714794921875,True,0.1430376337144761,0.5007518900670533,True,1000.0,1000,True,1000.0,1000,True,1200.0,1200
81008,0.5,1024,1.0,state_rotated,0219_state_rotated_81008,0,1.821617916924879,,0.0,8,0,0.2,1270,0,0,0,0,5.134781488891349e-16,0.0,3.3306690738754696e-16,42094,285.6925297741264,104.47970588517362,1024,0,75.17294165001725,29.30676423515633,0,2.7755575615628914e-17,2.220446049250313e-16,1.6653345369377348e-16,0,-1,confirmation,False,0.998828125,0.9289794921875,True,0.2789966111075453,0.7239509707076125,True,2200.0,2200,True,2200.0,2200,True,2400.0,2400
81008,0.5,-1,0.0,none,0220_none_81008,0,0.1479517919942736,,0.0,8,0,0.2,-1,0,0,0,0,2.914335439641036e-16,0.0,0.0,872,0.0,0.0,0,0,0.0,0.0,0,0.0,0.0,0.0,0,12200,confirmation,True,0.0,0.011875,False,,0.0,False,,20000,False,,20000,False,,20000
81008,0.65,-1,0.25,aligned,0221_aligned_81008,0,1.9490035829367116,,2.7755575615628914e-17,8,0,0.2,-1,0,0,0,0,5.134781488891349e-16,4.440892098500626e-16,0.0,51553,1673.3138469611624,86.13473503740202,51553,0,56.74649926359089,29.38823577381115,0,0.0,0.0,0.0,0,-1,confirmation,False,0.99921875,0.9708837890625,False,0.0324581274991011,0.1914009450231322,True,1400.0,1400,True,2000.0,2000,True,3800.0,3800
81008,0.65,-1,0.25,state_rotated,0222_state_rotated_81008,0,2.0171156669966877,,0.0,8,0,0.2,-1,0,0,0,0,5.134781488891349e-16,4.440892098500626e-16,1.6653345369377348e-16,48180,3794.9972693856903,392.3625102877982,48180,0,311.4140208760168,80.94848941177824,0,1.0408340855860844e-17,1.0408340855860844e-17,6.938893903907228e-18,0,-1,confirmation,False,0.9986328125,0.91302734375,False,0.0787670666124053,0.272706731742039,True,2400.0,2400,True,2600.0,2600,True,4200.0,4200
81008,0.65,-1,0.5,aligned,0223_aligned_81008,0,1.9324776250869036,,2.7755575615628914e-17,8,0,0.2,-1,0,0,0,0,5.134781488891349e-16,4.440892098500626e-16,0.0,47848,2432.5935113245255,218.77763891729217,47848,0,146.249583241759,72.52805567553256,0,0.0,0.0,0.0,0,-1,confirmation,False,0.99921875,0.980693359375,False,0.0508400248981049,0.3503399036771543,True,1000.0,1000,True,1200.0,1200,True,1400.0,1400
81008,0.65,-1,0.5,state_rotated,0224_state_rotated_81008,0,2.0788173329783604,,0.0,8,0,0.2,-1,0,0,0,0,5.134781488891349e-16,4.440892098500626e-16,3.3306690738754696e-16,47310,7708.395522323019,1705.9466657101002,47310,0,1349.76998452509,356.1766811849985,0,3.7296554733501346e-17,1.1102230246251563e-16,2.220446049250313e-16,0,-1,confirmation,False,1.0,0.94759765625,False,0.1629337459801948,0.7292329660525018,True,1600.0,1600,True,1800.0,1800,True,2800.0,2800
81008,0.65,-1,1.0,aligned,0225_aligned_81008,0,1.8645898749819023,,2.7755575615628914e-17,8,0,0.2,-1,0,0,0,0,5.134781488891349e-16,4.440892098500626e-16,0.0,45590,3675.491795639411,556.4551562623327,45590,0,376.6720706435513,179.78308561877668,0,0.0,0.0,0.0,0,-1,confirmation,False,0.998828125,0.985224609375,False,0.0806205702048565,0.7816229206217125,True,600.0,600,True,800.0,800,True,1000.0,1000
81008,0.65,-1,1.0,state_rotated,0226_state_rotated_81008,0,2.101961375097744,,0.0,8,0,0.2,-1,0,0,0,0,5.134781488891349e-16,4.440892098500626e-16,2.6645352591003757e-15,48792,17705.894752355507,10897.142071148834,48792,0,8574.801410445425,2322.340660703275,0,3.3306690738754696e-16,1.4210854715202004e-14,1.4210854715202004e-14,0,-1,confirmation,False,0.99921875,0.9624658203125,False,0.3628852015157301,9.176570650519118,True,1200.0,1200,True,1200.0,1200,True,1800.0,1800
81008,0.65,1024,0.25,aligned,0227_aligned_81008,0,2.9704454160528257,,1.3877787807814457e-17,8,0,0.2,134,0,0,0,0,2.914335439641036e-16,4.440892098500626e-16,0.0,95910,29.27598855940221,0.9054135276134422,1024,0,0.6171669827952377,0.2882465448182033,0,0.0,0.0,0.0,0,-1,confirmation,False,0.734765625,0.689423828125,True,0.0285898325775412,0.0744121666586748,False,,20000,False,,20000,False,,20000
81008,0.65,1024,0.25,state_rotated,0228_state_rotated_81008,0,3.0861105830408633,,0.0,8,0,0.2,803,0,0,0,0,2.914335439641036e-16,4.440892098500626e-16,5.551115123125783e-17,88181,45.55112194484505,2.656423570598513,1024,0,1.870828673882664,0.7855948967158504,0,6.938893903907228e-18,4.3368086899420185e-18,3.469446951953614e-18,0,-1,confirmation,False,0.7951171875,0.706396484375,True,0.0444835175242627,0.1325580766454446,False,,20000,False,,20000,False,,20000
81008,0.65,1024,0.5,aligned,0229_aligned_81008,0,2.97194820898585,,1.3877787807814457e-17,8,0,0.2,148,0,0,0,0,2.914335439641036e-16,0.0,0.0,98596,54.09439399165724,3.19742158673348,1024,0,2.193561949369525,1.0038596373639603,0,0.0,0.0,0.0,0,-1,confirmation,False,0.8173828125,0.7466845703125,True,0.0528265566324777,0.1550423851910709,False,,20000,False,,20000,False,,20000
81008,0.65,1024,0.5,state_rotated,0230_state_rotated_81008,0,2.6807786249555647,,0.0,8,0,0.2,719,0,0,0,0,4.996003610813204e-16,4.440892098500626e-16,1.1102230246251563e-16,74510,88.83053895180029,10.908023791248802,1024,0,7.673401043073118,3.234622748175695,0,1.3877787807814457e-17,2.0816681711721685e-17,1.7347234759768068e-17,0,-1,confirmation,False,0.966796875,0.8968115234375,True,0.0867485731951174,0.272023185570687,True,3000.0,3000,True,5800.0,5800,False,,20000
81008,0.65,1024,1.0,aligned,0231_aligned_81008,0,3.0021917920093983,,3.469446951953614e-18,8,0,0.2,141,0,0,0,0,4.579669976578771e-16,4.440892098500626e-16,0.0,105620,91.92872716691504,10.318783467831128,1024,0,7.146153789221066,3.1726296786100474,0,0.0,0.0,0.0,0,-1,confirmation,False,0.918359375,0.887744140625,True,0.0897741476239404,0.2780462278976912,True,6200.0,6200,False,,20000,False,,20000
81008,0.65,1024,1.0,state_rotated,0232_state_rotated_81008,0,2.0637674580793828,,0.0,8,0,0.2,639,0,0,0,0,5.134781488891349e-16,4.440892098500626e-16,3.3306690738754696e-16,49768,167.076263010904,41.87610743986587,1024,0,29.445510282543015,12.430597157322788,0,2.862293735361732e-17,1.1102230246251563e-16,9.714451465470121e-17,0,-1,confirmation,False,0.9984375,0.9628515625,True,0.1631604130965859,0.5908074652063232,True,1200.0,1200,True,1200.0,1200,True,1800.0,1800
81008,0.65,-1,0.0,none,0233_none_81008,0,0.1780327919404953,,0.0,8,0,0.2,-1,0,0,0,0,2.914335439641036e-16,0.0,0.0,1605,0.0,0.0,0,0,0.0,0.0,0,0.0,0.0,0.0,0,6000,confirmation,True,0.0,0.013818359375,False,,0.0,False,,20000,False,,20000,False,,20000
81009,0.5,-1,0.25,aligned,0234_aligned_81009,0,1.8107970419805497,,2.7755575615628914e-17,8,0,0.2,-1,0,0,0,0,5.134781488891349e-16,0.0,0.0,44634,1671.522490402079,92.28408940650245,44634,0,61.1156917221421,31.168397684360126,0,0.0,0.0,0.0,0,-1,confirmation,False,0.9982421875,0.926650390625,False,0.037449533772507,0.1793515548446261,True,2400.0,2400,True,2600.0,2600,True,3600.0,3600
81009,0.5,-1,0.25,state_rotated,0235_state_rotated_81009,0,1.7607144999783486,,0.0,8,0,0.2,-1,0,0,0,0,5.134781488891349e-16,0.0,1.3877787807814454e-16,40300,3737.75914066,411.616111251904,40300,0,326.54911608056767,85.06699517134324,0,9.54097911787244e-18,8.673617379884035e-18,5.204170427930421e-18,0,-1,confirmation,False,0.998046875,0.8455126953125,False,0.092748365773201,0.264360991944324,True,4200.0,4200,True,4200.0,4200,True,5800.0,5800
81009,0.5,-1,0.5,aligned,0236_aligned_81009,0,1.738620667019859,,2.7755575615628914e-17,8,0,0.2,-1,0,0,0,0,5.134781488891349e-16,0.0,0.0,43703,2449.837924181312,224.19323313545348,43703,0,150.42384277149225,73.76939036396284,0,0.0,0.0,0.0,0,-1,confirmation,False,0.999609375,0.9538916015625,False,0.0560565161243235,0.4098688597679597,True,1400.0,1400,True,1600.0,1600,True,2000.0,2000
81009,0.5,-1,0.5,state_rotated,0237_state_rotated_81009,0,1.815202625002712,,0.0,8,0,0.2,-1,0,0,0,0,5.134781488891349e-16,0.0,4.440892098500626e-16,41274,7917.617076983446,1878.5828080556737,41274,0,1487.9335267069646,390.64928134869587,0,2.7755575615628914e-17,1.1102230246251563e-16,1.1102230246251563e-16,0,-1,confirmation,False,0.999609375,0.9124462890625,False,0.1918306216258042,0.7106702647372367,True,2400.0,2400,True,2400.0,2400,True,2800.0,2800
81009,0.5,-1,1.0,aligned,0238_aligned_81009,0,1.7145195840857923,,2.7755575615628914e-17,8,0,0.2,-1,0,0,0,0,5.134781488891349e-16,0.0,0.0,43027,3911.2671782792504,633.5525573982551,43027,0,429.77589904117855,203.77665835707296,0,0.0,0.0,0.0,0,-1,confirmation,False,0.999609375,0.974326171875,False,0.0909026234289922,1.0240148351625251,True,1000.0,1000,True,1000.0,1000,True,1000.0,1000
81009,0.5,-1,1.0,state_rotated,0239_state_rotated_81009,0,1.8625252079218624,,0.0,8,0,0.2,-1,0,0,0,0,5.134781488891349e-16,0.0,2.6645352591003757e-15,42514,20496.68827563466,15670.122285539726,42514,0,12500.24507171924,3169.877213820479,0,2.3592239273284576e-16,1.4210854715202004e-14,1.4210854715202004e-14,0,-1,confirmation,False,0.9990234375,0.931396484375,False,0.4821162035008388,7.1361325898574135,True,2000.0,2000,True,2200.0,2200,True,2600.0,2600
81009,0.5,1024,0.25,aligned,0240_aligned_81009,0,2.1689404159551486,,1.3877787807814457e-17,8,0,0.2,1061,0,0,0,0,4.996003610813204e-16,0.0,0.0,57389,59.88938791654082,4.589734460032341,1024,0,3.026452281920272,1.563282178112064,0,0.0,0.0,0.0,0,-1,confirmation,False,0.9365234375,0.8400146484375,True,0.0584857303872468,0.15381745922956,True,4000.0,4000,False,,20000,False,,20000
81009,0.5,1024,0.25,state_rotated,0241_state_rotated_81009,0,2.029501416953281,,0.0,8,0,0.2,2331,0,0,0,0,4.996003610813204e-16,0.0,5.551115123125783e-17,48379,78.87312302803988,7.454698275273114,1024,0,5.363834434630447,2.0908638406426627,0,6.938893903907228e-18,5.204170427930421e-18,5.204170427930421e-18,0,-1,confirmation,False,0.9841796875,0.822666015625,True,0.0770245342070702,0.1835580949545786,True,4400.0,4400,True,4800.0,4800,False,,20000
81009,0.5,1024,0.5,aligned,0242_aligned_81009,0,1.9899512500269336,,2.7755575615628914e-17,8,0,0.2,879,0,0,0,0,5.134781488891349e-16,0.0,0.0,53328,96.64558437024532,12.602150363271305,1024,0,8.396489978359336,4.205660384911971,0,0.0,0.0,0.0,0,-1,confirmation,False,0.98828125,0.93794921875,True,0.0943804534865677,0.2901445941511238,True,1800.0,1800,True,2000.0,2000,True,12800.0,12800
81009,0.5,1024,0.5,state_rotated,0243_state_rotated_81009,0,1.897057041991502,,0.0,8,0,0.2,1509,0,0,0,0,5.134781488891349e-16,0.0,1.6653345369377348e-16,43704,155.67632062375728,29.412758615918666,1024,0,21.46846707705577,7.944291538862904,0,1.3877787807814457e-17,2.7755575615628914e-17,2.0816681711721685e-17,0,-1,confirmation,False,0.9990234375,0.9131982421875,True,0.1520276568591379,0.3690757692287798,True,2400.0,2400,True,2400.0,2400,True,2800.0,2800
81009,0.5,1024,1.0,aligned,0244_aligned_81009,0,1.7262256249086931,,2.7755575615628914e-17,8,0,0.2,561,0,0,0,0,5.134781488891349e-16,0.0,0.0,45092,146.8463893869442,30.88790016737761,1024,0,20.888647564773574,9.999252602604022,0,0.0,0.0,0.0,0,-1,confirmation,False,0.998046875,0.9715087890625,True,0.1434046771356877,0.4833666883930954,True,1000.0,1000,True,1000.0,1000,True,1200.0,1200
81009,0.5,1024,1.0,state_rotated,0245_state_rotated_81009,0,1.8087502919370309,,0.0,8,0,0.2,1198,0,0,0,0,5.134781488891349e-16,0.0,3.3306690738754696e-16,42450,310.7191778737802,119.66932562195764,1024,0,87.03724864349532,32.63207697846224,0,2.949029909160572e-17,2.220446049250313e-16,1.6653345369377348e-16,0,-1,confirmation,False,0.9990234375,0.933955078125,True,0.3034366971423635,0.7575813732434609,True,2000.0,2000,True,2200.0,2200,True,2400.0,2400
81009,0.5,-1,0.0,none,0246_none_81009,0,0.153365375008434,,0.0,8,0,0.2,-1,0,0,0,0,2.914335439641036e-16,0.0,0.0,986,0.0,0.0,0,0,0.0,0.0,0,0.0,0.0,0.0,0,5000,confirmation,True,0.0,0.0136083984375,False,,0.0,False,,20000,False,,20000,False,,20000
81009,0.65,-1,0.25,aligned,0247_aligned_81009,0,1.9336330419173464,,2.7755575615628914e-17,8,0,0.2,-1,0,0,0,0,5.134781488891349e-16,4.440892098500626e-16,0.0,51469,1660.9814904544576,85.35973700445095,51469,0,56.22300911845156,29.136727885998475,0,0.0,0.0,0.0,0,-1,confirmation,False,0.9990234375,0.970595703125,False,0.0322714933349095,0.1858499728097952,True,1400.0,1400,True,2000.0,2000,True,3600.0,3600
81009,0.65,-1,0.25,state_rotated,0248_state_rotated_81009,0,2.0213342080824077,,0.0,8,0,0.2,-1,0,0,0,0,5.134781488891349e-16,4.440892098500626e-16,1.6653345369377348e-16,48605,3809.7933335497146,387.9717897850704,48605,0,308.4388671990568,79.5329225860146,0,6.938893903907228e-18,8.673617379884035e-18,6.938893903907228e-18,0,-1,confirmation,False,0.9990234375,0.919072265625,False,0.0783827452638558,0.2577717523797962,True,2400.0,2400,True,2600.0,2600,True,3600.0,3600
81009,0.65,-1,0.5,aligned,0249_aligned_81009,0,1.9492566669359803,,2.7755575615628914e-17,8,0,0.2,-1,0,0,0,0,5.134781488891349e-16,4.440892098500626e-16,0.0,47822,2387.890350416557,210.2056626911493,47822,0,140.4820988334946,69.72356385765326,0,0.0,0.0,0.0,0,-1,confirmation,False,0.9994140625,0.9801025390625,False,0.0499328834096557,0.4317126495660047,True,1000.0,1000,True,1000.0,1000,True,1800.0,1800
81009,0.65,-1,0.5,state_rotated,0250_state_rotated_81009,0,2.090113874990493,,0.0,8,0,0.2,-1,0,0,0,0,5.134781488891349e-16,4.440892098500626e-16,4.440892098500626e-16,47431,7932.837991671374,1824.1088817635953,47431,0,1437.633522989277,386.4753587743232,0,2.7755575615628914e-17,1.3877787807814454e-16,1.1102230246251563e-16,0,-1,confirmation,False,0.999609375,0.9457763671875,False,0.1672500683449932,0.7680834575592854,True,1600.0,1600,True,1800.0,1800,True,3000.0,3000
81009,0.65,-1,1.0,aligned,0251_aligned_81009,0,1.8754279999993744,,2.7755575615628914e-17,8,0,0.2,-1,0,0,0,0,5.134781488891349e-16,4.440892098500626e-16,0.0,45585,3678.602651770147,559.1929148686218,45585,0,378.374005584195,180.81890928442436,0,0.0,0.0,0.0,0,-1,confirmation,False,0.99921875,0.9862158203125,False,0.0806976560660337,0.719882739978223,True,600.0,600,True,800.0,800,True,800.0,800
81009,0.65,-1,1.0,state_rotated,0252_state_rotated_81009,0,2.120397667051293,,0.0,8,0,0.2,-1,0,0,0,0,5.134781488891349e-16,4.440892098500626e-16,5.3290705182007506e-15,48525,20131.120626085212,15747.070651034011,48525,0,12465.043660316062,3282.0269907178526,0,6.106226635438361e-16,4.263256414560601e-14,4.263256414560601e-14,0,-1,confirmation,False,0.998828125,0.965546875,False,0.4148608063077839,9.842630668155431,True,1200.0,1200,True,1400.0,1400,True,2000.0,2000
81009,0.65,1024,0.25,aligned,0253_aligned_81009,0,3.0155910410685465,,1.3877787807814457e-17,8,0,0.2,133,0,0,0,0,2.914335439641036e-16,0.0,0.0,97859,29.466960366918844,0.8975226072436083,1024,0,0.6154066242323678,0.2821159830112413,0,0.0,0.0,0.0,0,-1,confirmation,False,0.684765625,0.683720703125,True,0.0287763284833191,0.0688189427064741,False,,20000,False,,20000,False,,20000
81009,0.65,1024,0.25,state_rotated,0254_state_rotated_81009,0,3.176799957989715,,0.0,8,0,0.2,709,0,0,0,0,2.914335439641036e-16,0.0,5.551115123125783e-17,89018,45.91392442058021,2.7304933240425537,1024,0,1.9095918604015631,0.8209014636409968,0,6.938893903907228e-18,3.469446951953614e-18,2.6020852139652106e-18,0,-1,confirmation,False,0.7224609375,0.6667626953125,True,0.0448378168169728,0.1402916056844425,False,,20000,False,,20000,False,,20000
81009,0.65,1024,0.5,aligned,0255_aligned_81009,0,3.004850250086747,,1.3877787807814457e-17,8,0,0.2,143,0,0,0,0,3.469446951953614e-16,4.440892098500626e-16,0.0,97955,53.97744141939027,3.1484428892441323,1024,0,2.1726005659296628,0.9758423233144734,0,0.0,0.0,0.0,0,-1,confirmation,False,0.7978515625,0.759453125,True,0.0527123451361233,0.1567498094256758,False,,20000,False,,20000,False,,20000
81009,0.65,1024,0.5,state_rotated,0256_state_rotated_81009,0,2.8078399169025943,,0.0,8,0,0.2,768,0,0,0,0,5.134781488891349e-16,4.440892098500626e-16,1.6653345369377348e-16,83265,94.96113418960066,12.082587979281424,1024,0,8.52019951008444,3.56238846919698,0,1.3877787807814457e-17,2.0816681711721685e-17,1.7347234759768068e-17,0,-1,confirmation,False,0.9728515625,0.92005859375,True,0.0927354826070318,0.2739760905959953,True,1800.0,1800,True,3200.0,3200,False,,20000
81009,0.65,1024,1.0,aligned,0257_aligned_81009,0,3.200951791019179,,8.673617379884035e-19,8,0,0.2,125,0,0,0,0,3.469446951953614e-16,4.440892098500626e-16,0.0,109922,91.29741141905262,10.10975304208851,1024,0,7.026369639770198,3.0833834023183395,0,0.0,0.0,0.0,0,-1,confirmation,False,0.8578125,0.8278271484375,True,0.0891576283389185,0.2733518858203786,False,,20000,False,,20000,False,,20000
81009,0.65,1024,1.0,state_rotated,0258_state_rotated_81009,0,2.0402257500682026,,0.0,8,0,0.2,542,0,0,0,0,5.134781488891349e-16,4.440892098500626e-16,2.220446049250313e-16,47953,148.09205085315898,32.989738995884636,1024,0,23.131957780418315,9.857781215466346,0,3.642919299551295e-17,1.3877787807814454e-16,1.1102230246251563e-16,0,-1,confirmation,False,0.99765625,0.9639599609375,True,0.144621143411288,0.560851570382551,True,1200.0,1200,True,1400.0,1400,True,2200.0,2200
81009,0.65,-1,0.0,none,0259_none_81009,0,0.1652480000630021,,0.0,8,0,0.2,-1,0,0,0,0,2.914335439641036e-16,0.0,0.0,1628,0.0,0.0,0,0,0.0,0.0,0,0.0,0.0,0.0,0,5000,confirmation,True,0.0,0.0144189453125,False,,0.0,False,,20000,False,,20000,False,,20000
81010,0.5,-1,0.25,aligned,0260_aligned_81010,0,1.86969379207585,,2.7755575615628914e-17,8,0,0.2,-1,0,0,0,0,5.134781488891349e-16,0.0,0.0,45256,1698.1384394940771,94.53704201726389,45256,0,62.64546836781374,31.891573649449228,0,0.0,0.0,0.0,0,-1,confirmation,False,0.9990234375,0.930322265625,False,0.0375229458965458,0.1879443383434897,True,2200.0,2200,True,2400.0,2400,True,3400.0,3400
81010,0.5,-1,0.25,state_rotated,0261_state_rotated_81010,0,1.8716918750433251,,0.0,8,0,0.2,-1,0,0,0,0,5.134781488891349e-16,0.0,1.6653345369377348e-16,40807,3828.007041514691,428.6644858654248,40807,0,339.6018562228614,89.06262964256139,0,1.0408340855860844e-17,1.0408340855860844e-17,1.3877787807814457e-17,0,-1,confirmation,False,0.9990234375,0.8613232421875,False,0.0938076075554363,0.2787692881439126,True,3800.0,3800,True,4000.0,4000,True,4600.0,4600
81010,0.5,-1,0.5,aligned,0262_aligned_81010,0,1.7301652920432389,,2.7755575615628914e-17,8,0,0.2,-1,0,0,0,0,5.134781488891349e-16,0.0,0.0,43431,2474.1734019767696,228.7215423511577,43431,0,153.44095564316166,75.28058670799491,0,0.0,0.0,0.0,0,-1,confirmation,False,0.9990234375,0.95845703125,False,0.0569679123662077,0.3611999593575226,True,1400.0,1400,True,1400.0,1400,True,1800.0,1800
81010,0.5,-1,0.5,state_rotated,0263_state_rotated_81010,0,1.835544208995998,,0.0,8,0,0.2,-1,0,0,0,0,5.134781488891349e-16,0.0,4.440892098500626e-16,42244,8159.307749275656,1949.1371133445828,42244,0,1544.423528506466,404.7135848381219,0,2.7755575615628914e-17,2.220446049250313e-16,2.220446049250313e-16,0,-1,confirmation,False,0.9986328125,0.9104833984375,False,0.1931471392215618,0.6957395836561856,True,2600.0,2600,True,2800.0,2800,True,3000.0,3000
81010,0.5,-1,1.0,aligned,0264_aligned_81010,0,1.7208658340387046,,2.7755575615628914e-17,8,0,0.2,-1,0,0,0,0,5.134781488891349e-16,0.0,0.0,42803,3940.921029953041,648.1236513176095,42803,0,439.8037854443009,208.31986587330547,0,0.0,0.0,0.0,0,-1,confirmation,False,0.998828125,0.9761962890625,False,0.0920711405731617,0.8232788681586625,True,800.0,800,True,800.0,800,True,1000.0,1000
81010,0.5,-1,1.0,state_rotated,0265_state_rotated_81010,0,1.8803862079512328,,0.0,8,0,0.2,-1,0,0,0,0,5.134781488891349e-16,0.0,2.131628207280301e-14,43050,26361.438993009928,91989.53789804412,43050,0,78652.38463684016,13337.153261204763,0,3.552713678800501e-15,9.094947017729282e-13,9.094947017729282e-13,0,-1,confirmation,False,0.9994140625,0.9277490234375,False,0.6123446920559797,89.1980193060017,True,2200.0,2200,True,2400.0,2400,True,2600.0,2600
81010,0.5,1024,0.25,aligned,0266_aligned_81010,0,2.246739750029519,,1.3877787807814457e-17,8,0,0.2,1029,0,0,0,0,5.134781488891349e-16,0.0,0.0,62616,58.6510842117711,4.422658097849805,1024,0,2.916066821141833,1.5065912767079757,0,0.0,0.0,0.0,0,-1,confirmation,False,0.93671875,0.83533203125,True,0.0572764494255577,0.1462596209927851,True,4600.0,4600,False,,20000,False,,20000
81010,0.5,1024,0.25,state_rotated,0267_state_rotated_81010,0,2.1205221250420436,,0.0,8,0,0.2,1975,0,0,0,0,5.134781488891349e-16,0.0,5.551115123125783e-17,52440,74.7887937785206,6.741013421397118,1024,0,4.776995915290134,1.9640175061069824,0,6.938893903907228e-18,4.3368086899420185e-18,3.469446951953614e-18,0,-1,confirmation,False,0.9759765625,0.8249462890625,True,0.0730359314243365,0.1702041612697604,True,4200.0,4200,True,5200.0,5200,False,,20000
81010,0.5,1024,0.5,aligned,0268_aligned_81010,0,2.0123017909936607,,2.7755575615628914e-17,8,0,0.2,786,0,0,0,0,5.134781488891349e-16,0.0,0.0,55847,97.3607896059014,12.7351132308045,1024,0,8.496002782819067,4.239110447985458,0,0.0,0.0,0.0,0,-1,confirmation,False,0.98984375,0.9330419921875,True,0.095078896099513,0.2810784201454638,True,2000.0,2000,True,2600.0,2600,False,,20000
81010,0.5,1024,0.5,state_rotated,0269_state_rotated_81010,0,1.9579489999450743,,0.0,8,0,0.2,1433,0,0,0,0,5.134781488891349e-16,0.0,1.6653345369377348e-16,46725,154.04066808334858,28.738593185781777,1024,0,20.901448038176788,7.837145147605029,0,1.3877787807814457e-17,3.4694469519536136e-17,3.4694469519536136e-17,0,-1,confirmation,False,0.9970703125,0.9030615234375,True,0.1504303399251451,0.362334398730729,True,3000.0,3000,True,3200.0,3200,True,4400.0,4400
81010,0.5,1024,1.0,aligned,0270_aligned_81010,0,1.7057936659548432,,2.7755575615628914e-17,8,0,0.2,549,0,0,0,0,5.134781488891349e-16,0.0,0.0,44041,150.16529434429182,32.43080723864343,1024,0,21.811106854471397,10.619700384172068,0,0.0,0.0,0.0,0,-1,confirmation,False,0.9986328125,0.97416015625,True,0.1466457952580974,0.5125746746670282,True,800.0,800,True,1000.0,1000,True,1200.0,1200
81010,0.5,1024,1.0,state_rotated,0271_state_rotated_81010,0,1.837895333068445,,0.0,8,0,0.2,1168,0,0,0,0,5.134781488891349e-16,0.0,3.3306690738754696e-16,44340,313.24676014467406,123.76165279187148,1024,0,90.37903651920293,33.38261627266858,0,5.551115123125783e-17,3.3306690738754696e-16,2.775557561562891e-16,0,-1,confirmation,False,0.9974609375,0.9268212890625,True,0.3059050392037832,0.9291942743285748,True,2400.0,2400,True,2400.0,2400,True,2600.0,2600
81010,0.5,-1,0.0,none,0272_none_81010,0,0.1544640829088166,,0.0,8,0,0.2,-1,0,0,0,0,2.914335439641036e-16,0.0,0.0,1029,0.0,0.0,0,0,0.0,0.0,0,0.0,0.0,0.0,0,5200,confirmation,True,0.0,0.0143603515625,False,,0.0,False,,20000,False,,20000,False,,20000
81010,0.65,-1,0.25,aligned,0273_aligned_81010,0,1.9203071249648929,,2.7755575615628914e-17,8,0,0.2,-1,0,0,0,0,5.134781488891349e-16,4.440892098500626e-16,0.0,51509,1701.933055864963,89.35088056087876,51509,0,58.90602788970171,30.444852671176104,0,0.0,0.0,0.0,0,-1,confirmation,False,0.999609375,0.9726904296875,False,0.0330414695658033,0.1915498272399281,True,1200.0,1200,True,2400.0,2400,True,3400.0,3400
81010,0.65,-1,0.25,state_rotated,0274_state_rotated_81010,0,1.9869280830025673,,0.0,8,0,0.2,-1,0,0,0,0,5.134781488891349e-16,4.440892098500626e-16,1.3877787807814454e-16,47924,3618.582396790015,358.4022339826071,47924,0,283.8728461573556,74.52938782525861,0,6.938893903907228e-18,6.938893903907228e-18,6.938893903907228e-18,0,-1,confirmation,False,0.999609375,0.9164111328125,False,0.0755066855185296,0.2515765836069766,True,2400.0,2400,True,2800.0,2800,True,4400.0,4400
81010,0.65,-1,0.5,aligned,0275_aligned_81010,0,1.8195449999766424,,2.7755575615628914e-17,8,0,0.2,-1,0,0,0,0,5.134781488891349e-16,4.440892098500626e-16,0.0,47629,2392.569015354023,210.49312192374305,47629,0,141.0685712224276,69.42455070131385,0,0.0,0.0,0.0,0,-1,confirmation,False,0.998828125,0.9788134765625,False,0.0502334505312734,0.3844601398936712,True,1000.0,1000,True,1200.0,1200,True,2200.0,2200
81010,0.65,-1,0.5,state_rotated,0276_state_rotated_81010,0,1.9737099580233917,,0.0,8,0,0.2,-1,0,0,0,0,5.134781488891349e-16,4.440892098500626e-16,4.440892098500626e-16,46892,7440.735561817275,1634.9579336564543,46892,0,1287.3079920819732,347.6499415744791,0,2.7755575615628914e-17,8.326672684688674e-17,8.326672684688674e-17,0,-1,confirmation,False,0.9986328125,0.9486181640625,False,0.1586781447116197,0.748452757641692,True,1600.0,1600,True,1800.0,1800,True,4200.0,4200
81010,0.65,-1,1.0,aligned,0277_aligned_81010,0,1.757408625097014,,2.7755575615628914e-17,8,0,0.2,-1,0,0,0,0,5.134781488891349e-16,4.440892098500626e-16,0.0,45506,3720.484211312971,576.3085176808258,45506,0,390.4362009183634,185.8723167624559,0,0.0,0.0,0.0,0,-1,confirmation,False,0.998828125,0.9871337890625,False,0.0817581024768815,0.8556279175637739,True,600.0,600,True,600.0,600,True,800.0,800
81010,0.65,-1,1.0,state_rotated,0278_state_rotated_81010,0,2.0088776670163497,,0.0,8,0,0.2,-1,0,0,0,0,5.134781488891349e-16,4.440892098500626e-16,2.131628207280301e-14,47913,19270.5053414704,33778.26183500583,47913,0,29715.79918974339,4062.4626452625953,0,1.7763568394002505e-15,1.8189894035458565e-12,9.094947017729282e-13,0,-1,confirmation,False,0.998828125,0.9598583984375,False,0.4021978448744683,70.31512720445956,True,1400.0,1400,True,1400.0,1400,True,3200.0,3200
81010,0.65,1024,0.25,aligned,0279_aligned_81010,0,2.992541417013854,,1.3877787807814457e-17,8,0,0.2,146,0,0,0,0,2.914335439641036e-16,0.0,0.0,97793,29.885143981181415,0.9373998739911128,1024,0,0.6430179502766624,0.294381923714449,0,0.0,0.0,0.0,0,-1,confirmation,False,0.700390625,0.686240234375,True,0.0291847109191224,0.071186799140743,False,,20000,False,,20000,False,,20000
81010,0.65,1024,0.25,state_rotated,0280_state_rotated_81010,0,3.283082625013776,,0.0,8,0,0.2,616,0,0,0,0,2.914335439641036e-16,0.0,5.551115123125783e-17,95931,45.350003098841455,2.612771623483505,1024,0,1.8264473566700816,0.7863242668134246,0,6.938893903907228e-18,2.6020852139652106e-18,2.1684043449710093e-18,0,-1,confirmation,False,0.7158203125,0.679326171875,True,0.0442871124012123,0.1275409094150414,False,,20000,False,,20000,False,,20000
81010,0.65,1024,0.5,aligned,0281_aligned_81010,0,3.0131688750116155,,1.3877787807814457e-17,8,0,0.2,140,0,0,0,0,2.914335439641036e-16,0.0,0.0,99373,54.88406933529636,3.311883640649643,1024,0,2.286116871451007,1.0257667691986414,0,0.0,0.0,0.0,0,-1,confirmation,False,0.736328125,0.7093896484375,True,0.0535977239602503,0.15378600674592,False,,20000,False,,20000,False,,20000
81010,0.65,1024,0.5,state_rotated,0282_state_rotated_81010,0,2.292705124942586,,0.0,8,0,0.2,605,0,0,0,0,4.996003610813204e-16,4.440892098500626e-16,1.1102230246251563e-16,58533,86.38706023176412,9.939525495822949,1024,0,6.984980595425723,2.954544900397235,0,1.3877787807814457e-17,1.3877787807814457e-17,1.3877787807814457e-17,0,-1,confirmation,False,0.9720703125,0.923984375,True,0.0843623635075821,0.2643334504686065,True,1800.0,1800,True,2600.0,2600,False,,20000
81010,0.65,1024,1.0,aligned,0283_aligned_81010,0,3.0800622920505702,,1.734723475976807e-18,8,0,0.2,140,0,0,0,0,2.914335439641036e-16,4.440892098500626e-16,0.0,110113,94.99453702889004,10.999079872232697,1024,0,7.650440726515328,3.348639145717394,0,0.0,0.0,0.0,0,-1,confirmation,False,0.8740234375,0.8318017578125,True,0.0927681025672754,0.3121933422805596,False,,20000,False,,20000,False,,20000
81010,0.65,1024,1.0,state_rotated,0284_state_rotated_81010,0,2.1102837909711525,,0.0,8,0,0.2,549,0,0,0,0,5.134781488891349e-16,4.440892098500626e-16,2.220446049250313e-16,54904,161.53639625432686,37.25671370893723,1024,0,26.398313526093553,10.858400182843678,0,2.7755575615628914e-17,1.1102230246251563e-16,1.1102230246251563e-16,0,-1,confirmation,False,0.99765625,0.955498046875,True,0.157750386967116,0.5050445661492295,True,1600.0,1600,True,1600.0,1600,True,3400.0,3400
81010,0.65,-1,0.0,none,0285_none_81010,0,0.1750115839531645,,0.0,8,0,0.2,-1,0,0,0,0,2.914335439641036e-16,0.0,0.0,1942,0.0,0.0,0,0,0.0,0.0,0,0.0,0.0,0.0,0,8000,confirmation,True,0.0,0.0168212890625,False,,0.0,False,,20000,False,,20000,False,,20000
81011,0.5,-1,0.25,aligned,0286_aligned_81011,0,1.7591516250977293,,2.7755575615628914e-17,8,0,0.2,-1,0,0,0,0,5.134781488891349e-16,0.0,0.0,44725,1712.481576705219,96.47614457518137,44725,0,63.912551480134326,32.5635930950475,0,0.0,0.0,0.0,0,-1,confirmation,False,0.9990234375,0.929990234375,False,0.0382891353092279,0.1899604379904577,True,2400.0,2400,True,2600.0,2600,True,3600.0,3600
81011,0.5,-1,0.25,state_rotated,0287_state_rotated_81011,0,1.778842500061728,,0.0,8,0,0.2,-1,0,0,0,0,5.134781488891349e-16,0.0,1.3877787807814454e-16,40654,3852.3685163822206,432.79511016687553,40654,0,343.6733556029535,89.12175456391942,0,6.938893903907228e-18,1.0408340855860844e-17,6.938893903907228e-18,0,-1,confirmation,False,0.999609375,0.8585888671875,False,0.094759888728839,0.2607685080765874,True,4000.0,4000,True,4200.0,4200,True,4400.0,4400
81011,0.5,-1,0.5,aligned,0288_aligned_81011,0,1.726635375060141,,2.7755575615628914e-17,8,0,0.2,-1,0,0,0,0,5.134781488891349e-16,0.0,0.0,43726,2514.898982421528,239.1996207056665,43726,0,160.4416174140652,78.75800329159928,0,0.0,0.0,0.0,0,-1,confirmation,False,0.99921875,0.958681640625,False,0.0575149563742745,0.3765352994999975,True,1400.0,1400,True,1400.0,1400,True,2000.0,2000
81011,0.5,-1,0.5,state_rotated,0289_state_rotated_81011,0,1.8223269580630583,,0.0,8,0,0.2,-1,0,0,0,0,5.134781488891349e-16,0.0,3.8857805861880484e-16,41977,8279.450822645884,2044.32002110197,41977,0,1615.3249370481033,428.99508405388616,0,2.7755575615628914e-17,1.6653345369377348e-16,1.1102230246251563e-16,0,-1,confirmation,False,0.99921875,0.9018310546875,False,0.1972377926637416,0.6902866751181362,True,3000.0,3000,True,3200.0,3200,True,4400.0,4400
81011,0.5,-1,1.0,aligned,0290_aligned_81011,0,1.7052119580330327,,2.7755575615628914e-17,8,0,0.2,-1,0,0,0,0,5.134781488891349e-16,0.0,0.0,42931,3948.9265713864033,645.7255887815778,42931,0,436.8096675641529,208.91592121742443,0,0.0,0.0,0.0,0,-1,confirmation,False,0.9986328125,0.9757861328125,False,0.0919831024524563,0.752291768745186,True,800.0,800,True,1000.0,1000,True,1000.0,1000
81011,0.5,-1,1.0,state_rotated,0291_state_rotated_81011,0,1.8663661250611767,,0.0,8,0,0.2,-1,0,0,0,0,5.134781488891349e-16,0.0,3.552713678800501e-15,43267,24854.22847254008,24637.921824009,43267,0,19739.382340241165,4898.539483767482,0,8.881784197001252e-16,1.1368683772161605e-13,1.1368683772161605e-13,0,-1,confirmation,False,0.9990234375,0.9348681640625,False,0.5744384513033046,22.831343683614932,True,2000.0,2000,True,2000.0,2000,True,2400.0,2400
81011,0.5,1024,0.25,aligned,0292_aligned_81011,0,2.1150710419751704,,1.3877787807814457e-17,8,0,0.2,1007,0,0,0,0,4.996003610813204e-16,0.0,0.0,57167,62.52098780232975,4.917607022004817,1024,0,3.241417856656329,1.676189165348487,0,0.0,0.0,0.0,0,-1,confirmation,False,0.9185546875,0.81619140625,True,0.0610556521507126,0.1513658659787596,True,8000.0,8000,False,,20000,False,,20000
81011,0.5,1024,0.25,state_rotated,0293_state_rotated_81011,0,2.016074832994491,,0.0,8,0,0.2,1872,0,0,0,0,5.134781488891349e-16,0.0,8.326672684688674e-17,50764,84.06252041887205,8.361949732609382,1024,0,5.940453204538775,2.4214965280706133,0,6.938893903907228e-18,3.469446951953614e-18,3.469446951953614e-18,0,-1,confirmation,False,0.985546875,0.835224609375,True,0.0820923050965547,0.1847115724817706,True,4600.0,4600,True,5800.0,5800,False,,20000
81011,0.5,1024,0.5,aligned,0294_aligned_81011,0,1.9072243329137564,,2.7755575615628914e-17,8,0,0.2,827,0,0,0,0,5.134781488891349e-16,0.0,0.0,53695,101.26675515398315,13.796075550533264,1024,0,9.158779628956156,4.637295921577107,0,0.0,0.0,0.0,0,-1,confirmation,False,0.990625,0.9410400390625,True,0.0988933155800616,0.294265738993628,True,1800.0,1800,True,2000.0,2000,False,,20000
81011,0.5,1024,0.5,state_rotated,0295_state_rotated_81011,0,1.818244457943365,,0.0,8,0,0.2,1548,0,0,0,0,5.134781488891349e-16,0.0,1.6653345369377348e-16,43368,162.02420744138192,31.144128612505977,1024,0,22.833774144861305,8.31035446764461,0,1.3877787807814457e-17,3.4694469519536136e-17,2.7755575615628914e-17,0,-1,confirmation,False,0.9982421875,0.8997705078125,True,0.1582267650794745,0.3426574738336318,True,3000.0,3000,True,3200.0,3200,True,3400.0,3400
81011,0.5,1024,1.0,aligned,0296_aligned_81011,0,1.7103333750274032,,2.7755575615628914e-17,8,0,0.2,556,0,0,0,0,5.134781488891349e-16,0.0,0.0,44488,150.04179845748814,32.23635335851328,1024,0,21.683173123323723,10.553180235189632,0,0.0,0.0,0.0,0,-1,confirmation,False,0.9990234375,0.9738330078125,True,0.1465251938061407,0.5067482513517321,True,1000.0,1000,True,1000.0,1000,True,1400.0,1400
81011,0.5,1024,1.0,state_rotated,0297_state_rotated_81011,0,1.796401416999288,,0.0,8,0,0.2,1228,0,0,0,0,5.134781488891349e-16,0.0,3.3306690738754696e-16,42833,327.07418495584005,135.0409970890942,1024,0,98.18118474170986,36.85981234738422,0,5.551115123125783e-17,4.440892098500626e-16,3.3306690738754696e-16,0,-1,confirmation,False,0.9990234375,0.9365771484375,True,0.3194083837459375,1.1794814079155067,True,1800.0,1800,True,2000.0,2000,True,2200.0,2200
81011,0.5,-1,0.0,none,0298_none_81011,0,0.1452180410269647,,0.0,8,0,0.2,-1,0,0,0,0,2.914335439641036e-16,0.0,0.0,835,0.0,0.0,0,0,0.0,0.0,0,0.0,0.0,0.0,0,5600,confirmation,True,0.0,0.0110498046875,False,,0.0,False,,20000,False,,20000,False,,20000
81011,0.65,-1,0.25,aligned,0299_aligned_81011,0,1.9120385830756277,,2.7755575615628914e-17,8,0,0.2,-1,0,0,0,0,5.134781488891349e-16,4.440892098500626e-16,0.0,51165,1677.1941199039427,87.63110395094921,51165,0,57.75265189204468,29.878452058903292,0,0.0,0.0,0.0,0,-1,confirmation,False,0.9990234375,0.970205078125,False,0.0327801059299119,0.180090838574177,True,1600.0,1600,True,2200.0,2200,True,3600.0,3600
81011,0.65,-1,0.25,state_rotated,0300_state_rotated_81011,0,1.97831304196734,,0.0,8,0,0.2,-1,0,0,0,0,5.134781488891349e-16,4.440892098500626e-16,1.6653345369377348e-16,47854,3822.72979773124,396.4915039536729,47854,0,315.38936282715446,81.10214112651514,0,9.54097911787244e-18,1.3877787807814457e-17,1.3877787807814457e-17,0,-1,confirmation,False,0.9986328125,0.9100927734375,False,0.0798831821317181,0.2601149524346733,True,2600.0,2600,True,2800.0,2800,True,6200.0,6200
81011,0.65,-1,0.5,aligned,0301_aligned_81011,0,1.8282091669971123,,2.7755575615628914e-17,8,0,0.2,-1,0,0,0,0,5.134781488891349e-16,4.440892098500626e-16,0.0,47896,2405.6850400662024,213.62268742671856,47896,0,142.6779492921293,70.94473813459149,0,0.0,0.0,0.0,0,-1,confirmation,False,0.9994140625,0.9802978515625,False,0.0502272640735385,0.4110202881429341,True,1000.0,1000,True,1200.0,1200,True,2000.0,2000
81011,0.65,-1,0.5,state_rotated,0302_state_rotated_81011,0,1.9728310409700496,,0.0,8,0,0.2,-1,0,0,0,0,5.134781488891349e-16,4.440892098500626e-16,3.8857805861880484e-16,47287,7292.881868556861,1553.836457597956,47287,0,1222.1012681897146,331.7351894082505,0,2.7755575615628914e-17,1.1102230246251563e-16,1.1102230246251563e-16,0,-1,confirmation,False,0.99921875,0.938486328125,False,0.1542259366962772,0.6387357435404343,True,1800.0,1800,True,2000.0,2000,True,2800.0,2800
81011,0.65,-1,1.0,aligned,0303_aligned_81011,0,1.7700988750439135,,2.7755575615628914e-17,8,0,0.2,-1,0,0,0,0,5.134781488891349e-16,4.440892098500626e-16,0.0,45876,3716.399910284432,572.8301673218905,45876,0,387.45229330234366,185.3778740195415,0,0.0,0.0,0.0,0,-1,confirmation,False,0.998828125,0.9861376953125,False,0.081009676307534,0.7546978209206312,True,600.0,600,True,600.0,600,True,1000.0,1000
81011,0.65,-1,1.0,state_rotated,0304_state_rotated_81011,0,1.9771192920161411,,0.0,8,0,0.2,-1,0,0,0,0,5.134781488891349e-16,4.440892098500626e-16,3.552713678800501e-15,47375,18972.861271281505,15737.095805755387,47375,0,12483.54147702313,3253.5543287323226,0,4.440892098500626e-16,2.8421709430404014e-14,2.8421709430404014e-14,0,-1,confirmation,False,0.998828125,0.9519189453125,False,0.4004825598159684,11.443651342521427,True,1600.0,1600,True,1600.0,1600,True,2600.0,2600
81011,0.65,1024,0.25,aligned,0305_aligned_81011,0,2.9650955840479583,,1.3877787807814457e-17,8,0,0.2,153,0,0,0,0,2.914335439641036e-16,4.440892098500626e-16,0.0,97074,29.34894854625894,0.9103648145305524,1024,0,0.6252560698304178,0.2851087447001343,0,0.0,0.0,0.0,0,-1,confirmation,False,0.721875,0.6960009765625,True,0.0286610825647059,0.0763619280496961,False,,20000,False,,20000,False,,20000
81011,0.65,1024,0.25,state_rotated,0306_state_rotated_81011,0,2.807118042022921,,0.0,8,0,0.2,990,0,0,0,0,2.914335439641036e-16,4.440892098500626e-16,5.551115123125783e-17,76632,48.465863605428645,3.114080699682315,1024,0,2.184038163443363,0.9300425362389524,0,6.938893903907228e-18,2.6020852139652106e-18,2.1684043449710093e-18,0,-1,confirmation,False,0.85546875,0.7626123046875,True,0.0473299449271764,0.1466813930713008,False,,20000,False,,20000,False,,20000
81011,0.65,1024,0.5,aligned,0307_aligned_81011,0,3.0245257089845836,,1.3877787807814457e-17,8,0,0.2,141,0,0,0,0,2.914335439641036e-16,0.0,0.0,100077,53.08104078496168,3.125009826538732,1024,0,2.154683344862637,0.970326481676096,0,0.0,0.0,0.0,0,-1,confirmation,False,0.7720703125,0.72556640625,True,0.0518369538915641,0.1492649728119627,False,,20000,False,,20000,False,,20000
81011,0.65,1024,0.5,state_rotated,0308_state_rotated_81011,0,2.3508137919707224,,0.0,8,0,0.2,891,0,0,0,0,5.134781488891349e-16,4.440892098500626e-16,1.6653345369377348e-16,64938,99.08654730309682,13.080224000334578,1024,0,9.260076542161986,3.8201474581725954,0,1.3877787807814457e-17,2.7755575615628914e-17,2.0816681711721685e-17,0,-1,confirmation,False,0.987890625,0.92107421875,True,0.0967642063506804,0.3022301856900932,True,2000.0,2000,True,2200.0,2200,False,,20000
81011,0.65,1024,1.0,aligned,0309_aligned_81011,0,2.794048000010662,,1.734723475976807e-18,8,0,0.2,126,0,0,0,0,4.579669976578771e-16,4.440892098500626e-16,0.0,95907,90.58956398465246,10.149116740575812,1024,0,7.082314303194703,3.066802437381087,0,0.0,0.0,0.0,0,-1,confirmation,False,0.9076171875,0.871015625,True,0.0884663710787621,0.3156606000139834,True,7600.0,7600,False,,20000,False,,20000
81011,0.65,1024,1.0,state_rotated,0310_state_rotated_81011,0,1.8635889580473304,,0.0,8,0,0.2,827,0,0,0,0,5.134781488891349e-16,4.440892098500626e-16,2.220446049250313e-16,44491,173.25907141048475,46.70306374495848,1024,0,33.31424853020056,13.388815214757855,0,3.7296554733501346e-17,1.3877787807814454e-16,1.1102230246251563e-16,0,-1,confirmation,False,0.998828125,0.9545751953125,True,0.1691983119243015,0.5808011108176728,True,1400.0,1400,True,1400.0,1400,True,2000.0,2000
81011,0.65,-1,0.0,none,0311_none_81011,0,0.1709299579961225,,0.0,8,0,0.2,-1,0,0,0,0,2.914335439641036e-16,0.0,0.0,1774,0.0,0.0,0,0,0.0,0.0,0,0.0,0.0,0.0,0,6800,confirmation,True,0.0,0.0156298828125,False,,0.0,False,,20000,False,,20000,False,,20000
81012,0.5,-1,0.25,aligned,0312_aligned_81012,0,1.804032790940255,,2.7755575615628914e-17,8,0,0.2,-1,0,0,0,0,5.134781488891349e-16,0.0,0.0,43987,1643.9432646948414,89.74794653810059,43987,0,59.39510624508074,30.35284029301892,0,0.0,0.0,0.0,0,-1,confirmation,False,0.9998046875,0.919912109375,False,0.0373733890625603,0.1873408563490177,True,2400.0,2400,True,2600.0,2600,True,4200.0,4200
81012,0.5,-1,0.25,state_rotated,0313_state_rotated_81012,0,1.7384522500215098,,0.0,8,0,0.2,-1,0,0,0,0,5.134781488891349e-16,0.0,1.9428902930940242e-16,40222,3957.633970590523,461.1935351309617,40222,0,367.6313605625268,93.5621745684322,0,8.131516293641283e-18,6.938893903907228e-18,1.0408340855860844e-17,0,-1,confirmation,False,0.9986328125,0.8558935546875,False,0.0983947583558879,0.2728974036640564,True,3800.0,3800,True,3800.0,3800,True,4000.0,4000
81012,0.5,-1,0.5,aligned,0314_aligned_81012,0,1.7107320410432294,,2.7755575615628914e-17,8,0,0.2,-1,0,0,0,0,5.134781488891349e-16,0.0,0.0,43210,2493.3504936697336,235.1831632094213,43210,0,157.82810255796954,77.35506065145157,0,0.0,0.0,0.0,0,-1,confirmation,False,0.9994140625,0.95591796875,False,0.0577030894161012,0.3972145775678502,True,1400.0,1400,True,1400.0,1400,True,2000.0,2000
81012,0.5,-1,0.5,state_rotated,0315_state_rotated_81012,0,1.8001088340533895,,0.0,8,0,0.2,-1,0,0,0,0,5.134781488891349e-16,0.0,6.661338147750939e-16,41759,8293.294415300717,2042.6880348372908,41759,0,1618.6418929124368,424.04614192485906,0,5.551115123125783e-17,4.440892098500626e-16,4.440892098500626e-16,0,-1,confirmation,False,0.9994140625,0.905078125,False,0.1985989706482606,1.435501049273982,True,2800.0,2800,True,2800.0,2800,True,3200.0,3200
81012,0.5,-1,1.0,aligned,0316_aligned_81012,0,1.6913718750001865,,2.7755575615628914e-17,8,0,0.2,-1,0,0,0,0,5.134781488891349e-16,0.0,0.0,42297,3892.82454324808,635.1821884733538,42297,0,430.849556879637,204.3326315937241,0,0.0,0.0,0.0,0,-1,confirmation,False,0.998828125,0.97490234375,False,0.0920354763517053,0.833927318926856,True,800.0,800,True,1000.0,1000,True,1000.0,1000
81012,0.5,-1,1.0,state_rotated,0317_state_rotated_81012,0,1.8599659169558436,,0.0,8,0,0.2,-1,0,0,0,0,5.134781488891349e-16,0.0,2.6645352591003757e-15,43174,20440.612973977288,15410.3263867259,43174,0,12227.925214087243,3182.401172638644,0,4.440892098500626e-16,1.4210854715202004e-14,1.4210854715202004e-14,0,-1,confirmation,False,0.998828125,0.9260595703125,False,0.4734472824843028,6.36774510412148,True,2200.0,2200,True,2400.0,2400,True,2600.0,2600
81012,0.5,1024,0.25,aligned,0318_aligned_81012,0,2.0511115411063656,,1.3877787807814457e-17,8,0,0.2,1167,0,0,0,0,5.134781488891349e-16,0.0,0.0,55674,61.72435775729599,4.849318619333764,1024,0,3.213552150904118,1.635766468429644,0,0.0,0.0,0.0,0,-1,confirmation,False,0.9630859375,0.850126953125,True,0.0602776931223593,0.1525311023901167,True,4800.0,4800,True,10000.0,10000,False,,20000
81012,0.5,1024,0.25,state_rotated,0319_state_rotated_81012,0,1.8826563330367208,,0.0,8,0,0.2,2416,0,0,0,0,5.134781488891349e-16,0.0,1.1102230246251563e-16,46096,80.88065203072742,7.7836883753336,1024,0,5.597128931045351,2.186559444288258,0,6.938893903907228e-18,5.204170427930421e-18,4.3368086899420185e-18,0,-1,confirmation,False,0.9962890625,0.849912109375,True,0.0789850117487572,0.1723243177410027,True,3800.0,3800,True,4000.0,4000,True,6600.0,6600
81012,0.5,1024,0.5,aligned,0320_aligned_81012,0,1.9049358749762175,,2.7755575615628914e-17,8,0,0.2,876,0,0,0,0,5.134781488891349e-16,0.0,0.0,51695,105.40427508137014,15.002760358765846,1024,0,10.050087625505064,4.952672733260729,0,0.0,0.0,0.0,0,-1,confirmation,False,0.993359375,0.9424853515625,True,0.1029338623841505,0.2907492578727262,True,1800.0,1800,True,2000.0,2000,True,10200.0,10200
81012,0.5,1024,0.5,state_rotated,0321_state_rotated_81012,0,1.833395250025205,,0.0,8,0,0.2,1599,0,0,0,0,5.134781488891349e-16,0.0,1.6653345369377348e-16,41947,160.31049182137215,30.549399731121852,1024,0,22.200062627289785,8.349337103832077,0,1.3877787807814457e-17,2.7755575615628914e-17,2.0816681711721685e-17,0,-1,confirmation,False,0.9982421875,0.9017919921875,True,0.1565532146693087,0.343078954325483,True,2800.0,2800,True,3000.0,3000,True,4200.0,4200
81012,0.5,1024,1.0,aligned,0322_aligned_81012,0,1.7048450829461217,,1.3877787807814457e-17,8,0,0.2,563,0,0,0,0,5.134781488891349e-16,0.0,0.0,44479,150.95499807331723,33.23015352667276,1024,0,22.44094498891231,10.789208537760416,0,0.0,0.0,0.0,0,-1,confirmation,False,0.9982421875,0.97298828125,True,0.1474169903059738,0.4960641259106325,True,1000.0,1000,True,1000.0,1000,True,1200.0,1200
81012,0.5,1024,1.0,state_rotated,0323_state_rotated_81012,0,1.7782908329972995,,0.0,8,0,0.2,1316,0,0,0,0,5.134781488891349e-16,0.0,3.3306690738754696e-16,41449,327.60060490553906,132.45747283803055,1024,0,96.5289341833283,35.92853865470226,0,1.1102230246251563e-16,4.440892098500626e-16,5.551115123125784e-16,0,-1,confirmation,False,0.9994140625,0.930244140625,True,0.3199224657280655,0.8591278407219912,True,2000.0,2000,True,2200.0,2200,True,2200.0,2200
81012,0.5,-1,0.0,none,0324_none_81012,0,0.1472670419607311,,0.0,8,0,0.2,-1,0,0,0,0,2.914335439641036e-16,0.0,0.0,869,0.0,0.0,0,0,0.0,0.0,0,0.0,0.0,0.0,0,7600,confirmation,True,0.0,0.012275390625,False,,0.0,False,,20000,False,,20000,False,,20000
81012,0.65,-1,0.25,aligned,0325_aligned_81012,0,1.9128900419455024,,2.7755575615628914e-17,8,0,0.2,-1,0,0,0,0,5.134781488891349e-16,4.440892098500626e-16,0.0,51324,1664.7519638122394,86.47118186699817,51324,0,56.9621040448394,29.509077822158897,0,0.0,0.0,0.0,0,-1,confirmation,False,0.99921875,0.968486328125,False,0.0324361305395573,0.1849810524251615,True,1400.0,1400,True,2400.0,2400,True,3800.0,3800
81012,0.65,-1,0.25,state_rotated,0326_state_rotated_81012,0,1.978120250045322,,0.0,8,0,0.2,-1,0,0,0,0,5.134781488891349e-16,4.440892098500626e-16,1.6653345369377348e-16,47787,3826.7253323977534,403.0354526364848,47787,0,320.79989007448904,82.2355625619923,0,7.806255641895632e-18,1.0408340855860844e-17,1.0408340855860844e-17,0,-1,confirmation,False,0.9984375,0.911279296875,False,0.080078794073655,0.2731551255511692,True,2600.0,2600,True,3000.0,3000,True,5600.0,5600
81012,0.65,-1,0.5,aligned,0327_aligned_81012,0,1.809964041924104,,2.7755575615628914e-17,8,0,0.2,-1,0,0,0,0,5.134781488891349e-16,4.440892098500626e-16,0.0,47343,2377.927625097362,210.53901387618495,47343,0,140.8732294416103,69.66578443457938,0,0.0,0.0,0.0,0,-1,confirmation,False,0.9994140625,0.9790234375,False,0.0502276498130106,0.3988329892440583,True,1000.0,1000,True,1200.0,1200,True,1800.0,1800
81012,0.65,-1,0.5,state_rotated,0328_state_rotated_81012,0,2.015750208054669,,0.0,8,0,0.2,-1,0,0,0,0,5.134781488891349e-16,4.440892098500626e-16,3.3306690738754696e-16,48648,7425.221315076667,1578.1970171357634,48648,0,1246.4003766065148,331.7966405292583,0,2.7755575615628914e-17,1.6653345369377348e-16,1.1102230246251563e-16,0,-1,confirmation,False,0.9990234375,0.9466796875,False,0.1526315843421449,0.9474765708668136,True,1800.0,1800,True,2000.0,2000,True,3600.0,3600
81012,0.65,-1,1.0,aligned,0329_aligned_81012,0,1.7481973329558969,,2.7755575615628914e-17,8,0,0.2,-1,0,0,0,0,5.134781488891349e-16,4.440892098500626e-16,0.0,44921,3657.818052532634,560.4430876573288,44921,0,379.4770656969066,180.96602196042,0,0.0,0.0,0.0,0,-1,confirmation,False,0.99921875,0.98681640625,False,0.0814277966325913,0.8361024968478586,True,600.0,600,True,600.0,600,True,800.0,800
81012,0.65,-1,1.0,state_rotated,0330_state_rotated_81012,0,1.9943397080060097,,0.0,8,0,0.2,-1,0,0,0,0,5.134781488891349e-16,4.440892098500626e-16,2.6645352591003757e-15,48175,18641.629248987036,12154.341296174362,48175,0,9581.616873146262,2572.7244230281085,0,4.440892098500626e-16,1.4210854715202004e-14,1.4210854715202004e-14,0,-1,confirmation,False,0.99921875,0.9581884765625,False,0.3869564971247957,9.221775166602855,True,1200.0,1200,True,1400.0,1400,True,1800.0,1800
81012,0.65,1024,0.25,aligned,0331_aligned_81012,0,2.9714585409965366,,1.3877787807814457e-17,8,0,0.2,147,0,0,0,0,2.914335439641036e-16,0.0,0.0,97269,29.237298433976814,0.8949815450835401,1024,0,0.61741224879704,0.277569296286499,0,0.0,0.0,0.0,0,-1,confirmation,False,0.7154296875,0.6852197265625,True,0.0285520492519304,0.0769433336429412,False,,20000,False,,20000,False,,20000
81012,0.65,1024,0.25,state_rotated,0332_state_rotated_81012,0,2.874127292074263,,0.0,8,0,0.2,828,0,0,0,0,2.914335439641036e-16,4.440892098500626e-16,5.551115123125783e-17,78834,47.754605273641594,3.0213145590909827,1024,0,2.1105656592584245,0.9107488998325544,0,6.938893903907228e-18,3.469446951953614e-18,4.3368086899420185e-18,0,-1,confirmation,False,0.8046875,0.7211083984375,True,0.0466353567125406,0.1408097067620308,False,,20000,False,,20000,False,,20000
81012,0.65,1024,0.5,aligned,0333_aligned_81012,0,2.99172687495593,,1.3877787807814457e-17,8,0,0.2,153,0,0,0,0,2.914335439641036e-16,0.0,0.0,99250,52.33317072536196,3.0340549343145033,1024,0,2.0989982137096304,0.935056720604876,0,0.0,0.0,0.0,0,-1,confirmation,False,0.7412109375,0.70990234375,True,0.0511066120364862,0.1499591251322636,False,,20000,False,,20000,False,,20000
81012,0.65,1024,0.5,state_rotated,0334_state_rotated_81012,0,2.466942749917507,,0.0,8,0,0.2,693,0,0,0,0,4.996003610813204e-16,4.440892098500626e-16,1.1102230246251563e-16,65000,83.05292468138461,9.699277274624784,1024,0,6.844172385580892,2.8551048890438975,0,1.3877787807814457e-17,1.7347234759768068e-17,1.3877787807814457e-17,0,-1,confirmation,False,0.9560546875,0.8949267578125,True,0.0811063717591646,0.2646544410687842,True,2400.0,2400,True,13000.0,13000,False,,20000
81012,0.65,1024,1.0,aligned,0335_aligned_81012,0,2.9726800000062212,,1.734723475976807e-18,8,0,0.2,142,0,0,0,0,2.914335439641036e-16,4.440892098500626e-16,0.0,104493,89.19108217901095,10.015340481521044,1024,0,6.9980283754215975,3.017312106099424,0,0.0,0.0,0.0,0,-1,confirmation,False,0.856640625,0.84251953125,True,0.0871006661904403,0.3246555040922481,False,,20000,False,,20000,False,,20000
81012,0.65,1024,1.0,state_rotated,0336_state_rotated_81012,0,2.0105461250059307,,0.0,8,0,0.2,673,0,0,0,0,5.134781488891349e-16,4.440892098500626e-16,2.220446049250313e-16,51787,155.86459119109188,37.96789008422121,1024,0,26.867228772421324,11.100661311799874,0,2.7755575615628914e-17,1.1102230246251563e-16,1.3877787807814454e-16,0,-1,confirmation,False,0.9986328125,0.9571826171875,True,0.1522115148350506,0.6107809872213468,True,1400.0,1400,True,1400.0,1400,True,1400.0,1400
81012,0.65,-1,0.0,none,0337_none_81012,0,0.1792371670017019,,0.0,8,0,0.2,-1,0,0,0,0,2.914335439641036e-16,0.0,0.0,2012,0.0,0.0,0,0,0.0,0.0,0,0.0,0.0,0.0,0,8600,confirmation,True,0.0,0.018818359375,False,,0.0,False,,20000,False,,20000,False,,20000
81013,0.5,-1,0.25,aligned,0338_aligned_81013,0,1.7502382909879088,,2.7755575615628914e-17,8,0,0.2,-1,0,0,0,0,5.134781488891349e-16,0.0,0.0,44594,1676.4483817071489,92.42932757911991,44594,0,61.263230085986734,31.166097493133705,0,0.0,0.0,0.0,0,-1,confirmation,False,0.99921875,0.923349609375,False,0.0375935861709456,0.188328898866503,True,2400.0,2400,True,2600.0,2600,True,3600.0,3600
81013,0.5,-1,0.25,state_rotated,0339_state_rotated_81013,0,1.7361908330349252,,0.0,8,0,0.2,-1,0,0,0,0,5.134781488891349e-16,0.0,1.6653345369377348e-16,39550,3595.3028456076313,389.6557492906325,39550,0,308.13589815124243,81.51985113939179,0,6.938893903907228e-18,6.938893903907228e-18,6.938893903907228e-18,0,-1,confirmation,False,0.9978515625,0.8435546875,False,0.090905255261887,0.2560488048904031,True,4200.0,4200,True,4200.0,4200,True,5600.0,5600
81013,0.5,-1,0.5,aligned,0340_aligned_81013,0,1.7224427920300514,,2.7755575615628914e-17,8,0,0.2,-1,0,0,0,0,5.134781488891349e-16,0.0,0.0,43596,2477.907704285902,230.46507553542628,43596,0,154.56836702664236,75.89670850878542,0,0.0,0.0,0.0,0,-1,confirmation,False,0.999609375,0.9563916015625,False,0.0568379600028879,0.3876475594711999,True,1400.0,1400,True,1400.0,1400,True,1800.0,1800
81013,0.5,-1,0.5,state_rotated,0341_state_rotated_81013,0,1.8121859589591625,,0.0,8,0,0.2,-1,0,0,0,0,5.134781488891349e-16,0.0,3.3306690738754696e-16,41277,8097.704231631179,1947.5520614850243,41277,0,1547.281230407584,400.2708310774315,0,2.7755575615628914e-17,3.3306690738754696e-16,4.440892098500626e-16,0,-1,confirmation,False,0.99921875,0.901650390625,False,0.1961795729251442,1.047422963888346,True,2800.0,2800,True,3000.0,3000,True,3600.0,3600
81013,0.5,-1,1.0,aligned,0342_aligned_81013,0,1.7104026669403538,,2.7755575615628914e-17,8,0,0.2,-1,0,0,0,0,5.134781488891349e-16,0.0,0.0,43299,3966.881910591253,636.2715323616767,43299,0,430.9052770605344,205.3662553011372,0,0.0,0.0,0.0,0,-1,confirmation,False,0.99921875,0.97630859375,False,0.091616016780786,0.766592164644992,True,800.0,800,True,800.0,800,True,1200.0,1200
81013,0.5,-1,1.0,state_rotated,0343_state_rotated_81013,0,1.8416679580695927,,0.0,8,0,0.2,-1,0,0,0,0,5.134781488891349e-16,0.0,5.3290705182007506e-15,42769,22894.669263467706,19512.165703694907,42769,0,15449.11873319754,4063.046970497306,0,4.440892098500626e-16,1.4210854715202004e-14,2.131628207280301e-14,0,-1,confirmation,False,0.9986328125,0.92001953125,False,0.5353099035158106,7.738107485601949,True,2400.0,2400,True,2400.0,2400,True,2600.0,2600
81013,0.5,1024,0.25,aligned,0344_aligned_81013,0,2.0980378749081865,,1.3877787807814457e-17,8,0,0.2,1173,0,0,0,0,5.134781488891349e-16,0.0,0.0,58047,60.48360844295227,4.649731485558325,1024,0,3.0584420489183772,1.5912894366399493,0,0.0,0.0,0.0,0,-1,confirmation,False,0.940625,0.84458984375,True,0.0590660238700705,0.1535788175071423,True,4600.0,4600,False,,20000,False,,20000
81013,0.5,1024,0.25,state_rotated,0345_state_rotated_81013,0,1.8621733339969069,,0.0,8,0,0.2,2329,0,0,0,0,5.134781488891349e-16,0.0,1.1102230246251563e-16,44643,83.15147044563656,8.1733548584225,1024,0,5.879824753245371,2.2935301051771244,0,6.938893903907228e-18,5.204170427930421e-18,4.3368086899420185e-18,0,-1,confirmation,False,0.9869140625,0.8249267578125,True,0.0812026078570669,0.1751055612923843,True,4800.0,4800,True,5000.0,5000,False,,20000
81013,0.5,1024,0.5,aligned,0346_aligned_81013,0,1.958198875072412,,2.7755575615628914e-17,8,0,0.2,869,0,0,0,0,5.134781488891349e-16,0.0,0.0,54954,94.96199529298885,12.199628360830884,1024,0,8.12283733411077,4.076791026720107,0,0.0,0.0,0.0,0,-1,confirmation,False,0.988671875,0.937470703125,True,0.0927363235283094,0.2955714552130899,True,1800.0,1800,True,2000.0,2000,False,,20000
81013,0.5,1024,0.5,state_rotated,0347_state_rotated_81013,0,1.8405714579857888,,0.0,8,0,0.2,1639,0,0,0,0,5.134781488891349e-16,0.0,1.1102230246251563e-16,42565,157.22735498712578,29.55484529231118,1024,0,21.776608977263393,7.778236315047833,0,1.6046192152785466e-17,2.7755575615628914e-17,2.7755575615628914e-17,0,-1,confirmation,False,0.99765625,0.9017333984375,True,0.153542338854615,0.3588853262594473,True,2800.0,2800,True,3000.0,3000,True,4800.0,4800
81013,0.5,1024,1.0,aligned,0348_aligned_81013,0,1.7139330829959365,,6.938893903907228e-18,8,0,0.2,549,0,0,0,0,5.134781488891349e-16,0.0,0.0,44850,147.86364568123906,31.330061411851418,1024,0,21.097677628265544,10.232383783585805,0,0.0,0.0,0.0,0,-1,confirmation,False,0.9978515625,0.9745068359375,True,0.144398091485585,0.4948383684550261,True,800.0,800,True,1000.0,1000,True,1200.0,1200
81013,0.5,1024,1.0,state_rotated,0349_state_rotated_81013,0,1.815780916949734,,0.0,8,0,0.2,1394,0,0,0,0,5.134781488891349e-16,0.0,3.3306690738754696e-16,44099,327.3047644118422,136.90956449792068,1024,0,99.54733866597176,37.36222583194897,0,5.551115123125783e-17,2.220446049250313e-16,1.6653345369377348e-16,0,-1,confirmation,False,0.99921875,0.9236474609375,True,0.3196335589959396,0.9044587305005742,True,2200.0,2200,True,2200.0,2200,True,2600.0,2600
81013,0.5,-1,0.0,none,0350_none_81013,0,0.1446460830047726,,0.0,8,0,0.2,-1,0,0,0,0,2.914335439641036e-16,0.0,0.0,835,0.0,0.0,0,0,0.0,0.0,0,0.0,0.0,0.0,0,6000,confirmation,True,0.0,0.0113037109375,False,,0.0,False,,20000,False,,20000,False,,20000
81013,0.65,-1,0.25,aligned,0351_aligned_81013,0,1.9067245830083264,,2.7755575615628914e-17,8,0,0.2,-1,0,0,0,0,5.134781488891349e-16,4.440892098500626e-16,0.0,51267,1669.0345921688872,86.9182285631193,51267,0,57.28997282360809,29.628255739511136,0,0.0,0.0,0.0,0,-1,confirmation,False,0.99921875,0.9701025390625,False,0.0325557296539467,0.2010903216594343,True,1400.0,1400,True,2000.0,2000,True,3600.0,3600
81013,0.65,-1,0.25,state_rotated,0352_state_rotated_81013,0,1.959320375113748,,0.0,8,0,0.2,-1,0,0,0,0,5.134781488891349e-16,4.440892098500626e-16,1.3877787807814454e-16,47683,3577.454984525614,349.4582009547054,47683,0,276.0625336852997,73.39566726940443,0,6.938893903907228e-18,8.673617379884035e-18,6.938893903907228e-18,0,-1,confirmation,False,0.9994140625,0.9221875,False,0.0750257950323095,0.243232255404572,True,2200.0,2200,True,2400.0,2400,True,3200.0,3200
81013,0.65,-1,0.5,aligned,0353_aligned_81013,0,1.8128174169687552,,2.7755575615628914e-17,8,0,0.2,-1,0,0,0,0,5.134781488891349e-16,4.440892098500626e-16,0.0,47522,2377.0820055005465,211.09550799935073,47522,0,141.12705048188403,69.96845751746373,0,0.0,0.0,0.0,0,-1,confirmation,False,1.0,0.9792236328125,False,0.0500206642292106,0.3804653861607869,True,1000.0,1000,True,1200.0,1200,True,1800.0,1800
81013,0.65,-1,0.5,state_rotated,0354_state_rotated_81013,0,1.98994016693905,,0.0,8,0,0.2,-1,0,0,0,0,5.134781488891349e-16,4.440892098500626e-16,4.440892098500626e-16,47838,7643.356370393471,1676.7317476922956,47838,0,1320.652516422337,356.0792312699463,0,5.551115123125783e-17,4.440892098500626e-16,3.3306690738754696e-16,0,-1,confirmation,False,0.998828125,0.9484033203125,False,0.159775834491272,1.5072280225932624,True,1600.0,1600,True,1800.0,1800,True,4200.0,4200
81013,0.65,-1,1.0,aligned,0355_aligned_81013,0,1.7662057919660583,,2.7755575615628914e-17,8,0,0.2,-1,0,0,0,0,5.134781488891349e-16,4.440892098500626e-16,0.0,45983,3703.46980256976,561.2549580053272,45983,0,380.058022730925,181.19693527439395,0,0.0,0.0,0.0,0,-1,confirmation,False,0.99921875,0.98623046875,False,0.0805399778737742,0.6968149646852556,True,600.0,600,True,600.0,600,True,800.0,800
81013,0.65,-1,1.0,state_rotated,0356_state_rotated_81013,0,1.9738643339369448,,0.0,8,0,0.2,-1,0,0,0,0,5.134781488891349e-16,4.440892098500626e-16,2.6645352591003757e-15,47232,19981.924406114,14908.78536746738,47232,0,11783.488863781884,3125.2965036854343,0,2.220446049250313e-16,2.131628207280301e-14,1.4210854715202004e-14,0,-1,confirmation,False,0.9986328125,0.960537109375,False,0.4230590363760586,8.51646952208337,True,1400.0,1400,True,1600.0,1600,True,3000.0,3000
81013,0.65,1024,0.25,aligned,0357_aligned_81013,0,2.950092916958966,,1.3877787807814457e-17,8,0,0.2,171,0,0,0,0,2.914335439641036e-16,0.0,0.0,96132,28.963560557278495,0.8720511735154478,1024,0,0.5990388074924494,0.273012366022998,0,0.0,0.0,0.0,0,-1,confirmation,False,0.6958984375,0.692431640625,True,0.0282847271067172,0.0736838125040965,False,,20000,False,,20000,False,,20000
81013,0.65,1024,0.25,state_rotated,0358_state_rotated_81013,0,2.7433936659945175,,0.0,8,0,0.2,885,0,0,0,0,5.134781488891349e-16,4.440892098500626e-16,5.551115123125783e-17,78592,49.35637178071466,3.2089794200361306,1024,0,2.243998679880556,0.9649807401555754,0,6.938893903907228e-18,4.3368086899420185e-18,4.3368086899420185e-18,0,-1,confirmation,False,0.934765625,0.8156591796875,True,0.0481995818171041,0.1434456698486957,True,7800.0,7800,False,,20000,False,,20000
81013,0.65,1024,0.5,aligned,0359_aligned_81013,0,2.896419083001092,,1.3877787807814457e-17,8,0,0.2,149,0,0,0,0,2.914335439641036e-16,0.0,0.0,94470,53.63444496970336,3.1508308062852706,1024,0,2.1765100681098515,0.9743207381754287,0,0.0,0.0,0.0,0,-1,confirmation,False,0.8296875,0.77150390625,True,0.0523773876657259,0.1587779624226595,False,,20000,False,,20000,False,,20000
81013,0.65,1024,0.5,state_rotated,0360_state_rotated_81013,0,2.3391688329866156,,0.0,8,0,0.2,659,0,0,0,0,5.134781488891349e-16,4.440892098500626e-16,8.326672684688674e-17,60921,78.99687248092562,8.996332677385476,1024,0,6.356376277148623,2.6399564002368416,0,1.3877787807814457e-17,1.3877787807814457e-17,1.3877787807814457e-17,0,-1,confirmation,False,0.9748046875,0.911640625,True,0.0771453832821539,0.2658411535916607,True,2600.0,2600,True,6000.0,6000,False,,20000
81013,0.65,1024,1.0,aligned,0361_aligned_81013,0,2.505005292012356,,1.734723475976807e-18,8,0,0.2,139,0,0,0,0,4.996003610813204e-16,4.440892098500626e-16,0.0,83127,90.8848594464787,10.20632923138963,1024,0,7.106610663227257,3.0997185681623765,0,0.0,0.0,0.0,0,-1,confirmation,False,0.94609375,0.9177001953125,True,0.0887547455532018,0.3262202127166562,True,3000.0,3000,True,9000.0,9000,False,,20000
81013,0.65,1024,1.0,state_rotated,0362_state_rotated_81013,0,1.969544708961621,,0.0,8,0,0.2,613,0,0,0,0,5.134781488891349e-16,4.440892098500626e-16,2.775557561562891e-16,48770,175.01903287372278,44.63530918948861,1024,0,31.52762302982139,13.107686159667146,0,2.7755575615628914e-17,8.326672684688674e-17,8.326672684688674e-17,0,-1,confirmation,False,0.9986328125,0.9603857421875,True,0.1709170242907449,0.5510596481768331,True,1400.0,1400,True,1600.0,1600,True,2200.0,2200
81013,0.65,-1,0.0,none,0363_none_81013,0,0.1604172500083223,,0.0,8,0,0.2,-1,0,0,0,0,2.914335439641036e-16,0.0,0.0,1497,0.0,0.0,0,0,0.0,0.0,0,0.0,0.0,0.0,0,6200,confirmation,True,0.0,0.0132763671875,False,,0.0,False,,20000,False,,20000,False,,20000
81014,0.5,-1,0.25,aligned,0364_aligned_81014,0,1.737269709003158,,2.7755575615628914e-17,8,0,0.2,-1,0,0,0,0,5.134781488891349e-16,0.0,0.0,44170,1675.048435534077,93.74011423958456,44170,0,62.12546494886489,31.61464929071986,0,0.0,0.0,0.0,0,-1,confirmation,False,0.999609375,0.920712890625,False,0.0379227628601783,0.2051409225719829,True,2400.0,2400,True,2600.0,2600,True,3400.0,3400
81014,0.5,-1,0.25,state_rotated,0365_state_rotated_81014,0,1.7358329999260604,,0.0,8,0,0.2,-1,0,0,0,0,5.134781488891349e-16,0.0,1.6653345369377348e-16,40528,3716.983978628618,407.53676315458944,40528,0,324.23596479352227,83.3007983610633,0,8.673617379884035e-18,1.3877787807814457e-17,1.3877787807814457e-17,0,-1,confirmation,False,0.999609375,0.832294921875,False,0.0917139749957712,0.2544201890535238,True,4200.0,4200,True,4400.0,4400,True,6000.0,6000
81014,0.5,-1,0.5,aligned,0366_aligned_81014,0,1.723927624989301,,2.7755575615628914e-17,8,0,0.2,-1,0,0,0,0,5.134781488891349e-16,0.0,0.0,43715,2513.521817642962,236.80118363192352,43715,0,158.74619684792927,78.05498678399461,0,0.0,0.0,0.0,0,-1,confirmation,False,0.9994140625,0.9586572265625,False,0.0574979256008912,0.3850896061052432,True,1400.0,1400,True,1400.0,1400,True,2000.0,2000
81014,0.5,-1,0.5,state_rotated,0367_state_rotated_81014,0,1.822092416929081,,0.0,8,0,0.2,-1,0,0,0,0,5.134781488891349e-16,0.0,3.8857805861880484e-16,42216,8131.802172751566,1938.0217326377992,42216,0,1531.0118251629935,407.0099074747878,0,2.7755575615628914e-17,1.1102230246251563e-16,8.326672684688674e-17,0,-1,confirmation,False,0.9984375,0.915556640625,False,0.1926237012685135,0.7479098204901115,True,2600.0,2600,True,2600.0,2600,True,2800.0,2800
81014,0.5,-1,1.0,aligned,0368_aligned_81014,0,1.7066837920574471,,2.7755575615628914e-17,8,0,0.2,-1,0,0,0,0,5.134781488891349e-16,0.0,0.0,42907,3966.160289870693,646.4885495785178,42907,0,438.0558804353844,208.43266914313287,0,0.0,0.0,0.0,0,-1,confirmation,False,0.999609375,0.9757861328125,False,0.0924362059773625,0.9344163146745034,True,800.0,800,True,800.0,800,True,1200.0,1200
81014,0.5,-1,1.0,state_rotated,0369_state_rotated_81014,0,1.880618624971248,,0.0,8,0,0.2,-1,0,0,0,0,5.134781488891349e-16,0.0,3.552713678800501e-15,43431,20312.690470674435,16441.030798229756,43431,0,13144.089180735378,3296.9416174943744,0,4.440892098500626e-16,1.4210854715202004e-14,2.131628207280301e-14,0,-1,confirmation,False,0.9986328125,0.9325,False,0.4677002710201108,7.821069653288242,True,2200.0,2200,True,2200.0,2200,True,3000.0,3000
81014,0.5,1024,0.25,aligned,0370_aligned_81014,0,2.0369163340656087,,1.3877787807814457e-17,8,0,0.2,1181,0,0,0,0,5.134781488891349e-16,0.0,0.0,56128,61.697134964253905,4.93600810372231,1024,0,3.248571219982487,1.6874368837398237,0,0.0,0.0,0.0,0,-1,confirmation,False,0.9623046875,0.843359375,True,0.0602511083635292,0.1611716156089727,True,4400.0,4400,True,15000.0,15000,False,,20000
81014,0.5,1024,0.25,state_rotated,0371_state_rotated_81014,0,1.8653140000533313,,0.0,8,0,0.2,2229,0,0,0,0,5.134781488891349e-16,0.0,5.551115123125783e-17,47425,81.04998137070696,7.80640523176015,1024,0,5.675245813900173,2.131159417859978,0,6.938893903907228e-18,5.204170427930421e-18,4.3368086899420185e-18,0,-1,confirmation,False,0.9947265625,0.8128857421875,True,0.079150372432331,0.1658605967203655,True,4800.0,4800,True,5000.0,5000,True,13200.0,13200
81014,0.5,1024,0.5,aligned,0372_aligned_81014,0,1.9388632079353556,,2.7755575615628914e-17,8,0,0.2,803,0,0,0,0,5.134781488891349e-16,0.0,0.0,55098,97.98269186212195,12.690964705264902,1024,0,8.431556399297444,4.259408305967446,0,0.0,0.0,0.0,0,-1,confirmation,False,0.9900390625,0.94095703125,True,0.0956862225216034,0.2727363652819674,True,1600.0,1600,True,1800.0,1800,False,,20000
81014,0.5,1024,0.5,state_rotated,0373_state_rotated_81014,0,1.8174338330281896,,0.0,8,0,0.2,1416,0,0,0,0,5.134781488891349e-16,0.0,1.1102230246251563e-16,43365,157.65545006083192,29.87742282867555,1024,0,21.75623646062338,8.121186368052147,0,1.3877787807814457e-17,5.551115123125783e-17,5.551115123125783e-17,0,-1,confirmation,False,0.9982421875,0.9189013671875,True,0.1539604004500311,0.3715464638222894,True,2400.0,2400,True,2400.0,2400,True,2800.0,2800
81014,0.5,1024,1.0,aligned,0374_aligned_81014,0,1.72253999998793,,1.3877787807814457e-17,8,0,0.2,543,0,0,0,0,5.134781488891349e-16,0.0,0.0,44986,150.29815385269197,32.00701674160849,1024,0,21.476139338968068,10.530877402640412,0,0.0,0.0,0.0,0,-1,confirmation,False,0.9982421875,0.97328125,True,0.1467755408717695,0.4789961446052334,True,800.0,800,True,1000.0,1000,True,1600.0,1600
81014,0.5,1024,1.0,state_rotated,0375_state_rotated_81014,0,1.8209859170019629,,0.0,8,0,0.2,1169,0,0,0,0,5.134781488891349e-16,0.0,4.440892098500626e-16,42747,305.36537688350677,116.8663461862568,1024,0,84.84418089929007,32.02216528696671,0,5.551115123125783e-17,1.6653345369377348e-16,1.6653345369377348e-16,0,-1,confirmation,False,0.9984375,0.93455078125,True,0.2982083758627996,0.7452949130435697,True,2000.0,2000,True,2200.0,2200,True,2600.0,2600
81014,0.5,-1,0.0,none,0376_none_81014,0,0.1497241669567302,,0.0,8,0,0.2,-1,0,0,0,0,2.914335439641036e-16,0.0,0.0,932,0.0,0.0,0,0,0.0,0.0,0,0.0,0.0,0.0,0,9400,confirmation,True,0.0,0.01267578125,False,,0.0,False,,20000,False,,20000,False,,20000
81014,0.65,-1,0.25,aligned,0377_aligned_81014,0,1.9221535000251608,,2.7755575615628914e-17,8,0,0.2,-1,0,0,0,0,5.134781488891349e-16,4.440892098500626e-16,0.0,51043,1666.8785037063408,86.74096719078334,51043,0,57.15667707911719,29.584290111664146,0,0.0,0.0,0.0,0,-1,confirmation,False,0.99921875,0.96931640625,False,0.0326563584371283,0.1985999220931792,True,1400.0,1400,True,1800.0,1800,True,4200.0,4200
81014,0.65,-1,0.25,state_rotated,0378_state_rotated_81014,0,1.9123110000509769,,0.0,8,0,0.2,-1,0,0,0,0,5.134781488891349e-16,4.440892098500626e-16,1.6653345369377348e-16,44607,3591.5688439891023,378.3573290883771,44607,0,300.43276984882,77.92455923955968,0,8.673617379884035e-18,1.0408340855860844e-17,8.673617379884035e-18,0,-1,confirmation,False,0.9990234375,0.90681640625,False,0.0805158124058803,0.2734707894884806,True,2600.0,2600,True,2600.0,2600,True,5400.0,5400
81014,0.65,-1,0.5,aligned,0379_aligned_81014,0,1.8363595829578117,,2.7755575615628914e-17,8,0,0.2,-1,0,0,0,0,5.134781488891349e-16,4.440892098500626e-16,0.0,47755,2381.0002258390987,211.1184667511286,47755,0,141.22203265929363,69.8964340918377,0,0.0,0.0,0.0,0,-1,confirmation,False,0.9994140625,0.9781787109375,False,0.0498586582732509,0.3640316376414716,True,1000.0,1000,True,1200.0,1200,True,1800.0,1800
81014,0.65,-1,0.5,state_rotated,0380_state_rotated_81014,0,1.9560258330311624,,0.0,8,0,0.2,-1,0,0,0,0,5.134781488891349e-16,4.440892098500626e-16,3.8857805861880484e-16,46474,7472.89828037677,1633.9573851146304,46474,0,1283.5203814751785,350.4370036394577,0,2.7755575615628914e-17,1.6653345369377348e-16,1.6653345369377348e-16,0,-1,confirmation,False,0.999609375,0.9396142578125,False,0.1607973981231822,0.7413517812323077,True,1800.0,1800,True,2000.0,2000,True,3000.0,3000
81014,0.65,-1,1.0,aligned,0381_aligned_81014,0,1.7705696659395471,,2.7755575615628914e-17,8,0,0.2,-1,0,0,0,0,5.134781488891349e-16,4.440892098500626e-16,0.0,45635,3687.224836182539,563.1651338278721,45635,0,380.5859878460383,182.5791459818211,0,0.0,0.0,0.0,0,-1,confirmation,False,1.0,0.98650390625,False,0.0807981776308215,0.7438286371729766,True,600.0,600,True,600.0,600,True,1000.0,1000
81014,0.65,-1,1.0,state_rotated,0382_state_rotated_81014,0,1.991407542023808,,0.0,8,0,0.2,-1,0,0,0,0,5.134781488891349e-16,4.440892098500626e-16,1.0658141036401504e-14,47684,20861.05245062787,20743.42486445933,47684,0,16459.809683541138,4283.615180918141,0,4.440892098500626e-16,5.684341886080803e-14,5.684341886080803e-14,0,-1,confirmation,False,0.9990234375,0.9543994140625,False,0.437485371416573,21.345344635707587,True,1600.0,1600,True,1600.0,1600,True,2000.0,2000
81014,0.65,1024,0.25,aligned,0383_aligned_81014,0,2.9751556670526043,,1.3877787807814457e-17,8,0,0.2,135,0,0,0,0,2.914335439641036e-16,0.0,0.0,96491,29.281773839329254,0.8896205884854103,1024,0,0.6111079172487245,0.2785126712366869,0,0.0,0.0,0.0,0,-1,confirmation,False,0.7255859375,0.687060546875,True,0.0285954822649699,0.0779530955152386,False,,20000,False,,20000,False,,20000
81014,0.65,1024,0.25,state_rotated,0384_state_rotated_81014,0,2.899859874974936,,0.0,8,0,0.2,906,0,0,0,0,2.914335439641036e-16,0.0,5.551115123125783e-17,79582,47.97384313924125,2.9639120254612794,1024,0,2.081238664321032,0.8826733611402486,0,6.938893903907228e-18,3.469446951953614e-18,2.6020852139652106e-18,0,-1,confirmation,False,0.816796875,0.695263671875,True,0.0468494561906652,0.1381401376496255,False,,20000,False,,20000,False,,20000
81014,0.65,1024,0.5,aligned,0385_aligned_81014,0,3.011139333015308,,1.3877787807814457e-17,8,0,0.2,155,0,0,0,0,4.996003610813204e-16,4.440892098500626e-16,0.0,99720,53.167511200309875,3.133958047217645,1024,0,2.1511754049104175,0.9827826423072306,0,0.0,0.0,0.0,0,-1,confirmation,False,0.8048828125,0.7426318359375,True,0.0519213976565526,0.1530882290071519,False,,20000,False,,20000,False,,20000
81014,0.65,1024,0.5,state_rotated,0386_state_rotated_81014,0,2.8090022909455,,0.0,8,0,0.2,765,0,0,0,0,4.996003610813204e-16,4.440892098500626e-16,1.1102230246251563e-16,78195,93.68207062447772,11.650633047867617,1024,0,8.231976660805877,3.4186563870617497,0,1.3877787807814457e-17,1.7347234759768068e-17,2.0816681711721685e-17,0,-1,confirmation,False,0.908203125,0.8443798828125,True,0.0914863970942165,0.2803579678814297,True,7200.0,7200,False,,20000,False,,20000
81014,0.65,1024,1.0,aligned,0387_aligned_81014,0,3.1093386249849573,,3.469446951953614e-18,8,0,0.2,126,0,0,0,0,4.579669976578771e-16,0.0,0.0,110589,89.07818894747972,9.899825062749905,1024,0,6.854760906697692,3.045064156052227,0,0.0,0.0,0.0,0,-1,confirmation,False,0.8501953125,0.817490234375,True,0.0869904188940231,0.2831776627047633,False,,20000,False,,20000,False,,20000
81014,0.65,1024,1.0,state_rotated,0388_state_rotated_81014,0,2.0726690409937873,,0.0,8,0,0.2,614,0,0,0,0,5.134781488891349e-16,4.440892098500626e-16,1.6653345369377348e-16,52081,161.1758717292523,39.22929187205026,1024,0,27.6238427397866,11.605449132263676,0,2.7755575615628914e-17,1.1102230246251563e-16,8.326672684688674e-17,0,-1,confirmation,False,0.9939453125,0.9506396484375,True,0.1573983122355979,0.6156188345842788,True,1400.0,1400,True,1600.0,1600,True,6400.0,6400
81014,0.65,-1,0.0,none,0389_none_81014,0,0.172789332922548,,0.0,8,0,0.2,-1,0,0,0,0,2.914335439641036e-16,0.0,0.0,1797,0.0,0.0,0,0,0.0,0.0,0,0.0,0.0,0.0,0,7400,confirmation,True,0.0,0.016669921875,False,,0.0,False,,20000,False,,20000,False,,20000
81015,0.5,-1,0.25,aligned,0390_aligned_81015,0,1.742151084006764,,2.7755575615628914e-17,8,0,0.2,-1,0,0,0,0,5.134781488891349e-16,0.0,0.0,44444,1650.4262938402308,90.14270397505688,44444,0,59.71629126486096,30.426412710196846,0,0.0,0.0,0.0,0,-1,confirmation,False,0.9990234375,0.921337890625,False,0.0371349629610348,0.1905173782160847,True,2400.0,2400,True,2400.0,2400,True,3200.0,3200
81015,0.5,-1,0.25,state_rotated,0391_state_rotated_81015,0,1.7914800419239327,,0.0,8,0,0.2,-1,0,0,0,0,5.134781488891349e-16,0.0,1.6653345369377348e-16,41625,3852.580483467989,422.9096019355373,41625,0,336.2698722656604,86.6397296698743,0,7.806255641895632e-18,1.3877787807814457e-17,1.0408340855860844e-17,0,-1,confirmation,False,0.9990234375,0.86537109375,False,0.092554486089321,0.2909835038523047,True,3600.0,3600,True,3800.0,3800,True,4200.0,4200
81015,0.5,-1,0.5,aligned,0392_aligned_81015,0,1.749661499983631,,2.7755575615628914e-17,8,0,0.2,-1,0,0,0,0,5.134781488891349e-16,0.0,0.0,43925,2493.5183336707964,232.0057052001901,43925,0,155.81933450392796,76.18637069626045,0,0.0,0.0,0.0,0,-1,confirmation,False,0.998828125,0.956923828125,False,0.0567676342326874,0.4292924067305854,True,1400.0,1400,True,1600.0,1600,True,1800.0,1800
81015,0.5,-1,0.5,state_rotated,0393_state_rotated_81015,0,1.8512312499806285,,0.0,8,0,0.2,-1,0,0,0,0,5.134781488891349e-16,0.0,4.440892098500626e-16,43020,8462.195696698896,2078.4802101752994,43020,0,1639.500858717769,438.97935145752894,0,5.551115123125783e-17,2.220446049250313e-16,1.6653345369377348e-16,0,-1,confirmation,False,0.9994140625,0.9057958984375,False,0.1967037586401417,0.7928010337169585,True,2800.0,2800,True,2800.0,2800,True,3000.0,3000
81015,0.5,-1,1.0,aligned,0394_aligned_81015,0,1.7159280420746654,,2.7755575615628914e-17,8,0,0.2,-1,0,0,0,0,5.134781488891349e-16,0.0,0.0,42664,3849.273332377189,616.2608670016999,42664,0,417.9266266376418,198.33424036406956,0,0.0,0.0,0.0,0,-1,confirmation,False,0.99921875,0.974384765625,False,0.0902229826640068,0.8889140496845132,True,800.0,800,True,1000.0,1000,True,1000.0,1000
81015,0.5,-1,1.0,state_rotated,0395_state_rotated_81015,0,1.8747660829685628,,0.0,8,0,0.2,-1,0,0,0,0,5.134781488891349e-16,0.0,3.552713678800501e-15,42943,20234.79451777728,16460.010493896392,42943,0,13065.705786749531,3394.304707146946,0,4.440892098500626e-16,4.263256414560601e-14,4.263256414560601e-14,0,-1,confirmation,False,0.9990234375,0.921318359375,False,0.47120123227947,11.2944843680034,True,2400.0,2400,True,2400.0,2400,True,2800.0,2800
81015,0.5,1024,0.25,aligned,0396_aligned_81015,0,2.0692606669617817,,1.3877787807814457e-17,8,0,0.2,1226,0,0,0,0,4.996003610813204e-16,0.0,0.0,57578,58.33531236664904,4.370285825486865,1024,0,2.892594754805577,1.4776910706812914,0,0.0,0.0,0.0,0,-1,confirmation,False,0.95390625,0.843759765625,True,0.0569680784830557,0.164148797676825,True,5600.0,5600,False,,20000,False,,20000
81015,0.5,1024,0.25,state_rotated,0397_state_rotated_81015,0,2.0592539170756936,,0.0,8,0,0.2,2049,0,0,0,0,5.134781488891349e-16,0.0,8.326672684688674e-17,54204,80.99509696645099,7.935843227218501,1024,0,5.698954262559419,2.236888964659065,0,6.938893903907228e-18,5.204170427930421e-18,4.3368086899420185e-18,0,-1,confirmation,False,0.9837890625,0.8408447265625,True,0.0790967743812997,0.1750874453848485,True,4200.0,4200,True,4400.0,4400,False,,20000
81015,0.5,1024,0.5,aligned,0398_aligned_81015,0,1.928323374944739,,2.7755575615628914e-17,8,0,0.2,854,0,0,0,0,5.134781488891349e-16,0.0,0.0,54956,96.05090612230504,12.54100450355123,1024,0,8.383838064131076,4.157166439420132,0,0.0,0.0,0.0,0,-1,confirmation,False,0.9904296875,0.94185546875,True,0.0937997130100635,0.2738592135482128,True,1600.0,1600,True,1800.0,1800,False,,20000
81015,0.5,1024,0.5,state_rotated,0399_state_rotated_81015,0,1.8888790420023724,,0.0,8,0,0.2,1548,0,0,0,0,5.134781488891349e-16,0.0,1.1102230246251563e-16,46669,157.15916930040322,29.845045439296488,1024,0,21.88327784868963,7.961767590606852,0,2.0816681711721685e-17,3.4694469519536136e-17,2.7755575615628914e-17,0,-1,confirmation,False,0.9970703125,0.9008935546875,True,0.153475751269925,0.3472082670966177,True,2800.0,2800,True,3200.0,3200,True,4000.0,4000
81015,0.5,1024,1.0,aligned,0400_aligned_81015,0,1.7021397500066089,,2.7755575615628914e-17,8,0,0.2,588,0,0,0,0,5.134781488891349e-16,0.0,0.0,44062,150.4727162488224,33.37463638432119,1024,0,22.49676607467433,10.877870309646898,0,0.0,0.0,0.0,0,-1,confirmation,False,0.9982421875,0.9723486328125,True,0.1469460119617406,0.5321897827582343,True,1000.0,1000,True,1000.0,1000,True,1200.0,1200
81015,0.5,1024,1.0,state_rotated,0401_state_rotated_81015,0,1.8450999999186024,,0.0,8,0,0.2,1341,0,0,0,0,5.134781488891349e-16,0.0,3.3306690738754696e-16,44464,309.21085362102536,125.17576316563904,1024,0,91.72498896303397,33.450774202605196,0,5.551115123125783e-17,3.3306690738754696e-16,2.220446049250313e-16,0,-1,confirmation,False,0.9978515625,0.9237841796875,True,0.3019637242392826,0.9269229683449668,True,2200.0,2200,True,2200.0,2200,True,2600.0,2600
81015,0.5,-1,0.0,none,0402_none_81015,0,0.1713461659383028,,0.0,8,0,0.2,-1,0,0,0,0,2.914335439641036e-16,0.0,0.0,1382,0.0,0.0,0,0,0.0,0.0,0,0.0,0.0,0.0,0,10000,confirmation,True,0.0,0.0190966796875,False,,0.0,False,,20000,False,,20000,False,,20000
81015,0.65,-1,0.25,aligned,0403_aligned_81015,0,1.922748374985531,,2.7755575615628914e-17,8,0,0.2,-1,0,0,0,0,5.134781488891349e-16,4.440892098500626e-16,0.0,51792,1649.1765215272744,84.50236990568473,51792,0,55.64629967193012,28.8560702337553,0,0.0,0.0,0.0,0,-1,confirmation,False,0.99921875,0.967666015625,False,0.0318423023155559,0.1940013719972727,True,1600.0,1600,True,2000.0,2000,True,3200.0,3200
81015,0.65,-1,0.25,state_rotated,0404_state_rotated_81015,0,2.010884791961871,,0.0,8,0,0.2,-1,0,0,0,0,5.134781488891349e-16,4.440892098500626e-16,1.6653345369377348e-16,48597,3879.605607136035,406.9475312982547,48597,0,323.36999663123925,83.57753466701654,0,1.0408340855860844e-17,1.0408340855860844e-17,6.938893903907228e-18,0,-1,confirmation,False,0.9994140625,0.9259619140625,False,0.0798322037808102,0.3302448004459136,True,2400.0,2400,True,2800.0,2800,True,5800.0,5800
81015,0.65,-1,0.5,aligned,0405_aligned_81015,0,1.833817083039321,,2.7755575615628914e-17,8,0,0.2,-1,0,0,0,0,5.134781488891349e-16,4.440892098500626e-16,0.0,47739,2366.728463120813,208.8809253804917,47739,0,139.87133210157162,69.00959327892278,0,0.0,0.0,0.0,0,-1,confirmation,False,0.9994140625,0.9803173828125,False,0.049576414736815,0.3928167212804995,True,1000.0,1000,True,1000.0,1000,True,1600.0,1600
81015,0.65,-1,0.5,state_rotated,0406_state_rotated_81015,0,1.9500251250574363,,0.0,8,0,0.2,-1,0,0,0,0,5.134781488891349e-16,4.440892098500626e-16,3.3306690738754696e-16,46033,7503.676543931059,1676.946107807181,46033,0,1325.3528755516784,351.593232255509,0,2.7755575615628914e-17,8.326672684688674e-17,1.1102230246251563e-16,0,-1,confirmation,False,0.99921875,0.9459228515625,False,0.1630064637093185,0.7897954997174389,True,1600.0,1600,True,1800.0,1800,True,3000.0,3000
81015,0.65,-1,1.0,aligned,0407_aligned_81015,0,1.773915958008729,,2.7755575615628914e-17,8,0,0.2,-1,0,0,0,0,5.134781488891349e-16,4.440892098500626e-16,0.0,45756,3689.693412460608,570.7592486444057,45756,0,385.87513749783506,184.8841111465672,0,0.0,0.0,0.0,0,-1,confirmation,False,0.9986328125,0.9857080078125,False,0.0806384608020938,0.8478154891573548,True,600.0,600,True,800.0,800,True,1000.0,1000
81015,0.65,-1,1.0,state_rotated,0408_state_rotated_81015,0,2.026027832995169,,0.0,8,0,0.2,-1,0,0,0,0,5.134781488891349e-16,4.440892098500626e-16,7.105427357601002e-15,48935,19758.30742582559,16232.61518248992,48935,0,12842.760851283298,3389.8543312064826,0,4.440892098500626e-16,5.684341886080803e-14,7.105427357601003e-14,0,-1,confirmation,False,0.9990234375,0.9554296875,False,0.4037663722453375,15.094733723785184,True,1400.0,1400,True,1600.0,1600,True,3000.0,3000
81015,0.65,1024,0.25,aligned,0409_aligned_81015,0,2.992549250018783,,1.3877787807814457e-17,8,0,0.2,134,0,0,0,0,2.914335439641036e-16,0.0,0.0,96959,29.863266603974605,0.9376837344998692,1024,0,0.6460455243529072,0.2916382101469604,0,0.0,0.0,0.0,0,-1,confirmation,False,0.7119140625,0.6938720703125,True,0.0291633462929439,0.0767508454170241,False,,20000,False,,20000,False,,20000
81015,0.65,1024,0.25,state_rotated,0410_state_rotated_81015,0,3.1776249170070514,,0.0,8,0,0.2,652,0,0,0,0,2.914335439641036e-16,4.440892098500626e-16,8.326672684688674e-17,91273,44.86168111705851,2.544987802000533,1024,0,1.7890796137139269,0.7559081882866034,0,6.938893903907228e-18,3.469446951953614e-18,2.6020852139652106e-18,0,-1,confirmation,False,0.8361328125,0.7719677734375,True,0.0438102354658774,0.1302478596670357,False,,20000,False,,20000,False,,20000
81015,0.65,1024,0.5,aligned,0411_aligned_81015,0,3.0045371669111773,,1.3877787807814457e-17,8,0,0.2,144,0,0,0,0,2.914335439641036e-16,0.0,0.0,98915,52.87513310766118,3.128420164791192,1024,0,2.1555195078689255,0.972900656922272,0,0.0,0.0,0.0,0,-1,confirmation,False,0.81015625,0.745966796875,True,0.0516358721754503,0.1596950374478986,False,,20000,False,,20000,False,,20000
81015,0.65,1024,0.5,state_rotated,0412_state_rotated_81015,0,2.2459913339698687,,0.0,8,0,0.2,645,0,0,0,0,4.996003610813204e-16,4.440892098500626e-16,1.1102230246251563e-16,54055,83.4211857529418,9.740701113256335,1024,0,6.837962237537396,2.902738875718938,0,1.3877787807814457e-17,1.7347234759768068e-17,1.3877787807814457e-17,0,-1,confirmation,False,0.96328125,0.9093994140625,True,0.0814660017118572,0.2667145622310834,True,2000.0,2000,True,4600.0,4600,False,,20000
81015,0.65,1024,1.0,aligned,0413_aligned_81015,0,2.888292459072545,,1.734723475976807e-18,8,0,0.2,154,0,0,0,0,4.996003610813204e-16,4.440892098500626e-16,0.0,99905,90.33859577993545,10.294046532111109,1024,0,7.139780120217695,3.15426641189341,0,0.0,0.0,0.0,0,-1,confirmation,False,0.9423828125,0.90689453125,True,0.0882212849413432,0.3086050412756652,True,4000.0,4000,False,,20000,False,,20000
81015,0.65,1024,1.0,state_rotated,0414_state_rotated_81015,0,2.202415582956746,,0.0,8,0,0.2,637,0,0,0,0,5.134781488891349e-16,4.440892098500626e-16,1.6653345369377348e-16,54264,165.63439969769362,40.49201426256139,1024,0,28.693270293376088,11.798743969185258,0,5.551115123125783e-17,9.714451465470121e-17,8.326672684688674e-17,0,-1,confirmation,False,0.995703125,0.9519140625,True,0.1617523434547789,0.5520744284807986,True,1400.0,1400,True,1600.0,1600,True,4400.0,4400
81015,0.65,-1,0.0,none,0415_none_81015,0,0.1644170830259099,,0.0,8,0,0.2,-1,0,0,0,0,2.914335439641036e-16,0.0,0.0,1557,0.0,0.0,0,0,0.0,0.0,0,0.0,0.0,0.0,0,6800,confirmation,True,0.0,0.0139892578125,False,,0.0,False,,20000,False,,20000,False,,20000
81016,0.5,-1,0.25,aligned,0416_aligned_81016,0,1.8525642500026152,,2.7755575615628914e-17,8,0,0.2,-1,0,0,0,0,5.134781488891349e-16,0.0,0.0,44504,1682.897653543348,93.41082824326244,44504,0,61.8518020161012,31.559026227162025,0,0.0,0.0,0.0,0,-1,confirmation,False,0.9986328125,0.9321630859375,False,0.0378145257402334,0.2063004857262123,True,2200.0,2200,True,2400.0,2400,True,3400.0,3400
81016,0.5,-1,0.25,state_rotated,0417_state_rotated_81016,0,1.875280375010334,,0.0,8,0,0.2,-1,0,0,0,0,5.134781488891349e-16,0.0,1.6653345369377348e-16,40984,4162.478354780482,493.98814139890874,40984,0,395.00170675356605,98.9864346453367,0,9.54097911787244e-18,1.0408340855860844e-17,1.0408340855860844e-17,0,-1,confirmation,False,0.9986328125,0.854326171875,False,0.101563496847074,0.2725096659480326,True,4000.0,4000,True,4000.0,4000,True,4600.0,4600
81016,0.5,-1,0.5,aligned,0418_aligned_81016,0,1.754669916932471,,2.7755575615628914e-17,8,0,0.2,-1,0,0,0,0,5.134781488891349e-16,0.0,0.0,43722,2500.529249773068,234.74574480758065,43722,0,157.45892844796825,77.28681635961347,0,0.0,0.0,0.0,0,-1,confirmation,False,0.9994140625,0.9590185546875,False,0.0571915568769285,0.3728054659847492,True,1400.0,1400,True,1400.0,1400,True,1800.0,1800
81016,0.5,-1,0.5,state_rotated,0419_state_rotated_81016,0,1.855517084011808,,0.0,8,0,0.2,-1,0,0,0,0,5.134781488891349e-16,0.0,4.440892098500626e-16,41781,7482.538319237232,1702.9084337252373,41781,0,1339.9619380881843,362.9464956370526,0,2.7755575615628914e-17,1.1102230246251563e-16,1.1102230246251563e-16,0,-1,confirmation,False,0.99921875,0.9066552734375,False,0.1790894980789648,0.7405307762976981,True,2800.0,2800,True,2800.0,2800,True,3000.0,3000
81016,0.5,-1,1.0,aligned,0420_aligned_81016,0,1.7358619580045342,,2.7755575615628914e-17,8,0,0.2,-1,0,0,0,0,5.134781488891349e-16,0.0,0.0,42928,3912.114137957435,630.2884905138076,42928,0,428.2335336245006,202.05495688931612,0,0.0,0.0,0.0,0,-1,confirmation,False,0.999609375,0.97439453125,False,0.0911319916594631,0.8410170156963828,True,800.0,800,True,1000.0,1000,True,1000.0,1000
81016,0.5,-1,1.0,state_rotated,0421_state_rotated_81016,0,1.879581999965012,,0.0,8,0,0.2,-1,0,0,0,0,5.134781488891349e-16,0.0,5.3290705182007506e-15,42277,21365.635775504416,23272.412263606184,42277,0,18435.378100350317,4837.0341632557365,0,4.440892098500626e-16,1.1368683772161605e-13,8.526512829121202e-14,0,-1,confirmation,False,0.998828125,0.9303662109375,False,0.5053725613336901,24.432043219382606,True,2200.0,2200,True,2200.0,2200,True,2400.0,2400
81016,0.5,1024,0.25,aligned,0422_aligned_81016,0,2.1728375001112,,1.3877787807814457e-17,8,0,0.2,1028,0,0,0,0,4.996003610813204e-16,0.0,0.0,59696,60.76280962826342,4.702519813544497,1024,0,3.0936419512985753,1.608877862245918,0,0.0,0.0,0.0,0,-1,confirmation,False,0.930078125,0.833359375,True,0.0593386812776009,0.1514124690941229,True,8200.0,8200,False,,20000,False,,20000
81016,0.5,1024,0.25,state_rotated,0423_state_rotated_81016,0,1.9705124580068512,,0.0,8,0,0.2,2137,0,0,0,0,5.134781488891349e-16,0.0,8.326672684688674e-17,49819,82.75569873627215,8.055729332621528,1024,0,5.836577389031163,2.2191519435903597,0,6.938893903907228e-18,6.938893903907228e-18,5.204170427930421e-18,0,-1,confirmation,False,0.9935546875,0.84609375,True,0.0808161120471407,0.1784951110377588,True,4200.0,4200,True,4400.0,4400,True,14000.0,14000
81016,0.5,1024,0.5,aligned,0424_aligned_81016,0,1.9612187079619616,,2.7755575615628914e-17,8,0,0.2,804,0,0,0,0,5.134781488891349e-16,0.0,0.0,54932,98.635541594579,13.215745248195322,1024,0,8.782343565852473,4.433401682342823,0,0.0,0.0,0.0,0,-1,confirmation,False,0.9890625,0.9376513671875,True,0.096323771088456,0.2769382465576101,True,1800.0,1800,True,2000.0,2000,False,,20000
81016,0.5,1024,0.5,state_rotated,0425_state_rotated_81016,0,1.816751500009559,,0.0,8,0,0.2,1497,0,0,0,0,5.134781488891349e-16,0.0,1.6653345369377348e-16,42803,158.63876234560482,29.89377657669007,1024,0,21.89958797061259,7.994188606077533,0,1.5612511283791264e-17,2.7755575615628914e-17,2.7755575615628914e-17,0,-1,confirmation,False,0.9986328125,0.9070263671875,True,0.1549206663531297,0.3132564483340414,True,2800.0,2800,True,2800.0,2800,True,3000.0,3000
81016,0.5,1024,1.0,aligned,0426_aligned_81016,0,1.7315868750447407,,2.7755575615628914e-17,8,0,0.2,584,0,0,0,0,5.134781488891349e-16,0.0,0.0,44821,143.96098358145937,30.78028263375068,1024,0,20.77610378797947,10.00417884577126,0,0.0,0.0,0.0,0,-1,confirmation,False,0.998046875,0.97197265625,True,0.1405868980287689,0.5110129250496411,True,1000.0,1000,True,1000.0,1000,True,1400.0,1400
81016,0.5,1024,1.0,state_rotated,0427_state_rotated_81016,0,1.8037091250298545,,0.0,8,0,0.2,1315,0,0,0,0,5.134781488891349e-16,0.0,3.3306690738754696e-16,42025,327.1592396283152,138.16481388974205,1024,0,101.17763894033044,36.98717494941162,0,5.551115123125783e-17,2.220446049250313e-16,2.220446049250313e-16,0,-1,confirmation,False,0.9986328125,0.93162109375,True,0.3194914449495266,0.926179475250922,True,2000.0,2000,True,2200.0,2200,True,2400.0,2400
81016,0.5,-1,0.0,none,0428_none_81016,0,0.1442927920725196,,0.0,8,0,0.2,-1,0,0,0,0,2.914335439641036e-16,0.0,0.0,771,0.0,0.0,0,0,0.0,0.0,0,0.0,0.0,0.0,0,5200,confirmation,True,0.0,0.010517578125,False,,0.0,False,,20000,False,,20000,False,,20000
81016,0.65,-1,0.25,aligned,0429_aligned_81016,0,1.936890459037386,,2.7755575615628914e-17,8,0,0.2,-1,0,0,0,0,5.134781488891349e-16,4.440892098500626e-16,0.0,51452,1685.5809147630994,88.83814079664289,51452,0,58.54064911099519,30.297491685647827,0,0.0,0.0,0.0,0,-1,confirmation,False,0.9990234375,0.9712646484375,False,0.0327602603351298,0.2045516194901835,True,1400.0,1400,True,1800.0,1800,True,3600.0,3600
81016,0.65,-1,0.25,state_rotated,0430_state_rotated_81016,0,2.0353837920119986,,0.0,8,0,0.2,-1,0,0,0,0,5.134781488891349e-16,4.440892098500626e-16,1.6653345369377348e-16,49090,4075.3104443212087,440.9086966791854,49090,0,349.7521132088701,91.15658347032016,0,6.938893903907228e-18,1.0408340855860844e-17,6.938893903907228e-18,0,-1,confirmation,False,0.9994140625,0.9206103515625,False,0.0830171204791446,0.297439185814397,True,2400.0,2400,True,3200.0,3200,True,5000.0,5000
81016,0.65,-1,0.5,aligned,0431_aligned_81016,0,1.831270124996081,,2.7755575615628914e-17,8,0,0.2,-1,0,0,0,0,5.134781488891349e-16,4.440892098500626e-16,0.0,47621,2372.889828017722,208.68958772324856,47621,0,139.56775010058388,69.12183762266402,0,0.0,0.0,0.0,0,-1,confirmation,False,0.9994140625,0.98021484375,False,0.0498286434139921,0.3925005291508901,True,1000.0,1000,True,1200.0,1200,True,1800.0,1800
81016,0.65,-1,0.5,state_rotated,0432_state_rotated_81016,0,2.0100943750003353,,0.0,8,0,0.2,-1,0,0,0,0,5.134781488891349e-16,4.440892098500626e-16,5.551115123125784e-16,48232,7377.571103017418,1569.2173491608128,48232,0,1237.440429528526,331.77691963230785,0,2.7755575615628914e-17,1.1102230246251563e-16,1.1102230246251563e-16,0,-1,confirmation,False,0.999609375,0.9483935546875,False,0.1529600908736403,0.7272434072904818,True,1600.0,1600,True,1800.0,1800,True,2600.0,2600
81016,0.65,-1,1.0,aligned,0433_aligned_81016,0,1.7790123749291524,,2.7755575615628914e-17,8,0,0.2,-1,0,0,0,0,5.134781488891349e-16,4.440892098500626e-16,0.0,45918,3713.863563503883,570.511201202136,45918,0,385.6840983716295,184.827102830502,0,0.0,0.0,0.0,0,-1,confirmation,False,0.999609375,0.98607421875,False,0.0808803424257128,0.8750134837086507,True,600.0,600,True,800.0,800,True,800.0,800
81016,0.65,-1,1.0,state_rotated,0434_state_rotated_81016,0,2.010831749998033,,0.0,8,0,0.2,-1,0,0,0,0,5.134781488891349e-16,4.440892098500626e-16,7.105427357601002e-15,48808,19565.972161206657,18754.58117555635,48808,0,14958.467458760826,3796.1137167955594,0,8.881784197001252e-16,1.1368683772161605e-13,1.1368683772161605e-13,0,-1,confirmation,False,0.9984375,0.9595703125,False,0.4008763350517673,20.327334955391464,True,1200.0,1200,True,1400.0,1400,True,2000.0,2000
81016,0.65,1024,0.25,aligned,0435_aligned_81016,0,2.9976346250623465,,1.3877787807814457e-17,8,0,0.2,154,0,0,0,0,2.914335439641036e-16,4.440892098500626e-16,0.0,98651,29.342000594750733,0.902543255225421,1024,0,0.6175768968923343,0.2849663583330877,0,0.0,0.0,0.0,0,-1,confirmation,False,0.740625,0.6876611328125,True,0.0286542974558112,0.0774982531360821,False,,20000,False,,20000,False,,20000
81016,0.65,1024,0.25,state_rotated,0436_state_rotated_81016,0,3.202904957928695,,0.0,8,0,0.2,783,0,0,0,0,2.914335439641036e-16,4.440892098500626e-16,5.551115123125783e-17,92769,46.469454751176514,2.818912215176909,1024,0,1.9733196104341484,0.8455926047427618,0,6.938893903907228e-18,3.469446951953614e-18,2.6020852139652106e-18,0,-1,confirmation,False,0.7611328125,0.7059521484375,True,0.0453803269054458,0.1393383172980765,False,,20000,False,,20000,False,,20000
81016,0.65,1024,0.5,aligned,0437_aligned_81016,0,3.0087577080121264,,1.3877787807814457e-17,8,0,0.2,133,0,0,0,0,2.914335439641036e-16,0.0,0.0,100901,53.18947235126508,3.0765409993828676,1024,0,2.12180313021658,0.9547378691662916,0,0.0,0.0,0.0,0,-1,confirmation,False,0.7814453125,0.74513671875,True,0.0519428440930323,0.1399463099953684,False,,20000,False,,20000,False,,20000
81016,0.65,1024,0.5,state_rotated,0438_state_rotated_81016,0,2.775032333913259,,0.0,8,0,0.2,652,0,0,0,0,4.579669976578771e-16,4.440892098500626e-16,1.1102230246251563e-16,78069,85.44127221185872,10.070098555746752,1024,0,7.039837740040864,3.030260815705889,0,1.3877787807814457e-17,2.0816681711721685e-17,2.0816681711721685e-17,0,-1,confirmation,False,0.9328125,0.8675830078125,True,0.0834387423943932,0.270358662969669,True,5800.0,5800,False,,20000,False,,20000
81016,0.65,1024,1.0,aligned,0439_aligned_81016,0,2.7548273329157382,,3.469446951953614e-18,8,0,0.2,138,0,0,0,0,4.996003610813204e-16,4.440892098500626e-16,0.0,97943,92.25253382447085,10.35223199638935,1024,0,7.166336386423645,3.1858956099657174,0,0.0,0.0,0.0,0,-1,confirmation,False,0.9439453125,0.9144775390625,True,0.0900903650629598,0.2875899545729548,True,3000.0,3000,True,12600.0,12600,False,,20000
81016,0.65,1024,1.0,state_rotated,0440_state_rotated_81016,0,1.9052582919830456,,0.0,8,0,0.2,702,0,0,0,0,5.134781488891349e-16,4.440892098500626e-16,2.220446049250313e-16,46498,163.17993743624362,42.641723469888866,1024,0,29.93228329123377,12.709440178655132,0,2.7755575615628914e-17,1.1102230246251563e-16,1.1102230246251563e-16,0,-1,confirmation,False,0.9982421875,0.9606103515625,True,0.1593554076525816,0.676499162056061,True,1200.0,1200,True,1400.0,1400,True,1400.0,1400
81016,0.65,-1,0.0,none,0441_none_81016,0,0.1676305829314515,,0.0,8,0,0.2,-1,0,0,0,0,2.914335439641036e-16,0.0,0.0,1664,0.0,0.0,0,0,0.0,0.0,0,0.0,0.0,0.0,0,6200,confirmation,True,0.0,0.01515625,False,,0.0,False,,20000,False,,20000,False,,20000
81017,0.5,-1,0.25,aligned,0442_aligned_81017,0,1.749972291989252,,2.7755575615628914e-17,8,0,0.2,-1,0,0,0,0,5.134781488891349e-16,0.0,0.0,44812,1663.853962172161,90.16174174698205,44812,0,59.705957125073695,30.455784621908393,0,0.0,0.0,0.0,0,-1,confirmation,False,0.999609375,0.921591796875,False,0.0371296519274337,0.1776878691868678,True,2400.0,2400,True,2600.0,2600,True,3600.0,3600
81017,0.5,-1,0.25,state_rotated,0443_state_rotated_81017,0,1.7440164169529453,,0.0,8,0,0.2,-1,0,0,0,0,5.134781488891349e-16,0.0,1.6653345369377348e-16,39901,3801.7050645821223,428.7790971249344,39901,0,340.97551092767617,87.80358619726202,0,8.239936510889834e-18,1.0408340855860844e-17,1.0408340855860844e-17,0,-1,confirmation,False,0.9990234375,0.853486328125,False,0.0952784407554227,0.2772716202409474,True,4000.0,4000,True,4000.0,4000,True,5800.0,5800
81017,0.5,-1,0.5,aligned,0444_aligned_81017,0,1.7588059169938788,,2.7755575615628914e-17,8,0,0.2,-1,0,0,0,0,5.134781488891349e-16,0.0,0.0,43301,2450.569119088911,226.5411048212126,43301,0,152.18287950955215,74.35822531166025,0,0.0,0.0,0.0,0,-1,confirmation,False,1.0,0.954345703125,False,0.0565938227544147,0.4122450639072048,True,1400.0,1400,True,1600.0,1600,True,1800.0,1800
81017,0.5,-1,0.5,state_rotated,0445_state_rotated_81017,0,1.9147688749944791,,0.0,8,0,0.2,-1,0,0,0,0,5.134781488891349e-16,0.0,4.440892098500626e-16,43429,8280.680623449942,1986.817193039327,43429,0,1570.2412691058616,416.5759239334934,0,2.7755575615628914e-17,1.6653345369377348e-16,1.1102230246251563e-16,0,-1,confirmation,False,0.9998046875,0.918125,False,0.1906716853588602,0.9201852444752852,True,2600.0,2600,True,2800.0,2800,True,3600.0,3600
81017,0.5,-1,1.0,aligned,0446_aligned_81017,0,1.7498458749614656,,2.7755575615628914e-17,8,0,0.2,-1,0,0,0,0,5.134781488891349e-16,0.0,0.0,43094,3946.539833006249,634.2505305429629,43094,0,429.1965243477067,205.05400619526063,0,0.0,0.0,0.0,0,-1,confirmation,False,0.9990234375,0.9755419921875,False,0.091579798417558,0.7510227784814568,True,800.0,800,True,1000.0,1000,True,1000.0,1000
81017,0.5,-1,1.0,state_rotated,0447_state_rotated_81017,0,1.932766249985434,,0.0,8,0,0.2,-1,0,0,0,0,5.134781488891349e-16,0.0,5.3290705182007506e-15,43883,21060.93784413419,19664.0999339504,43883,0,15793.047851488722,3871.0520824617224,0,8.881784197001252e-16,5.684341886080803e-14,4.263256414560601e-14,0,-1,confirmation,False,0.9986328125,0.9255322265625,False,0.4799338660559714,15.583502702318032,True,2200.0,2200,True,2400.0,2400,True,2600.0,2600
81017,0.5,1024,0.25,aligned,0448_aligned_81017,0,2.102464791969396,,1.3877787807814457e-17,8,0,0.2,1205,0,0,0,0,4.996003610813204e-16,0.0,0.0,58972,58.74153910741306,4.356677550565536,1024,0,2.8584404556053893,1.4982370949601416,0,0.0,0.0,0.0,0,-1,confirmation,False,0.953125,0.85294921875,True,0.057364784284583,0.1612834261995225,True,5000.0,5000,True,11800.0,11800,False,,20000
81017,0.5,1024,0.25,state_rotated,0449_state_rotated_81017,0,1.899513249984011,,0.0,8,0,0.2,2041,0,0,0,0,5.134781488891349e-16,0.0,8.326672684688674e-17,46046,82.45282672280429,8.023514431441242,1024,0,5.732551071540387,2.290963359900859,0,6.938893903907228e-18,5.204170427930421e-18,5.204170427930421e-18,0,-1,confirmation,False,0.9853515625,0.8291748046875,True,0.0805203385964885,0.1692272173648476,True,4400.0,4400,True,4800.0,4800,False,,20000
81017,0.5,1024,0.5,aligned,0450_aligned_81017,0,1.8807558750268072,,2.7755575615628914e-17,8,0,0.2,889,0,0,0,0,5.134781488891349e-16,0.0,0.0,51755,97.99292288382644,12.618392792829102,1024,0,8.37659788848637,4.241794904342737,0,0.0,0.0,0.0,0,-1,confirmation,False,0.99375,0.9441357421875,True,0.0956962137537367,0.2802814851475718,True,1600.0,1600,True,1800.0,1800,True,7800.0,7800
81017,0.5,1024,0.5,state_rotated,0451_state_rotated_81017,0,1.9228180419886485,,0.0,8,0,0.2,1318,0,0,0,0,5.134781488891349e-16,0.0,1.6653345369377348e-16,45870,162.17590299884947,31.438022510382822,1024,0,22.81088057480881,8.627141935574008,0,1.3877787807814457e-17,2.0816681711721685e-17,2.0816681711721685e-17,0,-1,confirmation,False,0.9982421875,0.90857421875,True,0.1583749052723139,0.3511026267216836,True,2800.0,2800,True,3000.0,3000,True,5000.0,5000
81017,0.5,1024,1.0,aligned,0452_aligned_81017,0,1.7186960829421878,,2.7755575615628914e-17,8,0,0.2,557,0,0,0,0,5.134781488891349e-16,0.0,0.0,44443,149.7897741122306,32.561646257614605,1024,0,21.82949139674935,10.73215486086532,0,0.0,0.0,0.0,0,-1,confirmation,False,0.9994140625,0.973359375,True,0.1462790762814751,0.4949114517197055,True,1000.0,1000,True,1000.0,1000,True,1200.0,1200
81017,0.5,1024,1.0,state_rotated,0453_state_rotated_81017,0,1.837448833975941,,0.0,8,0,0.2,1243,0,0,0,0,5.134781488891349e-16,0.0,3.3306690738754696e-16,43988,312.26676482682507,120.696907707197,1024,0,87.5191526742089,33.17775503298808,0,4.163336342344337e-17,1.6653345369377348e-16,1.6653345369377348e-16,0,-1,confirmation,False,0.9984375,0.9275,True,0.3049480125261963,0.7307233692814293,True,2200.0,2200,True,2400.0,2400,True,2400.0,2400
81017,0.5,-1,0.0,none,0454_none_81017,0,0.1471062089549377,,0.0,8,0,0.2,-1,0,0,0,0,2.914335439641036e-16,0.0,0.0,863,0.0,0.0,0,0,0.0,0.0,0,0.0,0.0,0.0,0,6600,confirmation,True,0.0,0.011357421875,False,,0.0,False,,20000,False,,20000,False,,20000
81017,0.65,-1,0.25,aligned,0455_aligned_81017,0,1.9386603750754148,,2.7755575615628914e-17,8,0,0.2,-1,0,0,0,0,5.134781488891349e-16,4.440892098500626e-16,0.0,52029,1665.996737569555,84.95471334287461,52029,0,55.97330242880225,28.981410914073276,0,0.0,0.0,0.0,0,-1,confirmation,False,0.9990234375,0.9690087890625,False,0.0320205411899047,0.1897152258845287,True,1600.0,1600,True,2000.0,2000,True,4200.0,4200
81017,0.65,-1,0.25,state_rotated,0456_state_rotated_81017,0,1.9834729579743,,0.0,8,0,0.2,-1,0,0,0,0,5.134781488891349e-16,4.440892098500626e-16,1.6653345369377348e-16,47612,3712.4279344021456,377.3806488146791,47612,0,298.4712865541462,78.9093622605325,0,6.938893903907228e-18,8.673617379884035e-18,8.673617379884035e-18,0,-1,confirmation,False,0.9982421875,0.9190576171875,False,0.0779725265563754,0.3027145757564351,True,2400.0,2400,True,2800.0,2800,True,4200.0,4200
81017,0.65,-1,0.5,aligned,0457_aligned_81017,0,1.826069458038546,,2.7755575615628914e-17,8,0,0.2,-1,0,0,0,0,5.134781488891349e-16,4.440892098500626e-16,0.0,48013,2409.8847935981203,215.6671263681636,48013,0,144.31286998888467,71.35425637928026,0,0.0,0.0,0.0,0,-1,confirmation,False,0.998828125,0.979560546875,False,0.0501923394413621,0.3741428982822552,True,1000.0,1000,True,1200.0,1200,True,1800.0,1800
81017,0.65,-1,0.5,state_rotated,0458_state_rotated_81017,0,1.9750927080167455,,0.0,8,0,0.2,-1,0,0,0,0,5.134781488891349e-16,4.440892098500626e-16,3.3306690738754696e-16,47067,7011.49968517757,1448.551044560964,47067,0,1140.311662203275,308.2393823576832,0,2.7755575615628914e-17,5.551115123125783e-17,8.326672684688674e-17,0,-1,confirmation,False,0.998828125,0.93732421875,False,0.1489684850357484,0.672262467433909,True,1800.0,1800,True,2200.0,2200,True,4400.0,4400
81017,0.65,-1,1.0,aligned,0459_aligned_81017,0,1.772228042013012,,2.7755575615628914e-17,8,0,0.2,-1,0,0,0,0,5.134781488891349e-16,4.440892098500626e-16,0.0,45849,3664.56184927502,560.5239373426625,45849,0,379.05007319341263,181.47386414924773,0,0.0,0.0,0.0,0,-1,confirmation,False,0.99921875,0.9852001953125,False,0.0799267562929403,0.8034009087968339,True,600.0,600,True,600.0,600,True,800.0,800
81017,0.65,-1,1.0,state_rotated,0460_state_rotated_81017,0,1.9961925419047477,,0.0,8,0,0.2,-1,0,0,0,0,5.134781488891349e-16,4.440892098500626e-16,6.217248937900877e-15,47919,19434.712907984227,14949.155349083248,47919,0,11790.79707563889,3158.358273444297,0,4.440892098500626e-16,2.131628207280301e-14,2.8421709430404014e-14,0,-1,confirmation,False,0.999609375,0.95693359375,False,0.4055742588114157,10.477406640363988,True,1400.0,1400,True,1600.0,1600,True,3600.0,3600
81017,0.65,1024,0.25,aligned,0461_aligned_81017,0,2.97773391706869,,1.3877787807814457e-17,8,0,0.2,146,0,0,0,0,2.914335439641036e-16,0.0,0.0,97644,29.40214777776086,0.9111659532578316,1024,0,0.6261210223435635,0.2850449309142672,0,0.0,0.0,0.0,0,-1,confirmation,False,0.7400390625,0.6849365234375,True,0.0287130349392195,0.0775197753388581,False,,20000,False,,20000,False,,20000
81017,0.65,1024,0.25,state_rotated,0462_state_rotated_81017,0,3.0399642089614645,,0.0,8,0,0.2,859,0,0,0,0,2.914335439641036e-16,4.440892098500626e-16,5.551115123125783e-17,87597,49.86636606619791,3.268595909128713,1024,0,2.285601625295906,0.9829942838328096,0,6.938893903907228e-18,3.469446951953614e-18,3.469446951953614e-18,0,-1,confirmation,False,0.871484375,0.8067919921875,True,0.0486976231115214,0.1435824748905849,False,,20000,False,,20000,False,,20000
81017,0.65,1024,0.5,aligned,0463_aligned_81017,0,2.994594959076494,,1.3877787807814457e-17,8,0,0.2,132,0,0,0,0,2.914335439641036e-16,0.0,0.0,99637,53.14934562366605,3.1186236287746114,1024,0,2.15229983093772,0.9663237978368968,0,0.0,0.0,0.0,0,-1,confirmation,False,0.784765625,0.72826171875,True,0.0519036578356113,0.1392729085189502,False,,20000,False,,20000,False,,20000
81017,0.65,1024,0.5,state_rotated,0464_state_rotated_81017,0,2.5530320829711854,,0.0,8,0,0.2,789,0,0,0,0,5.134781488891349e-16,4.440892098500626e-16,1.1102230246251563e-16,69654,90.77626172929156,11.316041934816898,1024,0,7.969395184621443,3.346646750195466,0,1.3877787807814457e-17,2.4286128663675302e-17,1.7347234759768068e-17,0,-1,confirmation,False,0.9642578125,0.880830078125,True,0.0886486930950112,0.2784791764536873,True,4600.0,4600,True,13600.0,13600,False,,20000
81017,0.65,1024,1.0,aligned,0465_aligned_81017,0,2.978007416939363,,8.673617379884035e-19,8,0,0.2,137,0,0,0,0,4.996003610813204e-16,4.440892098500626e-16,0.0,104329,87.64715398222087,9.850119943366874,1024,0,6.839418972466648,3.010700970900236,0,0.0,0.0,0.0,0,-1,confirmation,False,0.920703125,0.879658203125,True,0.0855929238107625,0.2882327588890958,True,6200.0,6200,False,,20000,False,,20000
81017,0.65,1024,1.0,state_rotated,0466_state_rotated_81017,0,2.04816533299163,,0.0,8,0,0.2,655,0,0,0,0,5.134781488891349e-16,4.440892098500626e-16,1.6653345369377348e-16,49019,154.1624674815944,37.34951401839272,1024,0,26.338017839434155,11.01149617895858,0,3.209238430557093e-17,2.220446049250313e-16,2.220446049250313e-16,0,-1,confirmation,False,0.9966796875,0.9565673828125,True,0.1505492846499945,0.5946671293521237,True,1400.0,1400,True,1400.0,1400,True,2600.0,2600
81017,0.65,-1,0.0,none,0467_none_81017,0,0.15736462501809,,0.0,8,0,0.2,-1,0,0,0,0,2.914335439641036e-16,0.0,0.0,1392,0.0,0.0,0,0,0.0,0.0,0,0.0,0.0,0.0,0,4800,confirmation,True,0.0,0.011943359375,False,,0.0,False,,20000,False,,20000,False,,20000
81018,0.5,-1,0.25,aligned,0468_aligned_81018,0,1.8463900840142744,,2.7755575615628914e-17,8,0,0.2,-1,0,0,0,0,5.134781488891349e-16,0.0,0.0,44908,1688.1375357975162,93.02482046510312,44908,0,61.636923705790274,31.387896759312337,0,0.0,0.0,0.0,0,-1,confirmation,False,0.99921875,0.9268896484375,False,0.0375910202146057,0.1995619205499963,True,2200.0,2200,True,2400.0,2400,True,3400.0,3400
81018,0.5,-1,0.25,state_rotated,0469_state_rotated_81018,0,1.8469717920525,,0.0,8,0,0.2,-1,0,0,0,0,5.134781488891349e-16,0.0,1.9428902930940242e-16,40846,3674.498948202739,395.6189377545869,40846,0,313.927591164482,81.69134659010244,0,7.26415455565288e-18,6.938893903907228e-18,6.938893903907228e-18,0,-1,confirmation,False,0.9986328125,0.85853515625,False,0.0899598234393267,0.252686021225424,True,4000.0,4000,True,4000.0,4000,True,6000.0,6000
81018,0.5,-1,0.5,aligned,0470_aligned_81018,0,1.737800250062719,,2.7755575615628914e-17,8,0,0.2,-1,0,0,0,0,5.134781488891349e-16,0.0,0.0,43932,2463.7911330024713,222.3264280465368,43932,0,148.95738897502514,73.36903907150872,0,0.0,0.0,0.0,0,-1,confirmation,False,0.9986328125,0.954736328125,False,0.0560819250888298,0.3607798261563702,True,1400.0,1400,True,1400.0,1400,True,2400.0,2400
81018,0.5,-1,0.5,state_rotated,0471_state_rotated_81018,0,1.8041530000045896,,0.0,8,0,0.2,-1,0,0,0,0,5.134781488891349e-16,0.0,4.440892098500626e-16,41478,8009.636173072358,1953.0624184551457,41478,0,1541.2664175190134,411.79600093612055,0,2.7755575615628914e-17,1.3877787807814454e-16,1.3877787807814454e-16,0,-1,confirmation,False,0.9994140625,0.887099609375,False,0.1931056505393789,0.7966411656326258,True,3000.0,3000,True,3200.0,3200,True,3800.0,3800
81018,0.5,-1,1.0,aligned,0472_aligned_81018,0,1.724275500047952,,2.7755575615628914e-17,8,0,0.2,-1,0,0,0,0,5.134781488891349e-16,0.0,0.0,43180,3923.525377396153,628.5364680284979,43180,0,426.1603962174911,202.37607181100785,0,0.0,0.0,0.0,0,-1,confirmation,False,0.998828125,0.97498046875,False,0.0908644135571133,0.7223148283404666,True,800.0,800,True,1000.0,1000,True,1200.0,1200
81018,0.5,-1,1.0,state_rotated,0473_state_rotated_81018,0,1.8756022909656167,,0.0,8,0,0.2,-1,0,0,0,0,5.134781488891349e-16,0.0,4.440892098500626e-15,43246,20335.90761712511,16535.254947923906,43246,0,13136.125579734917,3399.129368188895,0,5.273559366969495e-16,2.8421709430404014e-14,4.263256414560601e-14,0,-1,confirmation,False,0.9990234375,0.9181005859375,False,0.4702378859807869,10.848070409095977,True,2400.0,2400,True,2600.0,2600,True,3000.0,3000
81018,0.5,1024,0.25,aligned,0474_aligned_81018,0,2.127446833997965,,1.3877787807814457e-17,8,0,0.2,1094,0,0,0,0,4.996003610813204e-16,0.0,0.0,60706,59.80938805390443,4.519746894598507,1024,0,2.969614062814998,1.5501328317835028,0,0.0,0.0,0.0,0,-1,confirmation,False,0.9515625,0.848798828125,True,0.058407605521391,0.151500130795244,True,4000.0,4000,False,,20000,False,,20000
81018,0.5,1024,0.25,state_rotated,0475_state_rotated_81018,0,1.949105207924731,,0.0,8,0,0.2,1950,0,0,0,0,5.134781488891349e-16,0.0,8.326672684688674e-17,48209,79.42927809074124,7.481444760935431,1024,0,5.354718295374638,2.126726465560791,0,6.938893903907228e-18,5.204170427930421e-18,4.3368086899420185e-18,0,-1,confirmation,False,0.9859375,0.8285986328125,True,0.0775676543854894,0.1849465733990264,True,4600.0,4600,True,4800.0,4800,False,,20000
81018,0.5,1024,0.5,aligned,0476_aligned_81018,0,1.8863757089711728,,1.3877787807814457e-17,8,0,0.2,860,0,0,0,0,5.134781488891349e-16,0.0,0.0,53093,96.92196489630848,12.619628173365284,1024,0,8.406180727156196,4.213447446209097,0,0.0,0.0,0.0,0,-1,confirmation,False,0.993359375,0.94046875,True,0.0946503563440512,0.2874966316666384,True,1600.0,1600,True,2000.0,2000,True,11600.0,11600
81018,0.5,1024,0.5,state_rotated,0477_state_rotated_81018,0,1.8285022909985855,,0.0,8,0,0.2,1882,0,0,0,0,5.134781488891349e-16,0.0,1.6653345369377348e-16,44627,157.9494117828445,30.076135815863463,1024,0,22.162540314273382,7.913595501590098,0,2.7755575615628914e-17,2.7755575615628914e-17,2.7755575615628914e-17,0,-1,confirmation,False,0.99765625,0.8811767578125,True,0.154247472444184,0.3490205484378461,True,3400.0,3400,True,3400.0,3400,True,4600.0,4600
81018,0.5,1024,1.0,aligned,0478_aligned_81018,0,1.7230505410116166,,2.7755575615628914e-17,8,0,0.2,550,0,0,0,0,5.134781488891349e-16,0.0,0.0,45177,144.28113470871554,30.257704834546963,1024,0,20.42378070163381,9.833924132913124,0,0.0,0.0,0.0,0,-1,confirmation,False,0.9970703125,0.9726220703125,True,0.14089954561398,0.4932758450616995,True,1000.0,1000,True,1000.0,1000,True,1600.0,1600
81018,0.5,1024,1.0,state_rotated,0479_state_rotated_81018,0,1.8297410410596056,,0.0,8,0,0.2,1351,0,0,0,0,5.134781488891349e-16,0.0,3.3306690738754696e-16,44115,309.51803874299685,121.6160243924003,1024,0,89.03546211458834,32.580562277811914,0,5.551115123125783e-17,2.220446049250313e-16,2.220446049250313e-16,0,-1,confirmation,False,0.99921875,0.9166162109375,True,0.3022637097099578,0.8455232152987737,True,2600.0,2600,True,2600.0,2600,True,3800.0,3800
81018,0.5,-1,0.0,none,0480_none_81018,0,0.1580338749336078,,0.0,8,0,0.2,-1,0,0,0,0,2.914335439641036e-16,0.0,0.0,1078,0.0,0.0,0,0,0.0,0.0,0,0.0,0.0,0.0,0,9000,confirmation,True,0.0,0.0154150390625,False,,0.0,False,,20000,False,,20000,False,,20000
81018,0.65,-1,0.25,aligned,0481_aligned_81018,0,1.9318676670081911,,2.7755575615628914e-17,8,0,0.2,-1,0,0,0,0,5.134781488891349e-16,4.440892098500626e-16,0.0,52018,1680.6763742132096,87.6087487025985,52018,0,57.74372993463825,29.865018767959953,0,0.0,0.0,0.0,0,-1,confirmation,False,0.99921875,0.970029296875,False,0.0323095154410628,0.1924590797351752,True,1400.0,1400,True,2200.0,2200,True,3400.0,3400
81018,0.65,-1,0.25,state_rotated,0482_state_rotated_81018,0,1.927909125108272,,0.0,8,0,0.2,-1,0,0,0,0,5.134781488891349e-16,4.440892098500626e-16,1.6653345369377348e-16,46102,3718.051293085777,389.5813139747308,46102,0,309.87451151627533,79.70680245844946,0,8.673617379884035e-18,2.0816681711721685e-17,1.3877787807814457e-17,0,-1,confirmation,False,0.9986328125,0.8962158203125,False,0.0806483730225538,0.2698519112150147,True,2800.0,2800,True,3000.0,3000,True,4400.0,4400
81018,0.65,-1,0.5,aligned,0483_aligned_81018,0,1.831978917005472,,2.7755575615628914e-17,8,0,0.2,-1,0,0,0,0,5.134781488891349e-16,4.440892098500626e-16,0.0,47739,2361.542191687529,206.00133264027463,47739,0,137.75722590805967,68.2441067322155,0,0.0,0.0,0.0,0,-1,confirmation,False,0.99921875,0.978349609375,False,0.049467776695941,0.3956749151305908,True,1000.0,1000,True,1200.0,1200,True,1600.0,1600
81018,0.65,-1,0.5,state_rotated,0484_state_rotated_81018,0,1.9897131670732051,,0.0,8,0,0.2,-1,0,0,0,0,5.134781488891349e-16,4.440892098500626e-16,3.3306690738754696e-16,47232,7063.2871810427005,1476.4819046116447,47232,0,1162.3567355853684,314.125169026282,0,2.7755575615628914e-17,1.1102230246251563e-16,1.1102230246251563e-16,0,-1,confirmation,False,0.99921875,0.9390673828125,False,0.1495445287314257,0.6821140810278318,True,1800.0,1800,True,1800.0,1800,True,3400.0,3400
81018,0.65,-1,1.0,aligned,0485_aligned_81018,0,1.7687612499576062,,2.7755575615628914e-17,8,0,0.2,-1,0,0,0,0,5.134781488891349e-16,4.440892098500626e-16,0.0,45512,3652.151851079732,551.0304289420297,45512,0,373.3678863814743,177.6625425605515,0,0.0,0.0,0.0,0,-1,confirmation,False,0.9984375,0.9841845703125,False,0.0802459098936485,0.8035078248870604,True,600.0,600,True,800.0,800,True,800.0,800
81018,0.65,-1,1.0,state_rotated,0486_state_rotated_81018,0,1.9799702079035344,,0.0,8,0,0.2,-1,0,0,0,0,5.134781488891349e-16,4.440892098500626e-16,3.552713678800501e-15,46764,19538.145534280426,14502.7209670493,46764,0,11407.712417800303,3095.0085492488533,0,4.440892098500626e-16,8.526512829121202e-14,8.526512829121202e-14,0,-1,confirmation,False,0.999609375,0.952626953125,False,0.4178031292079468,13.209624787049828,True,1400.0,1400,True,1600.0,1600,True,3400.0,3400
81018,0.65,1024,0.25,aligned,0487_aligned_81018,0,2.9015433749882504,,1.3877787807814457e-17,8,0,0.2,152,0,0,0,0,2.914335439641036e-16,0.0,0.0,93749,29.10131323500608,0.8881798058328393,1024,0,0.6095461609774341,0.2786336448554045,0,0.0,0.0,0.0,0,-1,confirmation,False,0.8005859375,0.715478515625,True,0.0284192512060606,0.0766065448679844,False,,20000,False,,20000,False,,20000
81018,0.65,1024,0.25,state_rotated,0488_state_rotated_81018,0,2.8492743329843506,,0.0,8,0,0.2,897,0,0,0,0,2.914335439641036e-16,0.0,4.163336342344337e-17,81307,49.77728125123467,3.2236745669665816,1024,0,2.2606334852825523,0.9630410816840302,0,6.938893903907228e-18,4.3368086899420185e-18,3.469446951953614e-18,0,-1,confirmation,False,0.7173828125,0.5602099609375,True,0.0486106262219088,0.1470557643546295,False,,20000,False,,20000,False,,20000
81018,0.65,1024,0.5,aligned,0489_aligned_81018,0,2.6675672080600634,,1.3877787807814457e-17,8,0,0.2,171,0,0,0,0,4.579669976578771e-16,4.440892098500626e-16,0.0,82932,51.98138301134533,3.056173862630682,1024,0,2.1172628519836585,0.9389110106470284,0,0.0,0.0,0.0,0,-1,confirmation,False,0.85625,0.8272705078125,True,0.0507630693470169,0.1640824686306359,False,,20000,False,,20000,False,,20000
81018,0.65,1024,0.5,state_rotated,0490_state_rotated_81018,0,2.322280375054106,,0.0,8,0,0.2,809,0,0,0,0,4.996003610813204e-16,4.440892098500626e-16,1.1102230246251563e-16,61455,98.97618781500582,12.844645546164276,1024,0,9.1577428562114,3.6869026899528663,0,1.3877787807814457e-17,1.3877787807814457e-17,1.3877787807814457e-17,0,-1,confirmation,False,0.98046875,0.9160546875,True,0.0966564334130916,0.3026513603953222,True,2000.0,2000,True,2400.0,2400,False,,20000
81018,0.65,1024,1.0,aligned,0491_aligned_81018,0,2.659885084023699,,3.469446951953614e-18,8,0,0.2,180,0,0,0,0,4.996003610813204e-16,4.440892098500626e-16,0.0,93897,89.10068882209123,10.0007905514003,1024,0,6.938233715742991,3.0625568356573285,0,0.0,0.0,0.0,0,-1,confirmation,False,0.9587890625,0.920126953125,True,0.0870123914278234,0.3150551583528196,True,2800.0,2800,True,11000.0,11000,False,,20000
81018,0.65,1024,1.0,state_rotated,0492_state_rotated_81018,0,1.930472292006016,,0.0,8,0,0.2,642,0,0,0,0,5.134781488891349e-16,4.440892098500626e-16,2.220446049250313e-16,46116,174.7258580109969,44.57499163905363,1024,0,31.85390498611754,12.721086652936108,0,2.7755575615628914e-17,1.3877787807814454e-16,9.714451465470121e-17,0,-1,confirmation,False,0.9970703125,0.9532666015625,True,0.1706307207138641,0.6125830661918743,True,1400.0,1400,True,1600.0,1600,True,3800.0,3800
81018,0.65,-1,0.0,none,0493_none_81018,0,0.1669150000670924,,0.0,8,0,0.2,-1,0,0,0,0,2.914335439641036e-16,0.0,0.0,1689,0.0,0.0,0,0,0.0,0.0,0,0.0,0.0,0.0,0,5600,confirmation,True,0.0,0.0154638671875,False,,0.0,False,,20000,False,,20000,False,,20000
81019,0.5,-1,0.25,aligned,0494_aligned_81019,0,1.740023292019032,,2.7755575615628914e-17,8,0,0.2,-1,0,0,0,0,5.134781488891349e-16,0.0,0.0,44346,1688.408446327939,94.50750548637563,44346,0,62.618994348994185,31.8885111373816,0,0.0,0.0,0.0,0,-1,confirmation,False,0.998828125,0.927939453125,False,0.0380735228955923,0.1809165368611682,True,2400.0,2400,True,2400.0,2400,True,3800.0,3800
81019,0.5,-1,0.25,state_rotated,0495_state_rotated_81019,0,1.7536725420504808,,0.0,8,0,0.2,-1,0,0,0,0,5.134781488891349e-16,0.0,1.9428902930940242e-16,40373,4077.4078274696135,481.9234830958279,40373,0,384.31797927466033,97.60550382116742,0,9.54097911787244e-18,1.7347234759768068e-17,1.3877787807814457e-17,0,-1,confirmation,False,0.9990234375,0.858642578125,False,0.1009934319339562,0.2688644815284582,True,4000.0,4000,True,4000.0,4000,True,4800.0,4800
81019,0.5,-1,0.5,aligned,0496_aligned_81019,0,1.7180156250251457,,2.7755575615628914e-17,8,0,0.2,-1,0,0,0,0,5.134781488891349e-16,0.0,0.0,43151,2485.936358061421,235.51123540369605,43151,0,158.04007363598635,77.47116176770832,0,0.0,0.0,0.0,0,-1,confirmation,False,0.9984375,0.9545751953125,False,0.0576101679697207,0.4160763145618184,True,1400.0,1400,True,1600.0,1600,True,1800.0,1800
81019,0.5,-1,0.5,state_rotated,0497_state_rotated_81019,0,1.849768792046234,,0.0,8,0,0.2,-1,0,0,0,0,5.134781488891349e-16,0.0,6.661338147750939e-16,42656,8226.521991830155,2032.5981908195224,42656,0,1613.8568996601448,418.74129115936455,0,1.1102230246251563e-16,4.440892098500626e-16,5.551115123125784e-16,0,-1,confirmation,False,0.9986328125,0.91171875,False,0.1928573235143978,1.683937647953218,True,2600.0,2600,True,2800.0,2800,True,3200.0,3200
81019,0.5,-1,1.0,aligned,0498_aligned_81019,0,1.7137780420016495,,2.7755575615628914e-17,8,0,0.2,-1,0,0,0,0,5.134781488891349e-16,0.0,0.0,43090,4006.057865454436,664.8209454151337,43090,0,450.28082071837537,214.5401246967584,0,0.0,0.0,0.0,0,-1,confirmation,False,0.9998046875,0.974638671875,False,0.092969548977824,0.8091930447485639,True,1000.0,1000,True,1000.0,1000,True,1000.0,1000
81019,0.5,-1,1.0,state_rotated,0499_state_rotated_81019,0,1.8804773340234533,,0.0,8,0,0.2,-1,0,0,0,0,5.134781488891349e-16,0.0,7.105427357601002e-15,42705,22037.27579548429,29186.476451752245,42705,0,23906.991558812624,5279.4848929396985,0,6.661338147750939e-16,2.273736754432321e-13,2.273736754432321e-13,0,-1,confirmation,False,0.99921875,0.92857421875,False,0.5160350262377775,21.830419551339645,True,2200.0,2200,True,2400.0,2400,True,2800.0,2800
81019,0.5,1024,0.25,aligned,0500_aligned_81019,0,2.088359917048365,,1.3877787807814457e-17,8,0,0.2,1058,0,0,0,0,4.996003610813204e-16,0.0,0.0,55879,60.45501006659189,4.63962957472058,1024,0,3.0431608815419087,1.5964686931786711,0,0.0,0.0,0.0,0,-1,confirmation,False,0.9455078125,0.8371728515625,True,0.0590380957681561,0.1549594033257904,True,5000.0,5000,False,,20000,False,,20000
81019,0.5,1024,0.25,state_rotated,0501_state_rotated_81019,0,2.0649133330443874,,0.0,8,0,0.2,1995,0,0,0,0,5.134781488891349e-16,0.0,8.326672684688674e-17,52951,80.3848770229537,7.628880138133132,1024,0,5.487687800808917,2.1411923373242137,0,6.938893903907228e-18,5.204170427930421e-18,4.3368086899420185e-18,0,-1,confirmation,False,0.985546875,0.8269482421875,True,0.0785008564677282,0.1732306226623645,True,4600.0,4600,True,5200.0,5200,False,,20000
81019,0.5,1024,0.5,aligned,0502_aligned_81019,0,1.9746764159062875,,2.7755575615628914e-17,8,0,0.2,881,0,0,0,0,5.134781488891349e-16,0.0,0.0,56033,102.47506366793792,14.250580217609995,1024,0,9.541638962120327,4.70894125548967,0,0.0,0.0,0.0,0,-1,confirmation,False,0.9888671875,0.93185546875,True,0.1000733043632206,0.2891866757442677,True,1800.0,1800,True,2200.0,2200,False,,20000
81019,0.5,1024,0.5,state_rotated,0503_state_rotated_81019,0,1.876364625059068,,0.0,8,0,0.2,1425,0,0,0,0,5.134781488891349e-16,0.0,1.6653345369377348e-16,44880,155.709908149824,29.17003358913655,1024,0,21.126210253005905,8.043823336130677,0,1.83772268236293e-17,2.7755575615628914e-17,2.0816681711721685e-17,0,-1,confirmation,False,0.9982421875,0.9104296875,True,0.1520604571775625,0.3532989888587551,True,2600.0,2600,True,2800.0,2800,True,3600.0,3600
81019,0.5,1024,1.0,aligned,0504_aligned_81019,0,1.7314303750172255,,1.3877787807814457e-17,8,0,0.2,570,0,0,0,0,5.134781488891349e-16,0.0,0.0,44770,156.96576490767444,35.70809545714768,1024,0,24.180284596220503,11.527810860927254,0,0.0,0.0,0.0,0,-1,confirmation,False,0.99765625,0.972724609375,True,0.1532868797926508,0.5262637181906605,True,1000.0,1000,True,1000.0,1000,True,1200.0,1200
81019,0.5,1024,1.0,state_rotated,0505_state_rotated_81019,0,1.8900726669235155,,0.0,8,0,0.2,1106,0,0,0,0,5.134781488891349e-16,0.0,2.220446049250313e-16,42721,292.62807481112037,106.1782330698697,1024,0,75.39201076933266,30.78622230053717,0,3.447762908503904e-17,1.3877787807814454e-16,1.6653345369377348e-16,0,-1,confirmation,False,0.9982421875,0.9343994140625,True,0.2857696043077347,0.7244382880274532,True,2000.0,2000,True,2200.0,2200,True,2400.0,2400
81019,0.5,-1,0.0,none,0506_none_81019,0,0.1528935420792549,,0.0,8,0,0.2,-1,0,0,0,0,2.914335439641036e-16,0.0,0.0,982,0.0,0.0,0,0,0.0,0.0,0,0.0,0.0,0.0,0,9800,confirmation,True,0.0,0.01384765625,False,,0.0,False,,20000,False,,20000,False,,20000
81019,0.65,-1,0.25,aligned,0507_aligned_81019,0,2.000322000007145,,2.7755575615628914e-17,8,0,0.2,-1,0,0,0,0,5.134781488891349e-16,4.440892098500626e-16,0.0,51994,1685.7306786652111,87.08727922048858,51994,0,57.35399360645141,29.73328561403646,0,0.0,0.0,0.0,0,-1,confirmation,False,0.998828125,0.9712841796875,False,0.0324216386249415,0.1989691179727995,True,1600.0,1600,True,2400.0,2400,True,3800.0,3800
81019,0.65,-1,0.25,state_rotated,0508_state_rotated_81019,0,2.0888747919816524,,0.0,8,0,0.2,-1,0,0,0,0,5.134781488891349e-16,4.440892098500626e-16,1.3877787807814454e-16,49529,3769.0311170783266,377.3003564587101,49529,0,299.9914336876152,77.30892277109896,0,7.480994990149979e-18,6.938893903907228e-18,6.938893903907228e-18,0,-1,confirmation,False,0.998828125,0.912626953125,False,0.0760974604187108,0.2513363115911281,True,2600.0,2600,True,3000.0,3000,True,4200.0,4200
81019,0.65,-1,0.5,aligned,0509_aligned_81019,0,1.88968995900359,,2.7755575615628914e-17,8,0,0.2,-1,0,0,0,0,5.134781488891349e-16,4.440892098500626e-16,0.0,47930,2396.040852206185,212.4698420527393,47930,0,142.15479918777973,70.3150428649584,0,0.0,0.0,0.0,0,-1,confirmation,False,1.0,0.978837890625,False,0.0499904204507862,0.3904363477138506,True,1000.0,1000,True,1200.0,1200,True,1800.0,1800
81019,0.65,-1,0.5,state_rotated,0510_state_rotated_81019,0,1.992864500032738,,0.0,8,0,0.2,-1,0,0,0,0,5.134781488891349e-16,4.440892098500626e-16,4.440892098500626e-16,47625,8012.135171274327,1836.6252680407847,47625,0,1452.6039011314356,384.0213669093588,0,2.7755575615628914e-17,1.1102230246251563e-16,1.1102230246251563e-16,0,-1,confirmation,False,0.9990234375,0.939873046875,False,0.1682338093705895,0.8440137007802136,True,2000.0,2000,True,2200.0,2200,True,3400.0,3400
81019,0.65,-1,1.0,aligned,0511_aligned_81019,0,1.7769088339991868,,2.7755575615628914e-17,8,0,0.2,-1,0,0,0,0,5.134781488891349e-16,4.440892098500626e-16,0.0,45829,3738.748211711832,581.9880319227887,45829,0,394.45626865042186,187.53176327236565,0,0.0,0.0,0.0,0,-1,confirmation,False,0.999609375,0.9869921875,False,0.0815804013116548,0.8586741418047255,True,600.0,600,True,600.0,600,True,800.0,800
81019,0.65,-1,1.0,state_rotated,0512_state_rotated_81019,0,2.000449249986559,,0.0,8,0,0.2,-1,0,0,0,0,5.134781488891349e-16,4.440892098500626e-16,2.6645352591003757e-15,47334,17196.46486716285,11313.917475674336,47334,0,8995.417267343075,2318.500208331441,0,2.220446049250313e-16,1.4210854715202004e-14,1.4210854715202004e-14,0,-1,confirmation,False,0.9982421875,0.963330078125,False,0.3633004788769774,7.135276072199873,True,1200.0,1200,True,1400.0,1400,True,2400.0,2400
81019,0.65,1024,0.25,aligned,0513_aligned_81019,0,3.045432958053425,,1.3877787807814457e-17,8,0,0.2,162,0,0,0,0,2.914335439641036e-16,0.0,0.0,96318,29.537161680242697,0.9140864150249896,1024,0,0.6278109973194073,0.2862754177055805,0,0.0,0.0,0.0,0,-1,confirmation,False,0.6908203125,0.6732080078125,True,0.028844884453362,0.0737518397524875,False,,20000,False,,20000,False,,20000
81019,0.65,1024,0.25,state_rotated,0514_state_rotated_81019,0,3.2419729590183124,,0.0,8,0,0.2,829,0,0,0,0,2.914335439641036e-16,4.440892098500626e-16,5.551115123125783e-17,91104,44.4056213891753,2.595296404203061,1024,0,1.8200420184540491,0.7752543857490094,0,6.938893903907228e-18,2.6020852139652106e-18,2.1684043449710093e-18,0,-1,confirmation,False,0.8052734375,0.7242919921875,True,0.0433648646378665,0.1375484565174481,False,,20000,False,,20000,False,,20000
81019,0.65,1024,0.5,aligned,0515_aligned_81019,0,3.0262093750061467,,1.3877787807814457e-17,8,0,0.2,162,0,0,0,0,2.914335439641036e-16,4.440892098500626e-16,0.0,96655,52.7842883418114,3.1153049983363617,1024,0,2.1429299424643253,0.9723750558720476,0,0.0,0.0,0.0,0,-1,confirmation,False,0.8103515625,0.7635986328125,True,0.0515471565838001,0.1538736756929747,False,,20000,False,,20000,False,,20000
81019,0.65,1024,0.5,state_rotated,0516_state_rotated_81019,0,2.2759338329778984,,0.0,8,0,0.2,761,0,0,0,0,4.996003610813204e-16,4.440892098500626e-16,1.1102230246251563e-16,55880,94.10543310529177,11.853115333154138,1024,0,8.351296033702525,3.501819299451614,0,1.3877787807814457e-17,1.7347234759768068e-17,1.7347234759768068e-17,0,-1,confirmation,False,0.9876953125,0.921767578125,True,0.0918998370168864,0.2815461167638651,True,2400.0,2400,True,3400.0,3400,False,,20000
81019,0.65,1024,1.0,aligned,0517_aligned_81019,0,2.8654884999850765,,1.734723475976807e-18,8,0,0.2,126,0,0,0,0,4.996003610813204e-16,4.440892098500626e-16,0.0,101555,91.61054237357492,10.380137517578444,1024,0,7.210915775546303,3.1692217420321844,0,0.0,0.0,0.0,0,-1,confirmation,False,0.9466796875,0.9064306640625,True,0.0894634202866942,0.3083308761360486,True,4200.0,4200,False,,20000,False,,20000
81019,0.65,1024,1.0,state_rotated,0518_state_rotated_81019,0,2.015726917074062,,0.0,8,0,0.2,630,0,0,0,0,5.134781488891349e-16,4.440892098500626e-16,2.220446049250313e-16,48456,159.56266126177644,39.53836001190616,1024,0,28.046700864445583,11.491659147460576,0,2.7755575615628914e-17,8.326672684688674e-17,1.1102230246251563e-16,0,-1,confirmation,False,0.9974609375,0.96015625,True,0.1558229113884535,0.6234619755183549,True,1200.0,1200,True,1400.0,1400,True,1800.0,1800
81019,0.65,-1,0.0,none,0519_none_81019,0,0.1706596669973805,,0.0,8,0,0.2,-1,0,0,0,0,2.914335439641036e-16,0.0,0.0,1757,0.0,0.0,0,0,0.0,0.0,0,0.0,0.0,0.0,0,4800,confirmation,True,0.0,0.015361328125,False,,0.0,False,,20000,False,,20000,False,,20000
