stage,seed,condition,budget,births,used,budget_exhausted,sum_norm,sum_sq,contrast_sq,common_sq,unreachable_sq,zero_signal_skips,extinct,final_occupancy,auc,row_mean_error,row_norm_error,row_contrast_error,support_error,reached0.9,time0.9,capped0.9,reached0.95,time0.95,capped0.95,reached0.99,time0.99,capped0.99
confirmation,51000,aligned_q,-1,43381,43381,False,7987.57437313752,1470.7209231327606,985.3381152599796,485.38280787392085,0.0,0,False,0.999609375,0.9654833984375,0.0,0.0,0.0,0,True,1200.0,1200,True,1200.0,1200,True,1400.0,1400
confirmation,51000,state_rotated_q,-1,40460,40460,False,7449.742033082362,1371.6919515445363,1066.3879883393206,305.30396320620014,0.0,0,False,0.998828125,0.88185546875,1.3877787807814457e-17,2.4286128663675302e-17,1.7347234759768068e-17,0,True,3200.0,3200,True,3400.0,3400,True,3600.0,3600
confirmation,51000,global_scrambled_q,-1,34170,34170,False,6291.588859872177,1158.4457237835193,772.190359793779,386.25536399050577,290.26568019295064,0,False,0.9943359375,0.6938671875,0.0,0.0,0.0,0,True,8000.0,8000,True,8200.0,8200,True,15600.0,15600
confirmation,51000,isotropic_q,-1,31638,31638,False,5825.381572977393,1072.6047939439493,715.3650974198572,357.2396965247042,268.20433527700504,0,False,0.9953125,0.634599609375,0.0,0.0,0.0,0,True,9400.0,9400,True,9600.0,9600,True,16200.0,16200
confirmation,51001,aligned_q,-1,43370,43370,False,7985.548986030158,1470.347996502336,985.2498851709516,485.0981113325145,0.0,0,False,0.9998046875,0.9648974609375,0.0,0.0,0.0,0,True,1200.0,1200,True,1200.0,1200,True,1400.0,1400
confirmation,51001,state_rotated_q,-1,41220,41220,False,7589.677869591064,1397.4577914647864,1089.8974208760417,307.5603705897652,0.0,0,False,0.999609375,0.8861572265625,1.3877787807814457e-17,2.0816681711721685e-17,2.0816681711721685e-17,0,True,3200.0,3200,True,3200.0,3200,True,4000.0,4000
confirmation,51001,global_scrambled_q,-1,26435,26435,False,4867.373471194787,896.2104977530793,597.4720989680106,298.73839878547176,223.59463714831404,0,False,0.9943359375,0.523037109375,0.0,0.0,0.0,0,True,10800.0,10800,True,11000.0,11000,True,13400.0,13400
confirmation,51001,isotropic_q,-1,28759,28759,False,5295.282529150347,974.9997240355282,650.0880438250474,324.9116802109753,243.63966744215912,0,False,0.993359375,0.5810888671875,0.0,0.0,0.0,0,True,10000.0,10000,True,10400.0,10400,True,12600.0,12600
confirmation,51002,aligned_q,-1,43479,43479,False,8005.618731003116,1474.043360385635,986.4758961534992,487.56746423326973,0.0,0,False,0.9990234375,0.9645068359375,0.0,0.0,0.0,0,True,1200.0,1200,True,1200.0,1200,True,1600.0,1600
confirmation,51002,state_rotated_q,-1,40981,40981,False,7545.671731531091,1389.3551128582867,1083.4577717238246,305.8973411354731,0.0,0,False,1.0,0.890458984375,1.3877787807814457e-17,2.0816681711721685e-17,1.7347234759768068e-17,0,True,3200.0,3200,True,3200.0,3200,True,3400.0,3400
confirmation,51002,global_scrambled_q,-1,788,788,False,145.09136732753345,26.715107706818525,17.816345281409475,8.8987624254088,6.671653337995046,0,True,0.0,0.010576171875,0.0,0.0,0.0,0,False,,20000,False,,20000,False,,20000
confirmation,51002,isotropic_q,-1,35211,35211,False,6483.264130668966,1193.7381439900723,795.7718559623374,397.96628802849824,298.4622529219351,0,False,0.996875,0.7357958984375,0.0,0.0,0.0,0,True,6400.0,6400,True,6400.0,6400,True,6600.0,6600
confirmation,51003,aligned_q,-1,42554,42554,False,7835.302087883972,1442.6836210090148,966.086378776064,476.5972422340306,0.0,0,False,0.9990234375,0.959951171875,0.0,0.0,0.0,0,True,1400.0,1400,True,1400.0,1400,True,1600.0,1600
confirmation,51003,state_rotated_q,-1,41685,41685,False,7675.29650640231,1413.2224172054655,1103.2934383065783,309.9289788999362,0.0,0,False,0.998828125,0.9067822265625,1.3877787807814457e-17,2.7755575615628914e-17,1.7347234759768068e-17,0,True,2800.0,2800,True,3000.0,3000,True,3200.0,3200
confirmation,51003,global_scrambled_q,-1,38224,38224,False,7038.036071985704,1295.8861383054848,864.1597877992256,431.7263505072098,322.85791309975696,0,False,0.9962890625,0.781728515625,0.0,0.0,0.0,0,True,5800.0,5800,True,6000.0,6000,True,12400.0,12400
confirmation,51003,isotropic_q,-1,35539,35539,False,6543.657491688511,1204.858138060917,803.0428515427282,401.8152865189778,301.16892761746425,0,False,0.9974609375,0.7002587890625,0.0,0.0,0.0,0,True,7400.0,7400,True,7600.0,7600,True,12600.0,12600
confirmation,51004,aligned_q,-1,43467,43467,False,8003.409217795084,1473.6365313342626,986.9897177305448,486.6468136048428,0.0,0,False,0.999609375,0.9661376953125,0.0,0.0,0.0,0,True,1200.0,1200,True,1200.0,1200,True,1400.0,1400
confirmation,51004,state_rotated_q,-1,43092,43092,False,7934.36193004408,1460.923123478876,1137.4824000080885,323.4407234718784,0.0,0,False,0.99921875,0.9044287109375,1.3877787807814457e-17,2.0816681711721685e-17,2.0816681711721685e-17,0,True,3000.0,3000,True,3200.0,3200,True,3400.0,3400
confirmation,51004,global_scrambled_q,-1,33997,33997,False,6259.73504445638,1152.5806049595676,768.5023775130031,384.07822744733454,289.1164422891151,0,False,0.9974609375,0.7092724609375,0.0,0.0,0.0,0,True,7400.0,7400,True,7600.0,7600,True,8400.0,8400
confirmation,51004,isotropic_q,-1,19418,19418,False,3575.3606227979876,658.3172099630862,438.46076071868816,219.85644924450713,164.36519597306008,0,False,0.992578125,0.3744287109375,0.0,0.0,0.0,0,True,14400.0,14400,True,14600.0,14600,True,18800.0,18800
confirmation,51005,aligned_q,-1,42917,42917,False,7902.139862426944,1454.990199813029,974.5067846455324,480.4834151685981,0.0,0,False,0.99921875,0.965185546875,0.0,0.0,0.0,0,True,1200.0,1200,True,1400.0,1400,True,1400.0,1400
confirmation,51005,state_rotated_q,-1,42469,42469,False,7819.651369327077,1439.8019152284603,1121.7454887118445,318.05642651767835,0.0,0,False,0.9990234375,0.9097705078125,1.3877787807814457e-17,2.0816681711721685e-17,2.0816681711721685e-17,0,True,2800.0,2800,True,2800.0,2800,True,3000.0,3000
confirmation,51005,global_scrambled_q,-1,31827,31827,False,5860.1814060039,1079.012351503064,719.4533835934916,359.5589679102336,270.1942888352961,0,False,0.99453125,0.6755712890625,0.0,0.0,0.0,0,True,8200.0,8200,True,8400.0,8400,True,11800.0,11800
confirmation,51005,isotropic_q,-1,34758,34758,False,6399.855007065752,1178.3803473007654,785.6386581654006,392.7416891361124,294.6600679296251,0,False,0.9939453125,0.7005029296875,0.0,0.0,0.0,0,True,7400.0,7400,True,7600.0,7600,True,13000.0,13000
confirmation,51006,aligned_q,-1,42905,42905,False,7899.930349218912,1454.5833707616566,974.331455686822,480.25191507593973,0.0,0,False,0.9986328125,0.960439453125,0.0,0.0,0.0,0,True,1400.0,1400,True,1400.0,1400,True,1600.0,1600
confirmation,51006,state_rotated_q,-1,41690,41690,False,7676.217136905657,1413.3919293102042,1099.4771501688588,313.9147791423906,0.0,0,False,0.99921875,0.908525390625,1.3877787807814457e-17,2.0816681711721685e-17,2.0816681711721685e-17,0,True,2800.0,2800,True,2800.0,2800,True,3000.0,3000
confirmation,51006,global_scrambled_q,-1,36441,36441,False,6709.739234492261,1235.4381217557402,823.8816013831295,411.5565203734817,307.42336081186266,0,False,0.9931640625,0.69044921875,0.0,0.0,0.0,0,True,8000.0,8000,True,8400.0,8400,True,17400.0,17400
confirmation,51006,isotropic_q,-1,24860,24860,False,4577.374862640568,842.8141847604558,562.2019481513819,280.6122366094084,210.70676392392275,0,False,0.9900390625,0.49484375,0.0,0.0,0.0,0,True,12000.0,12000,True,12400.0,12400,True,18600.0,18600
confirmation,51007,aligned_q,-1,43238,43238,False,7961.244340741804,1465.87287693724,981.7758424813368,484.097034457027,0.0,0,False,0.9984375,0.9636962890625,0.0,0.0,0.0,0,True,1200.0,1200,True,1200.0,1200,True,1400.0,1400
confirmation,51007,state_rotated_q,-1,41288,41288,False,7602.19844443658,1399.7631560892298,1090.5758018550664,309.1873542351951,0.0,0,False,0.9986328125,0.897861328125,1.3877787807814457e-17,2.0816681711721685e-17,2.0816681711721685e-17,0,True,3000.0,3000,True,3000.0,3000,True,3600.0,3600
confirmation,51007,global_scrambled_q,-1,31868,31868,False,5867.730576131343,1080.4023507619197,720.4276338581767,359.9747169043957,270.0180275097796,0,False,0.9939453125,0.66060546875,0.0,0.0,0.0,0,True,8800.0,8800,True,9000.0,9000,True,11200.0,11200
confirmation,51007,isotropic_q,-1,35619,35619,False,6558.387579742059,1207.570331736733,805.0751711501665,402.4951605873435,301.99843466219886,0,False,0.9939453125,0.6970751953125,0.0,0.0,0.0,0,True,8000.0,8000,True,8200.0,8200,True,16400.0,16400
confirmation,51008,aligned_q,-1,42935,42935,False,7905.454132238992,1455.6004433900875,974.5526802154408,481.04776317574994,0.0,0,False,0.998828125,0.963212890625,0.0,0.0,0.0,0,True,1200.0,1200,True,1200.0,1200,True,1600.0,1600
confirmation,51008,state_rotated_q,-1,41122,41122,False,7571.633511725468,1394.135354211912,1081.5753927536437,312.5599614592872,0.0,0,False,0.99921875,0.8954443359375,1.3877787807814457e-17,2.4286128663675302e-17,2.0816681711721685e-17,0,True,3000.0,3000,True,3000.0,3000,True,3400.0,3400
confirmation,51008,global_scrambled_q,-1,20112,20112,False,3703.1441366625136,681.8454901007882,454.43736661403574,227.4081234868766,170.94727711258116,0,False,0.9931640625,0.402529296875,0.0,0.0,0.0,0,True,14000.0,14000,True,14200.0,14200,True,17200.0,17200
confirmation,51008,isotropic_q,-1,35771,35771,False,6586.374747043799,1212.723499720783,808.2560522326792,404.4674474888871,303.1373800978747,0,False,0.9982421875,0.7201220703125,0.0,0.0,0.0,0,True,7200.0,7200,True,7600.0,7600,True,10800.0,10800
confirmation,51009,aligned_q,-1,43156,43156,False,7946.146000486918,1463.0928784195287,980.2434699873036,482.8494084333415,0.0,0,False,0.99921875,0.9629443359375,0.0,0.0,0.0,0,True,1200.0,1200,True,1400.0,1400,True,1600.0,1600
confirmation,51009,state_rotated_q,-1,42518,42518,False,7828.673548259875,1441.4631338548977,1126.418129531019,315.04500432495485,0.0,0,False,0.999609375,0.9008984375,1.3877787807814457e-17,2.7755575615628914e-17,2.0816681711721685e-17,0,True,3000.0,3000,True,3200.0,3200,True,4400.0,4400
confirmation,51009,global_scrambled_q,-1,818,818,False,150.61515034761723,27.732180335250728,18.51809065385228,9.214089681398155,6.977847235844465,0,True,0.0,0.010576171875,0.0,0.0,0.0,0,False,,20000,False,,20000,False,,20000
confirmation,51009,isotropic_q,-1,31935,31935,False,5880.067024876189,1082.6738129654154,721.9138359527259,360.7599770133144,270.55047105373103,0,False,0.997265625,0.633505859375,0.0,0.0,0.0,0,True,9600.0,9600,True,9800.0,9800,True,14400.0,14400
confirmation,51010,aligned_q,-1,43769,43769,False,8059.015300197227,1483.8750624604672,994.3683423278434,489.5067201337798,0.0,0,False,0.9984375,0.9646484375,0.0,0.0,0.0,0,True,1200.0,1200,True,1200.0,1200,True,1600.0,1600
confirmation,51010,state_rotated_q,-1,43049,43049,False,7926.444507715298,1459.465319378125,1133.0811570376006,326.384162341629,0.0,0,False,0.99921875,0.900849609375,1.3877787807814457e-17,2.0816681711721685e-17,1.7347234759768068e-17,0,True,2800.0,2800,True,3000.0,3000,True,3800.0,3800
confirmation,51010,global_scrambled_q,-1,38705,38705,False,7126.60072640766,1312.1932027813273,874.7665368038492,437.426665978446,329.1131112937004,0,False,0.998046875,0.7633154296875,0.0,0.0,0.0,0,True,6000.0,6000,True,6200.0,6200,True,9200.0,9200
confirmation,51010,isotropic_q,-1,23040,23040,False,4242.265359422358,781.1117786356464,520.8023699018022,260.30940873410407,195.215141780414,0,False,0.9958984375,0.43736328125,0.0,0.0,0.0,0,True,13200.0,13200,True,13400.0,13400,True,16800.0,16800
confirmation,51011,aligned_q,-1,42976,42976,False,7913.0033023664355,1456.9904426489431,975.9444798057648,481.04596284428226,0.0,0,False,0.9986328125,0.9604931640625,0.0,0.0,0.0,0,True,1200.0,1200,True,1400.0,1400,True,1600.0,1600
confirmation,51011,state_rotated_q,-1,41705,41705,False,7678.979028415697,1413.9004656244197,1097.4639540527178,316.4365115727423,0.0,0,False,0.998828125,0.8958056640625,1.3877787807814457e-17,2.0816681711721685e-17,1.7347234759768068e-17,0,True,3000.0,3000,True,3200.0,3200,True,3400.0,3400
confirmation,51011,global_scrambled_q,-1,32405,32405,False,5966.6062921907815,1098.6079508108332,732.5774844323658,366.0304663791519,274.1914850420336,0,False,0.994140625,0.5925390625,0.0,0.0,0.0,0,True,9800.0,9800,True,10000.0,10000,True,16000.0,16000
confirmation,51011,isotropic_q,-1,36395,36395,False,6701.269433861471,1233.878610392146,822.7431901448372,411.1354202481264,308.57698032175904,0,False,0.99609375,0.7137109375,0.0,0.0,0.0,0,True,7200.0,7200,True,7400.0,7400,True,10400.0,10400
confirmation,51012,aligned_q,-1,43032,43032,False,7923.314364003919,1458.8889782220142,977.2647275698804,481.6242506532516,0.0,0,False,0.9994140625,0.9639306640625,0.0,0.0,0.0,0,True,1200.0,1200,True,1400.0,1400,True,1400.0,1400
confirmation,51012,state_rotated_q,-1,42353,42353,False,7798.292741649433,1435.8692343985276,1105.1475768426872,330.7216575569114,0.0,0,False,0.99921875,0.89611328125,1.3877787807814457e-17,2.0816681711721685e-17,1.7347234759768068e-17,0,True,3000.0,3000,True,3000.0,3000,True,3800.0,3800
confirmation,51012,global_scrambled_q,-1,37345,37345,False,6876.1892294973495,1266.0859102924587,843.9811144087785,422.104795884596,316.3181932361476,0,False,0.996484375,0.794013671875,0.0,0.0,0.0,0,True,5400.0,5400,True,5600.0,5600,True,8200.0,8200
confirmation,51012,isotropic_q,-1,32580,32580,False,5998.828359807917,1104.5408744766803,736.480675912489,368.06019856484113,276.20067666710315,0,False,0.9939453125,0.628603515625,0.0,0.0,0.0,0,True,9200.0,9200,True,9400.0,9400,True,14000.0,14000
confirmation,51013,aligned_q,-1,42641,42641,False,7851.321058642205,1445.6331316314645,968.1374962823478,477.4956353502105,0.0,0,False,0.9994140625,0.9627783203125,0.0,0.0,0.0,0,True,1200.0,1200,True,1400.0,1400,True,1600.0,1600
confirmation,51013,state_rotated_q,-1,41655,41655,False,7669.77272338223,1412.2053445770348,1098.9502772737212,313.2550673043538,0.0,0,False,0.999609375,0.90318359375,1.3877787807814457e-17,2.0816681711721685e-17,2.0816681711721685e-17,0,True,2800.0,2800,True,3000.0,3000,True,3600.0,3600
confirmation,51013,global_scrambled_q,-1,34356,34356,False,6325.836314596675,1164.751574079791,776.1569472585298,388.5946268220228,291.6311823850572,0,False,0.995703125,0.7091748046875,0.0,0.0,0.0,0,True,7800.0,7800,True,7800.0,7800,True,13800.0,13800
confirmation,51013,isotropic_q,-1,40031,40031,False,7370.751935895212,1357.147812957974,904.6801131012464,452.46769985769583,339.14188613604506,0,False,0.9984375,0.8142236328125,0.0,0.0,0.0,0,True,5000.0,5000,True,5000.0,5000,True,6600.0,6600
confirmation,51014,aligned_q,-1,43029,43029,False,7922.761985701911,1458.787270959171,976.6742886006296,482.1129823596629,0.0,0,False,0.9986328125,0.963974609375,0.0,0.0,0.0,0,True,1200.0,1200,True,1200.0,1200,True,1600.0,1600
confirmation,51014,state_rotated_q,-1,42069,42069,False,7746.000929059339,1426.2409468493815,1101.6409815633942,324.5999652870446,0.0,0,False,0.99921875,0.9024755859375,1.3877787807814457e-17,2.7755575615628914e-17,2.0816681711721685e-17,0,True,3000.0,3000,True,3000.0,3000,True,3600.0,3600
confirmation,51014,global_scrambled_q,-1,35730,35730,False,6578.825576916356,1211.333500461927,807.6145404196224,403.71896004314607,302.46495071323204,0,False,0.998046875,0.7762646484375,0.0,0.0,0.0,0,True,5800.0,5800,True,6000.0,6000,True,9600.0,9600
confirmation,51014,isotropic_q,-1,31667,31667,False,5830.721229896804,1073.5879641514323,715.8213962437907,357.76656790825933,268.82404443489986,0,False,0.99609375,0.673818359375,0.0,0.0,0.0,0,True,8000.0,8000,True,8200.0,8200,True,12600.0,12600
confirmation,51015,aligned_q,-1,43084,43084,False,7932.888921238725,1460.6519041112945,978.1875312173524,482.46437289506594,0.0,0,False,0.998828125,0.96642578125,0.0,0.0,0.0,0,True,1200.0,1200,True,1200.0,1200,True,1400.0,1400
confirmation,51015,state_rotated_q,-1,43142,43142,False,7943.568235077547,1462.618244526261,1130.1847577579774,332.43348676938876,0.0,0,False,0.999609375,0.9233837890625,1.3877787807814457e-17,2.0816681711721685e-17,2.0816681711721685e-17,0,True,2400.0,2400,True,2600.0,2600,True,3000.0,3000
confirmation,51015,global_scrambled_q,-1,37640,37640,False,6930.5064291948065,1276.0871244720297,850.3506372968933,425.7364871760595,319.7576190880092,0,False,0.9966796875,0.74025390625,0.0,0.0,0.0,0,True,6800.0,6800,True,7000.0,7000,True,12000.0,12000
confirmation,51015,isotropic_q,-1,1121,1121,False,206.40535885046344,38.004613882415974,25.34212418232188,12.662489700093408,9.474747320016514,0,True,0.0,0.0147802734375,0.0,0.0,0.0,0,False,,20000,False,,20000,False,,20000
confirmation,51016,aligned_q,-1,42903,42903,False,7899.562097017573,1454.5155659197612,974.1265673174948,480.3889986033706,0.0,0,False,0.99921875,0.964638671875,0.0,0.0,0.0,0,True,1200.0,1200,True,1200.0,1200,True,1400.0,1400
confirmation,51016,state_rotated_q,-1,40723,40723,False,7498.1671975584,1380.6082882537808,1073.8346014816616,306.7736867731128,0.0,0,False,0.9984375,0.8991943359375,1.3877787807814457e-17,2.0816681711721685e-17,2.0816681711721685e-17,0,True,3000.0,3000,True,3200.0,3200,True,3400.0,3400
confirmation,51016,global_scrambled_q,-1,29737,29737,False,5475.357855604967,1008.1562917223764,672.0209286568556,336.1353630660716,252.5242787196813,0,False,0.9923828125,0.6096630859375,0.0,0.0,0.0,0,True,10000.0,10000,True,10200.0,10200,True,15600.0,15600
confirmation,51016,isotropic_q,-1,35515,35515,False,6539.238465272447,1204.0444799581724,802.7745763456007,401.2699036133526,300.99562402912824,0,False,0.99609375,0.7475390625,0.0,0.0,0.0,0,True,6200.0,6200,True,6400.0,6400,True,8600.0,8600
confirmation,51017,aligned_q,-1,43085,43085,False,7933.073047339394,1460.6858065322422,978.894953641281,481.790852892067,0.0,0,False,0.9986328125,0.962978515625,0.0,0.0,0.0,0,True,1200.0,1200,True,1400.0,1400,True,1400.0,1400
confirmation,51017,state_rotated_q,-1,40949,40949,False,7539.779696309672,1388.2702353879604,1080.339007064163,307.9312283248008,0.0,0,False,0.99921875,0.8917041015625,1.3877787807814457e-17,2.0816681711721685e-17,2.0816681711721685e-17,0,True,3000.0,3000,True,3200.0,3200,True,3600.0,3600
confirmation,51017,global_scrambled_q,-1,31161,31161,False,5737.553422958115,1056.4333391518976,704.5156975350128,351.9176416175022,263.6208745746829,0,False,0.9916015625,0.607431640625,0.0,0.0,0.0,0,True,10600.0,10600,True,10800.0,10800,True,16400.0,16400
confirmation,51017,isotropic_q,-1,34839,34839,False,6414.769221219969,1181.1264433975289,787.5899455411413,393.5364978571292,295.3193633523,0,False,0.99765625,0.730966796875,0.0,0.0,0.0,0,True,7400.0,7400,True,7600.0,7600,True,11200.0,11200
confirmation,51018,aligned_q,-1,43085,43085,False,7933.073047339394,1460.6858065322422,978.3659443984982,482.3198621348574,0.0,0,False,0.998828125,0.9659033203125,0.0,0.0,0.0,0,True,1200.0,1200,True,1200.0,1200,True,1400.0,1400
confirmation,51018,state_rotated_q,-1,40971,40971,False,7543.830470524397,1389.0160886488095,1081.158120600389,307.8579680494243,0.0,0,False,0.9990234375,0.9009326171875,1.3877787807814457e-17,2.0816681711721685e-17,2.0816681711721685e-17,0,True,3000.0,3000,True,3000.0,3000,True,3600.0,3600
confirmation,51018,global_scrambled_q,-1,32702,32702,False,6021.291744089577,1108.6769698322994,739.117142299932,369.5598275330577,278.8126658627848,0,False,0.996875,0.659345703125,0.0,0.0,0.0,0,True,8600.0,8600,True,9000.0,9000,True,10800.0,10800
confirmation,51018,isotropic_q,-1,35596,35596,False,6554.152679426664,1206.790576054936,804.771701005447,402.0188750502674,301.53877736512925,0,False,0.995703125,0.751181640625,0.0,0.0,0.0,0,True,6200.0,6200,True,6400.0,6400,True,8600.0,8600
confirmation,51019,aligned_q,-1,43469,43469,False,8003.777469996423,1473.704336176158,987.002430265334,486.7019059119561,0.0,0,False,0.99921875,0.963466796875,0.0,0.0,0.0,0,True,1200.0,1200,True,1400.0,1400,True,1400.0,1400
confirmation,51019,state_rotated_q,-1,42544,42544,False,7833.460826877278,1442.3445967995378,1117.4534422514223,324.89115454919136,0.0,0,False,0.99921875,0.9095947265625,1.3877787807814457e-17,2.0816681711721685e-17,2.0816681711721685e-17,0,True,2600.0,2600,True,2800.0,2800,True,3200.0,3200
confirmation,51019,global_scrambled_q,-1,32463,32463,False,5977.2856060296035,1100.5742912257997,733.8335158031664,366.7407754233068,275.6229914018999,0,False,0.9921875,0.6563818359375,0.0,0.0,0.0,0,True,9000.0,9000,True,9200.0,9200,True,17600.0,17600
confirmation,51019,isotropic_q,-1,37575,37575,False,6918.538232651299,1273.8834671104291,849.3420162551691,424.5414508561204,318.5483856796558,0,False,0.9966796875,0.7343798828125,0.0,0.0,0.0,0,True,6400.0,6400,True,6600.0,6600,True,8000.0,8000
confirmation,51000,none,0,994,0,False,0.0,0.0,0.0,0.0,0.0,0,True,0.0,0.0139990234375,0.0,0.0,0.0,0,False,,20000,False,,20000,False,,20000
confirmation,51001,none,0,1008,0,False,0.0,0.0,0.0,0.0,0.0,0,True,0.0,0.0138330078125,0.0,0.0,0.0,0,False,,20000,False,,20000,False,,20000
confirmation,51002,none,0,900,0,False,0.0,0.0,0.0,0.0,0.0,0,True,0.0,0.012275390625,0.0,0.0,0.0,0,False,,20000,False,,20000,False,,20000
confirmation,51003,none,0,919,0,False,0.0,0.0,0.0,0.0,0.0,0,True,0.0,0.0125341796875,0.0,0.0,0.0,0,False,,20000,False,,20000,False,,20000
confirmation,51004,none,0,1180,0,False,0.0,0.0,0.0,0.0,0.0,0,True,0.0,0.0168994140625,0.0,0.0,0.0,0,False,,20000,False,,20000,False,,20000
confirmation,51005,none,0,922,0,False,0.0,0.0,0.0,0.0,0.0,0,True,0.0,0.0125048828125,0.0,0.0,0.0,0,False,,20000,False,,20000,False,,20000
confirmation,51006,none,0,742,0,False,0.0,0.0,0.0,0.0,0.0,0,True,0.0,0.01013671875,0.0,0.0,0.0,0,False,,20000,False,,20000,False,,20000
confirmation,51007,none,0,1063,0,False,0.0,0.0,0.0,0.0,0.0,0,True,0.0,0.0146484375,0.0,0.0,0.0,0,False,,20000,False,,20000,False,,20000
confirmation,51008,none,0,1190,0,False,0.0,0.0,0.0,0.0,0.0,0,True,0.0,0.0169873046875,0.0,0.0,0.0,0,False,,20000,False,,20000,False,,20000
confirmation,51009,none,0,980,0,False,0.0,0.0,0.0,0.0,0.0,0,True,0.0,0.0135546875,0.0,0.0,0.0,0,False,,20000,False,,20000,False,,20000
confirmation,51010,none,0,1160,0,False,0.0,0.0,0.0,0.0,0.0,0,True,0.0,0.016396484375,0.0,0.0,0.0,0,False,,20000,False,,20000,False,,20000
confirmation,51011,none,0,796,0,False,0.0,0.0,0.0,0.0,0.0,0,True,0.0,0.010869140625,0.0,0.0,0.0,0,False,,20000,False,,20000,False,,20000
confirmation,51012,none,0,972,0,False,0.0,0.0,0.0,0.0,0.0,0,True,0.0,0.0135400390625,0.0,0.0,0.0,0,False,,20000,False,,20000,False,,20000
confirmation,51013,none,0,769,0,False,0.0,0.0,0.0,0.0,0.0,0,True,0.0,0.0103125,0.0,0.0,0.0,0,False,,20000,False,,20000,False,,20000
confirmation,51014,none,0,924,0,False,0.0,0.0,0.0,0.0,0.0,0,True,0.0,0.0123876953125,0.0,0.0,0.0,0,False,,20000,False,,20000,False,,20000
confirmation,51015,none,0,1246,0,False,0.0,0.0,0.0,0.0,0.0,0,True,0.0,0.0170361328125,0.0,0.0,0.0,0,False,,20000,False,,20000,False,,20000
confirmation,51016,none,0,1018,0,False,0.0,0.0,0.0,0.0,0.0,0,True,0.0,0.0138232421875,0.0,0.0,0.0,0,False,,20000,False,,20000,False,,20000
confirmation,51017,none,0,946,0,False,0.0,0.0,0.0,0.0,0.0,0,True,0.0,0.01326171875,0.0,0.0,0.0,0,False,,20000,False,,20000,False,,20000
confirmation,51018,none,0,1151,0,False,0.0,0.0,0.0,0.0,0.0,0,True,0.0,0.01548828125,0.0,0.0,0.0,0,False,,20000,False,,20000,False,,20000
confirmation,51019,none,0,953,0,False,0.0,0.0,0.0,0.0,0.0,0,True,0.0,0.0126708984375,0.0,0.0,0.0,0,False,,20000,False,,20000,False,,20000
budgets,52000,aligned_q,128,1160,128,True,23.568140885690394,4.339509881310576,3.095714833491569,1.2437950478190096,0.0,0,True,0.0,0.0158056640625,0.0,0.0,0.0,0,False,,20000,False,,20000,False,,20000
budgets,52000,state_rotated_q,128,988,128,True,23.568140885690394,4.339509881310576,3.095714833491569,1.2437950478190096,0.0,0,True,0.0,0.0133837890625,1.3877787807814457e-17,1.0408340855860844e-17,6.938893903907228e-18,0,False,,20000,False,,20000,False,,20000
budgets,52000,global_scrambled_q,128,864,128,True,23.568140885690394,4.339509881310577,2.889883028273767,1.4496268530368217,1.156875570073983,0,True,0.0,0.0117431640625,0.0,0.0,0.0,0,False,,20000,False,,20000,False,,20000
budgets,52000,isotropic_q,128,1007,128,True,23.568140885690397,4.339509881310576,2.8824270707412727,1.4570828105693074,1.0787915549439522,0,True,0.0,0.0136181640625,0.0,0.0,0.0,0,False,,20000,False,,20000,False,,20000
budgets,52000,aligned_q,256,58011,256,True,47.13628177138104,8.679019762621177,6.234176497271527,2.4448432653496366,0.0,0,False,0.85546875,0.614501953125,0.0,0.0,0.0,0,False,,20000,False,,20000,False,,20000
budgets,52000,state_rotated_q,256,1100,256,True,47.13628177138104,8.679019762621177,6.227009455529261,2.452010307091892,0.0,0,True,0.0,0.0150732421875,1.3877787807814457e-17,1.0408340855860844e-17,6.938893903907228e-18,0,False,,20000,False,,20000,False,,20000
budgets,52000,global_scrambled_q,256,932,256,True,47.13628177138104,8.679019762621177,5.786030263425168,2.89298949919602,2.313895045463165,0,True,0.0,0.0125634765625,0.0,0.0,0.0,0,False,,20000,False,,20000,False,,20000
budgets,52000,isotropic_q,256,1359,256,True,47.13628177138104,8.679019762621177,5.77156090062884,2.9074588619923194,2.1880268235205818,0,True,0.0,0.0179638671875,0.0,0.0,0.0,0,False,,20000,False,,20000,False,,20000
budgets,52000,aligned_q,512,56466,512,True,94.27256354276264,17.35803952524226,12.01094721089001,5.34709231435233,0.0,0,False,0.9974609375,0.9431640625,0.0,0.0,0.0,0,True,1800.0,1800,True,2200.0,2200,True,6800.0,6800
budgets,52000,state_rotated_q,512,72766,512,True,94.27256354276264,17.35803952524226,12.264446860004186,5.09359266523813,0.0,0,False,0.9501953125,0.84404296875,1.3877787807814457e-17,1.7347234759768068e-17,1.7347234759768068e-17,0,True,3400.0,3400,True,6000.0,6000,False,,20000
budgets,52000,global_scrambled_q,512,36317,512,True,94.27256354276264,17.35803952524226,11.5784404928798,5.779599032362566,4.408586239797752,0,False,0.827734375,0.456865234375,0.0,0.0,0.0,0,False,,20000,False,,20000,False,,20000
budgets,52000,isotropic_q,512,1219,512,True,94.27256354276264,17.35803952524226,11.55405713763466,5.803982387607659,4.363072054935756,0,True,0.0,0.0164306640625,0.0,0.0,0.0,0,False,,20000,False,,20000,False,,20000
budgets,52000,aligned_q,1024,48383,1024,True,188.54512708552588,34.716079050485185,23.55941991139941,11.156659139085082,0.0,0,False,0.9978515625,0.9585498046875,0.0,0.0,0.0,0,True,1400.0,1400,True,1600.0,1600,True,2800.0,2800
budgets,52000,state_rotated_q,1024,50153,1024,True,188.54512708552588,34.716079050485185,25.025080905007982,9.690998145476607,0.0,0,False,0.9955078125,0.888642578125,1.3877787807814457e-17,2.0816681711721685e-17,1.7347234759768068e-17,0,True,3000.0,3000,True,3000.0,3000,True,7400.0,7400
budgets,52000,global_scrambled_q,1024,1609,1024,True,188.54512708552588,34.716079050485185,23.151803571830115,11.564275478654473,8.915368532621072,0,True,0.0,0.0206005859375,0.0,0.0,0.0,0,False,,20000,False,,20000,False,,20000
budgets,52000,isotropic_q,1024,37883,1024,True,188.54512708552588,34.716079050485185,23.13734737191202,11.578731678572607,8.7066169021483,0,False,0.9814453125,0.6859716796875,0.0,0.0,0.0,0,True,7800.0,7800,True,8000.0,8000,False,,20000
budgets,52000,aligned_q,2048,44818,2048,True,377.0902541710523,69.43215810097104,46.712774286447576,22.719383814521013,0.0,0,False,0.998828125,0.962197265625,0.0,0.0,0.0,0,True,1200.0,1200,True,1400.0,1400,True,1800.0,1800
budgets,52000,state_rotated_q,2048,42363,2048,True,377.0902541710523,69.43215810097104,50.937132212015186,18.49502588895385,0.0,0,False,0.99921875,0.89001953125,1.3877787807814457e-17,2.0816681711721685e-17,1.7347234759768068e-17,0,True,3000.0,3000,True,3200.0,3200,True,3400.0,3400
budgets,52000,global_scrambled_q,2048,22085,2048,True,377.0902541710523,69.43215810097104,46.30653296264275,23.125625138325873,17.381660645786866,0,False,0.9951171875,0.4327001953125,0.0,0.0,0.0,0,True,13000.0,13000,True,13000.0,13000,True,16000.0,16000
budgets,52000,isotropic_q,2048,33054,2048,True,377.0902541710523,69.43215810097104,46.29691134037684,23.135246760592445,17.340646461155135,0,False,0.9939453125,0.6667724609375,0.0,0.0,0.0,0,True,8200.0,8200,True,8400.0,8400,True,10800.0,10800
budgets,52001,aligned_q,128,1072,128,True,23.568140885690394,4.339509881310576,3.1083019445671662,1.2312079367434132,0.0,0,True,0.0,0.0143115234375,0.0,0.0,0.0,0,False,,20000,False,,20000,False,,20000
budgets,52001,state_rotated_q,128,862,128,True,23.568140885690394,4.339509881310576,3.108301944567166,1.2312079367434132,0.0,0,True,0.0,0.0125048828125,1.3877787807814457e-17,1.3877787807814457e-17,1.0408340855860844e-17,0,False,,20000,False,,20000,False,,20000
budgets,52001,global_scrambled_q,128,26040,128,True,23.568140885690394,4.339509881310577,2.9110741087607694,1.428435772549818,1.2254570994837388,0,False,0.8064453125,0.3715576171875,0.0,0.0,0.0,0,False,,20000,False,,20000,False,,20000
budgets,52001,isotropic_q,128,1026,128,True,23.568140885690397,4.339509881310577,2.8962415642056936,1.443268317104885,1.073242607405408,0,True,0.0,0.0143212890625,0.0,0.0,0.0,0,False,,20000,False,,20000,False,,20000
budgets,52001,aligned_q,256,47381,256,True,47.13628177138104,8.679019762621177,6.1445789185960935,2.534440844025071,0.0,0,False,0.762890625,0.5131396484375,0.0,0.0,0.0,0,False,,20000,False,,20000,False,,20000
budgets,52001,state_rotated_q,256,1029,256,True,47.13628177138104,8.679019762621177,6.166814204564392,2.5122055580567646,0.0,0,True,0.0,0.0144482421875,1.3877787807814457e-17,1.3877787807814457e-17,1.0408340855860844e-17,0,False,,20000,False,,20000,False,,20000
budgets,52001,global_scrambled_q,256,1001,256,True,47.13628177138104,8.679019762621177,5.8113904617015235,2.867629300919666,2.27190736434098,0,True,0.0,0.0140283203125,0.0,0.0,0.0,0,False,,20000,False,,20000,False,,20000
budgets,52001,isotropic_q,256,903,256,True,47.13628177138104,8.679019762621177,5.784751980590596,2.8942677820305605,2.1683774466165024,0,True,0.0,0.0122607421875,0.0,0.0,0.0,0,False,,20000,False,,20000,False,,20000
budgets,52001,aligned_q,512,59658,512,True,94.27256354276264,17.35803952524226,11.921408028966177,5.436631496276164,0.0,0,False,0.9923828125,0.933447265625,0.0,0.0,0.0,0,True,2000.0,2000,True,2200.0,2200,True,16400.0,16400
budgets,52001,state_rotated_q,512,52432,512,True,94.27256354276264,17.35803952524226,12.222551507663503,5.13548801757881,0.0,0,False,0.9892578125,0.852607421875,1.3877787807814457e-17,1.3877787807814457e-17,1.0408340855860844e-17,0,True,4400.0,4400,True,6000.0,6000,False,,20000
budgets,52001,global_scrambled_q,512,27612,512,True,94.27256354276264,17.35803952524226,11.558269447508886,5.799770077733468,4.3821481335649235,0,False,0.9001953125,0.4856494140625,0.0,0.0,0.0,0,True,16200.0,16200,False,,20000,False,,20000
budgets,52001,isotropic_q,512,831,512,True,94.27256354276264,17.35803952524226,11.573077699695808,5.784961825546515,4.330365190903295,0,True,0.0,0.0117431640625,0.0,0.0,0.0,0,False,,20000,False,,20000,False,,20000
budgets,52001,aligned_q,1024,49550,1024,True,188.54512708552588,34.716079050485185,23.391567758986582,11.32451129149791,0.0,0,False,0.996875,0.96001953125,0.0,0.0,0.0,0,True,1400.0,1400,True,1400.0,1400,True,2600.0,2600
budgets,52001,state_rotated_q,1024,47446,1024,True,188.54512708552588,34.716079050485185,25.04480521898239,9.671273831502225,0.0,0,False,0.9982421875,0.911474609375,1.3877787807814457e-17,1.7347234759768068e-17,1.7347234759768068e-17,0,True,2600.0,2600,True,2600.0,2600,True,2800.0,2800
budgets,52001,global_scrambled_q,1024,37598,1024,True,188.54512708552588,34.716079050485185,23.127637971099233,11.588441079385351,8.50289063670908,0,False,0.9421875,0.6080615234375,0.0,0.0,0.0,0,True,9800.0,9800,True,13400.0,13400,False,,20000
budgets,52001,isotropic_q,1024,30576,1024,True,188.54512708552588,34.716079050485185,23.127334671701277,11.58874437878338,8.685353210727737,0,False,0.9650390625,0.5924267578125,0.0,0.0,0.0,0,True,10000.0,10000,True,10600.0,10600,False,,20000
budgets,52001,aligned_q,2048,45705,2048,True,377.0902541710523,69.43215810097104,46.47967237920749,22.952485721761132,0.0,0,False,0.998828125,0.963544921875,0.0,0.0,0.0,0,True,1200.0,1200,True,1400.0,1400,True,1600.0,1600
budgets,52001,state_rotated_q,2048,43742,2048,True,377.0902541710523,69.43215810097104,51.04801518087289,18.38414292009625,0.0,0,False,0.9990234375,0.911826171875,1.3877787807814457e-17,1.7347234759768068e-17,1.7347234759768068e-17,0,True,2600.0,2600,True,2600.0,2600,True,2800.0,2800
budgets,52001,global_scrambled_q,2048,35384,2048,True,377.0902541710523,69.43215810097104,46.283164483102205,23.148993617866267,17.332919735829897,0,False,0.99140625,0.6674462890625,0.0,0.0,0.0,0,True,8000.0,8000,True,8200.0,8200,False,,20000
budgets,52001,isotropic_q,2048,30794,2048,True,377.0902541710523,69.43215810097104,46.2772565193608,23.15490158160847,17.35647949081101,0,False,0.995703125,0.6407470703125,0.0,0.0,0.0,0,True,8600.0,8600,True,9000.0,9000,True,12400.0,12400
budgets,52002,aligned_q,128,1116,128,True,23.568140885690394,4.339509881310576,3.1138003684295334,1.2257095128810476,0.0,0,True,0.0,0.014462890625,0.0,0.0,0.0,0,False,,20000,False,,20000,False,,20000
budgets,52002,state_rotated_q,128,869,128,True,23.568140885690394,4.339509881310576,3.1138003684295334,1.2257095128810471,0.0,0,True,0.0,0.01142578125,6.938893903907228e-18,1.0408340855860844e-17,1.0408340855860844e-17,0,False,,20000,False,,20000,False,,20000
budgets,52002,global_scrambled_q,128,20515,128,True,23.568140885690394,4.339509881310577,2.892548611032217,1.4469612702783716,0.9832932044588656,0,False,0.9177734375,0.3951953125,0.0,0.0,0.0,0,True,16800.0,16800,False,,20000,False,,20000
budgets,52002,isotropic_q,128,959,128,True,23.568140885690397,4.339509881310576,2.9257362392422737,1.4137736420683054,1.0873906102819382,0,True,0.0,0.01345703125,0.0,0.0,0.0,0,False,,20000,False,,20000,False,,20000
budgets,52002,aligned_q,256,15774,256,True,47.13628177138104,8.679019762621177,6.173243293328763,2.505776469292403,0.0,0,False,0.34453125,0.164375,0.0,0.0,0.0,0,False,,20000,False,,20000,False,,20000
budgets,52002,state_rotated_q,256,805,256,True,47.13628177138104,8.679019762621177,6.2203488789982595,2.458670883622904,0.0,0,True,0.0,0.01056640625,6.938893903907228e-18,1.0408340855860844e-17,1.0408340855860844e-17,0,False,,20000,False,,20000,False,,20000
budgets,52002,global_scrambled_q,256,17263,256,True,47.13628177138104,8.679019762621177,5.779716765157632,2.899302997463556,2.0916855459325103,0,False,0.9365234375,0.326357421875,0.0,0.0,0.0,0,True,18200.0,18200,False,,20000,False,,20000
budgets,52002,isotropic_q,256,836,256,True,47.13628177138104,8.679019762621177,5.83364560874884,2.84537415387232,2.1564843052607605,0,True,0.0,0.011259765625,0.0,0.0,0.0,0,False,,20000,False,,20000,False,,20000
budgets,52002,aligned_q,512,54759,512,True,94.27256354276264,17.35803952524226,11.921646826630994,5.436392698611346,0.0,0,False,0.9943359375,0.93359375,0.0,0.0,0.0,0,True,2000.0,2000,True,2200.0,2200,True,8400.0,8400
budgets,52002,state_rotated_q,512,46078,512,True,94.27256354276264,17.35803952524226,12.379048242127144,4.978991283115176,0.0,0,False,0.980859375,0.8129931640625,1.3877787807814457e-17,1.3877787807814457e-17,1.0408340855860844e-17,0,True,5000.0,5000,True,6400.0,6400,False,,20000
budgets,52002,global_scrambled_q,512,972,512,True,94.27256354276264,17.35803952524226,11.584848980896371,5.773190544345984,4.27677064964504,0,True,0.0,0.01296875,0.0,0.0,0.0,0,False,,20000,False,,20000,False,,20000
budgets,52002,isotropic_q,512,1069,512,True,94.27256354276264,17.35803952524226,11.618325001664743,5.739714523577574,4.304393497944929,0,True,0.0,0.0144140625,0.0,0.0,0.0,0,False,,20000,False,,20000,False,,20000
budgets,52002,aligned_q,1024,48366,1024,True,188.54512708552588,34.716079050485185,23.486086707126827,11.229992343357669,0.0,0,False,0.9982421875,0.9575634765625,0.0,0.0,0.0,0,True,1400.0,1400,True,1600.0,1600,True,2800.0,2800
budgets,52002,state_rotated_q,1024,50195,1024,True,188.54512708552588,34.716079050485185,25.380733519700932,9.33534553078368,0.0,0,False,0.9955078125,0.8900048828125,1.3877787807814457e-17,2.0816681711721685e-17,1.7347234759768068e-17,0,True,3200.0,3200,True,3400.0,3400,True,5400.0,5400
budgets,52002,global_scrambled_q,1024,52114,1024,True,188.54512708552588,34.716079050485185,23.173674817546644,11.542404232937916,8.423069029943091,0,False,0.96796875,0.6952490234375,0.0,0.0,0.0,0,True,7200.0,7200,True,7600.0,7600,False,,20000
budgets,52002,isotropic_q,1024,731,731,False,134.59617958937426,24.78266971279734,16.573395848736517,8.209273864060636,6.161497194237679,0,True,0.0,0.009619140625,0.0,0.0,0.0,0,False,,20000,False,,20000,False,,20000
budgets,52002,aligned_q,2048,44649,2048,True,377.0902541710523,69.43215810097104,46.68201455563211,22.750143545336424,0.0,0,False,0.99921875,0.9607275390625,0.0,0.0,0.0,0,True,1200.0,1200,True,1400.0,1400,True,2800.0,2800
budgets,52002,state_rotated_q,2048,43381,2048,True,377.0902541710523,69.43215810097104,51.50247504096821,17.92968306000093,0.0,0,False,0.9974609375,0.8973388671875,1.3877787807814457e-17,2.0816681711721685e-17,1.7347234759768068e-17,0,True,3000.0,3000,True,3000.0,3000,True,3200.0,3200
budgets,52002,global_scrambled_q,2048,38985,2048,True,377.0902541710523,69.43215810097104,46.31185643091456,23.12030167005385,17.449512724524137,0,False,0.994140625,0.69796875,0.0,0.0,0.0,0,True,7000.0,7000,True,7400.0,7400,True,15600.0,15600
budgets,52002,isotropic_q,2048,731,731,False,134.59617958937426,24.78266971279734,16.573395848736517,8.209273864060636,6.161497194237679,0,True,0.0,0.009619140625,0.0,0.0,0.0,0,False,,20000,False,,20000,False,,20000
budgets,52003,aligned_q,128,1029,128,True,23.568140885690394,4.339509881310576,3.084839483617576,1.2546703976930051,0.0,0,True,0.0,0.01380859375,0.0,0.0,0.0,0,False,,20000,False,,20000,False,,20000
budgets,52003,state_rotated_q,128,989,128,True,23.568140885690394,4.339509881310576,3.084839483617576,1.2546703976930051,0.0,0,True,0.0,0.0141796875,1.3877787807814457e-17,1.0408340855860844e-17,6.938893903907228e-18,0,False,,20000,False,,20000,False,,20000
budgets,52003,global_scrambled_q,128,1208,128,True,23.568140885690394,4.339509881310577,2.89495475130035,1.4445551300102382,1.108974550015985,0,True,0.0,0.01708984375,0.0,0.0,0.0,0,False,,20000,False,,20000,False,,20000
budgets,52003,isotropic_q,128,737,128,True,23.5681408856904,4.339509881310576,2.88479082661481,1.4547190546957691,1.0969634889316495,0,True,0.0,0.00998046875,0.0,0.0,0.0,0,False,,20000,False,,20000,False,,20000
budgets,52003,aligned_q,256,1615,256,True,47.13628177138104,8.679019762621177,6.179509234700438,2.499510527920721,0.0,0,True,0.0,0.02029296875,0.0,0.0,0.0,0,False,,20000,False,,20000,False,,20000
budgets,52003,state_rotated_q,256,989,256,True,47.13628177138104,8.679019762621177,6.176026876119787,2.5029928865013673,0.0,0,True,0.0,0.013359375,1.3877787807814457e-17,1.0408340855860844e-17,6.938893903907228e-18,0,False,,20000,False,,20000,False,,20000
budgets,52003,global_scrambled_q,256,800,256,True,47.13628177138104,8.679019762621177,5.7778542468874,2.9011655157337897,2.1534430443772226,0,True,0.0,0.011005859375,0.0,0.0,0.0,0,False,,20000,False,,20000,False,,20000
budgets,52003,isotropic_q,256,722,256,True,47.13628177138105,8.679019762621177,5.772507923951007,2.9065118386701476,2.1896532320875544,0,True,0.0,0.009833984375,0.0,0.0,0.0,0,False,,20000,False,,20000,False,,20000
budgets,52003,aligned_q,512,56462,512,True,94.27256354276264,17.35803952524226,11.988538148528065,5.369501376714267,0.0,0,False,0.9888671875,0.92794921875,0.0,0.0,0.0,0,True,2200.0,2200,True,2600.0,2600,False,,20000
budgets,52003,state_rotated_q,512,54051,512,True,94.27256354276264,17.35803952524226,12.30866754673086,5.049371978511462,0.0,0,False,0.9923828125,0.89927734375,1.3877787807814457e-17,1.3877787807814457e-17,1.3877787807814457e-17,0,True,3000.0,3000,True,3200.0,3200,True,5400.0,5400
budgets,52003,global_scrambled_q,512,23154,512,True,94.27256354276264,17.35803952524226,11.56803339565653,5.79000612958582,4.308645173545736,0,False,0.9224609375,0.404716796875,0.0,0.0,0.0,0,True,18000.0,18000,False,,20000,False,,20000
budgets,52003,isotropic_q,512,1263,512,True,94.27256354276268,17.35803952524226,11.551454206239788,5.806585319002508,4.382524857375937,0,True,0.0,0.01828125,0.0,0.0,0.0,0,False,,20000,False,,20000,False,,20000
budgets,52003,aligned_q,1024,47038,1024,True,188.54512708552588,34.716079050485185,23.580254430225303,11.135824620259186,0.0,0,False,0.9978515625,0.961025390625,0.0,0.0,0.0,0,True,1200.0,1200,True,1400.0,1400,True,2600.0,2600
budgets,52003,state_rotated_q,1024,44362,1024,True,188.54512708552588,34.716079050485185,25.298750191621224,9.417328858863318,0.0,0,False,0.9974609375,0.9143701171875,1.3877787807814457e-17,2.4286128663675302e-17,2.0816681711721685e-17,0,True,2400.0,2400,True,2600.0,2600,True,2800.0,2800
budgets,52003,global_scrambled_q,1024,26872,1024,True,188.54512708552588,34.716079050485185,23.131194909728197,11.58488414075638,8.839265521904458,0,False,0.9333984375,0.4037060546875,0.0,0.0,0.0,0,True,15800.0,15800,False,,20000,False,,20000
budgets,52003,isotropic_q,1024,16272,1024,True,188.5451270855259,34.716079050485185,23.101142081667952,11.614936968816666,8.729622894635824,0,False,0.92890625,0.2629638671875,0.0,0.0,0.0,0,False,,20000,False,,20000,False,,20000
budgets,52003,aligned_q,2048,45146,2048,True,377.0902541710523,69.43215810097104,46.69115558374868,22.741002517219936,0.0,0,False,0.998046875,0.9636279296875,0.0,0.0,0.0,0,True,1200.0,1200,True,1400.0,1400,True,1800.0,1800
budgets,52003,state_rotated_q,2048,42239,2048,True,377.0902541710523,69.43215810097104,51.1638290884768,18.268329012492124,0.0,0,False,0.9984375,0.9139013671875,1.3877787807814457e-17,2.0816681711721685e-17,2.0816681711721685e-17,0,True,2600.0,2600,True,2600.0,2600,True,2600.0,2600
budgets,52003,global_scrambled_q,2048,22109,2048,True,377.0902541710523,69.43215810097104,46.24007342866952,23.1920846722992,17.144550718165757,0,False,0.9853515625,0.4048876953125,0.0,0.0,0.0,0,True,14000.0,14000,True,14400.0,14400,False,,20000
budgets,52003,isotropic_q,2048,31748,2048,True,377.0902541710524,69.43215810097104,46.26619907453062,23.16595902643869,17.44009474786992,0,False,0.9951171875,0.634697265625,0.0,0.0,0.0,0,True,8800.0,8800,True,9200.0,9200,True,12400.0,12400
budgets,52004,aligned_q,128,1087,128,True,23.568140885690394,4.339509881310576,3.117242157186096,1.2222677241244828,0.0,0,True,0.0,0.0144580078125,0.0,0.0,0.0,0,False,,20000,False,,20000,False,,20000
budgets,52004,state_rotated_q,128,1170,128,True,23.568140885690394,4.339509881310577,3.117242157186096,1.222267724124483,0.0,0,True,0.0,0.0167626953125,1.3877787807814457e-17,1.0408340855860844e-17,1.0408340855860844e-17,0,False,,20000,False,,20000,False,,20000
budgets,52004,global_scrambled_q,128,892,128,True,23.568140885690394,4.339509881310577,2.880431575068716,1.459078306241871,1.0226872030711671,0,True,0.0,0.0122998046875,0.0,0.0,0.0,0,False,,20000,False,,20000,False,,20000
budgets,52004,isotropic_q,128,1153,128,True,23.5681408856904,4.339509881310576,2.8662250292692883,1.473284852041291,1.1041810732067154,0,True,0.0,0.0159814453125,0.0,0.0,0.0,0,False,,20000,False,,20000,False,,20000
budgets,52004,aligned_q,256,66986,256,True,47.13628177138104,8.679019762621177,6.18755878210568,2.4914609805154804,0.0,0,False,0.859765625,0.726083984375,0.0,0.0,0.0,0,False,,20000,False,,20000,False,,20000
budgets,52004,state_rotated_q,256,49731,256,True,47.13628177138104,8.679019762621177,6.200036312017104,2.478983450604061,0.0,0,False,0.9037109375,0.640478515625,1.3877787807814457e-17,1.7347234759768068e-17,1.3877787807814457e-17,0,True,10600.0,10600,False,,20000,False,,20000
budgets,52004,global_scrambled_q,256,1012,256,True,47.13628177138104,8.679019762621177,5.776142238242303,2.902877524378884,2.0780826409611755,0,True,0.0,0.0141552734375,0.0,0.0,0.0,0,False,,20000,False,,20000,False,,20000
budgets,52004,isotropic_q,256,3567,256,True,47.13628177138105,8.679019762621177,5.768355770894341,2.910663991726817,2.207808328305176,0,False,0.0759765625,0.05181640625,0.0,0.0,0.0,0,False,,20000,False,,20000,False,,20000
budgets,52004,aligned_q,512,55188,512,True,94.27256354276264,17.35803952524226,11.953435339939494,5.404604185302831,0.0,0,False,0.99765625,0.9396044921875,0.0,0.0,0.0,0,True,2000.0,2000,True,2200.0,2200,True,5800.0,5800
budgets,52004,state_rotated_q,512,50054,512,True,94.27256354276264,17.35803952524226,12.355445907230791,5.002593618011527,0.0,0,False,0.9900390625,0.8482861328125,1.3877787807814457e-17,2.0816681711721685e-17,1.3877787807814457e-17,0,True,4200.0,4200,True,4400.0,4400,True,10800.0,10800
budgets,52004,global_scrambled_q,512,20241,512,True,94.27256354276264,17.35803952524226,11.544690539196068,5.813348986046284,4.345097953148312,0,False,0.92578125,0.384833984375,0.0,0.0,0.0,0,True,17600.0,17600,False,,20000,False,,20000
budgets,52004,isotropic_q,512,28251,512,True,94.27256354276268,17.35803952524226,11.588619535831436,5.769419989410885,4.39278842952271,0,False,0.8212890625,0.3990234375,0.0,0.0,0.0,0,False,,20000,False,,20000,False,,20000
budgets,52004,aligned_q,1024,49954,1024,True,188.54512708552588,34.716079050485185,23.60183817124412,11.114240879240352,0.0,0,False,0.9966796875,0.9544921875,0.0,0.0,0.0,0,True,1400.0,1400,True,1400.0,1400,True,3200.0,3200
budgets,52004,state_rotated_q,1024,43027,1024,True,188.54512708552588,34.716079050485185,25.46747919767572,9.248599852808884,0.0,0,False,0.998046875,0.8885986328125,1.3877787807814457e-17,1.7347234759768068e-17,1.3877787807814457e-17,0,True,3200.0,3200,True,3400.0,3400,True,5200.0,5200
budgets,52004,global_scrambled_q,1024,31587,1024,True,188.54512708552588,34.716079050485185,23.08816330719272,11.627915743291831,8.661312424995558,0,False,0.9515625,0.59390625,0.0,0.0,0.0,0,True,11000.0,11000,False,,20000,False,,20000
budgets,52004,isotropic_q,1024,26401,1024,True,188.5451270855259,34.716079050485185,23.181903529919357,11.534175520565302,8.707859203124531,0,False,0.98671875,0.55771484375,0.0,0.0,0.0,0,True,11000.0,11000,True,11200.0,11200,False,,20000
budgets,52004,aligned_q,2048,44919,2048,True,377.0902541710523,69.43215810097104,46.86547942361868,22.566678677349653,0.0,0,False,0.9984375,0.957880859375,0.0,0.0,0.0,0,True,1400.0,1400,True,1400.0,1400,True,1600.0,1600
budgets,52004,state_rotated_q,2048,42405,2048,True,377.0902541710523,69.43215810097104,52.11613972255365,17.3160183784154,0.0,0,False,0.9986328125,0.890380859375,1.3877787807814457e-17,2.0816681711721685e-17,1.7347234759768068e-17,0,True,3200.0,3200,True,3200.0,3200,True,3400.0,3400
budgets,52004,global_scrambled_q,2048,30996,2048,True,377.0902541710523,69.43215810097104,46.1997082966794,23.232449804289462,17.372778472195986,0,False,0.9955078125,0.6653759765625,0.0,0.0,0.0,0,True,8400.0,8400,True,8600.0,8600,True,13200.0,13200
budgets,52004,isotropic_q,2048,26804,2048,True,377.0902541710524,69.43215810097104,46.328673178524,23.103484922445272,17.38635532272029,0,False,0.991015625,0.576337890625,0.0,0.0,0.0,0,True,10200.0,10200,True,10600.0,10600,True,15000.0,15000
budgets,52005,aligned_q,128,1403,128,True,23.568140885690394,4.339509881310576,3.0976003159563503,1.2419095653542318,0.0,0,True,0.0,0.019169921875,0.0,0.0,0.0,0,False,,20000,False,,20000,False,,20000
budgets,52005,state_rotated_q,128,749,128,True,23.568140885690394,4.339509881310576,3.0976009912208293,1.2419088900897526,0.0,0,True,0.0,0.01029296875,1.3877787807814457e-17,6.938893903907228e-18,8.673617379884035e-18,0,False,,20000,False,,20000,False,,20000
budgets,52005,global_scrambled_q,128,871,128,True,23.568140885690394,4.339509881310577,2.896404730767247,1.443105150543342,1.095420035344563,0,True,0.0,0.011630859375,0.0,0.0,0.0,0,False,,20000,False,,20000,False,,20000
budgets,52005,isotropic_q,128,737,128,True,23.5681408856904,4.339509881310575,2.8893954988631756,1.450114382447403,1.1018843781323069,0,True,0.0,0.009794921875,0.0,0.0,0.0,0,False,,20000,False,,20000,False,,20000
budgets,52005,aligned_q,256,63511,256,True,47.13628177138104,8.679019762621177,6.149502657643942,2.5295171049772196,0.0,0,False,0.8466796875,0.6732958984375,0.0,0.0,0.0,0,False,,20000,False,,20000,False,,20000
budgets,52005,state_rotated_q,256,803,256,True,47.13628177138104,8.679019762621177,6.1596630112331425,2.519356751388022,0.0,0,True,0.0,0.010966796875,1.3877787807814457e-17,6.938893903907228e-18,6.938893903907228e-18,0,False,,20000,False,,20000,False,,20000
budgets,52005,global_scrambled_q,256,16387,256,True,47.13628177138104,8.679019762621177,5.794985603479561,2.884034159141629,2.2751478440522206,0,False,0.77109375,0.2306201171875,0.0,0.0,0.0,0,False,,20000,False,,20000,False,,20000
budgets,52005,isotropic_q,256,928,256,True,47.13628177138105,8.679019762621175,5.791053402701916,2.8879663599192393,2.156252466023599,0,True,0.0,0.0130078125,0.0,0.0,0.0,0,False,,20000,False,,20000,False,,20000
budgets,52005,aligned_q,512,53408,512,True,94.27256354276264,17.35803952524226,11.882937110218789,5.475102415023526,0.0,0,False,0.9962890625,0.9360107421875,0.0,0.0,0.0,0,True,2000.0,2000,True,2200.0,2200,True,8400.0,8400
budgets,52005,state_rotated_q,512,52840,512,True,94.27256354276264,17.35803952524226,12.328569101383795,5.029470423858521,0.0,0,False,0.9859375,0.8270751953125,1.3877787807814457e-17,2.0816681711721685e-17,1.7347234759768068e-17,0,True,4800.0,4800,True,5200.0,5200,False,,20000
budgets,52005,global_scrambled_q,512,976,512,True,94.27256354276264,17.35803952524226,11.60875076831782,5.749288756924545,4.371302205510512,0,True,0.0,0.013232421875,0.0,0.0,0.0,0,False,,20000,False,,20000,False,,20000
budgets,52005,isotropic_q,512,21320,512,True,94.27256354276268,17.35803952524226,11.582049215869295,5.775990309373019,4.341566152873691,0,False,0.7875,0.30130859375,0.0,0.0,0.0,0,False,,20000,False,,20000,False,,20000
budgets,52005,aligned_q,1024,45929,1024,True,188.54512708552588,34.716079050485185,23.448183226125547,11.26789582435888,0.0,0,False,0.9986328125,0.9577099609375,0.0,0.0,0.0,0,True,1400.0,1400,True,1400.0,1400,True,1800.0,1800
budgets,52005,state_rotated_q,1024,46591,1024,True,188.54512708552588,34.716079050485185,25.40012833079744,9.315950719687152,0.0,0,False,0.996875,0.893369140625,1.3877787807814457e-17,2.0816681711721685e-17,2.0816681711721685e-17,0,True,2800.0,2800,True,3000.0,3000,True,5400.0,5400
budgets,52005,global_scrambled_q,1024,39107,1024,True,188.54512708552588,34.716079050485185,23.153863464045248,11.56221558643932,8.823565604354688,0,False,0.9798828125,0.66212890625,0.0,0.0,0.0,0,True,8200.0,8200,True,8600.0,8600,False,,20000
budgets,52005,isotropic_q,1024,41069,1024,True,188.5451270855259,34.716079050485185,23.11387025386746,11.602208796617145,8.689839311171921,0,False,0.9880859375,0.742841796875,0.0,0.0,0.0,0,True,6400.0,6400,True,6600.0,6600,True,7600.0,7600
budgets,52005,aligned_q,2048,45637,2048,True,377.0902541710523,69.43215810097104,46.64518910062055,22.786969000347895,0.0,0,False,0.9978515625,0.9591552734375,0.0,0.0,0.0,0,True,1200.0,1200,True,1400.0,1400,True,1600.0,1600
budgets,52005,state_rotated_q,2048,41568,2048,True,377.0902541710523,69.43215810097104,51.417246920243144,18.014911180725857,0.0,0,False,0.9990234375,0.8915625,1.3877787807814457e-17,2.0816681711721685e-17,1.3877787807814457e-17,0,True,3000.0,3000,True,3400.0,3400,True,3600.0,3600
budgets,52005,global_scrambled_q,2048,34962,2048,True,377.0902541710523,69.43215810097104,46.33128022963872,23.100877871330017,17.694022594152127,0,False,0.992578125,0.645966796875,0.0,0.0,0.0,0,True,8400.0,8400,True,8600.0,8600,True,15400.0,15400
budgets,52005,isotropic_q,2048,36351,2048,True,377.0902541710524,69.43215810097104,46.29350745678144,23.138650644187887,17.3796944740295,0,False,0.990234375,0.7128662109375,0.0,0.0,0.0,0,True,7400.0,7400,True,7600.0,7600,True,12400.0,12400
budgets,52006,aligned_q,128,917,128,True,23.568140885690394,4.339509881310576,3.104232945913888,1.2352769353966908,0.0,0,True,0.0,0.0122119140625,0.0,0.0,0.0,0,False,,20000,False,,20000,False,,20000
budgets,52006,state_rotated_q,128,654,128,True,23.568140885690394,4.339509881310576,3.1042329459138873,1.235276935396691,0.0,0,True,0.0,0.0086181640625,1.3877787807814457e-17,1.0408340855860844e-17,1.0408340855860844e-17,0,False,,20000,False,,20000,False,,20000
budgets,52006,global_scrambled_q,128,799,128,True,23.568140885690394,4.339509881310577,2.8986403903448705,1.4408694909657187,1.1051544111078584,0,True,0.0,0.0109130859375,0.0,0.0,0.0,0,False,,20000,False,,20000,False,,20000
budgets,52006,isotropic_q,128,682,128,True,23.5681408856904,4.339509881310575,2.900997486417836,1.4385123948927423,1.091418435897518,0,True,0.0,0.0089794921875,0.0,0.0,0.0,0,False,,20000,False,,20000,False,,20000
budgets,52006,aligned_q,256,921,256,True,47.13628177138104,8.679019762621177,6.195101492613963,2.4839182700071967,0.0,0,True,0.0,0.0119384765625,0.0,0.0,0.0,0,False,,20000,False,,20000,False,,20000
budgets,52006,state_rotated_q,256,790,256,True,47.13628177138104,8.679019762621177,6.192289919457925,2.486729843163239,0.0,0,True,0.0,0.0102294921875,1.3877787807814457e-17,1.0408340855860844e-17,1.0408340855860844e-17,0,False,,20000,False,,20000,False,,20000
budgets,52006,global_scrambled_q,256,1096,256,True,47.13628177138104,8.679019762621177,5.791284485362565,2.8877352772586264,2.127150870987245,0,True,0.0,0.0146728515625,0.0,0.0,0.0,0,False,,20000,False,,20000,False,,20000
budgets,52006,isotropic_q,256,768,256,True,47.13628177138105,8.679019762621175,5.796014527100919,2.883005235520242,2.1790970956796665,0,True,0.0,0.0105322265625,0.0,0.0,0.0,0,False,,20000,False,,20000,False,,20000
budgets,52006,aligned_q,512,52102,512,True,94.27256354276264,17.35803952524226,11.927594656215314,5.430444869027011,0.0,0,False,0.9939453125,0.94701171875,0.0,0.0,0.0,0,True,1800.0,1800,True,2000.0,2000,True,3600.0,3600
budgets,52006,state_rotated_q,512,45728,512,True,94.27256354276264,17.35803952524226,12.3506818755353,5.007357649707043,0.0,0,False,0.9978515625,0.9080859375,1.3877787807814457e-17,2.0816681711721685e-17,2.0816681711721685e-17,0,True,2600.0,2600,True,2800.0,2800,True,3000.0,3000
budgets,52006,global_scrambled_q,512,818,512,True,94.27256354276264,17.35803952524226,11.582363166831325,5.775676358411037,4.427684473983548,0,True,0.0,0.0110498046875,0.0,0.0,0.0,0,False,,20000,False,,20000,False,,20000
budgets,52006,isotropic_q,512,1074,512,True,94.27256354276268,17.35803952524226,11.5874133353392,5.770626189903118,4.36252270756438,0,True,0.0,0.0151025390625,0.0,0.0,0.0,0,False,,20000,False,,20000,False,,20000
budgets,52006,aligned_q,1024,48374,1024,True,188.54512708552588,34.716079050485185,23.42620137823871,11.28987767224574,0.0,0,False,0.9966796875,0.959296875,0.0,0.0,0.0,0,True,1400.0,1400,True,1600.0,1600,True,2000.0,2000
budgets,52006,state_rotated_q,1024,42095,1024,True,188.54512708552588,34.716079050485185,25.35869788522609,9.357381165258513,0.0,0,False,0.9986328125,0.911982421875,1.3877787807814457e-17,2.4286128663675302e-17,2.4286128663675302e-17,0,True,2400.0,2400,True,2600.0,2600,True,2600.0,2600
budgets,52006,global_scrambled_q,1024,31552,1024,True,188.54512708552588,34.716079050485185,23.15073920175461,11.565339848729948,8.765247690418278,0,False,0.9642578125,0.6486474609375,0.0,0.0,0.0,0,True,9400.0,9400,True,9800.0,9800,False,,20000
budgets,52006,isotropic_q,1024,39241,1024,True,188.5451270855259,34.716079050485185,23.16015332013101,11.555925730353628,8.711215844951512,0,False,0.9818359375,0.70099609375,0.0,0.0,0.0,0,True,7600.0,7600,True,7800.0,7800,False,,20000
budgets,52006,aligned_q,2048,44647,2048,True,377.0902541710523,69.43215810097104,46.58062460270028,22.8515334982681,0.0,0,False,0.9978515625,0.9623583984375,0.0,0.0,0.0,0,True,1200.0,1200,True,1200.0,1200,True,1600.0,1600
budgets,52006,state_rotated_q,2048,43656,2048,True,377.0902541710523,69.43215810097104,51.595664093381515,17.836494007587532,0.0,0,False,0.998046875,0.9092578125,1.3877787807814457e-17,2.0816681711721685e-17,2.0816681711721685e-17,0,True,2600.0,2600,True,2600.0,2600,True,3400.0,3400
budgets,52006,global_scrambled_q,2048,31230,2048,True,377.0902541710523,69.43215810097104,46.27124816045157,23.160909940517243,17.44326228292176,0,False,0.9767578125,0.6370458984375,0.0,0.0,0.0,0,True,9600.0,9600,True,10600.0,10600,False,,20000
budgets,52006,isotropic_q,2048,33534,2048,True,377.0902541710524,69.43215810097104,46.31787840668121,23.114279694288165,17.35951024143738,0,False,0.990234375,0.6880029296875,0.0,0.0,0.0,0,True,8000.0,8000,True,8200.0,8200,True,16400.0,16400
budgets,52007,aligned_q,128,829,128,True,23.568140885690394,4.339509881310576,3.0971953758484516,1.2423145054621276,0.0,0,True,0.0,0.0110888671875,0.0,0.0,0.0,0,False,,20000,False,,20000,False,,20000
budgets,52007,state_rotated_q,128,796,128,True,23.568140885690394,4.339509881310576,3.0971953758484516,1.2423145054621276,0.0,0,True,0.0,0.0107666015625,1.3877787807814457e-17,1.0408340855860844e-17,1.3877787807814457e-17,0,False,,20000,False,,20000,False,,20000
budgets,52007,global_scrambled_q,128,753,128,True,23.568140885690394,4.339509881310577,2.905602063506688,1.4339078178039004,1.1384919805964913,0,True,0.0,0.0102978515625,0.0,0.0,0.0,0,False,,20000,False,,20000,False,,20000
budgets,52007,isotropic_q,128,879,128,True,23.568140885690397,4.339509881310576,2.8925321069614127,1.4469777743491652,1.0931983001550487,0,True,0.0,0.0117822265625,0.0,0.0,0.0,0,False,,20000,False,,20000,False,,20000
budgets,52007,aligned_q,256,2963,256,True,47.13628177138104,8.679019762621177,6.1935472371002005,2.485472525520962,0.0,0,False,0.014453125,0.03580078125,0.0,0.0,0.0,0,False,,20000,False,,20000,False,,20000
budgets,52007,state_rotated_q,256,801,256,True,47.13628177138104,8.679019762621177,6.217948465823117,2.46107129679804,0.0,0,True,0.0,0.0105615234375,1.3877787807814457e-17,1.0408340855860844e-17,1.3877787807814457e-17,0,False,,20000,False,,20000,False,,20000
budgets,52007,global_scrambled_q,256,755,256,True,47.13628177138104,8.679019762621177,5.795289403247563,2.883730359373626,2.261634949416794,0,True,0.0,0.0099267578125,0.0,0.0,0.0,0,False,,20000,False,,20000,False,,20000
budgets,52007,isotropic_q,256,6807,256,True,47.13628177138104,8.679019762621177,5.77530266075339,2.903717101867771,2.1860058605327413,0,False,0.2576171875,0.10619140625,0.0,0.0,0.0,0,False,,20000,False,,20000,False,,20000
budgets,52007,aligned_q,512,61403,512,True,94.27256354276264,17.35803952524226,11.924892223511144,5.433147301731195,0.0,0,False,0.9849609375,0.924853515625,0.0,0.0,0.0,0,True,2200.0,2200,True,2600.0,2600,False,,20000
budgets,52007,state_rotated_q,512,53615,512,True,94.27256354276264,17.35803952524226,12.285093067510727,5.072946457731581,0.0,0,False,0.9845703125,0.8494482421875,1.3877787807814457e-17,1.7347234759768068e-17,1.3877787807814457e-17,0,True,3800.0,3800,True,4000.0,4000,False,,20000
budgets,52007,global_scrambled_q,512,3742,512,True,94.27256354276264,17.35803952524226,11.54443192575907,5.813607599483295,4.381871478347033,0,False,0.1521484375,0.06380859375,0.0,0.0,0.0,0,False,,20000,False,,20000,False,,20000
budgets,52007,isotropic_q,512,36498,512,True,94.27256354276264,17.35803952524226,11.575762702870092,5.782276822372232,4.352817471934608,0,False,0.8736328125,0.513681640625,0.0,0.0,0.0,0,False,,20000,False,,20000,False,,20000
budgets,52007,aligned_q,1024,48335,1024,True,188.54512708552588,34.716079050485185,23.449519970822433,11.266559079662043,0.0,0,False,0.9978515625,0.9593310546875,0.0,0.0,0.0,0,True,1400.0,1400,True,1600.0,1600,True,2600.0,2600
budgets,52007,state_rotated_q,1024,40867,1024,True,188.54512708552588,34.716079050485185,25.353163943803995,9.362915106680614,0.0,0,False,0.9982421875,0.8958984375,1.3877787807814457e-17,1.7347234759768068e-17,1.7347234759768068e-17,0,True,2800.0,2800,True,3000.0,3000,True,3200.0,3200
budgets,52007,global_scrambled_q,1024,873,873,False,160.7420858844375,29.596813487376433,19.69840186095107,9.898411626424997,7.625033793880885,0,True,0.0,0.0120068359375,0.0,0.0,0.0,0,False,,20000,False,,20000,False,,20000
budgets,52007,isotropic_q,1024,41213,1024,True,188.54512708552588,34.716079050485185,23.12511222436831,11.59096682611636,8.72601619193755,0,False,0.9892578125,0.7761865234375,0.0,0.0,0.0,0,True,5600.0,5600,True,5800.0,5800,False,,20000
budgets,52007,aligned_q,2048,45503,2048,True,377.0902541710523,69.43215810097104,46.58667918076319,22.8454789202054,0.0,0,False,0.9982421875,0.9623046875,0.0,0.0,0.0,0,True,1200.0,1200,True,1400.0,1400,True,2000.0,2000
budgets,52007,state_rotated_q,2048,40217,2048,True,377.0902541710523,69.43215810097104,51.69249792942546,17.739660171543647,0.0,0,False,0.9994140625,0.8908349609375,1.3877787807814457e-17,2.0816681711721685e-17,2.0816681711721685e-17,0,True,3000.0,3000,True,3000.0,3000,True,3200.0,3200
budgets,52007,global_scrambled_q,2048,873,873,False,160.7420858844375,29.596813487376433,19.69840186095107,9.898411626424997,7.625033793880885,0,True,0.0,0.0120068359375,0.0,0.0,0.0,0,False,,20000,False,,20000,False,,20000
budgets,52007,isotropic_q,2048,38922,2048,True,377.0902541710523,69.43215810097104,46.2314882894283,23.200669811540948,17.37378610024081,0,False,0.9923828125,0.747275390625,0.0,0.0,0.0,0,True,6600.0,6600,True,6800.0,6800,True,12800.0,12800
budgets,52008,aligned_q,128,1207,128,True,23.568140885690394,4.339509881310576,3.0552396887701696,1.28427019254041,0.0,0,True,0.0,0.0163134765625,0.0,0.0,0.0,0,False,,20000,False,,20000,False,,20000
budgets,52008,state_rotated_q,128,1004,128,True,23.568140885690394,4.339509881310576,3.058384537375301,1.281125343935279,0.0,0,True,0.0,0.0138330078125,1.3877787807814457e-17,1.3877787807814457e-17,1.3877787807814457e-17,0,False,,20000,False,,20000,False,,20000
budgets,52008,global_scrambled_q,128,981,128,True,23.568140885690394,4.339509881310577,2.890507914762976,1.4490019665476126,0.9138299540285192,0,True,0.0,0.0135693359375,0.0,0.0,0.0,0,False,,20000,False,,20000,False,,20000
budgets,52008,isotropic_q,128,876,128,True,23.568140885690397,4.339509881310576,2.9201805572441337,1.4193293240664453,1.0751667271482028,0,True,0.0,0.0116552734375,0.0,0.0,0.0,0,False,,20000,False,,20000,False,,20000
budgets,52008,aligned_q,256,57116,256,True,47.13628177138104,8.679019762621177,6.165997540237502,2.51302222238366,0.0,0,False,0.8060546875,0.5998486328125,0.0,0.0,0.0,0,False,,20000,False,,20000,False,,20000
budgets,52008,state_rotated_q,256,50503,256,True,47.13628177138104,8.679019762621177,6.185719763319615,2.4932999993015423,0.0,0,False,0.885546875,0.6292578125,1.3877787807814457e-17,1.3877787807814457e-17,1.3877787807814457e-17,0,False,,20000,False,,20000,False,,20000
budgets,52008,global_scrambled_q,256,26277,256,True,47.13628177138104,8.679019762621177,5.78003989918128,2.898979863439912,2.025524616329754,0,False,0.9123046875,0.5122802734375,0.0,0.0,0.0,0,True,13400.0,13400,False,,20000,False,,20000
budgets,52008,isotropic_q,256,1455,256,True,47.13628177138104,8.679019762621177,5.8092067763616075,2.869812986259553,2.138664527054048,0,True,0.0,0.0201025390625,0.0,0.0,0.0,0,False,,20000,False,,20000,False,,20000
budgets,52008,aligned_q,512,56996,512,True,94.27256354276264,17.35803952524226,11.926675750751745,5.431363774490577,0.0,0,False,0.995703125,0.942451171875,0.0,0.0,0.0,0,True,2000.0,2000,True,2200.0,2200,True,6800.0,6800
budgets,52008,state_rotated_q,512,48580,512,True,94.27256354276264,17.35803952524226,12.2912049868673,5.06683453837501,0.0,0,False,0.976953125,0.78232421875,1.3877787807814457e-17,1.3877787807814457e-17,1.0408340855860844e-17,0,True,7400.0,7400,True,10000.0,10000,False,,20000
budgets,52008,global_scrambled_q,512,34629,512,True,94.27256354276264,17.35803952524226,11.543916635672494,5.814122889569852,4.272978017339133,0,False,0.980078125,0.73533203125,0.0,0.0,0.0,0,True,7400.0,7400,True,8200.0,8200,False,,20000
budgets,52008,isotropic_q,512,1224,512,True,94.27256354276264,17.35803952524226,11.579611607373646,5.778427917868677,4.305976764603047,0,True,0.0,0.0168505859375,0.0,0.0,0.0,0,False,,20000,False,,20000,False,,20000
budgets,52008,aligned_q,1024,47133,1024,True,188.54512708552588,34.716079050485185,23.453010199242275,11.2630688512422,0.0,0,False,0.9978515625,0.9609765625,0.0,0.0,0.0,0,True,1200.0,1200,True,1400.0,1400,True,2800.0,2800
budgets,52008,state_rotated_q,1024,45215,1024,True,188.54512708552588,34.716079050485185,25.209936364505257,9.506142685979318,0.0,0,False,0.9978515625,0.8934326171875,1.3877787807814457e-17,2.0816681711721685e-17,1.7347234759768068e-17,0,True,3000.0,3000,True,3200.0,3200,True,5200.0,5200
budgets,52008,global_scrambled_q,1024,34642,1024,True,188.54512708552588,34.716079050485185,23.127989257799012,11.588089792685532,8.784997990079559,0,False,0.98359375,0.7168212890625,0.0,0.0,0.0,0,True,8200.0,8200,True,8800.0,8800,False,,20000
budgets,52008,isotropic_q,1024,35733,1024,True,188.54512708552588,34.716079050485185,23.127186045887107,11.588893004597558,8.621261367125319,0,False,0.988671875,0.713134765625,0.0,0.0,0.0,0,True,7200.0,7200,True,7400.0,7400,False,,20000
budgets,52008,aligned_q,2048,44630,2048,True,377.0902541710523,69.43215810097104,46.60027828216378,22.83187981880481,0.0,0,False,0.998828125,0.96259765625,0.0,0.0,0.0,0,True,1200.0,1200,True,1400.0,1400,True,1400.0,1400
budgets,52008,state_rotated_q,2048,42688,2048,True,377.0902541710523,69.43215810097104,51.60533217698142,17.826825923987673,0.0,0,False,0.99765625,0.8959375,1.3877787807814457e-17,1.7347234759768068e-17,1.3877787807814457e-17,0,True,3000.0,3000,True,3200.0,3200,True,4000.0,4000
budgets,52008,global_scrambled_q,2048,35424,2048,True,377.0902541710523,69.43215810097104,46.276691128743416,23.15546697222547,17.2073455587006,0,False,0.98671875,0.728427734375,0.0,0.0,0.0,0,True,7800.0,7800,True,8200.0,8200,False,,20000
budgets,52008,isotropic_q,2048,33459,2048,True,377.0902541710523,69.43215810097104,46.30025647131992,23.131901629649462,17.286413124394958,0,False,0.994921875,0.7021240234375,0.0,0.0,0.0,0,True,7400.0,7400,True,7400.0,7400,True,9200.0,9200
budgets,52009,aligned_q,128,953,128,True,23.568140885690394,4.339509881310576,3.073515818527343,1.265994062783237,0.0,0,True,0.0,0.012734375,0.0,0.0,0.0,0,False,,20000,False,,20000,False,,20000
budgets,52009,state_rotated_q,128,731,128,True,23.568140885690394,4.339509881310576,3.0735158185273423,1.2659940627832371,0.0,0,True,0.0,0.010185546875,1.3877787807814457e-17,1.0408340855860844e-17,1.0408340855860844e-17,0,False,,20000,False,,20000,False,,20000
budgets,52009,global_scrambled_q,128,770,128,True,23.568140885690394,4.339509881310577,2.8788834161790136,1.4606264651315743,1.0152516836594108,0,True,0.0,0.010615234375,0.0,0.0,0.0,0,False,,20000,False,,20000,False,,20000
budgets,52009,isotropic_q,128,1320,128,True,23.5681408856904,4.339509881310576,2.899362966730903,1.440146914579677,1.0722686892392257,0,True,0.0,0.0179296875,0.0,0.0,0.0,0,False,,20000,False,,20000,False,,20000
budgets,52009,aligned_q,256,55969,256,True,47.13628177138104,8.679019762621177,6.1410837668522715,2.537935995768891,0.0,0,False,0.8044921875,0.5876611328125,0.0,0.0,0.0,0,False,,20000,False,,20000,False,,20000
budgets,52009,state_rotated_q,256,850,256,True,47.13628177138104,8.679019762621177,6.190607743763576,2.48841201885758,0.0,0,True,0.0,0.011328125,1.3877787807814457e-17,1.0408340855860844e-17,1.0408340855860844e-17,0,False,,20000,False,,20000,False,,20000
budgets,52009,global_scrambled_q,256,735,256,True,47.13628177138104,8.679019762621177,5.746957670401599,2.9320620922195877,2.0172014341650697,0,True,0.0,0.01041015625,0.0,0.0,0.0,0,False,,20000,False,,20000,False,,20000
budgets,52009,isotropic_q,256,694,256,True,47.13628177138105,8.679019762621177,5.7848785342135525,2.894141228407607,2.175974021871633,0,True,0.0,0.009453125,0.0,0.0,0.0,0,False,,20000,False,,20000,False,,20000
budgets,52009,aligned_q,512,57176,512,True,94.27256354276264,17.35803952524226,11.882388215480765,5.475651309761574,0.0,0,False,0.9900390625,0.9393310546875,0.0,0.0,0.0,0,True,1800.0,1800,True,2200.0,2200,True,7800.0,7800
budgets,52009,state_rotated_q,512,57808,512,True,94.27256354276264,17.35803952524226,12.313030975053223,5.0450085501890785,0.0,0,False,0.9779296875,0.86712890625,1.3877787807814457e-17,1.7347234759768068e-17,1.7347234759768068e-17,0,True,3400.0,3400,True,4000.0,4000,False,,20000
budgets,52009,global_scrambled_q,512,49326,512,True,94.27256354276264,17.35803952524226,11.524243175878013,5.8337963493643405,4.147326517216287,0,False,0.9595703125,0.710126953125,0.0,0.0,0.0,0,True,7400.0,7400,True,10000.0,10000,False,,20000
budgets,52009,isotropic_q,512,2402,512,True,94.27256354276268,17.35803952524226,11.550038115972187,5.808001409270116,4.314690631414114,0,False,0.0091796875,0.0353759765625,0.0,0.0,0.0,0,False,,20000,False,,20000,False,,20000
budgets,52009,aligned_q,1024,47407,1024,True,188.54512708552588,34.716079050485185,23.533106134515467,11.18297291596904,0.0,0,False,0.99765625,0.9580908203125,0.0,0.0,0.0,0,True,1400.0,1400,True,1400.0,1400,True,3600.0,3600
budgets,52009,state_rotated_q,1024,45096,1024,True,188.54512708552588,34.716079050485185,25.488755447122887,9.2273236033617,0.0,0,False,0.9947265625,0.8926220703125,1.3877787807814457e-17,1.7347234759768068e-17,1.3877787807814457e-17,0,True,3000.0,3000,True,3000.0,3000,True,4200.0,4200
budgets,52009,global_scrambled_q,1024,40147,1024,True,188.54512708552588,34.716079050485185,23.11146465117743,11.604614399307112,8.615811385904198,0,False,0.9908203125,0.773623046875,0.0,0.0,0.0,0,True,5800.0,5800,True,6000.0,6000,True,13400.0,13400
budgets,52009,isotropic_q,1024,30374,1024,True,188.5451270855259,34.716079050485185,23.114281720441188,11.601797330043368,8.660144513132645,0,False,0.9951171875,0.6438232421875,0.0,0.0,0.0,0,True,8200.0,8200,True,8400.0,8400,True,9200.0,9200
budgets,52009,aligned_q,2048,45521,2048,True,377.0902541710523,69.43215810097104,46.741229149290696,22.690928951677872,0.0,0,False,0.9978515625,0.96,0.0,0.0,0.0,0,True,1200.0,1200,True,1400.0,1400,True,1600.0,1600
budgets,52009,state_rotated_q,2048,43294,2048,True,377.0902541710523,69.43215810097104,51.87445915626327,17.557698944705887,0.0,0,False,0.998046875,0.897548828125,1.3877787807814457e-17,1.7347234759768068e-17,1.3877787807814457e-17,0,True,2800.0,2800,True,3000.0,3000,True,3800.0,3800
budgets,52009,global_scrambled_q,2048,40016,2048,True,377.0902541710523,69.43215810097104,46.294876109401145,23.137281991567217,17.393919923509362,0,False,0.992578125,0.7747412109375,0.0,0.0,0.0,0,True,5600.0,5600,True,5800.0,5800,True,7600.0,7600
budgets,52009,isotropic_q,2048,29701,2048,True,377.0902541710524,69.43215810097104,46.2234529693192,23.208705131650024,17.341564611530046,0,False,0.9982421875,0.62142578125,0.0,0.0,0.0,0,True,8800.0,8800,True,8800.0,8800,True,9600.0,9600
budgets,52010,aligned_q,128,1064,128,True,23.568140885690394,4.339509881310576,3.0754199949678056,1.2640898863427743,0.0,0,True,0.0,0.014130859375,0.0,0.0,0.0,0,False,,20000,False,,20000,False,,20000
budgets,52010,state_rotated_q,128,721,128,True,23.568140885690394,4.339509881310576,3.076254149437521,1.2632557318730586,0.0,0,True,0.0,0.00984375,1.3877787807814457e-17,1.0408340855860844e-17,8.673617379884035e-18,0,False,,20000,False,,20000,False,,20000
budgets,52010,global_scrambled_q,128,980,128,True,23.568140885690394,4.339509881310577,2.885687762114672,1.4538221191959158,0.9980435783867062,0,True,0.0,0.014267578125,0.0,0.0,0.0,0,False,,20000,False,,20000,False,,20000
budgets,52010,isotropic_q,128,823,128,True,23.568140885690394,4.339509881310576,2.916778692786163,1.4227311885244172,1.0682810078985587,0,True,0.0,0.0109765625,0.0,0.0,0.0,0,False,,20000,False,,20000,False,,20000
budgets,52010,aligned_q,256,69466,256,True,47.13628177138104,8.679019762621177,6.112791589748652,2.5662281728725116,0.0,0,False,0.8611328125,0.7164892578125,0.0,0.0,0.0,0,False,,20000,False,,20000,False,,20000
budgets,52010,state_rotated_q,256,21457,256,True,47.13628177138104,8.679019762621177,6.146034484798425,2.532985277822738,0.0,0,False,0.82578125,0.2605712890625,1.3877787807814457e-17,1.7347234759768068e-17,1.7347234759768068e-17,0,False,,20000,False,,20000,False,,20000
budgets,52010,global_scrambled_q,256,25705,256,True,47.13628177138104,8.679019762621177,5.78673691515109,2.892282847470092,2.1332864760555683,0,False,0.9470703125,0.5015869140625,0.0,0.0,0.0,0,True,12800.0,12800,True,13400.0,13400,False,,20000
budgets,52010,isotropic_q,256,20155,256,True,47.13628177138104,8.679019762621177,5.79218194709119,2.88683781552997,2.171936455307785,0,False,0.889453125,0.3509375,0.0,0.0,0.0,0,False,,20000,False,,20000,False,,20000
budgets,52010,aligned_q,512,56630,512,True,94.27256354276264,17.35803952524226,11.900278941938236,5.457760583304107,0.0,0,False,0.996875,0.9379541015625,0.0,0.0,0.0,0,True,2200.0,2200,True,2600.0,2600,True,5400.0,5400
budgets,52010,state_rotated_q,512,50013,512,True,94.27256354276264,17.35803952524226,12.361250453603896,4.9967890716384264,0.0,0,False,0.989453125,0.8407666015625,1.3877787807814457e-17,1.7347234759768068e-17,1.3877787807814457e-17,0,True,4800.0,4800,True,5000.0,5000,True,17600.0,17600
budgets,52010,global_scrambled_q,512,20800,512,True,94.27256354276264,17.35803952524226,11.572965282704349,5.785074242538005,4.350860847765965,0,False,0.90546875,0.34705078125,0.0,0.0,0.0,0,False,,20000,False,,20000,False,,20000
budgets,52010,isotropic_q,512,30004,512,True,94.27256354276264,17.35803952524226,11.5719323997787,5.786107125463628,4.345912837809118,0,False,0.8763671875,0.47919921875,0.0,0.0,0.0,0,False,,20000,False,,20000,False,,20000
budgets,52010,aligned_q,1024,47869,1024,True,188.54512708552588,34.716079050485185,23.439646617834065,11.27643243265044,0.0,0,False,0.9978515625,0.9603076171875,0.0,0.0,0.0,0,True,1400.0,1400,True,1400.0,1400,True,2200.0,2200
budgets,52010,state_rotated_q,1024,42476,1024,True,188.54512708552588,34.716079050485185,25.529269621668693,9.186809428815897,0.0,0,False,0.9986328125,0.87490234375,1.3877787807814457e-17,2.0816681711721685e-17,2.0816681711721685e-17,0,True,3600.0,3600,True,3800.0,3800,True,4200.0,4200
budgets,52010,global_scrambled_q,1024,43780,1024,True,188.54512708552588,34.716079050485185,23.11892738202833,11.597151668456254,8.778262730786555,0,False,0.989453125,0.745302734375,0.0,0.0,0.0,0,True,6200.0,6200,True,6400.0,6400,True,17400.0,17400
budgets,52010,isotropic_q,1024,37805,1024,True,188.54512708552588,34.716079050485185,23.141176770728787,11.57490227975586,8.68291112962021,0,False,0.9951171875,0.813994140625,0.0,0.0,0.0,0,True,4800.0,4800,True,5000.0,5000,True,5600.0,5600
budgets,52010,aligned_q,2048,45032,2048,True,377.0902541710523,69.43215810097104,46.59229743735709,22.83986066361141,0.0,0,False,0.9984375,0.96263671875,0.0,0.0,0.0,0,True,1200.0,1200,True,1200.0,1200,True,1800.0,1800
budgets,52010,state_rotated_q,2048,41429,2048,True,377.0902541710523,69.43215810097104,52.02944876526266,17.402709335706405,0.0,0,False,0.99765625,0.87775390625,1.3877787807814457e-17,1.7347234759768068e-17,1.7347234759768068e-17,0,True,3400.0,3400,True,3600.0,3600,True,4000.0,4000
budgets,52010,global_scrambled_q,2048,38834,2048,True,377.0902541710523,69.43215810097104,46.27529739807297,23.15686070289568,17.707069553573874,0,False,0.9974609375,0.740654296875,0.0,0.0,0.0,0,True,6400.0,6400,True,6600.0,6600,True,7400.0,7400
budgets,52010,isotropic_q,2048,39201,2048,True,377.0902541710523,69.43215810097104,46.30529414559727,23.126863955371963,17.375749826272596,0,False,0.996484375,0.7983642578125,0.0,0.0,0.0,0,True,5400.0,5400,True,5400.0,5400,True,6400.0,6400
budgets,52011,aligned_q,128,843,128,True,23.568140885690394,4.339509881310576,3.099814463600067,1.2396954177105128,0.0,0,True,0.0,0.01080078125,0.0,0.0,0.0,0,False,,20000,False,,20000,False,,20000
budgets,52011,state_rotated_q,128,865,128,True,23.568140885690394,4.339509881310576,3.099814463600068,1.2396954177105128,0.0,0,True,0.0,0.01173828125,1.3877787807814457e-17,1.7347234759768068e-17,1.3877787807814457e-17,0,False,,20000,False,,20000,False,,20000
budgets,52011,global_scrambled_q,128,1256,128,True,23.568140885690394,4.339509881310577,2.8847061141099593,1.4548037672006282,1.106427727031576,0,True,0.0,0.01802734375,0.0,0.0,0.0,0,False,,20000,False,,20000,False,,20000
budgets,52011,isotropic_q,128,601,128,True,23.568140885690397,4.339509881310575,2.873567250497962,1.465942630812617,1.0774884756434515,0,True,0.0,0.007861328125,0.0,0.0,0.0,0,False,,20000,False,,20000,False,,20000
budgets,52011,aligned_q,256,58038,256,True,47.13628177138104,8.679019762621177,6.1634640980213975,2.5155556645997623,0.0,0,False,0.84140625,0.6080078125,0.0,0.0,0.0,0,False,,20000,False,,20000,False,,20000
budgets,52011,state_rotated_q,256,28453,256,True,47.13628177138104,8.679019762621177,6.1829791113044426,2.496040651316715,0.0,0,False,0.771875,0.3421923828125,1.3877787807814457e-17,1.7347234759768068e-17,1.3877787807814457e-17,0,False,,20000,False,,20000,False,,20000
budgets,52011,global_scrambled_q,256,774,256,True,47.13628177138104,8.679019762621177,5.791295711926492,2.887724050694694,2.06282530704601,0,True,0.0,0.01072265625,0.0,0.0,0.0,0,False,,20000,False,,20000,False,,20000
budgets,52011,isotropic_q,256,39220,256,True,47.13628177138104,8.679019762621175,5.751158714858652,2.927861047762512,2.154153528897857,0,False,0.958203125,0.7207080078125,0.0,0.0,0.0,0,True,7400.0,7400,True,8400.0,8400,False,,20000
budgets,52011,aligned_q,512,56354,512,True,94.27256354276264,17.35803952524226,11.906176844259509,5.451862680982814,0.0,0,False,0.992578125,0.940302734375,0.0,0.0,0.0,0,True,1800.0,1800,True,2000.0,2000,True,8800.0,8800
budgets,52011,state_rotated_q,512,48034,512,True,94.27256354276264,17.35803952524226,12.257215424279488,5.100824100962823,0.0,0,False,0.9634765625,0.7618603515625,1.3877787807814457e-17,1.7347234759768068e-17,1.3877787807814457e-17,0,True,6000.0,6000,True,6800.0,6800,False,,20000
budgets,52011,global_scrambled_q,512,1769,512,True,94.27256354276264,17.35803952524226,11.557901266490967,5.800138258751381,4.185620617534796,0,False,0.0388671875,0.023671875,0.0,0.0,0.0,0,False,,20000,False,,20000,False,,20000
budgets,52011,isotropic_q,512,30508,512,True,94.27256354276264,17.35803952524226,11.538506607557082,5.819532917685237,4.3162388811764405,0,False,0.9353515625,0.5703955078125,0.0,0.0,0.0,0,True,11600.0,11600,False,,20000,False,,20000
budgets,52011,aligned_q,1024,48956,1024,True,188.54512708552588,34.716079050485185,23.49174415957574,11.224334890908668,0.0,0,False,0.9990234375,0.9592578125,0.0,0.0,0.0,0,True,1400.0,1400,True,1400.0,1400,True,2000.0,2000
budgets,52011,state_rotated_q,1024,42064,1024,True,188.54512708552588,34.716079050485185,25.23639362556946,9.479685424915148,0.0,0,False,0.9970703125,0.8789697265625,1.3877787807814457e-17,1.7347234759768068e-17,1.3877787807814457e-17,0,True,3400.0,3400,True,3400.0,3400,True,4200.0,4200
budgets,52011,global_scrambled_q,1024,31399,1024,True,188.54512708552588,34.716079050485185,23.083483042151418,11.632596008333078,8.707615236540061,0,False,0.9912109375,0.6061474609375,0.0,0.0,0.0,0,True,9200.0,9200,True,9400.0,9400,True,17800.0,17800
budgets,52011,isotropic_q,1024,37278,1024,True,188.54512708552588,34.716079050485185,23.11770982088219,11.598369229602463,8.63852893121077,0,False,0.9873046875,0.737158203125,0.0,0.0,0.0,0,True,6800.0,6800,True,7000.0,7000,False,,20000
budgets,52011,aligned_q,2048,45616,2048,True,377.0902541710523,69.43215810097104,46.610257718680785,22.821900382287577,0.0,0,False,0.9984375,0.9616064453125,0.0,0.0,0.0,0,True,1200.0,1200,True,1200.0,1200,True,1800.0,1800
budgets,52011,state_rotated_q,2048,41448,2048,True,377.0902541710523,69.43215810097104,51.70090387013352,17.73125423083567,0.0,0,False,0.9986328125,0.882763671875,1.3877787807814457e-17,1.7347234759768068e-17,1.7347234759768068e-17,0,True,3200.0,3200,True,3200.0,3200,True,3400.0,3400
budgets,52011,global_scrambled_q,2048,31271,2048,True,377.0902541710523,69.43215810097104,46.232521824750755,23.199636276217763,18.10528492961707,0,False,0.9970703125,0.6160693359375,0.0,0.0,0.0,0,True,9000.0,9000,True,9200.0,9200,True,10400.0,10400
budgets,52011,isotropic_q,2048,35537,2048,True,377.0902541710523,69.43215810097104,46.18903292639372,23.243125174575525,17.356727330721814,0,False,0.9892578125,0.7269580078125,0.0,0.0,0.0,0,True,7200.0,7200,True,7600.0,7600,False,,20000
budgets,52012,aligned_q,128,848,128,True,23.568140885690394,4.339509881310576,3.093945675379038,1.2455642059315415,0.0,0,True,0.0,0.0111279296875,0.0,0.0,0.0,0,False,,20000,False,,20000,False,,20000
budgets,52012,state_rotated_q,128,1004,128,True,23.568140885690394,4.339509881310577,3.093945675379039,1.2455642059315415,0.0,0,True,0.0,0.0142431640625,1.3877787807814457e-17,1.0408340855860844e-17,1.3877787807814457e-17,0,False,,20000,False,,20000,False,,20000
budgets,52012,global_scrambled_q,128,1281,128,True,23.568140885690394,4.339509881310577,2.8688843532844777,1.4706255280261105,1.214808587390514,0,True,0.0,0.0182958984375,0.0,0.0,0.0,0,False,,20000,False,,20000,False,,20000
budgets,52012,isotropic_q,128,1387,128,True,23.5681408856904,4.339509881310576,2.914792863185911,1.424717018124669,1.1227178849784072,0,True,0.0,0.0185693359375,0.0,0.0,0.0,0,False,,20000,False,,20000,False,,20000
budgets,52012,aligned_q,256,61340,256,True,47.13628177138104,8.679019762621177,6.1708759907076045,2.50814377191356,0.0,0,False,0.8296875,0.639541015625,0.0,0.0,0.0,0,False,,20000,False,,20000,False,,20000
budgets,52012,state_rotated_q,256,910,256,True,47.13628177138104,8.679019762621177,6.1951422980131525,2.4838774646080086,0.0,0,True,0.0,0.0119189453125,1.3877787807814457e-17,1.0408340855860844e-17,1.3877787807814457e-17,0,False,,20000,False,,20000,False,,20000
budgets,52012,global_scrambled_q,256,794,256,True,47.13628177138104,8.679019762621177,5.769253811267172,2.90976595135402,2.260382894930622,0,True,0.0,0.0107080078125,0.0,0.0,0.0,0,False,,20000,False,,20000,False,,20000
budgets,52012,isotropic_q,256,1044,256,True,47.13628177138105,8.679019762621177,5.793454715155123,2.8855650474660353,2.206814626582178,0,True,0.0,0.0142431640625,0.0,0.0,0.0,0,False,,20000,False,,20000,False,,20000
budgets,52012,aligned_q,512,57766,512,True,94.27256354276264,17.35803952524226,11.89605687029823,5.461982654944098,0.0,0,False,0.9923828125,0.9387451171875,0.0,0.0,0.0,0,True,2000.0,2000,True,2200.0,2200,True,14600.0,14600
budgets,52012,state_rotated_q,512,52815,512,True,94.27256354276264,17.35803952524226,12.24618155066436,5.111857974577958,0.0,0,False,0.9587890625,0.76775390625,1.3877787807814457e-17,1.7347234759768068e-17,1.3877787807814457e-17,0,True,6400.0,6400,True,8400.0,8400,False,,20000
budgets,52012,global_scrambled_q,512,35664,512,True,94.27256354276264,17.35803952524226,11.548868154519653,5.8091713707227015,4.420346485153289,0,False,0.9380859375,0.638876953125,0.0,0.0,0.0,0,True,9800.0,9800,False,,20000,False,,20000
budgets,52012,isotropic_q,512,1008,512,True,94.27256354276268,17.35803952524226,11.614926767344574,5.743112757897743,4.364860915484498,0,True,0.0,0.0137646484375,0.0,0.0,0.0,0,False,,20000,False,,20000,False,,20000
budgets,52012,aligned_q,1024,49101,1024,True,188.54512708552588,34.716079050485185,23.38200361103707,11.334075439447398,0.0,0,False,0.998828125,0.9627001953125,0.0,0.0,0.0,0,True,1200.0,1200,True,1400.0,1400,True,2400.0,2400
budgets,52012,state_rotated_q,1024,47940,1024,True,188.54512708552588,34.716079050485185,25.030300244892228,9.685778805592369,0.0,0,False,0.9953125,0.8918994140625,1.3877787807814457e-17,1.7347234759768068e-17,2.0816681711721685e-17,0,True,3000.0,3000,True,3400.0,3400,True,6000.0,6000
budgets,52012,global_scrambled_q,1024,37281,1024,True,188.54512708552588,34.716079050485185,23.14826404426957,11.56781500621504,8.831612701001749,0,False,0.9845703125,0.7357861328125,0.0,0.0,0.0,0,True,7000.0,7000,True,7200.0,7200,False,,20000
budgets,52012,isotropic_q,1024,18915,1024,True,188.5451270855259,34.716079050485185,23.19991002561955,11.516169024865086,8.708480254295846,0,False,0.85390625,0.30380859375,0.0,0.0,0.0,0,False,,20000,False,,20000,False,,20000
budgets,52012,aligned_q,2048,45860,2048,True,377.0902541710523,69.43215810097104,46.585436212272135,22.84672188869638,0.0,0,False,0.9986328125,0.9652880859375,0.0,0.0,0.0,0,True,1200.0,1200,True,1200.0,1200,True,1400.0,1400
budgets,52012,state_rotated_q,2048,41585,2048,True,377.0902541710523,69.43215810097104,51.4327532087516,17.99940489221744,0.0,0,False,0.9986328125,0.89546875,1.3877787807814457e-17,1.3877787807814457e-17,1.3877787807814457e-17,0,True,3000.0,3000,True,3000.0,3000,True,3400.0,3400
budgets,52012,global_scrambled_q,2048,36690,2048,True,377.0902541710523,69.43215810097104,46.285434636273685,23.146723464695157,17.644401231487954,0,False,0.98515625,0.688857421875,0.0,0.0,0.0,0,True,8200.0,8200,True,8600.0,8600,False,,20000
budgets,52012,isotropic_q,2048,27221,2048,True,377.0902541710524,69.43215810097104,46.4116001973934,23.02055790357583,17.4103110839499,0,False,0.9884765625,0.552421875,0.0,0.0,0.0,0,True,11000.0,11000,True,11200.0,11200,False,,20000
budgets,52013,aligned_q,128,1111,128,True,23.568140885690394,4.339509881310576,3.0961755821345336,1.2433342991760463,0.0,0,True,0.0,0.0150390625,0.0,0.0,0.0,0,False,,20000,False,,20000,False,,20000
budgets,52013,state_rotated_q,128,876,128,True,23.568140885690394,4.339509881310576,3.0961755821345336,1.2433342991760468,0.0,0,True,0.0,0.011962890625,1.3877787807814457e-17,1.0408340855860844e-17,1.0408340855860844e-17,0,False,,20000,False,,20000,False,,20000
budgets,52013,global_scrambled_q,128,980,128,True,23.568140885690394,4.339509881310577,2.8675411991233855,1.4719686821872036,0.9346548324170604,0,True,0.0,0.01341796875,0.0,0.0,0.0,0,False,,20000,False,,20000,False,,20000
budgets,52013,isotropic_q,128,1254,128,True,23.568140885690404,4.339509881310576,2.9086173832660274,1.430892498044552,1.0821598789501892,0,True,0.0,0.017373046875,0.0,0.0,0.0,0,False,,20000,False,,20000,False,,20000
budgets,52013,aligned_q,256,60710,256,True,47.13628177138104,8.679019762621177,6.176442516913702,2.5025772457074575,0.0,0,False,0.827734375,0.637265625,0.0,0.0,0.0,0,False,,20000,False,,20000,False,,20000
budgets,52013,state_rotated_q,256,1060,256,True,47.13628177138104,8.679019762621177,6.208283562172889,2.470736200448272,0.0,0,True,0.0,0.01392578125,1.3877787807814457e-17,1.0408340855860844e-17,1.0408340855860844e-17,0,False,,20000,False,,20000,False,,20000
budgets,52013,global_scrambled_q,256,23514,256,True,47.13628177138104,8.679019762621177,5.7745487183113635,2.9044710443098305,1.9816574958874429,0,False,0.8541015625,0.3356591796875,0.0,0.0,0.0,0,False,,20000,False,,20000,False,,20000
budgets,52013,isotropic_q,256,1065,256,True,47.13628177138105,8.679019762621177,5.811295440077557,2.867724322543602,2.1622591922861716,0,True,0.0,0.01470703125,0.0,0.0,0.0,0,False,,20000,False,,20000,False,,20000
budgets,52013,aligned_q,512,59856,512,True,94.27256354276264,17.35803952524226,11.922007446154208,5.436032079088127,0.0,0,False,0.9876953125,0.9407763671875,0.0,0.0,0.0,0,True,1800.0,1800,True,2400.0,2400,True,14200.0,14200
budgets,52013,state_rotated_q,512,64840,512,True,94.27256354276264,17.35803952524226,12.232671135040617,5.1253683902017055,0.0,0,False,0.9572265625,0.8111328125,1.3877787807814457e-17,1.7347234759768068e-17,1.3877787807814457e-17,0,True,5200.0,5200,True,11600.0,11600,False,,20000
budgets,52013,global_scrambled_q,512,22196,512,True,94.27256354276264,17.35803952524226,11.554198712579142,5.803840812663227,4.280434581949634,0,False,0.814453125,0.30912109375,0.0,0.0,0.0,0,False,,20000,False,,20000,False,,20000
budgets,52013,isotropic_q,512,36327,512,True,94.27256354276268,17.35803952524226,11.618178504941032,5.7398610203013005,4.327938837905436,0,False,0.9099609375,0.6046533203125,0.0,0.0,0.0,0,True,10800.0,10800,False,,20000,False,,20000
budgets,52013,aligned_q,1024,48490,1024,True,188.54512708552588,34.716079050485185,23.399919841628165,11.31615920885634,0.0,0,False,0.99765625,0.962783203125,0.0,0.0,0.0,0,True,1200.0,1200,True,1400.0,1400,True,2000.0,2000
budgets,52013,state_rotated_q,1024,45053,1024,True,188.54512708552588,34.716079050485185,25.170659223855164,9.545419826629468,0.0,0,False,0.9966796875,0.8920654296875,1.3877787807814457e-17,2.0816681711721685e-17,1.3877787807814457e-17,0,True,3200.0,3200,True,3400.0,3400,True,4200.0,4200
budgets,52013,global_scrambled_q,1024,39945,1024,True,188.54512708552588,34.716079050485185,23.120990095521833,11.595088954962764,8.690723189666597,0,False,0.9837890625,0.7912646484375,0.0,0.0,0.0,0,True,5600.0,5600,True,5800.0,5800,False,,20000
budgets,52013,isotropic_q,1024,45593,1024,True,188.5451270855259,34.716079050485185,23.20471008327778,11.511368967206858,8.67579393535012,0,False,0.978515625,0.714580078125,0.0,0.0,0.0,0,True,7000.0,7000,True,7400.0,7400,False,,20000
budgets,52013,aligned_q,2048,45542,2048,True,377.0902541710523,69.43215810097104,46.63030675423075,22.801851346737777,0.0,0,False,0.998828125,0.966005859375,0.0,0.0,0.0,0,True,1200.0,1200,True,1200.0,1200,True,1800.0,1800
budgets,52013,state_rotated_q,2048,42540,2048,True,377.0902541710523,69.43215810097104,51.42298421670214,18.009173884267053,0.0,0,False,0.9984375,0.8925439453125,1.3877787807814457e-17,2.0816681711721685e-17,1.7347234759768068e-17,0,True,3200.0,3200,True,3400.0,3400,True,3600.0,3600
budgets,52013,global_scrambled_q,2048,41616,2048,True,377.0902541710523,69.43215810097104,46.333825561993606,23.098332538975136,17.26624472998089,0,False,0.9919921875,0.788671875,0.0,0.0,0.0,0,True,5400.0,5400,True,5600.0,5600,True,14200.0,14200
budgets,52013,isotropic_q,2048,33996,2048,True,377.0902541710524,69.43215810097104,46.36056646927704,23.071591631692165,17.36540968923428,0,False,0.99609375,0.70005859375,0.0,0.0,0.0,0,True,7600.0,7600,True,7600.0,7600,True,9400.0,9400
budgets,52014,aligned_q,128,996,128,True,23.568140885690394,4.339509881310577,3.075510566762964,1.263999314547615,0.0,0,True,0.0,0.0133056640625,0.0,0.0,0.0,0,False,,20000,False,,20000,False,,20000
budgets,52014,state_rotated_q,128,987,128,True,23.568140885690394,4.339509881310576,3.0755105667629645,1.263999314547615,0.0,0,True,0.0,0.0142529296875,1.3877787807814457e-17,1.0408340855860844e-17,1.0408340855860844e-17,0,False,,20000,False,,20000,False,,20000
budgets,52014,global_scrambled_q,128,942,128,True,23.568140885690394,4.339509881310576,2.893026771909604,1.4464831094009842,1.089472022230752,0,True,0.0,0.0128564453125,0.0,0.0,0.0,0,False,,20000,False,,20000,False,,20000
budgets,52014,isotropic_q,128,847,128,True,23.568140885690397,4.339509881310577,2.899460386432729,1.4400494948778493,1.0895206868824512,0,True,0.0,0.0118310546875,0.0,0.0,0.0,0,False,,20000,False,,20000,False,,20000
budgets,52014,aligned_q,256,62453,256,True,47.13628177138104,8.679019762621177,6.107417365440821,2.5716023971803335,0.0,0,False,0.85546875,0.68990234375,0.0,0.0,0.0,0,False,,20000,False,,20000,False,,20000
budgets,52014,state_rotated_q,256,12886,256,True,47.13628177138104,8.679019762621177,6.144654424227967,2.534365338393192,0.0,0,False,0.515234375,0.158994140625,1.3877787807814457e-17,1.3877787807814457e-17,1.0408340855860844e-17,0,False,,20000,False,,20000,False,,20000
budgets,52014,global_scrambled_q,256,1137,256,True,47.13628177138104,8.679019762621177,5.793476611152394,2.8855431514687897,1.9780577526978127,0,True,0.0,0.0158642578125,0.0,0.0,0.0,0,False,,20000,False,,20000,False,,20000
budgets,52014,isotropic_q,256,1321,256,True,47.13628177138104,8.679019762621177,5.76303462338244,2.9159851392387193,2.194664806109707,0,True,0.0,0.0191455078125,0.0,0.0,0.0,0,False,,20000,False,,20000,False,,20000
budgets,52014,aligned_q,512,56792,512,True,94.27256354276264,17.35803952524226,11.895072702325676,5.462966822916656,0.0,0,False,0.9919921875,0.9295361328125,0.0,0.0,0.0,0,True,2200.0,2200,True,3200.0,3200,True,8400.0,8400
budgets,52014,state_rotated_q,512,49664,512,True,94.27256354276264,17.35803952524226,12.19061765058838,5.167421874653932,0.0,0,False,0.93671875,0.6465234375,1.3877787807814457e-17,1.3877787807814457e-17,1.3877787807814457e-17,0,True,11200.0,11200,False,,20000,False,,20000
budgets,52014,global_scrambled_q,512,785,512,True,94.27256354276264,17.35803952524226,11.571091407753077,5.786948117489286,4.337347757558754,0,True,0.0,0.0105517578125,0.0,0.0,0.0,0,False,,20000,False,,20000,False,,20000
budgets,52014,isotropic_q,512,1268,512,True,94.27256354276264,17.35803952524226,11.572015347306657,5.7860241779356585,4.379385139086539,0,True,0.0,0.0184033203125,0.0,0.0,0.0,0,False,,20000,False,,20000,False,,20000
budgets,52014,aligned_q,1024,47097,1024,True,188.54512708552588,34.716079050485185,23.382596769385927,11.333482281098563,0.0,0,False,0.9978515625,0.96119140625,0.0,0.0,0.0,0,True,1200.0,1200,True,1400.0,1400,True,2200.0,2200
budgets,52014,state_rotated_q,1024,45919,1024,True,188.54512708552588,34.716079050485185,25.130153934949604,9.585925115535051,0.0,0,False,0.998046875,0.881728515625,1.3877787807814457e-17,1.3877787807814457e-17,1.7347234759768068e-17,0,True,3400.0,3400,True,3400.0,3400,True,4000.0,4000
budgets,52014,global_scrambled_q,1024,26299,1024,True,188.54512708552588,34.716079050485185,23.18756809702014,11.528510953464457,8.71945064610903,0,False,0.9587890625,0.476259765625,0.0,0.0,0.0,0,True,13000.0,13000,True,13600.0,13600,False,,20000
budgets,52014,isotropic_q,1024,44568,1024,True,188.54512708552588,34.716079050485185,23.159009235981188,11.557069814503455,8.709632509170982,0,False,0.930078125,0.668232421875,0.0,0.0,0.0,0,True,8800.0,8800,False,,20000,False,,20000
budgets,52014,aligned_q,2048,44863,2048,True,377.0902541710523,69.43215810097104,46.53020304978122,22.901955051187254,0.0,0,False,0.9986328125,0.9632861328125,0.0,0.0,0.0,0,True,1200.0,1200,True,1200.0,1200,True,1800.0,1800
budgets,52014,state_rotated_q,2048,41954,2048,True,377.0902541710523,69.43215810097104,51.57807380948874,17.85408429148052,0.0,0,False,0.9986328125,0.891357421875,1.3877787807814457e-17,1.7347234759768068e-17,1.7347234759768068e-17,0,True,3000.0,3000,True,3200.0,3200,True,3400.0,3400
budgets,52014,global_scrambled_q,2048,29568,2048,True,377.0902541710523,69.43215810097104,46.32065821293283,23.11149988803573,17.305277491976874,0,False,0.991796875,0.59291015625,0.0,0.0,0.0,0,True,9600.0,9600,True,9800.0,9800,True,16600.0,16600
budgets,52014,isotropic_q,2048,36731,2048,True,377.0902541710523,69.43215810097104,46.32262309930405,23.109535001665098,17.39583650172976,0,False,0.9974609375,0.7331689453125,0.0,0.0,0.0,0,True,6800.0,6800,True,7000.0,7000,True,8600.0,8600
budgets,52015,aligned_q,128,1205,128,True,23.568140885690394,4.339509881310576,3.078752237487123,1.260757643823458,0.0,0,True,0.0,0.0163818359375,0.0,0.0,0.0,0,False,,20000,False,,20000,False,,20000
budgets,52015,state_rotated_q,128,827,128,True,23.568140885690394,4.339509881310577,3.078752237487123,1.2607576438234582,0.0,0,True,0.0,0.0110888671875,1.3877787807814457e-17,1.0408340855860844e-17,8.673617379884035e-18,0,False,,20000,False,,20000,False,,20000
budgets,52015,global_scrambled_q,128,829,128,True,23.568140885690394,4.339509881310577,2.894256003373256,1.4452538779373336,1.0581254935174509,0,True,0.0,0.0116259765625,0.0,0.0,0.0,0,False,,20000,False,,20000,False,,20000
budgets,52015,isotropic_q,128,1050,128,True,23.5681408856904,4.339509881310576,2.893920273010099,1.4455896083004804,1.0796049430933892,0,True,0.0,0.0145751953125,0.0,0.0,0.0,0,False,,20000,False,,20000,False,,20000
budgets,52015,aligned_q,256,55713,256,True,47.13628177138104,8.679019762621177,6.179434461897622,2.4995853007235422,0.0,0,False,0.85,0.5805322265625,0.0,0.0,0.0,0,False,,20000,False,,20000,False,,20000
budgets,52015,state_rotated_q,256,36995,256,True,47.13628177138104,8.679019762621177,6.191539118297504,2.4874806443236515,0.0,0,False,0.796484375,0.3926025390625,1.3877787807814457e-17,1.7347234759768068e-17,1.3877787807814457e-17,0,False,,20000,False,,20000,False,,20000
budgets,52015,global_scrambled_q,256,1049,256,True,47.13628177138104,8.679019762621177,5.802319103566456,2.8767006590547353,2.1848925248661586,0,True,0.0,0.0143505859375,0.0,0.0,0.0,0,False,,20000,False,,20000,False,,20000
budgets,52015,isotropic_q,256,889,256,True,47.13628177138105,8.679019762621177,5.800411288904055,2.878608473717102,2.1704519408162253,0,True,0.0,0.0119677734375,0.0,0.0,0.0,0,False,,20000,False,,20000,False,,20000
budgets,52015,aligned_q,512,52146,512,True,94.27256354276264,17.35803952524226,11.912977225339384,5.445062299902958,0.0,0,False,0.995703125,0.9519873046875,0.0,0.0,0.0,0,True,1600.0,1600,True,1800.0,1800,True,4200.0,4200
budgets,52015,state_rotated_q,512,56064,512,True,94.27256354276264,17.35803952524226,12.245396067617698,5.112643457624614,0.0,0,False,0.983984375,0.8619482421875,1.3877787807814457e-17,2.0816681711721685e-17,1.7347234759768068e-17,0,True,3600.0,3600,True,4600.0,4600,False,,20000
budgets,52015,global_scrambled_q,512,919,512,True,94.27256354276264,17.35803952524226,11.580439380485986,5.777600144756373,4.362793183975912,0,True,0.0,0.0125537109375,0.0,0.0,0.0,0,False,,20000,False,,20000,False,,20000
budgets,52015,isotropic_q,512,1309,512,True,94.27256354276268,17.35803952524226,11.565405538550454,5.792633986691851,4.356314275225227,0,True,0.0,0.0182861328125,0.0,0.0,0.0,0,False,,20000,False,,20000,False,,20000
budgets,52015,aligned_q,1024,45890,1024,True,188.54512708552588,34.716079050485185,23.465958295867065,11.250120754617404,0.0,0,False,0.9978515625,0.96138671875,0.0,0.0,0.0,0,True,1200.0,1200,True,1400.0,1400,True,2000.0,2000
budgets,52015,state_rotated_q,1024,49627,1024,True,188.54512708552588,34.716079050485185,25.16406453990867,9.552014510575956,0.0,0,False,0.996484375,0.9072802734375,1.3877787807814457e-17,1.7347234759768068e-17,1.7347234759768068e-17,0,True,2800.0,2800,True,3000.0,3000,True,4400.0,4400
budgets,52015,global_scrambled_q,1024,6331,1024,True,188.54512708552588,34.716079050485185,23.12120718316321,11.59487186732138,8.572894080525009,0,False,0.3171875,0.1003955078125,0.0,0.0,0.0,0,False,,20000,False,,20000,False,,20000
budgets,52015,isotropic_q,1024,37246,1024,True,188.5451270855259,34.716079050485185,23.12754271632403,11.5885363341606,8.666680220309653,0,False,0.941796875,0.595234375,0.0,0.0,0.0,0,True,11000.0,11000,False,,20000,False,,20000
budgets,52015,aligned_q,2048,44418,2048,True,377.0902541710523,69.43215810097104,46.73347276543667,22.698685335531817,0.0,0,False,0.9990234375,0.9633349609375,0.0,0.0,0.0,0,True,1200.0,1200,True,1200.0,1200,True,1600.0,1600
budgets,52015,state_rotated_q,2048,43030,2048,True,377.0902541710523,69.43215810097104,51.34028482899713,18.091873271972062,0.0,0,False,0.9994140625,0.9136181640625,1.3877787807814457e-17,2.0816681711721685e-17,1.7347234759768068e-17,0,True,2600.0,2600,True,2600.0,2600,True,3000.0,3000
budgets,52015,global_scrambled_q,2048,36009,2048,True,377.0902541710523,69.43215810097104,46.24609418658373,23.186063914384675,17.3708576633024,0,False,0.9921875,0.648466796875,0.0,0.0,0.0,0,True,8200.0,8200,True,8200.0,8200,True,11000.0,11000
budgets,52015,isotropic_q,2048,38315,2048,True,377.0902541710524,69.43215810097104,46.32237831752156,23.1097797834477,17.40964023677805,0,False,0.991796875,0.697666015625,0.0,0.0,0.0,0,True,7400.0,7400,True,7600.0,7600,True,14200.0,14200
budgets,52016,aligned_q,128,955,128,True,23.568140885690394,4.339509881310576,3.0964017523644825,1.2431081289460977,0.0,0,True,0.0,0.0127294921875,0.0,0.0,0.0,0,False,,20000,False,,20000,False,,20000
budgets,52016,state_rotated_q,128,1037,128,True,23.568140885690394,4.339509881310577,3.0964017523644825,1.2431081289460977,0.0,0,True,0.0,0.0139013671875,1.3877787807814457e-17,1.0408340855860844e-17,1.0408340855860844e-17,0,False,,20000,False,,20000,False,,20000
budgets,52016,global_scrambled_q,128,879,128,True,23.568140885690394,4.339509881310577,2.8984309352592477,1.441078946051341,1.0699197724152067,0,True,0.0,0.0119287109375,0.0,0.0,0.0,0,False,,20000,False,,20000,False,,20000
budgets,52016,isotropic_q,128,921,128,True,23.568140885690397,4.339509881310576,2.907761318798692,1.4317485625118875,1.1023217437181745,0,True,0.0,0.0125341796875,0.0,0.0,0.0,0,False,,20000,False,,20000,False,,20000
budgets,52016,aligned_q,256,873,256,True,47.13628177138104,8.679019762621177,6.222301152222225,2.4567186103989416,0.0,0,True,0.0,0.0114501953125,0.0,0.0,0.0,0,False,,20000,False,,20000,False,,20000
budgets,52016,state_rotated_q,256,999,256,True,47.13628177138104,8.679019762621177,6.218958211861681,2.4600615507594843,0.0,0,True,0.0,0.0135009765625,1.3877787807814457e-17,1.0408340855860844e-17,1.0408340855860844e-17,0,False,,20000,False,,20000,False,,20000
budgets,52016,global_scrambled_q,256,842,256,True,47.13628177138104,8.679019762621177,5.799756866116366,2.879262896504827,2.1920750571105545,0,True,0.0,0.0114697265625,0.0,0.0,0.0,0,False,,20000,False,,20000,False,,20000
budgets,52016,isotropic_q,256,5844,256,True,47.13628177138104,8.679019762621177,5.797991911734918,2.881027850886238,2.19003176747131,0,False,0.1802734375,0.08375,0.0,0.0,0.0,0,False,,20000,False,,20000,False,,20000
budgets,52016,aligned_q,512,63035,512,True,94.27256354276264,17.35803952524226,11.949563459288596,5.408476065953745,0.0,0,False,0.9873046875,0.927724609375,0.0,0.0,0.0,0,True,2000.0,2000,True,2200.0,2200,False,,20000
budgets,52016,state_rotated_q,512,48828,512,True,94.27256354276264,17.35803952524226,12.302782395422511,5.055257129819828,0.0,0,False,0.9798828125,0.8384765625,1.3877787807814457e-17,1.3877787807814457e-17,1.3877787807814457e-17,0,True,4800.0,4800,True,5800.0,5800,False,,20000
budgets,52016,global_scrambled_q,512,877,512,True,94.27256354276264,17.35803952524226,11.60602041574388,5.75201910949848,4.397535842396207,0,True,0.0,0.0123291015625,0.0,0.0,0.0,0,False,,20000,False,,20000,False,,20000
budgets,52016,isotropic_q,512,1115,512,True,94.27256354276264,17.35803952524226,11.599689790252135,5.758349734990173,4.360203740977882,0,True,0.0,0.0150634765625,0.0,0.0,0.0,0,False,,20000,False,,20000,False,,20000
budgets,52016,aligned_q,1024,48491,1024,True,188.54512708552588,34.716079050485185,23.47545926672405,11.24061978376047,0.0,0,False,0.9990234375,0.9600341796875,0.0,0.0,0.0,0,True,1400.0,1400,True,1400.0,1400,True,2000.0,2000
budgets,52016,state_rotated_q,1024,45685,1024,True,188.54512708552588,34.716079050485185,25.106704199731425,9.60937485075321,0.0,0,False,0.9990234375,0.913681640625,1.3877787807814457e-17,1.7347234759768068e-17,1.7347234759768068e-17,0,True,2600.0,2600,True,2800.0,2800,True,3400.0,3400
budgets,52016,global_scrambled_q,1024,35741,1024,True,188.54512708552588,34.716079050485185,23.172892938053543,11.543186112431052,8.582204052592152,0,False,0.9767578125,0.646455078125,0.0,0.0,0.0,0,True,8600.0,8600,True,8800.0,8800,False,,20000
budgets,52016,isotropic_q,1024,36351,1024,True,188.54512708552588,34.716079050485185,23.153786468300833,11.56229258218378,8.750532791357353,0,False,0.970703125,0.64525390625,0.0,0.0,0.0,0,True,8600.0,8600,True,9600.0,9600,False,,20000
budgets,52016,aligned_q,2048,44692,2048,True,377.0902541710523,69.43215810097104,46.502915839388976,22.92924226157961,0.0,0,False,0.997265625,0.9620849609375,0.0,0.0,0.0,0,True,1200.0,1200,True,1200.0,1200,True,1600.0,1600
budgets,52016,state_rotated_q,2048,42376,2048,True,377.0902541710523,69.43215810097104,51.479403695912275,17.952754405056908,0.0,0,False,0.9998046875,0.9150244140625,1.3877787807814457e-17,1.7347234759768068e-17,1.7347234759768068e-17,0,True,2600.0,2600,True,2600.0,2600,True,2800.0,2800
budgets,52016,global_scrambled_q,2048,33233,2048,True,377.0902541710523,69.43215810097104,46.29762407801575,23.134534022953197,17.16579839929273,0,False,0.992578125,0.6054638671875,0.0,0.0,0.0,0,True,10000.0,10000,True,10800.0,10800,True,18200.0,18200
budgets,52016,isotropic_q,2048,34472,2048,True,377.0902541710523,69.43215810097104,46.30540004167401,23.126758059295252,17.434142498085347,0,False,0.9935546875,0.684482421875,0.0,0.0,0.0,0,True,7600.0,7600,True,7800.0,7800,True,13200.0,13200
budgets,52017,aligned_q,128,1273,128,True,23.568140885690394,4.339509881310576,3.084914027156783,1.2545958541537978,0.0,0,True,0.0,0.0172021484375,0.0,0.0,0.0,0,False,,20000,False,,20000,False,,20000
budgets,52017,state_rotated_q,128,1061,128,True,23.568140885690394,4.339509881310576,3.084914027156783,1.2545958541537978,0.0,0,True,0.0,0.0144287109375,1.3877787807814457e-17,1.0408340855860844e-17,6.938893903907228e-18,0,False,,20000,False,,20000,False,,20000
budgets,52017,global_scrambled_q,128,1292,128,True,23.568140885690394,4.339509881310576,2.897415422853717,1.442094458456872,1.1217580223087504,0,True,0.0,0.0179345703125,0.0,0.0,0.0,0,False,,20000,False,,20000,False,,20000
budgets,52017,isotropic_q,128,7033,128,True,23.5681408856904,4.339509881310577,2.894529857939109,1.4449800233714696,1.1023109069012476,0,False,0.14765625,0.0938330078125,0.0,0.0,0.0,0,False,,20000,False,,20000,False,,20000
budgets,52017,aligned_q,256,56793,256,True,47.13628177138104,8.679019762621177,6.20788109597512,2.4711386666460458,0.0,0,False,0.7974609375,0.592548828125,0.0,0.0,0.0,0,False,,20000,False,,20000,False,,20000
budgets,52017,state_rotated_q,256,954,256,True,47.13628177138104,8.679019762621177,6.20346727720005,2.475552485421108,0.0,0,True,0.0,0.0127294921875,1.3877787807814457e-17,1.3877787807814457e-17,1.0408340855860844e-17,0,False,,20000,False,,20000,False,,20000
budgets,52017,global_scrambled_q,256,2387,256,True,47.13628177138104,8.679019762621177,5.785691951105991,2.893327811515201,2.1809580671421207,0,True,0.0,0.0324658203125,0.0,0.0,0.0,0,False,,20000,False,,20000,False,,20000
budgets,52017,isotropic_q,256,952,256,True,47.13628177138105,8.679019762621177,5.788874360277921,2.8901454023432382,2.167912031115528,0,True,0.0,0.0129833984375,0.0,0.0,0.0,0,False,,20000,False,,20000,False,,20000
budgets,52017,aligned_q,512,46902,512,True,94.27256354276264,17.35803952524226,11.951063238302208,5.406976286940117,0.0,0,False,0.996875,0.9473388671875,0.0,0.0,0.0,0,True,1600.0,1600,True,2000.0,2000,True,6000.0,6000
budgets,52017,state_rotated_q,512,59941,512,True,94.27256354276264,17.35803952524226,12.23880503798484,5.119234487257485,0.0,0,False,0.8990234375,0.71474609375,1.3877787807814457e-17,1.7347234759768068e-17,1.3877787807814457e-17,0,False,,20000,False,,20000,False,,20000
budgets,52017,global_scrambled_q,512,18100,512,True,94.27256354276264,17.35803952524226,11.564914308203464,5.793125217038894,4.279437771764173,0,False,0.9107421875,0.3469970703125,0.0,0.0,0.0,0,True,19000.0,19000,False,,20000,False,,20000
budgets,52017,isotropic_q,512,3091,512,True,94.27256354276268,17.35803952524226,11.58020754491531,5.777831980327016,4.36213145956476,0,False,0.0193359375,0.042080078125,0.0,0.0,0.0,0,False,,20000,False,,20000,False,,20000
budgets,52017,aligned_q,1024,49639,1024,True,188.54512708552588,34.716079050485185,23.448867419469295,11.2672116310152,0.0,0,False,0.9986328125,0.9618408203125,0.0,0.0,0.0,0,True,1400.0,1400,True,1400.0,1400,True,3000.0,3000
budgets,52017,state_rotated_q,1024,49366,1024,True,188.54512708552588,34.716079050485185,25.08127508616756,9.634803964317062,0.0,0,False,0.9939453125,0.892333984375,1.3877787807814457e-17,2.0816681711721685e-17,1.7347234759768068e-17,0,True,3000.0,3000,True,3200.0,3200,True,11200.0,11200
budgets,52017,global_scrambled_q,1024,36287,1024,True,188.54512708552588,34.716079050485185,23.196417182170727,11.519661868313882,8.668022546733534,0,False,0.896875,0.57357421875,0.0,0.0,0.0,0,True,13000.0,13000,False,,20000,False,,20000
budgets,52017,isotropic_q,1024,40813,1024,True,188.5451270855259,34.716079050485185,23.155827159339204,11.560251891145482,8.70843737441787,0,False,0.9923828125,0.7041748046875,0.0,0.0,0.0,0,True,7200.0,7200,True,7400.0,7400,True,17400.0,17400
budgets,52017,aligned_q,2048,45322,2048,True,377.0902541710523,69.43215810097104,46.585791905628845,22.84636619533969,0.0,0,False,0.998046875,0.9657373046875,0.0,0.0,0.0,0,True,1200.0,1200,True,1200.0,1200,True,2000.0,2000
budgets,52017,state_rotated_q,2048,44403,2048,True,377.0902541710523,69.43215810097104,51.23648321567437,18.195674885294807,0.0,0,False,0.9990234375,0.895791015625,1.3877787807814457e-17,2.0816681711721685e-17,1.7347234759768068e-17,0,True,3200.0,3200,True,3200.0,3200,True,3400.0,3400
budgets,52017,global_scrambled_q,2048,34339,2048,True,377.0902541710523,69.43215810097104,46.33816489276189,23.09399320820706,17.167445582323506,0,False,0.9962890625,0.7238671875,0.0,0.0,0.0,0,True,7200.0,7200,True,7200.0,7200,True,8800.0,8800
budgets,52017,isotropic_q,2048,36396,2048,True,377.0902541710524,69.43215810097104,46.32501283695047,23.10714526401883,17.34427647448361,0,False,0.996484375,0.7077294921875,0.0,0.0,0.0,0,True,7000.0,7000,True,7000.0,7000,True,7200.0,7200
budgets,52018,aligned_q,128,916,128,True,23.568140885690394,4.339509881310576,3.1030669696869047,1.2364429116236744,0.0,0,True,0.0,0.012265625,0.0,0.0,0.0,0,False,,20000,False,,20000,False,,20000
budgets,52018,state_rotated_q,128,1086,128,True,23.568140885690394,4.339509881310576,3.1030669696869047,1.2364429116236744,0.0,0,True,0.0,0.015234375,1.3877787807814457e-17,1.0408340855860844e-17,1.0408340855860844e-17,0,False,,20000,False,,20000,False,,20000
budgets,52018,global_scrambled_q,128,1049,128,True,23.568140885690394,4.339509881310577,2.889827681597719,1.44968219971287,1.0600864778405632,0,True,0.0,0.01470703125,0.0,0.0,0.0,0,False,,20000,False,,20000,False,,20000
budgets,52018,isotropic_q,128,917,128,True,23.568140885690397,4.339509881310576,2.8854728595314127,1.4540370217791652,1.075667980067404,0,True,0.0,0.012548828125,0.0,0.0,0.0,0,False,,20000,False,,20000,False,,20000
budgets,52018,aligned_q,256,68223,256,True,47.13628177138104,8.679019762621177,6.200640749027488,2.478379013593673,0.0,0,False,0.8779296875,0.7370166015625,0.0,0.0,0.0,0,False,,20000,False,,20000,False,,20000
budgets,52018,state_rotated_q,256,52012,256,True,47.13628177138104,8.679019762621177,6.2216596561248085,2.457360106496354,0.0,0,False,0.7923828125,0.55740234375,1.3877787807814457e-17,1.7347234759768068e-17,1.3877787807814457e-17,0,False,,20000,False,,20000,False,,20000
budgets,52018,global_scrambled_q,256,805,256,True,47.13628177138104,8.679019762621177,5.785185462646859,2.8938342999743294,2.131586614158182,0,True,0.0,0.010888671875,0.0,0.0,0.0,0,False,,20000,False,,20000,False,,20000
budgets,52018,isotropic_q,256,981,256,True,47.13628177138104,8.679019762621177,5.786804513576103,2.8922152490450537,2.1406871946786827,0,True,0.0,0.013447265625,0.0,0.0,0.0,0,False,,20000,False,,20000,False,,20000
budgets,52018,aligned_q,512,55576,512,True,94.27256354276264,17.35803952524226,11.923312155393004,5.434727369849326,0.0,0,False,0.9892578125,0.9313623046875,0.0,0.0,0.0,0,True,2000.0,2000,True,2200.0,2200,True,9400.0,9400
budgets,52018,state_rotated_q,512,49147,512,True,94.27256354276264,17.35803952524226,12.36597528706981,4.992064238172501,0.0,0,False,0.9958984375,0.863935546875,1.3877787807814457e-17,1.7347234759768068e-17,1.7347234759768068e-17,0,True,4200.0,4200,True,4800.0,4800,True,12600.0,12600
budgets,52018,global_scrambled_q,512,32478,512,True,94.27256354276264,17.35803952524226,11.529529255239815,5.828510270002542,4.299845107774513,0,False,0.9318359375,0.606611328125,0.0,0.0,0.0,0,True,10200.0,10200,False,,20000,False,,20000
budgets,52018,isotropic_q,512,6765,512,True,94.27256354276264,17.35803952524226,11.566425975225831,5.791613550016483,4.322593022531973,0,False,0.209375,0.097568359375,0.0,0.0,0.0,0,False,,20000,False,,20000,False,,20000
budgets,52018,aligned_q,1024,47022,1024,True,188.54512708552588,34.716079050485185,23.543417878104588,11.17266117237991,0.0,0,False,0.9986328125,0.9612158203125,0.0,0.0,0.0,0,True,1200.0,1200,True,1400.0,1400,True,2400.0,2400
budgets,52018,state_rotated_q,1024,48950,1024,True,188.54512708552588,34.716079050485185,25.458007838484633,9.258071211999995,0.0,0,False,0.9962890625,0.91712890625,1.3877787807814457e-17,2.0816681711721685e-17,1.7347234759768068e-17,0,True,2400.0,2400,True,2600.0,2600,True,3000.0,3000
budgets,52018,global_scrambled_q,1024,40890,1024,True,188.54512708552588,34.716079050485185,23.105632820502695,11.610446229981877,8.68260275926784,0,False,0.9876953125,0.763955078125,0.0,0.0,0.0,0,True,5800.0,5800,True,6200.0,6200,True,18000.0,18000
budgets,52018,isotropic_q,1024,30782,1024,True,188.54512708552588,34.716079050485185,23.163756288384384,11.552322762100218,8.651793907359906,0,False,0.987109375,0.63275390625,0.0,0.0,0.0,0,True,8800.0,8800,True,9200.0,9200,False,,20000
budgets,52018,aligned_q,2048,45521,2048,True,377.0902541710523,69.43215810097104,46.778616735035925,22.65354136593253,0.0,0,False,0.9984375,0.9640283203125,0.0,0.0,0.0,0,True,1200.0,1200,True,1200.0,1200,True,1600.0,1600
budgets,52018,state_rotated_q,2048,43393,2048,True,377.0902541710523,69.43215810097104,51.86713947384872,17.565018627120338,0.0,0,False,0.9986328125,0.9173876953125,1.3877787807814457e-17,2.0816681711721685e-17,1.7347234759768068e-17,0,True,2400.0,2400,True,2600.0,2600,True,3000.0,3000
budgets,52018,global_scrambled_q,2048,40697,2048,True,377.0902541710523,69.43215810097104,46.22899371086591,23.20316439010271,17.200848338209813,0,False,0.991796875,0.7551708984375,0.0,0.0,0.0,0,True,6200.0,6200,True,6600.0,6600,True,15200.0,15200
budgets,52018,isotropic_q,2048,32863,2048,True,377.0902541710523,69.43215810097104,46.37453440052565,23.057623700443575,17.330591087341364,0,False,0.9890625,0.643984375,0.0,0.0,0.0,0,True,8400.0,8400,True,8600.0,8600,True,13400.0,13400
budgets,52019,aligned_q,128,1135,128,True,23.568140885690394,4.339509881310576,3.069641977568901,1.2698679037416782,0.0,0,True,0.0,0.01498046875,0.0,0.0,0.0,0,False,,20000,False,,20000,False,,20000
budgets,52019,state_rotated_q,128,871,128,True,23.568140885690394,4.339509881310576,3.069641977568902,1.2698679037416782,0.0,0,True,0.0,0.01154296875,1.3877787807814457e-17,1.0408340855860844e-17,1.0408340855860844e-17,0,False,,20000,False,,20000,False,,20000
budgets,52019,global_scrambled_q,128,808,128,True,23.568140885690394,4.339509881310576,2.896151925657904,1.4433579556526854,1.2843991065977902,0,True,0.0,0.010751953125,0.0,0.0,0.0,0,False,,20000,False,,20000,False,,20000
budgets,52019,isotropic_q,128,1136,128,True,23.568140885690397,4.339509881310577,2.8924022009697508,1.4471076803408285,1.1015354455331594,0,True,0.0,0.015458984375,0.0,0.0,0.0,0,False,,20000,False,,20000,False,,20000
budgets,52019,aligned_q,256,48470,256,True,47.13628177138104,8.679019762621177,6.194618216070831,2.484401546550329,0.0,0,False,0.7869140625,0.5196484375,0.0,0.0,0.0,0,False,,20000,False,,20000,False,,20000
budgets,52019,state_rotated_q,256,1090,256,True,47.13628177138104,8.679019762621177,6.191406399169015,2.4876133634521467,0.0,0,True,0.0,0.014912109375,1.3877787807814457e-17,1.0408340855860844e-17,1.0408340855860844e-17,0,False,,20000,False,,20000,False,,20000
budgets,52019,global_scrambled_q,256,921,256,True,47.13628177138104,8.679019762621177,5.79143451157238,2.887585251048814,2.4757360326418545,0,True,0.0,0.012529296875,0.0,0.0,0.0,0,False,,20000,False,,20000,False,,20000
budgets,52019,isotropic_q,256,1141,256,True,47.13628177138104,8.679019762621177,5.808102945336774,2.8709168172843857,2.181062883899574,0,True,0.0,0.0162109375,0.0,0.0,0.0,0,False,,20000,False,,20000,False,,20000
budgets,52019,aligned_q,512,53863,512,True,94.27256354276264,17.35803952524226,11.918935351430404,5.439104173811938,0.0,0,False,0.9935546875,0.9321630859375,0.0,0.0,0.0,0,True,2200.0,2200,True,2600.0,2600,True,11600.0,11600
budgets,52019,state_rotated_q,512,49100,512,True,94.27256354276264,17.35803952524226,12.178483684879849,5.1795558403624655,0.0,0,False,0.99140625,0.85953125,1.3877787807814457e-17,1.3877787807814457e-17,1.3877787807814457e-17,0,True,4000.0,4000,True,4200.0,4200,False,,20000
budgets,52019,global_scrambled_q,512,20385,512,True,94.27256354276264,17.35803952524226,11.539359093388128,5.818680431854223,4.646907001435688,0,False,0.9115234375,0.3666357421875,0.0,0.0,0.0,0,False,,20000,False,,20000,False,,20000
budgets,52019,isotropic_q,512,17840,512,True,94.27256354276264,17.35803952524226,11.603011805149352,5.755027720092964,4.332018025498273,0,False,0.6541015625,0.232177734375,0.0,0.0,0.0,0,False,,20000,False,,20000,False,,20000
budgets,52019,aligned_q,1024,46878,1024,True,188.54512708552588,34.716079050485185,23.472605418814297,11.243473631670163,0.0,0,False,0.9984375,0.9611328125,0.0,0.0,0.0,0,True,1200.0,1200,True,1400.0,1400,True,2400.0,2400
budgets,52019,state_rotated_q,1024,46310,1024,True,188.54512708552588,34.716079050485185,25.078775378609087,9.637303671875497,0.0,0,False,0.996875,0.908857421875,1.3877787807814457e-17,1.7347234759768068e-17,1.3877787807814457e-17,0,True,2800.0,2800,True,2800.0,2800,True,7800.0,7800
budgets,52019,global_scrambled_q,1024,42300,1024,True,188.54512708552588,34.716079050485185,23.10004366168303,11.616035388801478,8.978051154495356,0,False,0.9921875,0.80703125,0.0,0.0,0.0,0,True,4800.0,4800,True,5000.0,5000,True,6200.0,6200
budgets,52019,isotropic_q,1024,39198,1024,True,188.54512708552588,34.716079050485185,23.19300774496225,11.523071305522397,8.716112432412961,0,False,0.986328125,0.7662353515625,0.0,0.0,0.0,0,True,5800.0,5800,True,5800.0,5800,False,,20000
budgets,52019,aligned_q,2048,45147,2048,True,377.0902541710523,69.43215810097104,46.76851359368043,22.663644507288105,0.0,0,False,0.9984375,0.9624755859375,0.0,0.0,0.0,0,True,1200.0,1200,True,1400.0,1400,True,1800.0,1800
budgets,52019,state_rotated_q,2048,43849,2048,True,377.0902541710523,69.43215810097104,51.38133552468293,18.05082257628635,0.0,0,False,0.9984375,0.90908203125,1.3877787807814457e-17,2.0816681711721685e-17,1.3877787807814457e-17,0,True,2800.0,2800,True,3000.0,3000,True,3400.0,3400
budgets,52019,global_scrambled_q,2048,39942,2048,True,377.0902541710523,69.43215810097104,46.256907743682646,23.175250357285815,17.794624514788303,0,False,0.99609375,0.794150390625,0.0,0.0,0.0,0,True,5200.0,5200,True,5400.0,5400,True,6200.0,6200
budgets,52019,isotropic_q,2048,38867,2048,True,377.0902541710523,69.43215810097104,46.35725148474282,23.07490661622647,17.354052458946345,0,False,0.9896484375,0.7319775390625,0.0,0.0,0.0,0,True,6600.0,6600,True,6800.0,6800,False,,20000
budgets,52000,none,0,1042,0,False,0.0,0.0,0.0,0.0,0.0,0,True,0.0,0.0137060546875,0.0,0.0,0.0,0,False,,20000,False,,20000,False,,20000
budgets,52001,none,0,842,0,False,0.0,0.0,0.0,0.0,0.0,0,True,0.0,0.0114990234375,0.0,0.0,0.0,0,False,,20000,False,,20000,False,,20000
budgets,52002,none,0,763,0,False,0.0,0.0,0.0,0.0,0.0,0,True,0.0,0.009873046875,0.0,0.0,0.0,0,False,,20000,False,,20000,False,,20000
budgets,52003,none,0,882,0,False,0.0,0.0,0.0,0.0,0.0,0,True,0.0,0.012138671875,0.0,0.0,0.0,0,False,,20000,False,,20000,False,,20000
budgets,52004,none,0,1079,0,False,0.0,0.0,0.0,0.0,0.0,0,True,0.0,0.0146923828125,0.0,0.0,0.0,0,False,,20000,False,,20000,False,,20000
budgets,52005,none,0,1096,0,False,0.0,0.0,0.0,0.0,0.0,0,True,0.0,0.01525390625,0.0,0.0,0.0,0,False,,20000,False,,20000,False,,20000
budgets,52006,none,0,1048,0,False,0.0,0.0,0.0,0.0,0.0,0,True,0.0,0.0143310546875,0.0,0.0,0.0,0,False,,20000,False,,20000,False,,20000
budgets,52007,none,0,819,0,False,0.0,0.0,0.0,0.0,0.0,0,True,0.0,0.0110986328125,0.0,0.0,0.0,0,False,,20000,False,,20000,False,,20000
budgets,52008,none,0,1064,0,False,0.0,0.0,0.0,0.0,0.0,0,True,0.0,0.0148193359375,0.0,0.0,0.0,0,False,,20000,False,,20000,False,,20000
budgets,52009,none,0,885,0,False,0.0,0.0,0.0,0.0,0.0,0,True,0.0,0.01208984375,0.0,0.0,0.0,0,False,,20000,False,,20000,False,,20000
budgets,52010,none,0,970,0,False,0.0,0.0,0.0,0.0,0.0,0,True,0.0,0.013740234375,0.0,0.0,0.0,0,False,,20000,False,,20000,False,,20000
budgets,52011,none,0,717,0,False,0.0,0.0,0.0,0.0,0.0,0,True,0.0,0.0098828125,0.0,0.0,0.0,0,False,,20000,False,,20000,False,,20000
budgets,52012,none,0,869,0,False,0.0,0.0,0.0,0.0,0.0,0,True,0.0,0.0113134765625,0.0,0.0,0.0,0,False,,20000,False,,20000,False,,20000
budgets,52013,none,0,989,0,False,0.0,0.0,0.0,0.0,0.0,0,True,0.0,0.01373046875,0.0,0.0,0.0,0,False,,20000,False,,20000,False,,20000
budgets,52014,none,0,957,0,False,0.0,0.0,0.0,0.0,0.0,0,True,0.0,0.0134130859375,0.0,0.0,0.0,0,False,,20000,False,,20000,False,,20000
budgets,52015,none,0,875,0,False,0.0,0.0,0.0,0.0,0.0,0,True,0.0,0.0117822265625,0.0,0.0,0.0,0,False,,20000,False,,20000,False,,20000
budgets,52016,none,0,979,0,False,0.0,0.0,0.0,0.0,0.0,0,True,0.0,0.0135693359375,0.0,0.0,0.0,0,False,,20000,False,,20000,False,,20000
budgets,52017,none,0,1101,0,False,0.0,0.0,0.0,0.0,0.0,0,True,0.0,0.0153759765625,0.0,0.0,0.0,0,False,,20000,False,,20000,False,,20000
budgets,52018,none,0,901,0,False,0.0,0.0,0.0,0.0,0.0,0,True,0.0,0.012392578125,0.0,0.0,0.0,0,False,,20000,False,,20000,False,,20000
budgets,52019,none,0,903,0,False,0.0,0.0,0.0,0.0,0.0,0,True,0.0,0.01201171875,0.0,0.0,0.0,0,False,,20000,False,,20000,False,,20000
